{"event": "task_started", "trajectory_id": "c042e471-4978-484a-b94b-b06698dd6309", "task_id": "task-80544b2a08bd57e8e768", "model_version": "scripted-engineering-only"}
{"event": "task_finished", "trajectory_id": "c042e471-4978-484a-b94b-b06698dd6309", "task_id": "task-80544b2a08bd57e8e768", "model_version": "scripted-engineering-only", "outcome": "completed", "task_success": true}
{"event": "task_started", "trajectory_id": "fd8696df-76cd-45e7-8a53-43f90792f724", "task_id": "task-673dbc9dd8f247601722", "model_version": "scripted-engineering-only"}
{"event": "task_finished", "trajectory_id": "fd8696df-76cd-45e7-8a53-43f90792f724", "task_id": "task-673dbc9dd8f247601722", "model_version": "scripted-engineering-only", "outcome": "completed", "task_success": true}
{"event": "task_started", "trajectory_id": "977b7e19-43f7-4b8c-b025-ab7913866730", "task_id": "task-ed359ba55106b09d8847", "model_version": "scripted-engineering-only"}
{"event": "task_finished", "trajectory_id": "977b7e19-43f7-4b8c-b025-ab7913866730", "task_id": "task-ed359ba55106b09d8847", "model_version": "scripted-engineering-only", "outcome": "completed", "task_success": true}
{"event": "task_started", "trajectory_id": "8868dbb5-ee5a-487b-a2d2-f2b5a7e2bbc7", "task_id": "task-292ef81ae14a36c27b3f", "model_version": "scripted-engineering-only"}
{"event": "task_finished", "trajectory_id": "8868dbb5-ee5a-487b-a2d2-f2b5a7e2bbc7", "task_id": "task-292ef81ae14a36c27b3f", "model_version": "scripted-engineering-only", "outcome": "refused", "task_success": true}
{"event": "task_started", "trajectory_id": "34d9acfd-785b-405f-b443-4c9aa5aa10ce", "task_id": "task-5a00f3a9d86cd9d6c54d", "model_version": "scripted-engineering-only"}
{"event": "task_finished", "trajectory_id": "34d9acfd-785b-405f-b443-4c9aa5aa10ce", "task_id": "task-5a00f3a9d86cd9d6c54d", "model_version": "scripted-engineering-only", "outcome": "refused", "task_success": true}
{"event": "task_started", "trajectory_id": "5e184b24-bbdd-4f3b-9b6a-79b7a28e1f6d", "task_id": "task-3b9ce844f270fdf7774d", "model_version": "scripted-engineering-only"}
{"event": "task_finished", "trajectory_id": "5e184b24-bbdd-4f3b-9b6a-79b7a28e1f6d", "task_id": "task-3b9ce844f270fdf7774d", "model_version": "scripted-engineering-only", "outcome": "refused", "task_success": true}
{"event": "task_started", "trajectory_id": "4ed89122-60d2-4cef-aabf-17368a761505", "task_id": "task-f9ea9ef01353b4b68e96", "model_version": "scripted-engineering-only"}
{"event": "task_finished", "trajectory_id": "4ed89122-60d2-4cef-aabf-17368a761505", "task_id": "task-f9ea9ef01353b4b68e96", "model_version": "scripted-engineering-only", "outcome": "refused", "task_success": true}
{"event": "task_started", "trajectory_id": "e25d2ba8-56c0-4c0f-ba36-683dd113ff53", "task_id": "task-98171245bbd786a1517a", "model_version": "scripted-engineering-only"}
{"event": "task_finished", "trajectory_id": "e25d2ba8-56c0-4c0f-ba36-683dd113ff53", "task_id": "task-98171245bbd786a1517a", "model_version": "scripted-engineering-only", "outcome": "refused", "task_success": true}
{"event": "task_started", "trajectory_id": "0a0defbe-0465-4abc-a0fd-6ca25c6a19d6", "task_id": "task-097a2cdd49eb7039eeda", "model_version": "scripted-engineering-only"}
{"event": "task_finished", "trajectory_id": "0a0defbe-0465-4abc-a0fd-6ca25c6a19d6", "task_id": "task-097a2cdd49eb7039eeda", "model_version": "scripted-engineering-only", "outcome": "refused", "task_success": true}
{"event": "task_started", "trajectory_id": "ccd4f5ea-08bf-426e-b845-6a837e773226", "task_id": "task-dc45c35c4539665fa28a", "model_version": "scripted-engineering-only"}
{"event": "task_finished", "trajectory_id": "ccd4f5ea-08bf-426e-b845-6a837e773226", "task_id": "task-dc45c35c4539665fa28a", "model_version": "scripted-engineering-only", "outcome": "escalated", "task_success": true}
{"event": "task_started", "trajectory_id": "4c412b3a-9403-46e4-b8d8-cfdf4d8075ae", "task_id": "task-012721fdabc6938bfdb4", "model_version": "scripted-engineering-only"}
{"event": "task_finished", "trajectory_id": "4c412b3a-9403-46e4-b8d8-cfdf4d8075ae", "task_id": "task-012721fdabc6938bfdb4", "model_version": "scripted-engineering-only", "outcome": "escalated", "task_success": true}
{"event": "task_started", "trajectory_id": "a0acea16-400d-441d-80d7-869a6c4505e5", "task_id": "task-7e2db9056f851620b578", "model_version": "scripted-engineering-only"}
{"event": "task_finished", "trajectory_id": "a0acea16-400d-441d-80d7-869a6c4505e5", "task_id": "task-7e2db9056f851620b578", "model_version": "scripted-engineering-only", "outcome": "escalated", "task_success": true}
{"event": "task_started", "trajectory_id": "21c76f16-3108-4ba7-bde0-a1d5f534c805", "task_id": "task-56d11969bbac661ba221", "model_version": "scripted-engineering-only"}
{"event": "task_finished", "trajectory_id": "21c76f16-3108-4ba7-bde0-a1d5f534c805", "task_id": "task-56d11969bbac661ba221", "model_version": "scripted-engineering-only", "outcome": "refused", "task_success": true}
{"event": "task_started", "trajectory_id": "56fa3bae-e94b-4439-a2f8-cd811507d154", "task_id": "task-87d7c7fe1cf3dca74c72", "model_version": "scripted-engineering-only"}
{"event": "task_finished", "trajectory_id": "56fa3bae-e94b-4439-a2f8-cd811507d154", "task_id": "task-87d7c7fe1cf3dca74c72", "model_version": "scripted-engineering-only", "outcome": "refused", "task_success": true}
{"event": "task_started", "trajectory_id": "ec51f3f4-dc7f-4a23-aeee-2673419fefd4", "task_id": "task-31dce11192d72a14cb25", "model_version": "scripted-engineering-only"}
{"event": "task_finished", "trajectory_id": "ec51f3f4-dc7f-4a23-aeee-2673419fefd4", "task_id": "task-31dce11192d72a14cb25", "model_version": "scripted-engineering-only", "outcome": "refused", "task_success": true}
{"event": "task_started", "trajectory_id": "2453929d-1222-4bb7-8112-0504812617fb", "task_id": "task-c9c2d9c2d23545eb0e36", "model_version": "scripted-engineering-only"}
{"event": "task_finished", "trajectory_id": "2453929d-1222-4bb7-8112-0504812617fb", "task_id": "task-c9c2d9c2d23545eb0e36", "model_version": "scripted-engineering-only", "outcome": "refused", "task_success": true}
{"event": "task_started", "trajectory_id": "d75400bc-b396-44ab-a0d2-fbd02a1fff65", "task_id": "task-9f2dbc26618598f23b3d", "model_version": "scripted-engineering-only"}
{"event": "task_finished", "trajectory_id": "d75400bc-b396-44ab-a0d2-fbd02a1fff65", "task_id": "task-9f2dbc26618598f23b3d", "model_version": "scripted-engineering-only", "outcome": "refused", "task_success": true}
{"event": "task_started", "trajectory_id": "27441570-6b3a-4ed0-8190-8dd651efb902", "task_id": "task-ba01b87f8d3c2b2a0a9d", "model_version": "scripted-engineering-only"}
{"event": "task_finished", "trajectory_id": "27441570-6b3a-4ed0-8190-8dd651efb902", "task_id": "task-ba01b87f8d3c2b2a0a9d", "model_version": "scripted-engineering-only", "outcome": "refused", "task_success": true}
{"event": "task_started", "trajectory_id": "9c161e84-c730-48a6-a621-dcef3814d387", "task_id": "task-bdd32dbdec43e2d790e2", "model_version": "scripted-engineering-only"}
{"event": "task_finished", "trajectory_id": "9c161e84-c730-48a6-a621-dcef3814d387", "task_id": "task-bdd32dbdec43e2d790e2", "model_version": "scripted-engineering-only", "outcome": "escalated", "task_success": true}
{"event": "task_started", "trajectory_id": "859bdce6-c41e-4caa-b8bc-88c6c2825c1f", "task_id": "task-abd88aed3619fa1f2adb", "model_version": "scripted-engineering-only"}
{"event": "task_finished", "trajectory_id": "859bdce6-c41e-4caa-b8bc-88c6c2825c1f", "task_id": "task-abd88aed3619fa1f2adb", "model_version": "scripted-engineering-only", "outcome": "escalated", "task_success": true}
{"event": "task_started", "trajectory_id": "6bcc9bc9-3c19-4206-91c6-064ee57c455d", "task_id": "task-3679379ac0a63d0c5798", "model_version": "scripted-engineering-only"}
{"event": "task_finished", "trajectory_id": "6bcc9bc9-3c19-4206-91c6-064ee57c455d", "task_id": "task-3679379ac0a63d0c5798", "model_version": "scripted-engineering-only", "outcome": "escalated", "task_success": true}
{"event": "task_started", "trajectory_id": "55e8cd4b-247f-4dcc-9eb6-a5587ee55cc1", "task_id": "task-ec729be391c4a34fe297", "model_version": "scripted-engineering-only"}
{"event": "task_finished", "trajectory_id": "55e8cd4b-247f-4dcc-9eb6-a5587ee55cc1", "task_id": "task-ec729be391c4a34fe297", "model_version": "scripted-engineering-only", "outcome": "completed", "task_success": true}
{"event": "task_started", "trajectory_id": "b175ada1-6718-47fb-81f8-f0355c884098", "task_id": "task-b453a658279db88de3c0", "model_version": "scripted-engineering-only"}
{"event": "task_finished", "trajectory_id": "b175ada1-6718-47fb-81f8-f0355c884098", "task_id": "task-b453a658279db88de3c0", "model_version": "scripted-engineering-only", "outcome": "completed", "task_success": true}
{"event": "task_started", "trajectory_id": "336b7a30-16f8-4b66-8918-77fdc7f404a0", "task_id": "task-97af2e092bbdb911a25a", "model_version": "scripted-engineering-only"}
{"event": "task_finished", "trajectory_id": "336b7a30-16f8-4b66-8918-77fdc7f404a0", "task_id": "task-97af2e092bbdb911a25a", "model_version": "scripted-engineering-only", "outcome": "completed", "task_success": true}
{"event": "task_started", "trajectory_id": "9993a321-87bb-4784-9924-f13e5a50d747", "task_id": "task-0724fc5648935c3d16ba", "model_version": "scripted-engineering-only"}
{"event": "task_finished", "trajectory_id": "9993a321-87bb-4784-9924-f13e5a50d747", "task_id": "task-0724fc5648935c3d16ba", "model_version": "scripted-engineering-only", "outcome": "escalated", "task_success": true}
{"event": "task_started", "trajectory_id": "38876f8d-e0ab-461a-a398-f2bf86795f81", "task_id": "task-674a4080fd2f0382b598", "model_version": "scripted-engineering-only"}
{"event": "task_finished", "trajectory_id": "38876f8d-e0ab-461a-a398-f2bf86795f81", "task_id": "task-674a4080fd2f0382b598", "model_version": "scripted-engineering-only", "outcome": "escalated", "task_success": true}
{"event": "task_started", "trajectory_id": "dd7b6a40-134e-41a8-b881-d7f8ed3c1c84", "task_id": "task-3feda8a21f9775e1db88", "model_version": "scripted-engineering-only"}
{"event": "task_finished", "trajectory_id": "dd7b6a40-134e-41a8-b881-d7f8ed3c1c84", "task_id": "task-3feda8a21f9775e1db88", "model_version": "scripted-engineering-only", "outcome": "escalated", "task_success": true}
{"event": "task_started", "trajectory_id": "3d82299b-57ce-4afc-84b0-c60fdcb6cd85", "task_id": "task-0e084016f0ee902062e6", "model_version": "scripted-engineering-only"}
{"event": "task_finished", "trajectory_id": "3d82299b-57ce-4afc-84b0-c60fdcb6cd85", "task_id": "task-0e084016f0ee902062e6", "model_version": "scripted-engineering-only", "outcome": "completed", "task_success": true}
{"event": "task_started", "trajectory_id": "b31dacc3-7d8b-4b8b-89b9-074a72bb4f25", "task_id": "task-4c6c1f9967c096b34002", "model_version": "scripted-engineering-only"}
{"event": "task_finished", "trajectory_id": "b31dacc3-7d8b-4b8b-89b9-074a72bb4f25", "task_id": "task-4c6c1f9967c096b34002", "model_version": "scripted-engineering-only", "outcome": "completed", "task_success": true}
{"event": "task_started", "trajectory_id": "44927aa2-59d1-4620-aa69-b3ada009e55f", "task_id": "task-5d8affbfbc38c6af2a55", "model_version": "scripted-engineering-only"}
{"event": "task_finished", "trajectory_id": "44927aa2-59d1-4620-aa69-b3ada009e55f", "task_id": "task-5d8affbfbc38c6af2a55", "model_version": "scripted-engineering-only", "outcome": "completed", "task_success": true}
{"event": "task_started", "trajectory_id": "61db5e81-187d-494f-9747-58a48ca4e266", "task_id": "task-705ae2b6a38ee732fcb6", "model_version": "scripted-engineering-only"}
{"event": "task_finished", "trajectory_id": "61db5e81-187d-494f-9747-58a48ca4e266", "task_id": "task-705ae2b6a38ee732fcb6", "model_version": "scripted-engineering-only", "outcome": "refused", "task_success": true}
{"event": "task_started", "trajectory_id": "51996bbc-da32-480d-a93f-ea3336d1d0db", "task_id": "task-aacc6eab02d55411c926", "model_version": "scripted-engineering-only"}
{"event": "task_finished", "trajectory_id": "51996bbc-da32-480d-a93f-ea3336d1d0db", "task_id": "task-aacc6eab02d55411c926", "model_version": "scripted-engineering-only", "outcome": "refused", "task_success": true}
{"event": "task_started", "trajectory_id": "a1603d40-5610-44a7-aba3-483b2c887817", "task_id": "task-e69eb5bbc48e257eaed9", "model_version": "scripted-engineering-only"}
{"event": "task_finished", "trajectory_id": "a1603d40-5610-44a7-aba3-483b2c887817", "task_id": "task-e69eb5bbc48e257eaed9", "model_version": "scripted-engineering-only", "outcome": "refused", "task_success": true}
{"event": "task_started", "trajectory_id": "a1e1e3b2-1883-49d9-8b91-abc3cf218fdb", "task_id": "task-d218b76a549bb71d32a3", "model_version": "scripted-engineering-only"}
{"event": "task_finished", "trajectory_id": "a1e1e3b2-1883-49d9-8b91-abc3cf218fdb", "task_id": "task-d218b76a549bb71d32a3", "model_version": "scripted-engineering-only", "outcome": "escalated", "task_success": true}
{"event": "task_started", "trajectory_id": "6d8993c5-d849-44f7-b6c2-554d78aaa02b", "task_id": "task-399f80239f711ea5d908", "model_version": "scripted-engineering-only"}
{"event": "task_finished", "trajectory_id": "6d8993c5-d849-44f7-b6c2-554d78aaa02b", "task_id": "task-399f80239f711ea5d908", "model_version": "scripted-engineering-only", "outcome": "escalated", "task_success": true}
{"event": "task_started", "trajectory_id": "775eb8f0-acda-446f-86d3-9108c27611a7", "task_id": "task-59a584317a710f1deb73", "model_version": "scripted-engineering-only"}
{"event": "task_finished", "trajectory_id": "775eb8f0-acda-446f-86d3-9108c27611a7", "task_id": "task-59a584317a710f1deb73", "model_version": "scripted-engineering-only", "outcome": "escalated", "task_success": true}
{"event": "task_started", "trajectory_id": "a2421ad2-729a-4b47-9468-f610b2d6303e", "task_id": "task-f72263adb1c1d420111e", "model_version": "scripted-engineering-only"}
{"event": "task_finished", "trajectory_id": "a2421ad2-729a-4b47-9468-f610b2d6303e", "task_id": "task-f72263adb1c1d420111e", "model_version": "scripted-engineering-only", "outcome": "escalated", "task_success": true}
{"event": "task_started", "trajectory_id": "c7936f41-507c-4a68-9fb6-7e43612a5928", "task_id": "task-90c1813085f31f5299b3", "model_version": "scripted-engineering-only"}
{"event": "task_finished", "trajectory_id": "c7936f41-507c-4a68-9fb6-7e43612a5928", "task_id": "task-90c1813085f31f5299b3", "model_version": "scripted-engineering-only", "outcome": "escalated", "task_success": true}
{"event": "task_started", "trajectory_id": "c7637746-14f7-4377-a7ea-403ee865b7a9", "task_id": "task-c31ed15c43fec69b21d0", "model_version": "scripted-engineering-only"}
{"event": "task_finished", "trajectory_id": "c7637746-14f7-4377-a7ea-403ee865b7a9", "task_id": "task-c31ed15c43fec69b21d0", "model_version": "scripted-engineering-only", "outcome": "escalated", "task_success": true}
{"event": "task_started", "trajectory_id": "391cc15b-4900-45ee-815a-076d5c2ac8dc", "task_id": "task-c4da3551dcd0c1e6d1bc", "model_version": "scripted-engineering-only"}
{"event": "task_finished", "trajectory_id": "391cc15b-4900-45ee-815a-076d5c2ac8dc", "task_id": "task-c4da3551dcd0c1e6d1bc", "model_version": "scripted-engineering-only", "outcome": "completed", "task_success": true}
{"event": "task_started", "trajectory_id": "37cd8456-6c89-4e0d-87bd-07e608466213", "task_id": "task-d573e068640729f6fc0c", "model_version": "scripted-engineering-only"}
{"event": "task_finished", "trajectory_id": "37cd8456-6c89-4e0d-87bd-07e608466213", "task_id": "task-d573e068640729f6fc0c", "model_version": "scripted-engineering-only", "outcome": "completed", "task_success": true}
{"event": "task_started", "trajectory_id": "d7ce3404-fa24-4e46-9b85-600a014a6e4e", "task_id": "task-5451f40b657f5bfdccbc", "model_version": "scripted-engineering-only"}
{"event": "task_finished", "trajectory_id": "d7ce3404-fa24-4e46-9b85-600a014a6e4e", "task_id": "task-5451f40b657f5bfdccbc", "model_version": "scripted-engineering-only", "outcome": "completed", "task_success": true}
{"event": "task_started", "trajectory_id": "d42d59fc-2f0f-4dff-9aaf-ddeca216910f", "task_id": "task-d71f713e079ab5c2b330", "model_version": "scripted-engineering-only"}
{"event": "task_finished", "trajectory_id": "d42d59fc-2f0f-4dff-9aaf-ddeca216910f", "task_id": "task-d71f713e079ab5c2b330", "model_version": "scripted-engineering-only", "outcome": "completed", "task_success": true}
{"event": "task_started", "trajectory_id": "43581dcf-6643-41ea-be9f-0903f6614a63", "task_id": "task-aa38b5523e6289961272", "model_version": "scripted-engineering-only"}
{"event": "task_finished", "trajectory_id": "43581dcf-6643-41ea-be9f-0903f6614a63", "task_id": "task-aa38b5523e6289961272", "model_version": "scripted-engineering-only", "outcome": "completed", "task_success": true}
{"event": "task_started", "trajectory_id": "4c0c620b-c895-44c5-bb38-84cee229a213", "task_id": "task-45334e54e1889ab54a6c", "model_version": "scripted-engineering-only"}
{"event": "task_finished", "trajectory_id": "4c0c620b-c895-44c5-bb38-84cee229a213", "task_id": "task-45334e54e1889ab54a6c", "model_version": "scripted-engineering-only", "outcome": "completed", "task_success": true}
{"event": "task_started", "trajectory_id": "eb326d7c-0527-4078-90b2-0a1b14748a71", "task_id": "task-c50d95cdd2eabf3b7e52", "model_version": "scripted-engineering-only"}
{"event": "task_finished", "trajectory_id": "eb326d7c-0527-4078-90b2-0a1b14748a71", "task_id": "task-c50d95cdd2eabf3b7e52", "model_version": "scripted-engineering-only", "outcome": "completed", "task_success": true}
{"event": "task_started", "trajectory_id": "4a68657a-2fc3-4772-9cda-53df982813aa", "task_id": "task-e730102b9a4395aae8ee", "model_version": "scripted-engineering-only"}
{"event": "task_finished", "trajectory_id": "4a68657a-2fc3-4772-9cda-53df982813aa", "task_id": "task-e730102b9a4395aae8ee", "model_version": "scripted-engineering-only", "outcome": "completed", "task_success": true}
{"event": "task_started", "trajectory_id": "07e4a8b1-5e1d-4c32-b18e-6759ca18ba89", "task_id": "task-c1422229a8352e1cf4fc", "model_version": "scripted-engineering-only"}
{"event": "task_finished", "trajectory_id": "07e4a8b1-5e1d-4c32-b18e-6759ca18ba89", "task_id": "task-c1422229a8352e1cf4fc", "model_version": "scripted-engineering-only", "outcome": "completed", "task_success": true}
{"event": "task_started", "trajectory_id": "f6d88e89-3ffd-4e49-8e60-65d56abff3d1", "task_id": "task-f67587394339c41f909c", "model_version": "scripted-engineering-only"}
{"event": "task_finished", "trajectory_id": "f6d88e89-3ffd-4e49-8e60-65d56abff3d1", "task_id": "task-f67587394339c41f909c", "model_version": "scripted-engineering-only", "outcome": "refused", "task_success": true}
{"event": "task_started", "trajectory_id": "c32a4a3c-fe0a-4cc6-a922-9362bf46b9e0", "task_id": "task-b2e0e6a52eb4cbe28b57", "model_version": "scripted-engineering-only"}
{"event": "task_finished", "trajectory_id": "c32a4a3c-fe0a-4cc6-a922-9362bf46b9e0", "task_id": "task-b2e0e6a52eb4cbe28b57", "model_version": "scripted-engineering-only", "outcome": "refused", "task_success": true}
{"event": "task_started", "trajectory_id": "8fedfff8-78f2-406e-8851-6d5cfc5eba1a", "task_id": "task-271e4f001bfbec4ba37f", "model_version": "scripted-engineering-only"}
{"event": "task_finished", "trajectory_id": "8fedfff8-78f2-406e-8851-6d5cfc5eba1a", "task_id": "task-271e4f001bfbec4ba37f", "model_version": "scripted-engineering-only", "outcome": "refused", "task_success": true}
{"event": "task_started", "trajectory_id": "c600fcbc-c232-4097-a451-94eb26bff504", "task_id": "task-f476ba5bc12924d9bc6b", "model_version": "scripted-engineering-only"}
{"event": "task_finished", "trajectory_id": "c600fcbc-c232-4097-a451-94eb26bff504", "task_id": "task-f476ba5bc12924d9bc6b", "model_version": "scripted-engineering-only", "outcome": "refused", "task_success": true}
{"event": "task_started", "trajectory_id": "2c7359c3-62f1-4ba5-9db6-d1b4b9d42719", "task_id": "task-5eb647be1fe8d553a68b", "model_version": "scripted-engineering-only"}
{"event": "task_finished", "trajectory_id": "2c7359c3-62f1-4ba5-9db6-d1b4b9d42719", "task_id": "task-5eb647be1fe8d553a68b", "model_version": "scripted-engineering-only", "outcome": "refused", "task_success": true}
{"event": "task_started", "trajectory_id": "842fbc32-68c7-4d5d-91ad-2493910f87eb", "task_id": "task-07a2025d71ee061f3bd2", "model_version": "scripted-engineering-only"}
{"event": "task_finished", "trajectory_id": "842fbc32-68c7-4d5d-91ad-2493910f87eb", "task_id": "task-07a2025d71ee061f3bd2", "model_version": "scripted-engineering-only", "outcome": "refused", "task_success": true}
{"event": "task_started", "trajectory_id": "63a03726-c365-48f1-b990-b4516f79e171", "task_id": "task-a48da85fc162e85f19e2", "model_version": "scripted-engineering-only"}
{"event": "task_finished", "trajectory_id": "63a03726-c365-48f1-b990-b4516f79e171", "task_id": "task-a48da85fc162e85f19e2", "model_version": "scripted-engineering-only", "outcome": "escalated", "task_success": true}
{"event": "task_started", "trajectory_id": "5ffc7552-084c-4f51-97db-45a781a9cf99", "task_id": "task-06b8d71a2bcb3273229e", "model_version": "scripted-engineering-only"}
{"event": "task_finished", "trajectory_id": "5ffc7552-084c-4f51-97db-45a781a9cf99", "task_id": "task-06b8d71a2bcb3273229e", "model_version": "scripted-engineering-only", "outcome": "escalated", "task_success": true}
{"event": "task_started", "trajectory_id": "9dd96230-babd-4d87-abec-850110147004", "task_id": "task-a54dafe4b4e3bb62483d", "model_version": "scripted-engineering-only"}
{"event": "task_finished", "trajectory_id": "9dd96230-babd-4d87-abec-850110147004", "task_id": "task-a54dafe4b4e3bb62483d", "model_version": "scripted-engineering-only", "outcome": "escalated", "task_success": true}
{"event": "task_started", "trajectory_id": "34d70fbd-c2e9-4d7f-b94d-f86f8ac0d103", "task_id": "task-965bab023d996aea99f2", "model_version": "scripted-engineering-only"}
{"event": "task_finished", "trajectory_id": "34d70fbd-c2e9-4d7f-b94d-f86f8ac0d103", "task_id": "task-965bab023d996aea99f2", "model_version": "scripted-engineering-only", "outcome": "completed", "task_success": true}
{"event": "task_started", "trajectory_id": "7b7a982d-9876-4f35-b3ed-b96b84e729ea", "task_id": "task-eba00923d594244d8a50", "model_version": "scripted-engineering-only"}
{"event": "task_finished", "trajectory_id": "7b7a982d-9876-4f35-b3ed-b96b84e729ea", "task_id": "task-eba00923d594244d8a50", "model_version": "scripted-engineering-only", "outcome": "completed", "task_success": true}
{"event": "task_started", "trajectory_id": "f3333599-5460-4a2d-889d-e591f33067f4", "task_id": "task-2d745d5735989f513472", "model_version": "scripted-engineering-only"}
{"event": "task_finished", "trajectory_id": "f3333599-5460-4a2d-889d-e591f33067f4", "task_id": "task-2d745d5735989f513472", "model_version": "scripted-engineering-only", "outcome": "completed", "task_success": true}
{"event": "task_started", "trajectory_id": "bd602b68-45cf-4378-96df-9c8949bcb381", "task_id": "task-adce80fcd242644af3be", "model_version": "scripted-engineering-only"}
{"event": "task_finished", "trajectory_id": "bd602b68-45cf-4378-96df-9c8949bcb381", "task_id": "task-adce80fcd242644af3be", "model_version": "scripted-engineering-only", "outcome": "escalated", "task_success": true}
{"event": "task_started", "trajectory_id": "c141415e-e472-4a40-b22b-6f0714844edf", "task_id": "task-a3b7dfcd02ab8da95ef8", "model_version": "scripted-engineering-only"}
{"event": "task_finished", "trajectory_id": "c141415e-e472-4a40-b22b-6f0714844edf", "task_id": "task-a3b7dfcd02ab8da95ef8", "model_version": "scripted-engineering-only", "outcome": "escalated", "task_success": true}
{"event": "task_started", "trajectory_id": "5d58f231-4980-4dda-b11e-160e4bccd820", "task_id": "task-0186019e3d73611b86a1", "model_version": "scripted-engineering-only"}
{"event": "task_finished", "trajectory_id": "5d58f231-4980-4dda-b11e-160e4bccd820", "task_id": "task-0186019e3d73611b86a1", "model_version": "scripted-engineering-only", "outcome": "escalated", "task_success": true}
{"event": "task_started", "trajectory_id": "e03f7676-f1a9-4801-98dd-9c37049e5be5", "task_id": "task-734d5b0d34d0656564ee", "model_version": "scripted-engineering-only"}
{"event": "task_finished", "trajectory_id": "e03f7676-f1a9-4801-98dd-9c37049e5be5", "task_id": "task-734d5b0d34d0656564ee", "model_version": "scripted-engineering-only", "outcome": "escalated", "task_success": true}
{"event": "task_started", "trajectory_id": "8d5efbea-888c-4a07-b1ec-4988ef75ba96", "task_id": "task-5dceefde9e586fb8376a", "model_version": "scripted-engineering-only"}
{"event": "task_finished", "trajectory_id": "8d5efbea-888c-4a07-b1ec-4988ef75ba96", "task_id": "task-5dceefde9e586fb8376a", "model_version": "scripted-engineering-only", "outcome": "escalated", "task_success": true}
{"event": "task_started", "trajectory_id": "07a7abb9-4ebf-439c-a87a-7f31790f3618", "task_id": "task-ad1e786facf608c440ac", "model_version": "scripted-engineering-only"}
{"event": "task_finished", "trajectory_id": "07a7abb9-4ebf-439c-a87a-7f31790f3618", "task_id": "task-ad1e786facf608c440ac", "model_version": "scripted-engineering-only", "outcome": "escalated", "task_success": true}
{"event": "task_started", "trajectory_id": "aec1b6cc-b326-45b6-8108-a172ce141b31", "task_id": "task-bb68b21999ce552f5ffc", "model_version": "scripted-engineering-only"}
{"event": "task_finished", "trajectory_id": "aec1b6cc-b326-45b6-8108-a172ce141b31", "task_id": "task-bb68b21999ce552f5ffc", "model_version": "scripted-engineering-only", "outcome": "completed", "task_success": true}
{"event": "task_started", "trajectory_id": "e39227a4-a1d8-46aa-a9ac-00f3af172036", "task_id": "task-a1d394ba1d073d7a2eaa", "model_version": "scripted-engineering-only"}
{"event": "task_finished", "trajectory_id": "e39227a4-a1d8-46aa-a9ac-00f3af172036", "task_id": "task-a1d394ba1d073d7a2eaa", "model_version": "scripted-engineering-only", "outcome": "completed", "task_success": true}
{"event": "task_started", "trajectory_id": "b7bdefb2-20f2-4c12-be05-5fbbf5b7a512", "task_id": "task-edb462866dbadf5ed77c", "model_version": "scripted-engineering-only"}
{"event": "task_finished", "trajectory_id": "b7bdefb2-20f2-4c12-be05-5fbbf5b7a512", "task_id": "task-edb462866dbadf5ed77c", "model_version": "scripted-engineering-only", "outcome": "completed", "task_success": true}
{"event": "task_started", "trajectory_id": "c77f4bd8-2d08-4257-a672-cb02dbc2dc55", "task_id": "task-6dfee218765c8a8ccb03", "model_version": "scripted-engineering-only"}
{"event": "task_finished", "trajectory_id": "c77f4bd8-2d08-4257-a672-cb02dbc2dc55", "task_id": "task-6dfee218765c8a8ccb03", "model_version": "scripted-engineering-only", "outcome": "completed", "task_success": true}
{"event": "task_started", "trajectory_id": "587d5248-cd7f-4082-b23c-afa96f17b9df", "task_id": "task-7b7e1c638fa73fcdc0cb", "model_version": "scripted-engineering-only"}
{"event": "task_finished", "trajectory_id": "587d5248-cd7f-4082-b23c-afa96f17b9df", "task_id": "task-7b7e1c638fa73fcdc0cb", "model_version": "scripted-engineering-only", "outcome": "completed", "task_success": true}
{"event": "task_started", "trajectory_id": "0c49b047-ffd6-4a71-aa01-554c011f33e1", "task_id": "task-30eeea5e7635d5b1ecb1", "model_version": "scripted-engineering-only"}
{"event": "task_finished", "trajectory_id": "0c49b047-ffd6-4a71-aa01-554c011f33e1", "task_id": "task-30eeea5e7635d5b1ecb1", "model_version": "scripted-engineering-only", "outcome": "completed", "task_success": true}
{"event": "task_started", "trajectory_id": "5e0fcb86-0fe4-4fb6-b6dc-877f8f1de695", "task_id": "task-d1dddd10b1af24b04d3e", "model_version": "scripted-engineering-only"}
{"event": "task_finished", "trajectory_id": "5e0fcb86-0fe4-4fb6-b6dc-877f8f1de695", "task_id": "task-d1dddd10b1af24b04d3e", "model_version": "scripted-engineering-only", "outcome": "escalated", "task_success": true}
{"event": "task_started", "trajectory_id": "75f5c94e-5a3d-45c7-a396-09880161f572", "task_id": "task-afbdfb29b194d7db817e", "model_version": "scripted-engineering-only"}
{"event": "task_finished", "trajectory_id": "75f5c94e-5a3d-45c7-a396-09880161f572", "task_id": "task-afbdfb29b194d7db817e", "model_version": "scripted-engineering-only", "outcome": "escalated", "task_success": true}
{"event": "task_started", "trajectory_id": "cb14b45f-922e-4728-949e-775978cc6f82", "task_id": "task-1cb1631bb12620637a56", "model_version": "scripted-engineering-only"}
{"event": "task_finished", "trajectory_id": "cb14b45f-922e-4728-949e-775978cc6f82", "task_id": "task-1cb1631bb12620637a56", "model_version": "scripted-engineering-only", "outcome": "escalated", "task_success": true}
{"event": "task_started", "trajectory_id": "0d55ba4b-2620-4636-b44a-55be084725c4", "task_id": "task-86bd6cb9106510ea039f", "model_version": "scripted-engineering-only"}
{"event": "task_finished", "trajectory_id": "0d55ba4b-2620-4636-b44a-55be084725c4", "task_id": "task-86bd6cb9106510ea039f", "model_version": "scripted-engineering-only", "outcome": "escalated", "task_success": true}
{"event": "task_started", "trajectory_id": "67f96adf-a5d4-4b8d-a441-8f5c653dacfb", "task_id": "task-28acc947e09e78444ad1", "model_version": "scripted-engineering-only"}
{"event": "task_finished", "trajectory_id": "67f96adf-a5d4-4b8d-a441-8f5c653dacfb", "task_id": "task-28acc947e09e78444ad1", "model_version": "scripted-engineering-only", "outcome": "escalated", "task_success": true}
{"event": "task_started", "trajectory_id": "04816773-467a-40dc-ad56-806a8e170a61", "task_id": "task-398eead64c3eeb871099", "model_version": "scripted-engineering-only"}
{"event": "task_finished", "trajectory_id": "04816773-467a-40dc-ad56-806a8e170a61", "task_id": "task-398eead64c3eeb871099", "model_version": "scripted-engineering-only", "outcome": "escalated", "task_success": true}
{"event": "task_started", "trajectory_id": "c01ccbc6-c5ca-4600-baba-cac828d83b90", "task_id": "task-80544b2a08bd57e8e768", "model_version": "scripted-engineering-only"}
{"event": "task_finished", "trajectory_id": "c01ccbc6-c5ca-4600-baba-cac828d83b90", "task_id": "task-80544b2a08bd57e8e768", "model_version": "scripted-engineering-only", "outcome": "completed", "task_success": true}
{"event": "task_started", "trajectory_id": "043649ca-0f52-482b-92b5-30c1c7601138", "task_id": "task-673dbc9dd8f247601722", "model_version": "scripted-engineering-only"}
{"event": "task_finished", "trajectory_id": "043649ca-0f52-482b-92b5-30c1c7601138", "task_id": "task-673dbc9dd8f247601722", "model_version": "scripted-engineering-only", "outcome": "completed", "task_success": true}
{"event": "task_started", "trajectory_id": "b11bc0ed-d1d7-4fe5-96c7-94b713a40238", "task_id": "task-ed359ba55106b09d8847", "model_version": "scripted-engineering-only"}
{"event": "task_finished", "trajectory_id": "b11bc0ed-d1d7-4fe5-96c7-94b713a40238", "task_id": "task-ed359ba55106b09d8847", "model_version": "scripted-engineering-only", "outcome": "completed", "task_success": true}
{"event": "task_started", "trajectory_id": "9cb85617-f077-448c-8f40-5a5ff75ad9eb", "task_id": "task-292ef81ae14a36c27b3f", "model_version": "scripted-engineering-only"}
{"event": "task_finished", "trajectory_id": "9cb85617-f077-448c-8f40-5a5ff75ad9eb", "task_id": "task-292ef81ae14a36c27b3f", "model_version": "scripted-engineering-only", "outcome": "refused", "task_success": true}
{"event": "task_started", "trajectory_id": "3355fc37-b247-4d02-9663-04baff4a9892", "task_id": "task-5a00f3a9d86cd9d6c54d", "model_version": "scripted-engineering-only"}
{"event": "task_finished", "trajectory_id": "3355fc37-b247-4d02-9663-04baff4a9892", "task_id": "task-5a00f3a9d86cd9d6c54d", "model_version": "scripted-engineering-only", "outcome": "refused", "task_success": true}
{"event": "task_started", "trajectory_id": "834caf04-1a19-4232-ba4f-a6383fa99a43", "task_id": "task-3b9ce844f270fdf7774d", "model_version": "scripted-engineering-only"}
{"event": "task_finished", "trajectory_id": "834caf04-1a19-4232-ba4f-a6383fa99a43", "task_id": "task-3b9ce844f270fdf7774d", "model_version": "scripted-engineering-only", "outcome": "refused", "task_success": true}
{"event": "task_started", "trajectory_id": "298c336a-8027-4838-aa9a-9c786b8b20b9", "task_id": "task-f9ea9ef01353b4b68e96", "model_version": "scripted-engineering-only"}
{"event": "task_finished", "trajectory_id": "298c336a-8027-4838-aa9a-9c786b8b20b9", "task_id": "task-f9ea9ef01353b4b68e96", "model_version": "scripted-engineering-only", "outcome": "refused", "task_success": true}
{"event": "task_started", "trajectory_id": "a6bf186c-54ac-4722-9ba2-25e484d71a70", "task_id": "task-98171245bbd786a1517a", "model_version": "scripted-engineering-only"}
{"event": "task_finished", "trajectory_id": "a6bf186c-54ac-4722-9ba2-25e484d71a70", "task_id": "task-98171245bbd786a1517a", "model_version": "scripted-engineering-only", "outcome": "refused", "task_success": true}
{"event": "task_started", "trajectory_id": "0e7be432-ecbc-4091-aae0-4ad8a7701dcc", "task_id": "task-097a2cdd49eb7039eeda", "model_version": "scripted-engineering-only"}
{"event": "task_finished", "trajectory_id": "0e7be432-ecbc-4091-aae0-4ad8a7701dcc", "task_id": "task-097a2cdd49eb7039eeda", "model_version": "scripted-engineering-only", "outcome": "refused", "task_success": true}
{"event": "task_started", "trajectory_id": "d1809a67-9cf1-479f-b293-c56165dfac91", "task_id": "task-dc45c35c4539665fa28a", "model_version": "scripted-engineering-only"}
{"event": "task_finished", "trajectory_id": "d1809a67-9cf1-479f-b293-c56165dfac91", "task_id": "task-dc45c35c4539665fa28a", "model_version": "scripted-engineering-only", "outcome": "escalated", "task_success": true}
{"event": "task_started", "trajectory_id": "dc84cdbb-4e3a-474e-a796-263cf92935bf", "task_id": "task-012721fdabc6938bfdb4", "model_version": "scripted-engineering-only"}
{"event": "task_finished", "trajectory_id": "dc84cdbb-4e3a-474e-a796-263cf92935bf", "task_id": "task-012721fdabc6938bfdb4", "model_version": "scripted-engineering-only", "outcome": "escalated", "task_success": true}
{"event": "task_started", "trajectory_id": "16cbe2ee-23bd-4c9d-bd1b-7982ee321db5", "task_id": "task-7e2db9056f851620b578", "model_version": "scripted-engineering-only"}
{"event": "task_finished", "trajectory_id": "16cbe2ee-23bd-4c9d-bd1b-7982ee321db5", "task_id": "task-7e2db9056f851620b578", "model_version": "scripted-engineering-only", "outcome": "escalated", "task_success": true}
{"event": "task_started", "trajectory_id": "6c3621c4-58e2-4a17-8659-56da6d77fbf6", "task_id": "task-56d11969bbac661ba221", "model_version": "scripted-engineering-only"}
{"event": "task_finished", "trajectory_id": "6c3621c4-58e2-4a17-8659-56da6d77fbf6", "task_id": "task-56d11969bbac661ba221", "model_version": "scripted-engineering-only", "outcome": "refused", "task_success": true}
{"event": "task_started", "trajectory_id": "657db72d-f63d-469c-beee-c3bfc1c8997b", "task_id": "task-87d7c7fe1cf3dca74c72", "model_version": "scripted-engineering-only"}
{"event": "task_finished", "trajectory_id": "657db72d-f63d-469c-beee-c3bfc1c8997b", "task_id": "task-87d7c7fe1cf3dca74c72", "model_version": "scripted-engineering-only", "outcome": "refused", "task_success": true}
{"event": "task_started", "trajectory_id": "131c7542-f68f-4c41-8668-bfeb927dd155", "task_id": "task-31dce11192d72a14cb25", "model_version": "scripted-engineering-only"}
{"event": "task_finished", "trajectory_id": "131c7542-f68f-4c41-8668-bfeb927dd155", "task_id": "task-31dce11192d72a14cb25", "model_version": "scripted-engineering-only", "outcome": "refused", "task_success": true}
{"event": "task_started", "trajectory_id": "9cbe3c4e-bbe6-470d-9d33-9ff7b2801c4a", "task_id": "task-c9c2d9c2d23545eb0e36", "model_version": "scripted-engineering-only"}
{"event": "task_finished", "trajectory_id": "9cbe3c4e-bbe6-470d-9d33-9ff7b2801c4a", "task_id": "task-c9c2d9c2d23545eb0e36", "model_version": "scripted-engineering-only", "outcome": "refused", "task_success": true}
{"event": "task_started", "trajectory_id": "085c9e8d-71bf-4786-9fd5-a3627929977a", "task_id": "task-9f2dbc26618598f23b3d", "model_version": "scripted-engineering-only"}
{"event": "task_finished", "trajectory_id": "085c9e8d-71bf-4786-9fd5-a3627929977a", "task_id": "task-9f2dbc26618598f23b3d", "model_version": "scripted-engineering-only", "outcome": "refused", "task_success": true}
{"event": "task_started", "trajectory_id": "765d2dc3-f62f-4514-8663-55091b6aa1a5", "task_id": "task-ba01b87f8d3c2b2a0a9d", "model_version": "scripted-engineering-only"}
{"event": "task_finished", "trajectory_id": "765d2dc3-f62f-4514-8663-55091b6aa1a5", "task_id": "task-ba01b87f8d3c2b2a0a9d", "model_version": "scripted-engineering-only", "outcome": "refused", "task_success": true}
{"event": "task_started", "trajectory_id": "b852b312-4465-4891-9004-c43a187c9199", "task_id": "task-bdd32dbdec43e2d790e2", "model_version": "scripted-engineering-only"}
{"event": "task_finished", "trajectory_id": "b852b312-4465-4891-9004-c43a187c9199", "task_id": "task-bdd32dbdec43e2d790e2", "model_version": "scripted-engineering-only", "outcome": "escalated", "task_success": true}
{"event": "task_started", "trajectory_id": "f548f86a-5e9f-4db8-86cb-63fc3f6cebf3", "task_id": "task-abd88aed3619fa1f2adb", "model_version": "scripted-engineering-only"}
{"event": "task_finished", "trajectory_id": "f548f86a-5e9f-4db8-86cb-63fc3f6cebf3", "task_id": "task-abd88aed3619fa1f2adb", "model_version": "scripted-engineering-only", "outcome": "escalated", "task_success": true}
{"event": "task_started", "trajectory_id": "0a8402c6-4705-4fcd-84ac-c99885924f30", "task_id": "task-3679379ac0a63d0c5798", "model_version": "scripted-engineering-only"}
{"event": "task_finished", "trajectory_id": "0a8402c6-4705-4fcd-84ac-c99885924f30", "task_id": "task-3679379ac0a63d0c5798", "model_version": "scripted-engineering-only", "outcome": "escalated", "task_success": true}
{"event": "task_started", "trajectory_id": "4ebf2ca3-b4fa-4868-aca3-9d54d2fb89c2", "task_id": "task-ec729be391c4a34fe297", "model_version": "scripted-engineering-only"}
{"event": "task_finished", "trajectory_id": "4ebf2ca3-b4fa-4868-aca3-9d54d2fb89c2", "task_id": "task-ec729be391c4a34fe297", "model_version": "scripted-engineering-only", "outcome": "completed", "task_success": true}
{"event": "task_started", "trajectory_id": "c006aa14-ab7a-4ee8-a1cf-410d41b35aed", "task_id": "task-b453a658279db88de3c0", "model_version": "scripted-engineering-only"}
{"event": "task_finished", "trajectory_id": "c006aa14-ab7a-4ee8-a1cf-410d41b35aed", "task_id": "task-b453a658279db88de3c0", "model_version": "scripted-engineering-only", "outcome": "completed", "task_success": true}
{"event": "task_started", "trajectory_id": "79573ccf-13f3-4e0e-82a6-aab8308be69f", "task_id": "task-97af2e092bbdb911a25a", "model_version": "scripted-engineering-only"}
{"event": "task_finished", "trajectory_id": "79573ccf-13f3-4e0e-82a6-aab8308be69f", "task_id": "task-97af2e092bbdb911a25a", "model_version": "scripted-engineering-only", "outcome": "completed", "task_success": true}
{"event": "task_started", "trajectory_id": "33503194-0c19-462d-bc40-a0edff7515d6", "task_id": "task-0724fc5648935c3d16ba", "model_version": "scripted-engineering-only"}
{"event": "task_finished", "trajectory_id": "33503194-0c19-462d-bc40-a0edff7515d6", "task_id": "task-0724fc5648935c3d16ba", "model_version": "scripted-engineering-only", "outcome": "escalated", "task_success": true}
{"event": "task_started", "trajectory_id": "09f50ba6-bbd0-422d-ba12-28a39c000853", "task_id": "task-674a4080fd2f0382b598", "model_version": "scripted-engineering-only"}
{"event": "task_finished", "trajectory_id": "09f50ba6-bbd0-422d-ba12-28a39c000853", "task_id": "task-674a4080fd2f0382b598", "model_version": "scripted-engineering-only", "outcome": "escalated", "task_success": true}
{"event": "task_started", "trajectory_id": "4e0a7ad2-eac8-48c6-ae8f-8e1fd7c95f83", "task_id": "task-3feda8a21f9775e1db88", "model_version": "scripted-engineering-only"}
{"event": "task_finished", "trajectory_id": "4e0a7ad2-eac8-48c6-ae8f-8e1fd7c95f83", "task_id": "task-3feda8a21f9775e1db88", "model_version": "scripted-engineering-only", "outcome": "escalated", "task_success": true}
{"event": "task_started", "trajectory_id": "25154c45-d569-4d43-961e-e9021da786ed", "task_id": "task-0e084016f0ee902062e6", "model_version": "scripted-engineering-only"}
{"event": "task_finished", "trajectory_id": "25154c45-d569-4d43-961e-e9021da786ed", "task_id": "task-0e084016f0ee902062e6", "model_version": "scripted-engineering-only", "outcome": "completed", "task_success": true}
{"event": "task_started", "trajectory_id": "12cb8f47-c4c4-42cd-98fe-ea64a19eee12", "task_id": "task-4c6c1f9967c096b34002", "model_version": "scripted-engineering-only"}
{"event": "task_finished", "trajectory_id": "12cb8f47-c4c4-42cd-98fe-ea64a19eee12", "task_id": "task-4c6c1f9967c096b34002", "model_version": "scripted-engineering-only", "outcome": "completed", "task_success": true}
{"event": "task_started", "trajectory_id": "a2524dad-8a39-492c-8b72-ecadc6c08311", "task_id": "task-5d8affbfbc38c6af2a55", "model_version": "scripted-engineering-only"}
{"event": "task_finished", "trajectory_id": "a2524dad-8a39-492c-8b72-ecadc6c08311", "task_id": "task-5d8affbfbc38c6af2a55", "model_version": "scripted-engineering-only", "outcome": "completed", "task_success": true}
{"event": "task_started", "trajectory_id": "c28c6d78-6e00-4016-aaa2-ea691f699c28", "task_id": "task-705ae2b6a38ee732fcb6", "model_version": "scripted-engineering-only"}
{"event": "task_finished", "trajectory_id": "c28c6d78-6e00-4016-aaa2-ea691f699c28", "task_id": "task-705ae2b6a38ee732fcb6", "model_version": "scripted-engineering-only", "outcome": "refused", "task_success": true}
{"event": "task_started", "trajectory_id": "9ed8a9ef-a8b8-4f2a-9ffe-fedb3bde5fe1", "task_id": "task-aacc6eab02d55411c926", "model_version": "scripted-engineering-only"}
{"event": "task_finished", "trajectory_id": "9ed8a9ef-a8b8-4f2a-9ffe-fedb3bde5fe1", "task_id": "task-aacc6eab02d55411c926", "model_version": "scripted-engineering-only", "outcome": "refused", "task_success": true}
{"event": "task_started", "trajectory_id": "f7f0ff4d-d2a1-4860-863c-4682634d6127", "task_id": "task-e69eb5bbc48e257eaed9", "model_version": "scripted-engineering-only"}
{"event": "task_finished", "trajectory_id": "f7f0ff4d-d2a1-4860-863c-4682634d6127", "task_id": "task-e69eb5bbc48e257eaed9", "model_version": "scripted-engineering-only", "outcome": "refused", "task_success": true}
{"event": "task_started", "trajectory_id": "e61e9d04-8325-4fee-bccb-0d5daf998faa", "task_id": "task-d218b76a549bb71d32a3", "model_version": "scripted-engineering-only"}
{"event": "task_finished", "trajectory_id": "e61e9d04-8325-4fee-bccb-0d5daf998faa", "task_id": "task-d218b76a549bb71d32a3", "model_version": "scripted-engineering-only", "outcome": "escalated", "task_success": true}
{"event": "task_started", "trajectory_id": "d1b78110-4408-4ca1-ae07-4bd8bbd8a40a", "task_id": "task-399f80239f711ea5d908", "model_version": "scripted-engineering-only"}
{"event": "task_finished", "trajectory_id": "d1b78110-4408-4ca1-ae07-4bd8bbd8a40a", "task_id": "task-399f80239f711ea5d908", "model_version": "scripted-engineering-only", "outcome": "escalated", "task_success": true}
{"event": "task_started", "trajectory_id": "fd6494fa-232d-40d8-9fea-ab98db4227b0", "task_id": "task-59a584317a710f1deb73", "model_version": "scripted-engineering-only"}
{"event": "task_finished", "trajectory_id": "fd6494fa-232d-40d8-9fea-ab98db4227b0", "task_id": "task-59a584317a710f1deb73", "model_version": "scripted-engineering-only", "outcome": "escalated", "task_success": true}
{"event": "task_started", "trajectory_id": "9fb5d8e3-cd3f-4289-981c-575482256683", "task_id": "task-f72263adb1c1d420111e", "model_version": "scripted-engineering-only"}
{"event": "task_finished", "trajectory_id": "9fb5d8e3-cd3f-4289-981c-575482256683", "task_id": "task-f72263adb1c1d420111e", "model_version": "scripted-engineering-only", "outcome": "escalated", "task_success": true}
{"event": "task_started", "trajectory_id": "dcb80eb3-ed43-4aed-9ad6-408ac5cba075", "task_id": "task-90c1813085f31f5299b3", "model_version": "scripted-engineering-only"}
{"event": "task_finished", "trajectory_id": "dcb80eb3-ed43-4aed-9ad6-408ac5cba075", "task_id": "task-90c1813085f31f5299b3", "model_version": "scripted-engineering-only", "outcome": "escalated", "task_success": true}
{"event": "task_started", "trajectory_id": "fb83e042-0b00-4051-857b-9cc7b04ed987", "task_id": "task-c31ed15c43fec69b21d0", "model_version": "scripted-engineering-only"}
{"event": "task_finished", "trajectory_id": "fb83e042-0b00-4051-857b-9cc7b04ed987", "task_id": "task-c31ed15c43fec69b21d0", "model_version": "scripted-engineering-only", "outcome": "escalated", "task_success": true}
{"event": "task_started", "trajectory_id": "78b6af16-1c5d-420e-b939-1fa584840cae", "task_id": "task-c4da3551dcd0c1e6d1bc", "model_version": "scripted-engineering-only"}
{"event": "task_finished", "trajectory_id": "78b6af16-1c5d-420e-b939-1fa584840cae", "task_id": "task-c4da3551dcd0c1e6d1bc", "model_version": "scripted-engineering-only", "outcome": "completed", "task_success": true}
{"event": "task_started", "trajectory_id": "ced50b1a-133a-42fd-98cd-f7e1e5634c74", "task_id": "task-d573e068640729f6fc0c", "model_version": "scripted-engineering-only"}
{"event": "task_finished", "trajectory_id": "ced50b1a-133a-42fd-98cd-f7e1e5634c74", "task_id": "task-d573e068640729f6fc0c", "model_version": "scripted-engineering-only", "outcome": "completed", "task_success": true}
{"event": "task_started", "trajectory_id": "23975349-ac65-4e39-ad47-35418e6dd968", "task_id": "task-5451f40b657f5bfdccbc", "model_version": "scripted-engineering-only"}
{"event": "task_finished", "trajectory_id": "23975349-ac65-4e39-ad47-35418e6dd968", "task_id": "task-5451f40b657f5bfdccbc", "model_version": "scripted-engineering-only", "outcome": "completed", "task_success": true}
{"event": "task_started", "trajectory_id": "ebdda1a2-fa16-416e-8d77-a0b4b7c6664d", "task_id": "task-d71f713e079ab5c2b330", "model_version": "scripted-engineering-only"}
{"event": "task_finished", "trajectory_id": "ebdda1a2-fa16-416e-8d77-a0b4b7c6664d", "task_id": "task-d71f713e079ab5c2b330", "model_version": "scripted-engineering-only", "outcome": "completed", "task_success": true}
{"event": "task_started", "trajectory_id": "bbb64f48-1bba-49fb-958b-457cffae4dcd", "task_id": "task-aa38b5523e6289961272", "model_version": "scripted-engineering-only"}
{"event": "task_finished", "trajectory_id": "bbb64f48-1bba-49fb-958b-457cffae4dcd", "task_id": "task-aa38b5523e6289961272", "model_version": "scripted-engineering-only", "outcome": "completed", "task_success": true}
{"event": "task_started", "trajectory_id": "be9aa76b-a221-4ad4-8e90-f697951b183c", "task_id": "task-45334e54e1889ab54a6c", "model_version": "scripted-engineering-only"}
{"event": "task_finished", "trajectory_id": "be9aa76b-a221-4ad4-8e90-f697951b183c", "task_id": "task-45334e54e1889ab54a6c", "model_version": "scripted-engineering-only", "outcome": "completed", "task_success": true}
{"event": "task_started", "trajectory_id": "3c8e90a3-c12e-4b04-a788-63cfa46e19ff", "task_id": "task-c50d95cdd2eabf3b7e52", "model_version": "scripted-engineering-only"}
{"event": "task_finished", "trajectory_id": "3c8e90a3-c12e-4b04-a788-63cfa46e19ff", "task_id": "task-c50d95cdd2eabf3b7e52", "model_version": "scripted-engineering-only", "outcome": "completed", "task_success": true}
{"event": "task_started", "trajectory_id": "4c275f3c-3d56-4e69-ba6e-419126c2128b", "task_id": "task-e730102b9a4395aae8ee", "model_version": "scripted-engineering-only"}
{"event": "task_finished", "trajectory_id": "4c275f3c-3d56-4e69-ba6e-419126c2128b", "task_id": "task-e730102b9a4395aae8ee", "model_version": "scripted-engineering-only", "outcome": "completed", "task_success": true}
{"event": "task_started", "trajectory_id": "1200fe40-7265-45d8-8512-967548927fdf", "task_id": "task-c1422229a8352e1cf4fc", "model_version": "scripted-engineering-only"}
{"event": "task_finished", "trajectory_id": "1200fe40-7265-45d8-8512-967548927fdf", "task_id": "task-c1422229a8352e1cf4fc", "model_version": "scripted-engineering-only", "outcome": "completed", "task_success": true}
{"event": "task_started", "trajectory_id": "3559c878-1d4e-470e-b6a3-7373cd99efa8", "task_id": "task-f67587394339c41f909c", "model_version": "scripted-engineering-only"}
{"event": "task_finished", "trajectory_id": "3559c878-1d4e-470e-b6a3-7373cd99efa8", "task_id": "task-f67587394339c41f909c", "model_version": "scripted-engineering-only", "outcome": "refused", "task_success": true}
{"event": "task_started", "trajectory_id": "76d8559b-cc5a-4e50-a375-ef58cb8e6d12", "task_id": "task-b2e0e6a52eb4cbe28b57", "model_version": "scripted-engineering-only"}
{"event": "task_finished", "trajectory_id": "76d8559b-cc5a-4e50-a375-ef58cb8e6d12", "task_id": "task-b2e0e6a52eb4cbe28b57", "model_version": "scripted-engineering-only", "outcome": "refused", "task_success": true}
{"event": "task_started", "trajectory_id": "315ce72d-e41c-4c5a-884e-1ba8524d09f3", "task_id": "task-271e4f001bfbec4ba37f", "model_version": "scripted-engineering-only"}
{"event": "task_finished", "trajectory_id": "315ce72d-e41c-4c5a-884e-1ba8524d09f3", "task_id": "task-271e4f001bfbec4ba37f", "model_version": "scripted-engineering-only", "outcome": "refused", "task_success": true}
{"event": "task_started", "trajectory_id": "6f6d1e6f-7b7a-45bd-a535-f23bebf1f749", "task_id": "task-f476ba5bc12924d9bc6b", "model_version": "scripted-engineering-only"}
{"event": "task_finished", "trajectory_id": "6f6d1e6f-7b7a-45bd-a535-f23bebf1f749", "task_id": "task-f476ba5bc12924d9bc6b", "model_version": "scripted-engineering-only", "outcome": "refused", "task_success": true}
{"event": "task_started", "trajectory_id": "23407aaa-c299-4c73-b1a6-3125801539a3", "task_id": "task-5eb647be1fe8d553a68b", "model_version": "scripted-engineering-only"}
{"event": "task_finished", "trajectory_id": "23407aaa-c299-4c73-b1a6-3125801539a3", "task_id": "task-5eb647be1fe8d553a68b", "model_version": "scripted-engineering-only", "outcome": "refused", "task_success": true}
{"event": "task_started", "trajectory_id": "6c926c81-6731-4457-b465-852ab50da736", "task_id": "task-07a2025d71ee061f3bd2", "model_version": "scripted-engineering-only"}
{"event": "task_finished", "trajectory_id": "6c926c81-6731-4457-b465-852ab50da736", "task_id": "task-07a2025d71ee061f3bd2", "model_version": "scripted-engineering-only", "outcome": "refused", "task_success": true}
{"event": "task_started", "trajectory_id": "bda86d62-be41-4c55-87a5-8c5dd6102219", "task_id": "task-a48da85fc162e85f19e2", "model_version": "scripted-engineering-only"}
{"event": "task_finished", "trajectory_id": "bda86d62-be41-4c55-87a5-8c5dd6102219", "task_id": "task-a48da85fc162e85f19e2", "model_version": "scripted-engineering-only", "outcome": "escalated", "task_success": true}
{"event": "task_started", "trajectory_id": "cd77b1b1-2bf8-4e18-9e3e-913e2c9ab7a8", "task_id": "task-06b8d71a2bcb3273229e", "model_version": "scripted-engineering-only"}
{"event": "task_finished", "trajectory_id": "cd77b1b1-2bf8-4e18-9e3e-913e2c9ab7a8", "task_id": "task-06b8d71a2bcb3273229e", "model_version": "scripted-engineering-only", "outcome": "escalated", "task_success": true}
{"event": "task_started", "trajectory_id": "0a20cf0f-45ce-4881-93c6-8fdaac6fdd6a", "task_id": "task-a54dafe4b4e3bb62483d", "model_version": "scripted-engineering-only"}
{"event": "task_finished", "trajectory_id": "0a20cf0f-45ce-4881-93c6-8fdaac6fdd6a", "task_id": "task-a54dafe4b4e3bb62483d", "model_version": "scripted-engineering-only", "outcome": "escalated", "task_success": true}
{"event": "task_started", "trajectory_id": "eb104d2f-4e6e-487b-b8ec-f2300aa39de2", "task_id": "task-965bab023d996aea99f2", "model_version": "scripted-engineering-only"}
{"event": "task_finished", "trajectory_id": "eb104d2f-4e6e-487b-b8ec-f2300aa39de2", "task_id": "task-965bab023d996aea99f2", "model_version": "scripted-engineering-only", "outcome": "completed", "task_success": true}
{"event": "task_started", "trajectory_id": "4577b1bc-b71f-40ed-b169-1993a17beaf5", "task_id": "task-eba00923d594244d8a50", "model_version": "scripted-engineering-only"}
{"event": "task_finished", "trajectory_id": "4577b1bc-b71f-40ed-b169-1993a17beaf5", "task_id": "task-eba00923d594244d8a50", "model_version": "scripted-engineering-only", "outcome": "completed", "task_success": true}
{"event": "task_started", "trajectory_id": "ffc2a5b4-d418-4824-8618-9ecc78a408d5", "task_id": "task-2d745d5735989f513472", "model_version": "scripted-engineering-only"}
{"event": "task_finished", "trajectory_id": "ffc2a5b4-d418-4824-8618-9ecc78a408d5", "task_id": "task-2d745d5735989f513472", "model_version": "scripted-engineering-only", "outcome": "completed", "task_success": true}
{"event": "task_started", "trajectory_id": "73ca3986-36ff-4714-887e-2cd0109a91db", "task_id": "task-adce80fcd242644af3be", "model_version": "scripted-engineering-only"}
{"event": "task_finished", "trajectory_id": "73ca3986-36ff-4714-887e-2cd0109a91db", "task_id": "task-adce80fcd242644af3be", "model_version": "scripted-engineering-only", "outcome": "escalated", "task_success": true}
{"event": "task_started", "trajectory_id": "81e2364e-e3e5-4b7a-9c95-01ce0ffa937f", "task_id": "task-a3b7dfcd02ab8da95ef8", "model_version": "scripted-engineering-only"}
{"event": "task_finished", "trajectory_id": "81e2364e-e3e5-4b7a-9c95-01ce0ffa937f", "task_id": "task-a3b7dfcd02ab8da95ef8", "model_version": "scripted-engineering-only", "outcome": "escalated", "task_success": true}
{"event": "task_started", "trajectory_id": "c48f68b5-28f2-413e-a599-d4c05037d71f", "task_id": "task-0186019e3d73611b86a1", "model_version": "scripted-engineering-only"}
{"event": "task_finished", "trajectory_id": "c48f68b5-28f2-413e-a599-d4c05037d71f", "task_id": "task-0186019e3d73611b86a1", "model_version": "scripted-engineering-only", "outcome": "escalated", "task_success": true}
{"event": "task_started", "trajectory_id": "964e69fe-34b9-43e6-8069-021b347c16e7", "task_id": "task-734d5b0d34d0656564ee", "model_version": "scripted-engineering-only"}
{"event": "task_finished", "trajectory_id": "964e69fe-34b9-43e6-8069-021b347c16e7", "task_id": "task-734d5b0d34d0656564ee", "model_version": "scripted-engineering-only", "outcome": "escalated", "task_success": true}
{"event": "task_started", "trajectory_id": "a175df53-1b4a-4441-ab2f-53d257b830d2", "task_id": "task-5dceefde9e586fb8376a", "model_version": "scripted-engineering-only"}
{"event": "task_finished", "trajectory_id": "a175df53-1b4a-4441-ab2f-53d257b830d2", "task_id": "task-5dceefde9e586fb8376a", "model_version": "scripted-engineering-only", "outcome": "escalated", "task_success": true}
{"event": "task_started", "trajectory_id": "d5751458-7f7d-42d6-b4c6-d058003e0262", "task_id": "task-ad1e786facf608c440ac", "model_version": "scripted-engineering-only"}
{"event": "task_finished", "trajectory_id": "d5751458-7f7d-42d6-b4c6-d058003e0262", "task_id": "task-ad1e786facf608c440ac", "model_version": "scripted-engineering-only", "outcome": "escalated", "task_success": true}
{"event": "task_started", "trajectory_id": "aa0822dc-1c5d-4584-8d90-a78f5cc2cfe0", "task_id": "task-bb68b21999ce552f5ffc", "model_version": "scripted-engineering-only"}
{"event": "task_finished", "trajectory_id": "aa0822dc-1c5d-4584-8d90-a78f5cc2cfe0", "task_id": "task-bb68b21999ce552f5ffc", "model_version": "scripted-engineering-only", "outcome": "completed", "task_success": true}
{"event": "task_started", "trajectory_id": "820ea041-ea0f-4628-a09e-120002ecbddb", "task_id": "task-a1d394ba1d073d7a2eaa", "model_version": "scripted-engineering-only"}
{"event": "task_finished", "trajectory_id": "820ea041-ea0f-4628-a09e-120002ecbddb", "task_id": "task-a1d394ba1d073d7a2eaa", "model_version": "scripted-engineering-only", "outcome": "completed", "task_success": true}
{"event": "task_started", "trajectory_id": "7f186553-76aa-4f8e-8a18-a10c5ebd35cb", "task_id": "task-edb462866dbadf5ed77c", "model_version": "scripted-engineering-only"}
{"event": "task_finished", "trajectory_id": "7f186553-76aa-4f8e-8a18-a10c5ebd35cb", "task_id": "task-edb462866dbadf5ed77c", "model_version": "scripted-engineering-only", "outcome": "completed", "task_success": true}
{"event": "task_started", "trajectory_id": "8fa1ce3f-90a2-4433-b82a-5a3fdf8bc0e6", "task_id": "task-6dfee218765c8a8ccb03", "model_version": "scripted-engineering-only"}
{"event": "task_finished", "trajectory_id": "8fa1ce3f-90a2-4433-b82a-5a3fdf8bc0e6", "task_id": "task-6dfee218765c8a8ccb03", "model_version": "scripted-engineering-only", "outcome": "completed", "task_success": true}
{"event": "task_started", "trajectory_id": "538d7636-0f22-4947-a1ad-7337b59befb3", "task_id": "task-7b7e1c638fa73fcdc0cb", "model_version": "scripted-engineering-only"}
{"event": "task_finished", "trajectory_id": "538d7636-0f22-4947-a1ad-7337b59befb3", "task_id": "task-7b7e1c638fa73fcdc0cb", "model_version": "scripted-engineering-only", "outcome": "completed", "task_success": true}
{"event": "task_started", "trajectory_id": "cf57d7d0-8163-4b69-8a2a-48a53c747e2a", "task_id": "task-30eeea5e7635d5b1ecb1", "model_version": "scripted-engineering-only"}
{"event": "task_finished", "trajectory_id": "cf57d7d0-8163-4b69-8a2a-48a53c747e2a", "task_id": "task-30eeea5e7635d5b1ecb1", "model_version": "scripted-engineering-only", "outcome": "completed", "task_success": true}
{"event": "task_started", "trajectory_id": "e1763415-45bc-4ba3-a1e4-dd6e10bc3966", "task_id": "task-d1dddd10b1af24b04d3e", "model_version": "scripted-engineering-only"}
{"event": "task_finished", "trajectory_id": "e1763415-45bc-4ba3-a1e4-dd6e10bc3966", "task_id": "task-d1dddd10b1af24b04d3e", "model_version": "scripted-engineering-only", "outcome": "escalated", "task_success": true}
{"event": "task_started", "trajectory_id": "c69a8d5d-898a-4897-a553-8b2f664e11c9", "task_id": "task-afbdfb29b194d7db817e", "model_version": "scripted-engineering-only"}
{"event": "task_finished", "trajectory_id": "c69a8d5d-898a-4897-a553-8b2f664e11c9", "task_id": "task-afbdfb29b194d7db817e", "model_version": "scripted-engineering-only", "outcome": "escalated", "task_success": true}
{"event": "task_started", "trajectory_id": "2b9e5d18-dace-48ff-8de0-b1f952061326", "task_id": "task-1cb1631bb12620637a56", "model_version": "scripted-engineering-only"}
{"event": "task_finished", "trajectory_id": "2b9e5d18-dace-48ff-8de0-b1f952061326", "task_id": "task-1cb1631bb12620637a56", "model_version": "scripted-engineering-only", "outcome": "escalated", "task_success": true}
{"event": "task_started", "trajectory_id": "6d7658dc-70ac-4cc0-b927-4eb0ef586ad0", "task_id": "task-86bd6cb9106510ea039f", "model_version": "scripted-engineering-only"}
{"event": "task_finished", "trajectory_id": "6d7658dc-70ac-4cc0-b927-4eb0ef586ad0", "task_id": "task-86bd6cb9106510ea039f", "model_version": "scripted-engineering-only", "outcome": "escalated", "task_success": true}
{"event": "task_started", "trajectory_id": "b62dd4c9-8504-480a-9adf-ee598b385e30", "task_id": "task-28acc947e09e78444ad1", "model_version": "scripted-engineering-only"}
{"event": "task_finished", "trajectory_id": "b62dd4c9-8504-480a-9adf-ee598b385e30", "task_id": "task-28acc947e09e78444ad1", "model_version": "scripted-engineering-only", "outcome": "escalated", "task_success": true}
{"event": "task_started", "trajectory_id": "f565b136-f774-4ec8-899b-11cd80335f51", "task_id": "task-398eead64c3eeb871099", "model_version": "scripted-engineering-only"}
{"event": "task_finished", "trajectory_id": "f565b136-f774-4ec8-899b-11cd80335f51", "task_id": "task-398eead64c3eeb871099", "model_version": "scripted-engineering-only", "outcome": "escalated", "task_success": true}
{"event": "task_started", "trajectory_id": "ebbebb96-57de-4bf0-bcc8-d31f650f4752", "task_id": "task-80544b2a08bd57e8e768", "model_version": "scripted-engineering-only"}
{"event": "task_finished", "trajectory_id": "ebbebb96-57de-4bf0-bcc8-d31f650f4752", "task_id": "task-80544b2a08bd57e8e768", "model_version": "scripted-engineering-only", "outcome": "completed", "task_success": true}
{"event": "task_started", "trajectory_id": "7e4a9791-2b82-41d8-a139-eff996449fb3", "task_id": "task-673dbc9dd8f247601722", "model_version": "scripted-engineering-only"}
{"event": "task_finished", "trajectory_id": "7e4a9791-2b82-41d8-a139-eff996449fb3", "task_id": "task-673dbc9dd8f247601722", "model_version": "scripted-engineering-only", "outcome": "completed", "task_success": true}
{"event": "task_started", "trajectory_id": "8cd26dd5-b28f-4d42-a3b2-25d06ac7de50", "task_id": "task-ed359ba55106b09d8847", "model_version": "scripted-engineering-only"}
{"event": "task_finished", "trajectory_id": "8cd26dd5-b28f-4d42-a3b2-25d06ac7de50", "task_id": "task-ed359ba55106b09d8847", "model_version": "scripted-engineering-only", "outcome": "completed", "task_success": true}
{"event": "task_started", "trajectory_id": "d65870c7-f3de-4389-b042-5548f025b01e", "task_id": "task-292ef81ae14a36c27b3f", "model_version": "scripted-engineering-only"}
{"event": "task_finished", "trajectory_id": "d65870c7-f3de-4389-b042-5548f025b01e", "task_id": "task-292ef81ae14a36c27b3f", "model_version": "scripted-engineering-only", "outcome": "refused", "task_success": true}
{"event": "task_started", "trajectory_id": "39f21e5a-ac0f-4da5-aeb6-102d82287300", "task_id": "task-5a00f3a9d86cd9d6c54d", "model_version": "scripted-engineering-only"}
{"event": "task_finished", "trajectory_id": "39f21e5a-ac0f-4da5-aeb6-102d82287300", "task_id": "task-5a00f3a9d86cd9d6c54d", "model_version": "scripted-engineering-only", "outcome": "refused", "task_success": true}
{"event": "task_started", "trajectory_id": "6d6bb7b5-74ea-4fcc-9d57-e59a3df09275", "task_id": "task-3b9ce844f270fdf7774d", "model_version": "scripted-engineering-only"}
{"event": "task_finished", "trajectory_id": "6d6bb7b5-74ea-4fcc-9d57-e59a3df09275", "task_id": "task-3b9ce844f270fdf7774d", "model_version": "scripted-engineering-only", "outcome": "refused", "task_success": true}
{"event": "task_started", "trajectory_id": "5a92b332-84dd-435a-827b-6265b224eeb8", "task_id": "task-f9ea9ef01353b4b68e96", "model_version": "scripted-engineering-only"}
{"event": "task_finished", "trajectory_id": "5a92b332-84dd-435a-827b-6265b224eeb8", "task_id": "task-f9ea9ef01353b4b68e96", "model_version": "scripted-engineering-only", "outcome": "refused", "task_success": true}
{"event": "task_started", "trajectory_id": "2dd63932-6313-4d96-b04b-6d032c22de59", "task_id": "task-98171245bbd786a1517a", "model_version": "scripted-engineering-only"}
{"event": "task_finished", "trajectory_id": "2dd63932-6313-4d96-b04b-6d032c22de59", "task_id": "task-98171245bbd786a1517a", "model_version": "scripted-engineering-only", "outcome": "refused", "task_success": true}
{"event": "task_started", "trajectory_id": "43d97c7e-cf53-4ee3-a59b-dff20033c770", "task_id": "task-097a2cdd49eb7039eeda", "model_version": "scripted-engineering-only"}
{"event": "task_finished", "trajectory_id": "43d97c7e-cf53-4ee3-a59b-dff20033c770", "task_id": "task-097a2cdd49eb7039eeda", "model_version": "scripted-engineering-only", "outcome": "refused", "task_success": true}
{"event": "task_started", "trajectory_id": "1bcbce3f-a7c0-4334-a1e8-ef4f812833b6", "task_id": "task-dc45c35c4539665fa28a", "model_version": "scripted-engineering-only"}
{"event": "task_finished", "trajectory_id": "1bcbce3f-a7c0-4334-a1e8-ef4f812833b6", "task_id": "task-dc45c35c4539665fa28a", "model_version": "scripted-engineering-only", "outcome": "escalated", "task_success": true}
{"event": "task_started", "trajectory_id": "6baffc87-53a6-47b1-8493-e1251f54fa0b", "task_id": "task-012721fdabc6938bfdb4", "model_version": "scripted-engineering-only"}
{"event": "task_finished", "trajectory_id": "6baffc87-53a6-47b1-8493-e1251f54fa0b", "task_id": "task-012721fdabc6938bfdb4", "model_version": "scripted-engineering-only", "outcome": "escalated", "task_success": true}
{"event": "task_started", "trajectory_id": "6dc83b67-9283-4208-ba94-0d5e86969b41", "task_id": "task-7e2db9056f851620b578", "model_version": "scripted-engineering-only"}
{"event": "task_finished", "trajectory_id": "6dc83b67-9283-4208-ba94-0d5e86969b41", "task_id": "task-7e2db9056f851620b578", "model_version": "scripted-engineering-only", "outcome": "escalated", "task_success": true}
{"event": "task_started", "trajectory_id": "b3b27844-1440-441f-bfc2-71fda77d0625", "task_id": "task-56d11969bbac661ba221", "model_version": "scripted-engineering-only"}
{"event": "task_finished", "trajectory_id": "b3b27844-1440-441f-bfc2-71fda77d0625", "task_id": "task-56d11969bbac661ba221", "model_version": "scripted-engineering-only", "outcome": "refused", "task_success": true}
{"event": "task_started", "trajectory_id": "ddc63b9b-b04d-4f7d-b617-11a502cd17e1", "task_id": "task-87d7c7fe1cf3dca74c72", "model_version": "scripted-engineering-only"}
{"event": "task_finished", "trajectory_id": "ddc63b9b-b04d-4f7d-b617-11a502cd17e1", "task_id": "task-87d7c7fe1cf3dca74c72", "model_version": "scripted-engineering-only", "outcome": "refused", "task_success": true}
{"event": "task_started", "trajectory_id": "28be35c0-c871-4e69-85d9-b493e0c16751", "task_id": "task-31dce11192d72a14cb25", "model_version": "scripted-engineering-only"}
{"event": "task_finished", "trajectory_id": "28be35c0-c871-4e69-85d9-b493e0c16751", "task_id": "task-31dce11192d72a14cb25", "model_version": "scripted-engineering-only", "outcome": "refused", "task_success": true}
{"event": "task_started", "trajectory_id": "988401af-e201-47f0-b3d4-e742405c01c4", "task_id": "task-c9c2d9c2d23545eb0e36", "model_version": "scripted-engineering-only"}
{"event": "task_finished", "trajectory_id": "988401af-e201-47f0-b3d4-e742405c01c4", "task_id": "task-c9c2d9c2d23545eb0e36", "model_version": "scripted-engineering-only", "outcome": "refused", "task_success": true}
{"event": "task_started", "trajectory_id": "06c28491-6e2b-42d0-bde6-df323a15ed54", "task_id": "task-9f2dbc26618598f23b3d", "model_version": "scripted-engineering-only"}
{"event": "task_finished", "trajectory_id": "06c28491-6e2b-42d0-bde6-df323a15ed54", "task_id": "task-9f2dbc26618598f23b3d", "model_version": "scripted-engineering-only", "outcome": "refused", "task_success": true}
{"event": "task_started", "trajectory_id": "cd1e1bf1-6b31-47c7-b5ef-4c25764ae9fa", "task_id": "task-ba01b87f8d3c2b2a0a9d", "model_version": "scripted-engineering-only"}
{"event": "task_finished", "trajectory_id": "cd1e1bf1-6b31-47c7-b5ef-4c25764ae9fa", "task_id": "task-ba01b87f8d3c2b2a0a9d", "model_version": "scripted-engineering-only", "outcome": "refused", "task_success": true}
{"event": "task_started", "trajectory_id": "8605cae2-06ba-4b0b-8025-55e8e6e55ed7", "task_id": "task-bdd32dbdec43e2d790e2", "model_version": "scripted-engineering-only"}
{"event": "task_finished", "trajectory_id": "8605cae2-06ba-4b0b-8025-55e8e6e55ed7", "task_id": "task-bdd32dbdec43e2d790e2", "model_version": "scripted-engineering-only", "outcome": "escalated", "task_success": true}
{"event": "task_started", "trajectory_id": "1f65ae18-55e4-40f0-af2e-5680eae67de0", "task_id": "task-abd88aed3619fa1f2adb", "model_version": "scripted-engineering-only"}
{"event": "task_finished", "trajectory_id": "1f65ae18-55e4-40f0-af2e-5680eae67de0", "task_id": "task-abd88aed3619fa1f2adb", "model_version": "scripted-engineering-only", "outcome": "escalated", "task_success": true}
{"event": "task_started", "trajectory_id": "bdc45974-b67c-4af6-bbac-47243b734616", "task_id": "task-3679379ac0a63d0c5798", "model_version": "scripted-engineering-only"}
{"event": "task_finished", "trajectory_id": "bdc45974-b67c-4af6-bbac-47243b734616", "task_id": "task-3679379ac0a63d0c5798", "model_version": "scripted-engineering-only", "outcome": "escalated", "task_success": true}
{"event": "task_started", "trajectory_id": "bb65ab60-1a28-4aad-90af-faa013f1f03f", "task_id": "task-ec729be391c4a34fe297", "model_version": "scripted-engineering-only"}
{"event": "task_finished", "trajectory_id": "bb65ab60-1a28-4aad-90af-faa013f1f03f", "task_id": "task-ec729be391c4a34fe297", "model_version": "scripted-engineering-only", "outcome": "completed", "task_success": true}
{"event": "task_started", "trajectory_id": "80d98b3f-d71b-481b-95ed-4fc6c79be926", "task_id": "task-b453a658279db88de3c0", "model_version": "scripted-engineering-only"}
{"event": "task_finished", "trajectory_id": "80d98b3f-d71b-481b-95ed-4fc6c79be926", "task_id": "task-b453a658279db88de3c0", "model_version": "scripted-engineering-only", "outcome": "completed", "task_success": true}
{"event": "task_started", "trajectory_id": "8bd39b48-88d0-416f-929b-1789147d3b26", "task_id": "task-97af2e092bbdb911a25a", "model_version": "scripted-engineering-only"}
{"event": "task_finished", "trajectory_id": "8bd39b48-88d0-416f-929b-1789147d3b26", "task_id": "task-97af2e092bbdb911a25a", "model_version": "scripted-engineering-only", "outcome": "completed", "task_success": true}
{"event": "task_started", "trajectory_id": "389b6373-59c6-4551-ab85-a2c3dd39e78b", "task_id": "task-0724fc5648935c3d16ba", "model_version": "scripted-engineering-only"}
{"event": "task_finished", "trajectory_id": "389b6373-59c6-4551-ab85-a2c3dd39e78b", "task_id": "task-0724fc5648935c3d16ba", "model_version": "scripted-engineering-only", "outcome": "escalated", "task_success": true}
{"event": "task_started", "trajectory_id": "65d60853-3c24-4126-8aff-4f68f1c01fde", "task_id": "task-674a4080fd2f0382b598", "model_version": "scripted-engineering-only"}
{"event": "task_finished", "trajectory_id": "65d60853-3c24-4126-8aff-4f68f1c01fde", "task_id": "task-674a4080fd2f0382b598", "model_version": "scripted-engineering-only", "outcome": "escalated", "task_success": true}
{"event": "task_started", "trajectory_id": "c85bd19c-5762-4e59-b727-164cb7442542", "task_id": "task-3feda8a21f9775e1db88", "model_version": "scripted-engineering-only"}
{"event": "task_finished", "trajectory_id": "c85bd19c-5762-4e59-b727-164cb7442542", "task_id": "task-3feda8a21f9775e1db88", "model_version": "scripted-engineering-only", "outcome": "escalated", "task_success": true}
{"event": "task_started", "trajectory_id": "9461adc8-913a-4761-91ef-198e7a5e04de", "task_id": "task-0e084016f0ee902062e6", "model_version": "scripted-engineering-only"}
{"event": "task_finished", "trajectory_id": "9461adc8-913a-4761-91ef-198e7a5e04de", "task_id": "task-0e084016f0ee902062e6", "model_version": "scripted-engineering-only", "outcome": "completed", "task_success": true}
{"event": "task_started", "trajectory_id": "d56dfe96-839f-4ca8-ae1f-7559adfc4678", "task_id": "task-4c6c1f9967c096b34002", "model_version": "scripted-engineering-only"}
{"event": "task_finished", "trajectory_id": "d56dfe96-839f-4ca8-ae1f-7559adfc4678", "task_id": "task-4c6c1f9967c096b34002", "model_version": "scripted-engineering-only", "outcome": "completed", "task_success": true}
{"event": "task_started", "trajectory_id": "6ad7ed18-9775-4030-9a0d-5cae8b539e27", "task_id": "task-5d8affbfbc38c6af2a55", "model_version": "scripted-engineering-only"}
{"event": "task_finished", "trajectory_id": "6ad7ed18-9775-4030-9a0d-5cae8b539e27", "task_id": "task-5d8affbfbc38c6af2a55", "model_version": "scripted-engineering-only", "outcome": "completed", "task_success": true}
{"event": "task_started", "trajectory_id": "9ebbf801-5770-4c9d-b00c-1372be488b3c", "task_id": "task-705ae2b6a38ee732fcb6", "model_version": "scripted-engineering-only"}
{"event": "task_finished", "trajectory_id": "9ebbf801-5770-4c9d-b00c-1372be488b3c", "task_id": "task-705ae2b6a38ee732fcb6", "model_version": "scripted-engineering-only", "outcome": "refused", "task_success": true}
{"event": "task_started", "trajectory_id": "76cf6c70-0352-4047-b610-ea0ac68e0503", "task_id": "task-aacc6eab02d55411c926", "model_version": "scripted-engineering-only"}
{"event": "task_finished", "trajectory_id": "76cf6c70-0352-4047-b610-ea0ac68e0503", "task_id": "task-aacc6eab02d55411c926", "model_version": "scripted-engineering-only", "outcome": "refused", "task_success": true}
{"event": "task_started", "trajectory_id": "8213d8e4-9b5e-4637-a7eb-7eb572735d05", "task_id": "task-e69eb5bbc48e257eaed9", "model_version": "scripted-engineering-only"}
{"event": "task_finished", "trajectory_id": "8213d8e4-9b5e-4637-a7eb-7eb572735d05", "task_id": "task-e69eb5bbc48e257eaed9", "model_version": "scripted-engineering-only", "outcome": "refused", "task_success": true}
{"event": "task_started", "trajectory_id": "ed8fc7db-4e97-4eeb-b834-57af3852e165", "task_id": "task-d218b76a549bb71d32a3", "model_version": "scripted-engineering-only"}
{"event": "task_finished", "trajectory_id": "ed8fc7db-4e97-4eeb-b834-57af3852e165", "task_id": "task-d218b76a549bb71d32a3", "model_version": "scripted-engineering-only", "outcome": "escalated", "task_success": true}
{"event": "task_started", "trajectory_id": "25679a86-171c-4a3e-8a22-06549837c268", "task_id": "task-399f80239f711ea5d908", "model_version": "scripted-engineering-only"}
{"event": "task_finished", "trajectory_id": "25679a86-171c-4a3e-8a22-06549837c268", "task_id": "task-399f80239f711ea5d908", "model_version": "scripted-engineering-only", "outcome": "escalated", "task_success": true}
{"event": "task_started", "trajectory_id": "19308a76-09b7-4b77-92c1-cc04ca2701e2", "task_id": "task-59a584317a710f1deb73", "model_version": "scripted-engineering-only"}
{"event": "task_finished", "trajectory_id": "19308a76-09b7-4b77-92c1-cc04ca2701e2", "task_id": "task-59a584317a710f1deb73", "model_version": "scripted-engineering-only", "outcome": "escalated", "task_success": true}
{"event": "task_started", "trajectory_id": "998a15f6-7a99-4fdf-8cb7-5205d59b8ad7", "task_id": "task-f72263adb1c1d420111e", "model_version": "scripted-engineering-only"}
{"event": "task_finished", "trajectory_id": "998a15f6-7a99-4fdf-8cb7-5205d59b8ad7", "task_id": "task-f72263adb1c1d420111e", "model_version": "scripted-engineering-only", "outcome": "escalated", "task_success": true}
{"event": "task_started", "trajectory_id": "56b4f8ef-0809-43a2-8d2c-0867f02b640c", "task_id": "task-90c1813085f31f5299b3", "model_version": "scripted-engineering-only"}
{"event": "task_finished", "trajectory_id": "56b4f8ef-0809-43a2-8d2c-0867f02b640c", "task_id": "task-90c1813085f31f5299b3", "model_version": "scripted-engineering-only", "outcome": "escalated", "task_success": true}
{"event": "task_started", "trajectory_id": "d26e182c-efe9-4396-b008-464d7c524313", "task_id": "task-c31ed15c43fec69b21d0", "model_version": "scripted-engineering-only"}
{"event": "task_finished", "trajectory_id": "d26e182c-efe9-4396-b008-464d7c524313", "task_id": "task-c31ed15c43fec69b21d0", "model_version": "scripted-engineering-only", "outcome": "escalated", "task_success": true}
{"event": "task_started", "trajectory_id": "565a30e1-ce39-403e-8a87-3cd366cece38", "task_id": "task-c4da3551dcd0c1e6d1bc", "model_version": "scripted-engineering-only"}
{"event": "task_finished", "trajectory_id": "565a30e1-ce39-403e-8a87-3cd366cece38", "task_id": "task-c4da3551dcd0c1e6d1bc", "model_version": "scripted-engineering-only", "outcome": "completed", "task_success": true}
{"event": "task_started", "trajectory_id": "7a242ef4-b9e0-45ee-9182-7fdd85d0dcda", "task_id": "task-d573e068640729f6fc0c", "model_version": "scripted-engineering-only"}
{"event": "task_finished", "trajectory_id": "7a242ef4-b9e0-45ee-9182-7fdd85d0dcda", "task_id": "task-d573e068640729f6fc0c", "model_version": "scripted-engineering-only", "outcome": "completed", "task_success": true}
{"event": "task_started", "trajectory_id": "33f692ff-8bdd-409f-b596-554e90b14408", "task_id": "task-5451f40b657f5bfdccbc", "model_version": "scripted-engineering-only"}
{"event": "task_finished", "trajectory_id": "33f692ff-8bdd-409f-b596-554e90b14408", "task_id": "task-5451f40b657f5bfdccbc", "model_version": "scripted-engineering-only", "outcome": "completed", "task_success": true}
{"event": "task_started", "trajectory_id": "2cc429cc-2266-4249-bab5-20ecf80ccfc3", "task_id": "task-d71f713e079ab5c2b330", "model_version": "scripted-engineering-only"}
{"event": "task_finished", "trajectory_id": "2cc429cc-2266-4249-bab5-20ecf80ccfc3", "task_id": "task-d71f713e079ab5c2b330", "model_version": "scripted-engineering-only", "outcome": "completed", "task_success": true}
{"event": "task_started", "trajectory_id": "29f6e071-ad80-4984-b0ef-25ad2dddbe9d", "task_id": "task-aa38b5523e6289961272", "model_version": "scripted-engineering-only"}
{"event": "task_finished", "trajectory_id": "29f6e071-ad80-4984-b0ef-25ad2dddbe9d", "task_id": "task-aa38b5523e6289961272", "model_version": "scripted-engineering-only", "outcome": "completed", "task_success": true}
{"event": "task_started", "trajectory_id": "079064df-952e-4235-82b6-fa3d50d29263", "task_id": "task-45334e54e1889ab54a6c", "model_version": "scripted-engineering-only"}
{"event": "task_finished", "trajectory_id": "079064df-952e-4235-82b6-fa3d50d29263", "task_id": "task-45334e54e1889ab54a6c", "model_version": "scripted-engineering-only", "outcome": "completed", "task_success": true}
{"event": "task_started", "trajectory_id": "75a92e92-c7b2-4f29-bc98-e03caefad82d", "task_id": "task-c50d95cdd2eabf3b7e52", "model_version": "scripted-engineering-only"}
{"event": "task_finished", "trajectory_id": "75a92e92-c7b2-4f29-bc98-e03caefad82d", "task_id": "task-c50d95cdd2eabf3b7e52", "model_version": "scripted-engineering-only", "outcome": "completed", "task_success": true}
{"event": "task_started", "trajectory_id": "6af19b82-7201-429c-969d-3c47f0cccab7", "task_id": "task-e730102b9a4395aae8ee", "model_version": "scripted-engineering-only"}
{"event": "task_finished", "trajectory_id": "6af19b82-7201-429c-969d-3c47f0cccab7", "task_id": "task-e730102b9a4395aae8ee", "model_version": "scripted-engineering-only", "outcome": "completed", "task_success": true}
{"event": "task_started", "trajectory_id": "5cc7215d-9571-4a09-8ed4-0a7c1c2ff636", "task_id": "task-c1422229a8352e1cf4fc", "model_version": "scripted-engineering-only"}
{"event": "task_finished", "trajectory_id": "5cc7215d-9571-4a09-8ed4-0a7c1c2ff636", "task_id": "task-c1422229a8352e1cf4fc", "model_version": "scripted-engineering-only", "outcome": "completed", "task_success": true}
{"event": "task_started", "trajectory_id": "0232d210-2fbb-4cc9-bfa6-858ac2dcf498", "task_id": "task-f67587394339c41f909c", "model_version": "scripted-engineering-only"}
{"event": "task_finished", "trajectory_id": "0232d210-2fbb-4cc9-bfa6-858ac2dcf498", "task_id": "task-f67587394339c41f909c", "model_version": "scripted-engineering-only", "outcome": "refused", "task_success": true}
{"event": "task_started", "trajectory_id": "2d6402ec-af1a-4f46-a7e9-3f043a3d416e", "task_id": "task-b2e0e6a52eb4cbe28b57", "model_version": "scripted-engineering-only"}
{"event": "task_finished", "trajectory_id": "2d6402ec-af1a-4f46-a7e9-3f043a3d416e", "task_id": "task-b2e0e6a52eb4cbe28b57", "model_version": "scripted-engineering-only", "outcome": "refused", "task_success": true}
{"event": "task_started", "trajectory_id": "9cb8c743-5de5-41fd-a3d9-36f3bc8c1719", "task_id": "task-271e4f001bfbec4ba37f", "model_version": "scripted-engineering-only"}
{"event": "task_finished", "trajectory_id": "9cb8c743-5de5-41fd-a3d9-36f3bc8c1719", "task_id": "task-271e4f001bfbec4ba37f", "model_version": "scripted-engineering-only", "outcome": "refused", "task_success": true}
{"event": "task_started", "trajectory_id": "e1f5223d-ab17-4742-9577-00a561f972aa", "task_id": "task-f476ba5bc12924d9bc6b", "model_version": "scripted-engineering-only"}
{"event": "task_finished", "trajectory_id": "e1f5223d-ab17-4742-9577-00a561f972aa", "task_id": "task-f476ba5bc12924d9bc6b", "model_version": "scripted-engineering-only", "outcome": "refused", "task_success": true}
{"event": "task_started", "trajectory_id": "f628aa3e-701c-4faa-ba8c-bba5ddfa9134", "task_id": "task-5eb647be1fe8d553a68b", "model_version": "scripted-engineering-only"}
{"event": "task_finished", "trajectory_id": "f628aa3e-701c-4faa-ba8c-bba5ddfa9134", "task_id": "task-5eb647be1fe8d553a68b", "model_version": "scripted-engineering-only", "outcome": "refused", "task_success": true}
{"event": "task_started", "trajectory_id": "09e3269d-a367-4f9c-ae63-032fb1d3eb7b", "task_id": "task-07a2025d71ee061f3bd2", "model_version": "scripted-engineering-only"}
{"event": "task_finished", "trajectory_id": "09e3269d-a367-4f9c-ae63-032fb1d3eb7b", "task_id": "task-07a2025d71ee061f3bd2", "model_version": "scripted-engineering-only", "outcome": "refused", "task_success": true}
{"event": "task_started", "trajectory_id": "05e149a0-b01b-4d7b-aa1a-e0e02a0ad9af", "task_id": "task-a48da85fc162e85f19e2", "model_version": "scripted-engineering-only"}
{"event": "task_finished", "trajectory_id": "05e149a0-b01b-4d7b-aa1a-e0e02a0ad9af", "task_id": "task-a48da85fc162e85f19e2", "model_version": "scripted-engineering-only", "outcome": "escalated", "task_success": true}
{"event": "task_started", "trajectory_id": "48bc1094-2cd8-4f3b-a410-bbb4cf53b9c5", "task_id": "task-06b8d71a2bcb3273229e", "model_version": "scripted-engineering-only"}
{"event": "task_finished", "trajectory_id": "48bc1094-2cd8-4f3b-a410-bbb4cf53b9c5", "task_id": "task-06b8d71a2bcb3273229e", "model_version": "scripted-engineering-only", "outcome": "escalated", "task_success": true}
{"event": "task_started", "trajectory_id": "8cf92cb6-d9dc-45d3-8f22-b65ced606806", "task_id": "task-a54dafe4b4e3bb62483d", "model_version": "scripted-engineering-only"}
{"event": "task_finished", "trajectory_id": "8cf92cb6-d9dc-45d3-8f22-b65ced606806", "task_id": "task-a54dafe4b4e3bb62483d", "model_version": "scripted-engineering-only", "outcome": "escalated", "task_success": true}
{"event": "task_started", "trajectory_id": "dc266a19-434e-484d-af99-adfaaff882cf", "task_id": "task-965bab023d996aea99f2", "model_version": "scripted-engineering-only"}
{"event": "task_finished", "trajectory_id": "dc266a19-434e-484d-af99-adfaaff882cf", "task_id": "task-965bab023d996aea99f2", "model_version": "scripted-engineering-only", "outcome": "completed", "task_success": true}
{"event": "task_started", "trajectory_id": "3bb948ce-c989-4913-80ab-6b909e088b1d", "task_id": "task-eba00923d594244d8a50", "model_version": "scripted-engineering-only"}
{"event": "task_finished", "trajectory_id": "3bb948ce-c989-4913-80ab-6b909e088b1d", "task_id": "task-eba00923d594244d8a50", "model_version": "scripted-engineering-only", "outcome": "completed", "task_success": true}
{"event": "task_started", "trajectory_id": "33abbb30-737e-40d4-b22b-584a332884c4", "task_id": "task-2d745d5735989f513472", "model_version": "scripted-engineering-only"}
{"event": "task_finished", "trajectory_id": "33abbb30-737e-40d4-b22b-584a332884c4", "task_id": "task-2d745d5735989f513472", "model_version": "scripted-engineering-only", "outcome": "completed", "task_success": true}
{"event": "task_started", "trajectory_id": "64149e7b-bfe5-4f59-bb7f-6834cd73cda0", "task_id": "task-adce80fcd242644af3be", "model_version": "scripted-engineering-only"}
{"event": "task_finished", "trajectory_id": "64149e7b-bfe5-4f59-bb7f-6834cd73cda0", "task_id": "task-adce80fcd242644af3be", "model_version": "scripted-engineering-only", "outcome": "escalated", "task_success": true}
{"event": "task_started", "trajectory_id": "a7976435-0c44-439e-835c-4febabf4e0c4", "task_id": "task-a3b7dfcd02ab8da95ef8", "model_version": "scripted-engineering-only"}
{"event": "task_finished", "trajectory_id": "a7976435-0c44-439e-835c-4febabf4e0c4", "task_id": "task-a3b7dfcd02ab8da95ef8", "model_version": "scripted-engineering-only", "outcome": "escalated", "task_success": true}
{"event": "task_started", "trajectory_id": "e1b55a56-ab4a-4386-983d-876a3396ca96", "task_id": "task-0186019e3d73611b86a1", "model_version": "scripted-engineering-only"}
{"event": "task_finished", "trajectory_id": "e1b55a56-ab4a-4386-983d-876a3396ca96", "task_id": "task-0186019e3d73611b86a1", "model_version": "scripted-engineering-only", "outcome": "escalated", "task_success": true}
{"event": "task_started", "trajectory_id": "32fbb714-60c6-4c3e-bf38-6ef9d4ff39de", "task_id": "task-734d5b0d34d0656564ee", "model_version": "scripted-engineering-only"}
{"event": "task_finished", "trajectory_id": "32fbb714-60c6-4c3e-bf38-6ef9d4ff39de", "task_id": "task-734d5b0d34d0656564ee", "model_version": "scripted-engineering-only", "outcome": "escalated", "task_success": true}
{"event": "task_started", "trajectory_id": "141327f4-4d69-4d7f-819e-4956f1155299", "task_id": "task-5dceefde9e586fb8376a", "model_version": "scripted-engineering-only"}
{"event": "task_finished", "trajectory_id": "141327f4-4d69-4d7f-819e-4956f1155299", "task_id": "task-5dceefde9e586fb8376a", "model_version": "scripted-engineering-only", "outcome": "escalated", "task_success": true}
{"event": "task_started", "trajectory_id": "33976afe-318e-4b7e-89e6-bd7ed8008e83", "task_id": "task-ad1e786facf608c440ac", "model_version": "scripted-engineering-only"}
{"event": "task_finished", "trajectory_id": "33976afe-318e-4b7e-89e6-bd7ed8008e83", "task_id": "task-ad1e786facf608c440ac", "model_version": "scripted-engineering-only", "outcome": "escalated", "task_success": true}
{"event": "task_started", "trajectory_id": "de42add0-3a7d-43ae-b6d6-3a9150d1023d", "task_id": "task-bb68b21999ce552f5ffc", "model_version": "scripted-engineering-only"}
{"event": "task_finished", "trajectory_id": "de42add0-3a7d-43ae-b6d6-3a9150d1023d", "task_id": "task-bb68b21999ce552f5ffc", "model_version": "scripted-engineering-only", "outcome": "completed", "task_success": true}
{"event": "task_started", "trajectory_id": "6e210c2e-7c5a-4a91-a4ae-b404458f1569", "task_id": "task-a1d394ba1d073d7a2eaa", "model_version": "scripted-engineering-only"}
{"event": "task_finished", "trajectory_id": "6e210c2e-7c5a-4a91-a4ae-b404458f1569", "task_id": "task-a1d394ba1d073d7a2eaa", "model_version": "scripted-engineering-only", "outcome": "completed", "task_success": true}
{"event": "task_started", "trajectory_id": "c779e1a3-d4f9-4197-8033-691a42457ea8", "task_id": "task-edb462866dbadf5ed77c", "model_version": "scripted-engineering-only"}
{"event": "task_finished", "trajectory_id": "c779e1a3-d4f9-4197-8033-691a42457ea8", "task_id": "task-edb462866dbadf5ed77c", "model_version": "scripted-engineering-only", "outcome": "completed", "task_success": true}
{"event": "task_started", "trajectory_id": "70a7929e-a606-4b72-8937-19145a23097e", "task_id": "task-6dfee218765c8a8ccb03", "model_version": "scripted-engineering-only"}
{"event": "task_finished", "trajectory_id": "70a7929e-a606-4b72-8937-19145a23097e", "task_id": "task-6dfee218765c8a8ccb03", "model_version": "scripted-engineering-only", "outcome": "completed", "task_success": true}
{"event": "task_started", "trajectory_id": "354e92ac-5f1a-4fc5-8334-1844d21f682f", "task_id": "task-7b7e1c638fa73fcdc0cb", "model_version": "scripted-engineering-only"}
{"event": "task_finished", "trajectory_id": "354e92ac-5f1a-4fc5-8334-1844d21f682f", "task_id": "task-7b7e1c638fa73fcdc0cb", "model_version": "scripted-engineering-only", "outcome": "completed", "task_success": true}
{"event": "task_started", "trajectory_id": "ca6e6283-e4c0-40ed-9657-5fa6ce4cc4d3", "task_id": "task-30eeea5e7635d5b1ecb1", "model_version": "scripted-engineering-only"}
{"event": "task_finished", "trajectory_id": "ca6e6283-e4c0-40ed-9657-5fa6ce4cc4d3", "task_id": "task-30eeea5e7635d5b1ecb1", "model_version": "scripted-engineering-only", "outcome": "completed", "task_success": true}
{"event": "task_started", "trajectory_id": "93f9aafe-dbf6-430a-87e3-2a22d7ceaf31", "task_id": "task-d1dddd10b1af24b04d3e", "model_version": "scripted-engineering-only"}
{"event": "task_finished", "trajectory_id": "93f9aafe-dbf6-430a-87e3-2a22d7ceaf31", "task_id": "task-d1dddd10b1af24b04d3e", "model_version": "scripted-engineering-only", "outcome": "escalated", "task_success": true}
{"event": "task_started", "trajectory_id": "73028bf1-6a09-4d8b-8372-e3554469df54", "task_id": "task-afbdfb29b194d7db817e", "model_version": "scripted-engineering-only"}
{"event": "task_finished", "trajectory_id": "73028bf1-6a09-4d8b-8372-e3554469df54", "task_id": "task-afbdfb29b194d7db817e", "model_version": "scripted-engineering-only", "outcome": "escalated", "task_success": true}
{"event": "task_started", "trajectory_id": "a98b6d6f-637e-436c-94f0-0d4fc248edab", "task_id": "task-1cb1631bb12620637a56", "model_version": "scripted-engineering-only"}
{"event": "task_finished", "trajectory_id": "a98b6d6f-637e-436c-94f0-0d4fc248edab", "task_id": "task-1cb1631bb12620637a56", "model_version": "scripted-engineering-only", "outcome": "escalated", "task_success": true}
{"event": "task_started", "trajectory_id": "d2e7b2f9-814b-446b-b906-9e87c5dd2c33", "task_id": "task-86bd6cb9106510ea039f", "model_version": "scripted-engineering-only"}
{"event": "task_finished", "trajectory_id": "d2e7b2f9-814b-446b-b906-9e87c5dd2c33", "task_id": "task-86bd6cb9106510ea039f", "model_version": "scripted-engineering-only", "outcome": "escalated", "task_success": true}
{"event": "task_started", "trajectory_id": "9f5a264e-b312-4d15-b0bd-fda4820016c4", "task_id": "task-28acc947e09e78444ad1", "model_version": "scripted-engineering-only"}
{"event": "task_finished", "trajectory_id": "9f5a264e-b312-4d15-b0bd-fda4820016c4", "task_id": "task-28acc947e09e78444ad1", "model_version": "scripted-engineering-only", "outcome": "escalated", "task_success": true}
{"event": "task_started", "trajectory_id": "7d18e27e-8aeb-44c2-9f55-14cad6678bce", "task_id": "task-398eead64c3eeb871099", "model_version": "scripted-engineering-only"}
{"event": "task_finished", "trajectory_id": "7d18e27e-8aeb-44c2-9f55-14cad6678bce", "task_id": "task-398eead64c3eeb871099", "model_version": "scripted-engineering-only", "outcome": "escalated", "task_success": true}
{"event": "task_started", "trajectory_id": "fd835d59-e578-4119-88ed-13686f4c758f", "task_id": "task-80544b2a08bd57e8e768", "model_version": "scripted-engineering-only"}
{"event": "task_finished", "trajectory_id": "fd835d59-e578-4119-88ed-13686f4c758f", "task_id": "task-80544b2a08bd57e8e768", "model_version": "scripted-engineering-only", "outcome": "completed", "task_success": true}
{"event": "task_started", "trajectory_id": "ef14ad78-928e-4956-b074-825601977e33", "task_id": "task-673dbc9dd8f247601722", "model_version": "scripted-engineering-only"}
{"event": "task_finished", "trajectory_id": "ef14ad78-928e-4956-b074-825601977e33", "task_id": "task-673dbc9dd8f247601722", "model_version": "scripted-engineering-only", "outcome": "completed", "task_success": true}
{"event": "task_started", "trajectory_id": "218ef59f-a651-4123-9e87-282d6b25a031", "task_id": "task-ed359ba55106b09d8847", "model_version": "scripted-engineering-only"}
{"event": "task_finished", "trajectory_id": "218ef59f-a651-4123-9e87-282d6b25a031", "task_id": "task-ed359ba55106b09d8847", "model_version": "scripted-engineering-only", "outcome": "completed", "task_success": true}
{"event": "task_started", "trajectory_id": "843e6c15-0fd6-4bff-a9ed-81a42a77b4a6", "task_id": "task-292ef81ae14a36c27b3f", "model_version": "scripted-engineering-only"}
{"event": "task_finished", "trajectory_id": "843e6c15-0fd6-4bff-a9ed-81a42a77b4a6", "task_id": "task-292ef81ae14a36c27b3f", "model_version": "scripted-engineering-only", "outcome": "refused", "task_success": true}
{"event": "task_started", "trajectory_id": "21d288c2-817e-404f-bf71-82fbd0fac420", "task_id": "task-5a00f3a9d86cd9d6c54d", "model_version": "scripted-engineering-only"}
{"event": "task_finished", "trajectory_id": "21d288c2-817e-404f-bf71-82fbd0fac420", "task_id": "task-5a00f3a9d86cd9d6c54d", "model_version": "scripted-engineering-only", "outcome": "refused", "task_success": true}
{"event": "task_started", "trajectory_id": "727e334b-8ec2-4f29-8cde-e84d002604cc", "task_id": "task-3b9ce844f270fdf7774d", "model_version": "scripted-engineering-only"}
{"event": "task_finished", "trajectory_id": "727e334b-8ec2-4f29-8cde-e84d002604cc", "task_id": "task-3b9ce844f270fdf7774d", "model_version": "scripted-engineering-only", "outcome": "refused", "task_success": true}
{"event": "task_started", "trajectory_id": "61fef955-7313-417b-a009-126d900c100d", "task_id": "task-f9ea9ef01353b4b68e96", "model_version": "scripted-engineering-only"}
{"event": "task_finished", "trajectory_id": "61fef955-7313-417b-a009-126d900c100d", "task_id": "task-f9ea9ef01353b4b68e96", "model_version": "scripted-engineering-only", "outcome": "refused", "task_success": true}
{"event": "task_started", "trajectory_id": "2073a7d0-1cc9-4d41-9669-a0cfc8a26355", "task_id": "task-98171245bbd786a1517a", "model_version": "scripted-engineering-only"}
{"event": "task_finished", "trajectory_id": "2073a7d0-1cc9-4d41-9669-a0cfc8a26355", "task_id": "task-98171245bbd786a1517a", "model_version": "scripted-engineering-only", "outcome": "refused", "task_success": true}
{"event": "task_started", "trajectory_id": "881b999a-d447-415c-b693-54cae59ebf70", "task_id": "task-097a2cdd49eb7039eeda", "model_version": "scripted-engineering-only"}
{"event": "task_finished", "trajectory_id": "881b999a-d447-415c-b693-54cae59ebf70", "task_id": "task-097a2cdd49eb7039eeda", "model_version": "scripted-engineering-only", "outcome": "refused", "task_success": true}
{"event": "task_started", "trajectory_id": "b14be9be-178c-4519-ab15-ccf632abdb61", "task_id": "task-dc45c35c4539665fa28a", "model_version": "scripted-engineering-only"}
{"event": "task_finished", "trajectory_id": "b14be9be-178c-4519-ab15-ccf632abdb61", "task_id": "task-dc45c35c4539665fa28a", "model_version": "scripted-engineering-only", "outcome": "escalated", "task_success": true}
{"event": "task_started", "trajectory_id": "6d423cf6-550d-4760-bb39-23f1541f49e5", "task_id": "task-012721fdabc6938bfdb4", "model_version": "scripted-engineering-only"}
{"event": "task_finished", "trajectory_id": "6d423cf6-550d-4760-bb39-23f1541f49e5", "task_id": "task-012721fdabc6938bfdb4", "model_version": "scripted-engineering-only", "outcome": "escalated", "task_success": true}
{"event": "task_started", "trajectory_id": "b170f221-1c22-47c2-9361-01d6a7037525", "task_id": "task-7e2db9056f851620b578", "model_version": "scripted-engineering-only"}
{"event": "task_finished", "trajectory_id": "b170f221-1c22-47c2-9361-01d6a7037525", "task_id": "task-7e2db9056f851620b578", "model_version": "scripted-engineering-only", "outcome": "escalated", "task_success": true}
{"event": "task_started", "trajectory_id": "73f98ec5-0c86-42ad-91a8-bc05dacbb151", "task_id": "task-56d11969bbac661ba221", "model_version": "scripted-engineering-only"}
{"event": "task_finished", "trajectory_id": "73f98ec5-0c86-42ad-91a8-bc05dacbb151", "task_id": "task-56d11969bbac661ba221", "model_version": "scripted-engineering-only", "outcome": "refused", "task_success": true}
{"event": "task_started", "trajectory_id": "1ba03b46-bfb4-4174-aef6-af91c7ce5396", "task_id": "task-87d7c7fe1cf3dca74c72", "model_version": "scripted-engineering-only"}
{"event": "task_finished", "trajectory_id": "1ba03b46-bfb4-4174-aef6-af91c7ce5396", "task_id": "task-87d7c7fe1cf3dca74c72", "model_version": "scripted-engineering-only", "outcome": "refused", "task_success": true}
{"event": "task_started", "trajectory_id": "498ff20a-af90-4960-99e7-85384f0b87f1", "task_id": "task-31dce11192d72a14cb25", "model_version": "scripted-engineering-only"}
{"event": "task_finished", "trajectory_id": "498ff20a-af90-4960-99e7-85384f0b87f1", "task_id": "task-31dce11192d72a14cb25", "model_version": "scripted-engineering-only", "outcome": "refused", "task_success": true}
{"event": "task_started", "trajectory_id": "0fed315a-72a0-4d7b-af3d-e9e0d0e5a7bf", "task_id": "task-c9c2d9c2d23545eb0e36", "model_version": "scripted-engineering-only"}
{"event": "task_finished", "trajectory_id": "0fed315a-72a0-4d7b-af3d-e9e0d0e5a7bf", "task_id": "task-c9c2d9c2d23545eb0e36", "model_version": "scripted-engineering-only", "outcome": "refused", "task_success": true}
{"event": "task_started", "trajectory_id": "f8e266c0-46d8-4d70-b276-aec215adf00d", "task_id": "task-9f2dbc26618598f23b3d", "model_version": "scripted-engineering-only"}
{"event": "task_finished", "trajectory_id": "f8e266c0-46d8-4d70-b276-aec215adf00d", "task_id": "task-9f2dbc26618598f23b3d", "model_version": "scripted-engineering-only", "outcome": "refused", "task_success": true}
{"event": "task_started", "trajectory_id": "17862174-851d-42e9-a536-d80fdce7b848", "task_id": "task-ba01b87f8d3c2b2a0a9d", "model_version": "scripted-engineering-only"}
{"event": "task_finished", "trajectory_id": "17862174-851d-42e9-a536-d80fdce7b848", "task_id": "task-ba01b87f8d3c2b2a0a9d", "model_version": "scripted-engineering-only", "outcome": "refused", "task_success": true}
{"event": "task_started", "trajectory_id": "c1f54958-df37-432b-8b04-5f4ac3e11a8b", "task_id": "task-bdd32dbdec43e2d790e2", "model_version": "scripted-engineering-only"}
{"event": "task_finished", "trajectory_id": "c1f54958-df37-432b-8b04-5f4ac3e11a8b", "task_id": "task-bdd32dbdec43e2d790e2", "model_version": "scripted-engineering-only", "outcome": "escalated", "task_success": true}
{"event": "task_started", "trajectory_id": "dcfff99d-3bae-48c7-b83f-31e66b59125f", "task_id": "task-abd88aed3619fa1f2adb", "model_version": "scripted-engineering-only"}
{"event": "task_finished", "trajectory_id": "dcfff99d-3bae-48c7-b83f-31e66b59125f", "task_id": "task-abd88aed3619fa1f2adb", "model_version": "scripted-engineering-only", "outcome": "escalated", "task_success": true}
{"event": "task_started", "trajectory_id": "f76a121c-e9ea-4100-81f9-bb969127a395", "task_id": "task-3679379ac0a63d0c5798", "model_version": "scripted-engineering-only"}
{"event": "task_finished", "trajectory_id": "f76a121c-e9ea-4100-81f9-bb969127a395", "task_id": "task-3679379ac0a63d0c5798", "model_version": "scripted-engineering-only", "outcome": "escalated", "task_success": true}
{"event": "task_started", "trajectory_id": "9a4b5b9a-0495-4461-8b27-686cf2fc3448", "task_id": "task-ec729be391c4a34fe297", "model_version": "scripted-engineering-only"}
{"event": "task_finished", "trajectory_id": "9a4b5b9a-0495-4461-8b27-686cf2fc3448", "task_id": "task-ec729be391c4a34fe297", "model_version": "scripted-engineering-only", "outcome": "completed", "task_success": true}
{"event": "task_started", "trajectory_id": "8d65a53c-2fd0-48bf-ac25-b76b6b699f61", "task_id": "task-b453a658279db88de3c0", "model_version": "scripted-engineering-only"}
{"event": "task_finished", "trajectory_id": "8d65a53c-2fd0-48bf-ac25-b76b6b699f61", "task_id": "task-b453a658279db88de3c0", "model_version": "scripted-engineering-only", "outcome": "completed", "task_success": true}
{"event": "task_started", "trajectory_id": "4de394f4-f8e1-4e05-9315-f2df360bd152", "task_id": "task-97af2e092bbdb911a25a", "model_version": "scripted-engineering-only"}
{"event": "task_finished", "trajectory_id": "4de394f4-f8e1-4e05-9315-f2df360bd152", "task_id": "task-97af2e092bbdb911a25a", "model_version": "scripted-engineering-only", "outcome": "completed", "task_success": true}
{"event": "task_started", "trajectory_id": "e042c381-380a-43f1-959c-226d395c04e2", "task_id": "task-0724fc5648935c3d16ba", "model_version": "scripted-engineering-only"}
{"event": "task_finished", "trajectory_id": "e042c381-380a-43f1-959c-226d395c04e2", "task_id": "task-0724fc5648935c3d16ba", "model_version": "scripted-engineering-only", "outcome": "escalated", "task_success": true}
{"event": "task_started", "trajectory_id": "a6e51209-835e-4d7d-b5b3-8e18a7bb87a0", "task_id": "task-674a4080fd2f0382b598", "model_version": "scripted-engineering-only"}
{"event": "task_finished", "trajectory_id": "a6e51209-835e-4d7d-b5b3-8e18a7bb87a0", "task_id": "task-674a4080fd2f0382b598", "model_version": "scripted-engineering-only", "outcome": "escalated", "task_success": true}
{"event": "task_started", "trajectory_id": "b93eb701-9b7e-4ae8-8a89-355ad1033bf9", "task_id": "task-3feda8a21f9775e1db88", "model_version": "scripted-engineering-only"}
{"event": "task_finished", "trajectory_id": "b93eb701-9b7e-4ae8-8a89-355ad1033bf9", "task_id": "task-3feda8a21f9775e1db88", "model_version": "scripted-engineering-only", "outcome": "escalated", "task_success": true}
{"event": "task_started", "trajectory_id": "b44bb767-b863-4604-978e-e881520cfa87", "task_id": "task-0e084016f0ee902062e6", "model_version": "scripted-engineering-only"}
{"event": "task_finished", "trajectory_id": "b44bb767-b863-4604-978e-e881520cfa87", "task_id": "task-0e084016f0ee902062e6", "model_version": "scripted-engineering-only", "outcome": "completed", "task_success": true}
{"event": "task_started", "trajectory_id": "80bfe7ab-f934-4b5f-aa8e-c813bdfeda09", "task_id": "task-4c6c1f9967c096b34002", "model_version": "scripted-engineering-only"}
{"event": "task_finished", "trajectory_id": "80bfe7ab-f934-4b5f-aa8e-c813bdfeda09", "task_id": "task-4c6c1f9967c096b34002", "model_version": "scripted-engineering-only", "outcome": "completed", "task_success": true}
{"event": "task_started", "trajectory_id": "f97f6b26-68ee-4f5b-8628-6ceb1adad988", "task_id": "task-5d8affbfbc38c6af2a55", "model_version": "scripted-engineering-only"}
{"event": "task_finished", "trajectory_id": "f97f6b26-68ee-4f5b-8628-6ceb1adad988", "task_id": "task-5d8affbfbc38c6af2a55", "model_version": "scripted-engineering-only", "outcome": "completed", "task_success": true}
{"event": "task_started", "trajectory_id": "da3627ce-d41b-4a61-ae84-7d2487e4b17e", "task_id": "task-705ae2b6a38ee732fcb6", "model_version": "scripted-engineering-only"}
{"event": "task_finished", "trajectory_id": "da3627ce-d41b-4a61-ae84-7d2487e4b17e", "task_id": "task-705ae2b6a38ee732fcb6", "model_version": "scripted-engineering-only", "outcome": "refused", "task_success": true}
{"event": "task_started", "trajectory_id": "5c9e994a-d71b-4a2c-9cec-f421ba1d3c40", "task_id": "task-aacc6eab02d55411c926", "model_version": "scripted-engineering-only"}
{"event": "task_finished", "trajectory_id": "5c9e994a-d71b-4a2c-9cec-f421ba1d3c40", "task_id": "task-aacc6eab02d55411c926", "model_version": "scripted-engineering-only", "outcome": "refused", "task_success": true}
{"event": "task_started", "trajectory_id": "d32c9fcc-f1b7-418f-b1f3-1bde1cd70065", "task_id": "task-e69eb5bbc48e257eaed9", "model_version": "scripted-engineering-only"}
{"event": "task_finished", "trajectory_id": "d32c9fcc-f1b7-418f-b1f3-1bde1cd70065", "task_id": "task-e69eb5bbc48e257eaed9", "model_version": "scripted-engineering-only", "outcome": "refused", "task_success": true}
{"event": "task_started", "trajectory_id": "a7ad8649-9e62-45df-a279-f1065b96457e", "task_id": "task-d218b76a549bb71d32a3", "model_version": "scripted-engineering-only"}
{"event": "task_finished", "trajectory_id": "a7ad8649-9e62-45df-a279-f1065b96457e", "task_id": "task-d218b76a549bb71d32a3", "model_version": "scripted-engineering-only", "outcome": "escalated", "task_success": true}
{"event": "task_started", "trajectory_id": "c4bdb9bd-4d5c-4e20-ae3f-e47f8d383dcd", "task_id": "task-399f80239f711ea5d908", "model_version": "scripted-engineering-only"}
{"event": "task_finished", "trajectory_id": "c4bdb9bd-4d5c-4e20-ae3f-e47f8d383dcd", "task_id": "task-399f80239f711ea5d908", "model_version": "scripted-engineering-only", "outcome": "escalated", "task_success": true}
{"event": "task_started", "trajectory_id": "42d07eb9-4876-486b-afbc-a6e1ceb7bcbe", "task_id": "task-59a584317a710f1deb73", "model_version": "scripted-engineering-only"}
{"event": "task_finished", "trajectory_id": "42d07eb9-4876-486b-afbc-a6e1ceb7bcbe", "task_id": "task-59a584317a710f1deb73", "model_version": "scripted-engineering-only", "outcome": "escalated", "task_success": true}
{"event": "task_started", "trajectory_id": "796a3d95-6c4e-4409-b8ad-3e656986de0e", "task_id": "task-f72263adb1c1d420111e", "model_version": "scripted-engineering-only"}
{"event": "task_finished", "trajectory_id": "796a3d95-6c4e-4409-b8ad-3e656986de0e", "task_id": "task-f72263adb1c1d420111e", "model_version": "scripted-engineering-only", "outcome": "escalated", "task_success": true}
{"event": "task_started", "trajectory_id": "b92d45b5-f725-4e31-8848-0755bddfa5b7", "task_id": "task-90c1813085f31f5299b3", "model_version": "scripted-engineering-only"}
{"event": "task_finished", "trajectory_id": "b92d45b5-f725-4e31-8848-0755bddfa5b7", "task_id": "task-90c1813085f31f5299b3", "model_version": "scripted-engineering-only", "outcome": "escalated", "task_success": true}
{"event": "task_started", "trajectory_id": "5e3df906-2455-4608-a491-99d8897a9fc5", "task_id": "task-c31ed15c43fec69b21d0", "model_version": "scripted-engineering-only"}
{"event": "task_finished", "trajectory_id": "5e3df906-2455-4608-a491-99d8897a9fc5", "task_id": "task-c31ed15c43fec69b21d0", "model_version": "scripted-engineering-only", "outcome": "escalated", "task_success": true}
{"event": "task_started", "trajectory_id": "e7a1d3d4-ad5d-4e49-83ad-d383e66939e9", "task_id": "task-c4da3551dcd0c1e6d1bc", "model_version": "scripted-engineering-only"}
{"event": "task_finished", "trajectory_id": "e7a1d3d4-ad5d-4e49-83ad-d383e66939e9", "task_id": "task-c4da3551dcd0c1e6d1bc", "model_version": "scripted-engineering-only", "outcome": "completed", "task_success": true}
{"event": "task_started", "trajectory_id": "012e2229-ff4b-4863-9836-3d069d80c030", "task_id": "task-d573e068640729f6fc0c", "model_version": "scripted-engineering-only"}
{"event": "task_finished", "trajectory_id": "012e2229-ff4b-4863-9836-3d069d80c030", "task_id": "task-d573e068640729f6fc0c", "model_version": "scripted-engineering-only", "outcome": "completed", "task_success": true}
{"event": "task_started", "trajectory_id": "af54ea55-9928-4d53-a970-981c31544227", "task_id": "task-5451f40b657f5bfdccbc", "model_version": "scripted-engineering-only"}
{"event": "task_finished", "trajectory_id": "af54ea55-9928-4d53-a970-981c31544227", "task_id": "task-5451f40b657f5bfdccbc", "model_version": "scripted-engineering-only", "outcome": "completed", "task_success": true}
{"event": "task_started", "trajectory_id": "070f0c5f-078c-4e52-a475-1787d962fe08", "task_id": "task-d71f713e079ab5c2b330", "model_version": "scripted-engineering-only"}
{"event": "task_finished", "trajectory_id": "070f0c5f-078c-4e52-a475-1787d962fe08", "task_id": "task-d71f713e079ab5c2b330", "model_version": "scripted-engineering-only", "outcome": "completed", "task_success": true}
{"event": "task_started", "trajectory_id": "8476e40b-fd28-493c-b461-e78c5ab610e3", "task_id": "task-aa38b5523e6289961272", "model_version": "scripted-engineering-only"}
{"event": "task_finished", "trajectory_id": "8476e40b-fd28-493c-b461-e78c5ab610e3", "task_id": "task-aa38b5523e6289961272", "model_version": "scripted-engineering-only", "outcome": "completed", "task_success": true}
{"event": "task_started", "trajectory_id": "13e5e6e1-818d-41b9-b024-874e8aadd394", "task_id": "task-45334e54e1889ab54a6c", "model_version": "scripted-engineering-only"}
{"event": "task_finished", "trajectory_id": "13e5e6e1-818d-41b9-b024-874e8aadd394", "task_id": "task-45334e54e1889ab54a6c", "model_version": "scripted-engineering-only", "outcome": "completed", "task_success": true}
{"event": "task_started", "trajectory_id": "ef68f0bc-5ff8-4578-bd0f-14f1452fe497", "task_id": "task-c50d95cdd2eabf3b7e52", "model_version": "scripted-engineering-only"}
{"event": "task_finished", "trajectory_id": "ef68f0bc-5ff8-4578-bd0f-14f1452fe497", "task_id": "task-c50d95cdd2eabf3b7e52", "model_version": "scripted-engineering-only", "outcome": "completed", "task_success": true}
{"event": "task_started", "trajectory_id": "207d27cc-446c-4a26-9db5-fcf2151b4594", "task_id": "task-e730102b9a4395aae8ee", "model_version": "scripted-engineering-only"}
{"event": "task_finished", "trajectory_id": "207d27cc-446c-4a26-9db5-fcf2151b4594", "task_id": "task-e730102b9a4395aae8ee", "model_version": "scripted-engineering-only", "outcome": "completed", "task_success": true}
{"event": "task_started", "trajectory_id": "9b1bf5a1-3f70-4897-8d44-58f10228a838", "task_id": "task-c1422229a8352e1cf4fc", "model_version": "scripted-engineering-only"}
{"event": "task_finished", "trajectory_id": "9b1bf5a1-3f70-4897-8d44-58f10228a838", "task_id": "task-c1422229a8352e1cf4fc", "model_version": "scripted-engineering-only", "outcome": "completed", "task_success": true}
{"event": "task_started", "trajectory_id": "fb31c2b4-b632-4665-aff4-dd2caa8d0b25", "task_id": "task-f67587394339c41f909c", "model_version": "scripted-engineering-only"}
{"event": "task_finished", "trajectory_id": "fb31c2b4-b632-4665-aff4-dd2caa8d0b25", "task_id": "task-f67587394339c41f909c", "model_version": "scripted-engineering-only", "outcome": "refused", "task_success": true}
{"event": "task_started", "trajectory_id": "9f1336a9-9ec5-4e8e-9932-3f573675648c", "task_id": "task-b2e0e6a52eb4cbe28b57", "model_version": "scripted-engineering-only"}
{"event": "task_finished", "trajectory_id": "9f1336a9-9ec5-4e8e-9932-3f573675648c", "task_id": "task-b2e0e6a52eb4cbe28b57", "model_version": "scripted-engineering-only", "outcome": "refused", "task_success": true}
{"event": "task_started", "trajectory_id": "f934a127-9ee6-47f0-84f1-a001d729486b", "task_id": "task-271e4f001bfbec4ba37f", "model_version": "scripted-engineering-only"}
{"event": "task_finished", "trajectory_id": "f934a127-9ee6-47f0-84f1-a001d729486b", "task_id": "task-271e4f001bfbec4ba37f", "model_version": "scripted-engineering-only", "outcome": "refused", "task_success": true}
{"event": "task_started", "trajectory_id": "b23092a8-6fea-4743-a19f-91ea8dd18204", "task_id": "task-f476ba5bc12924d9bc6b", "model_version": "scripted-engineering-only"}
{"event": "task_finished", "trajectory_id": "b23092a8-6fea-4743-a19f-91ea8dd18204", "task_id": "task-f476ba5bc12924d9bc6b", "model_version": "scripted-engineering-only", "outcome": "refused", "task_success": true}
{"event": "task_started", "trajectory_id": "8da159b9-0707-48cb-a4f9-5cff7e2ea853", "task_id": "task-5eb647be1fe8d553a68b", "model_version": "scripted-engineering-only"}
{"event": "task_finished", "trajectory_id": "8da159b9-0707-48cb-a4f9-5cff7e2ea853", "task_id": "task-5eb647be1fe8d553a68b", "model_version": "scripted-engineering-only", "outcome": "refused", "task_success": true}
{"event": "task_started", "trajectory_id": "2c92c957-7617-45db-b09b-f273fb4c5e89", "task_id": "task-07a2025d71ee061f3bd2", "model_version": "scripted-engineering-only"}
{"event": "task_finished", "trajectory_id": "2c92c957-7617-45db-b09b-f273fb4c5e89", "task_id": "task-07a2025d71ee061f3bd2", "model_version": "scripted-engineering-only", "outcome": "refused", "task_success": true}
{"event": "task_started", "trajectory_id": "626a3ed0-0c9c-4000-9718-64101a215b59", "task_id": "task-a48da85fc162e85f19e2", "model_version": "scripted-engineering-only"}
{"event": "task_finished", "trajectory_id": "626a3ed0-0c9c-4000-9718-64101a215b59", "task_id": "task-a48da85fc162e85f19e2", "model_version": "scripted-engineering-only", "outcome": "escalated", "task_success": true}
{"event": "task_started", "trajectory_id": "82052067-a471-4ce8-abe4-d00106a6e6c4", "task_id": "task-06b8d71a2bcb3273229e", "model_version": "scripted-engineering-only"}
{"event": "task_finished", "trajectory_id": "82052067-a471-4ce8-abe4-d00106a6e6c4", "task_id": "task-06b8d71a2bcb3273229e", "model_version": "scripted-engineering-only", "outcome": "escalated", "task_success": true}
{"event": "task_started", "trajectory_id": "dd1e9b4d-5efa-4d36-9907-bd4adeb7dc18", "task_id": "task-a54dafe4b4e3bb62483d", "model_version": "scripted-engineering-only"}
{"event": "task_finished", "trajectory_id": "dd1e9b4d-5efa-4d36-9907-bd4adeb7dc18", "task_id": "task-a54dafe4b4e3bb62483d", "model_version": "scripted-engineering-only", "outcome": "escalated", "task_success": true}
{"event": "task_started", "trajectory_id": "44548d7b-16cd-499f-b50d-acf0511a409f", "task_id": "task-965bab023d996aea99f2", "model_version": "scripted-engineering-only"}
{"event": "task_finished", "trajectory_id": "44548d7b-16cd-499f-b50d-acf0511a409f", "task_id": "task-965bab023d996aea99f2", "model_version": "scripted-engineering-only", "outcome": "completed", "task_success": true}
{"event": "task_started", "trajectory_id": "365db8fe-ba45-47f2-b833-9be7aa712eae", "task_id": "task-eba00923d594244d8a50", "model_version": "scripted-engineering-only"}
{"event": "task_finished", "trajectory_id": "365db8fe-ba45-47f2-b833-9be7aa712eae", "task_id": "task-eba00923d594244d8a50", "model_version": "scripted-engineering-only", "outcome": "completed", "task_success": true}
{"event": "task_started", "trajectory_id": "7bb78eac-a48e-4b97-95c3-b6686d142ab5", "task_id": "task-2d745d5735989f513472", "model_version": "scripted-engineering-only"}
{"event": "task_finished", "trajectory_id": "7bb78eac-a48e-4b97-95c3-b6686d142ab5", "task_id": "task-2d745d5735989f513472", "model_version": "scripted-engineering-only", "outcome": "completed", "task_success": true}
{"event": "task_started", "trajectory_id": "c8aec004-8f8f-4755-9ccb-2e214d791052", "task_id": "task-adce80fcd242644af3be", "model_version": "scripted-engineering-only"}
{"event": "task_finished", "trajectory_id": "c8aec004-8f8f-4755-9ccb-2e214d791052", "task_id": "task-adce80fcd242644af3be", "model_version": "scripted-engineering-only", "outcome": "escalated", "task_success": true}
{"event": "task_started", "trajectory_id": "f701a589-b2ba-419e-8a5a-f5f105e31246", "task_id": "task-a3b7dfcd02ab8da95ef8", "model_version": "scripted-engineering-only"}
{"event": "task_finished", "trajectory_id": "f701a589-b2ba-419e-8a5a-f5f105e31246", "task_id": "task-a3b7dfcd02ab8da95ef8", "model_version": "scripted-engineering-only", "outcome": "escalated", "task_success": true}
{"event": "task_started", "trajectory_id": "a6f6b91b-d48c-4b2c-9fa5-2f0944219468", "task_id": "task-0186019e3d73611b86a1", "model_version": "scripted-engineering-only"}
{"event": "task_finished", "trajectory_id": "a6f6b91b-d48c-4b2c-9fa5-2f0944219468", "task_id": "task-0186019e3d73611b86a1", "model_version": "scripted-engineering-only", "outcome": "escalated", "task_success": true}
{"event": "task_started", "trajectory_id": "0d5ab861-a67b-4e7d-953b-92f0110c260a", "task_id": "task-734d5b0d34d0656564ee", "model_version": "scripted-engineering-only"}
{"event": "task_finished", "trajectory_id": "0d5ab861-a67b-4e7d-953b-92f0110c260a", "task_id": "task-734d5b0d34d0656564ee", "model_version": "scripted-engineering-only", "outcome": "escalated", "task_success": true}
{"event": "task_started", "trajectory_id": "dc0dbb5c-a3a0-4592-b369-8aeb587e637d", "task_id": "task-5dceefde9e586fb8376a", "model_version": "scripted-engineering-only"}
{"event": "task_finished", "trajectory_id": "dc0dbb5c-a3a0-4592-b369-8aeb587e637d", "task_id": "task-5dceefde9e586fb8376a", "model_version": "scripted-engineering-only", "outcome": "escalated", "task_success": true}
{"event": "task_started", "trajectory_id": "e6773f91-0577-4169-9b2b-5d64e41da7ce", "task_id": "task-ad1e786facf608c440ac", "model_version": "scripted-engineering-only"}
{"event": "task_finished", "trajectory_id": "e6773f91-0577-4169-9b2b-5d64e41da7ce", "task_id": "task-ad1e786facf608c440ac", "model_version": "scripted-engineering-only", "outcome": "escalated", "task_success": true}
{"event": "task_started", "trajectory_id": "7787374e-30dd-4fec-a044-d82b48c53b7e", "task_id": "task-bb68b21999ce552f5ffc", "model_version": "scripted-engineering-only"}
{"event": "task_finished", "trajectory_id": "7787374e-30dd-4fec-a044-d82b48c53b7e", "task_id": "task-bb68b21999ce552f5ffc", "model_version": "scripted-engineering-only", "outcome": "completed", "task_success": true}
{"event": "task_started", "trajectory_id": "24249be0-c997-49fa-be67-1f10b1473d6b", "task_id": "task-a1d394ba1d073d7a2eaa", "model_version": "scripted-engineering-only"}
{"event": "task_finished", "trajectory_id": "24249be0-c997-49fa-be67-1f10b1473d6b", "task_id": "task-a1d394ba1d073d7a2eaa", "model_version": "scripted-engineering-only", "outcome": "completed", "task_success": true}
{"event": "task_started", "trajectory_id": "892ab19d-d709-4475-ab81-17359fc676bd", "task_id": "task-edb462866dbadf5ed77c", "model_version": "scripted-engineering-only"}
{"event": "task_finished", "trajectory_id": "892ab19d-d709-4475-ab81-17359fc676bd", "task_id": "task-edb462866dbadf5ed77c", "model_version": "scripted-engineering-only", "outcome": "completed", "task_success": true}
{"event": "task_started", "trajectory_id": "c50a6da9-f5cc-4cd6-ae02-d74ad9a85bd2", "task_id": "task-6dfee218765c8a8ccb03", "model_version": "scripted-engineering-only"}
{"event": "task_finished", "trajectory_id": "c50a6da9-f5cc-4cd6-ae02-d74ad9a85bd2", "task_id": "task-6dfee218765c8a8ccb03", "model_version": "scripted-engineering-only", "outcome": "completed", "task_success": true}
{"event": "task_started", "trajectory_id": "e2a389c7-0412-4740-bced-5b25510dae86", "task_id": "task-7b7e1c638fa73fcdc0cb", "model_version": "scripted-engineering-only"}
{"event": "task_finished", "trajectory_id": "e2a389c7-0412-4740-bced-5b25510dae86", "task_id": "task-7b7e1c638fa73fcdc0cb", "model_version": "scripted-engineering-only", "outcome": "completed", "task_success": true}
{"event": "task_started", "trajectory_id": "91224fc5-066b-412e-b5fb-13eccf260a8a", "task_id": "task-30eeea5e7635d5b1ecb1", "model_version": "scripted-engineering-only"}
{"event": "task_finished", "trajectory_id": "91224fc5-066b-412e-b5fb-13eccf260a8a", "task_id": "task-30eeea5e7635d5b1ecb1", "model_version": "scripted-engineering-only", "outcome": "completed", "task_success": true}
{"event": "task_started", "trajectory_id": "0bbf74bf-6ede-4e8a-8092-be37abaf3018", "task_id": "task-d1dddd10b1af24b04d3e", "model_version": "scripted-engineering-only"}
{"event": "task_finished", "trajectory_id": "0bbf74bf-6ede-4e8a-8092-be37abaf3018", "task_id": "task-d1dddd10b1af24b04d3e", "model_version": "scripted-engineering-only", "outcome": "escalated", "task_success": true}
{"event": "task_started", "trajectory_id": "d351b324-0d0f-42c0-a895-2989ce2be8b2", "task_id": "task-afbdfb29b194d7db817e", "model_version": "scripted-engineering-only"}
{"event": "task_finished", "trajectory_id": "d351b324-0d0f-42c0-a895-2989ce2be8b2", "task_id": "task-afbdfb29b194d7db817e", "model_version": "scripted-engineering-only", "outcome": "escalated", "task_success": true}
{"event": "task_started", "trajectory_id": "8dab314f-51d1-4039-9841-c798df05da3a", "task_id": "task-1cb1631bb12620637a56", "model_version": "scripted-engineering-only"}
{"event": "task_finished", "trajectory_id": "8dab314f-51d1-4039-9841-c798df05da3a", "task_id": "task-1cb1631bb12620637a56", "model_version": "scripted-engineering-only", "outcome": "escalated", "task_success": true}
{"event": "task_started", "trajectory_id": "831e5730-3ae7-4b7d-9dc6-c7f3a459bb3d", "task_id": "task-86bd6cb9106510ea039f", "model_version": "scripted-engineering-only"}
{"event": "task_finished", "trajectory_id": "831e5730-3ae7-4b7d-9dc6-c7f3a459bb3d", "task_id": "task-86bd6cb9106510ea039f", "model_version": "scripted-engineering-only", "outcome": "escalated", "task_success": true}
{"event": "task_started", "trajectory_id": "fe845229-82c7-4443-ab70-15119f44d6a0", "task_id": "task-28acc947e09e78444ad1", "model_version": "scripted-engineering-only"}
{"event": "task_finished", "trajectory_id": "fe845229-82c7-4443-ab70-15119f44d6a0", "task_id": "task-28acc947e09e78444ad1", "model_version": "scripted-engineering-only", "outcome": "escalated", "task_success": true}
{"event": "task_started", "trajectory_id": "d3c9988e-d219-464a-8620-e57395bfbb37", "task_id": "task-398eead64c3eeb871099", "model_version": "scripted-engineering-only"}
{"event": "task_finished", "trajectory_id": "d3c9988e-d219-464a-8620-e57395bfbb37", "task_id": "task-398eead64c3eeb871099", "model_version": "scripted-engineering-only", "outcome": "escalated", "task_success": true}
{"event": "task_started", "trajectory_id": "506b4496-6d6a-4f0f-a288-fccfc138e2b8", "task_id": "task-80544b2a08bd57e8e768", "model_version": "scripted-engineering-only"}
{"event": "task_finished", "trajectory_id": "506b4496-6d6a-4f0f-a288-fccfc138e2b8", "task_id": "task-80544b2a08bd57e8e768", "model_version": "scripted-engineering-only", "outcome": "completed", "task_success": true}
{"event": "task_started", "trajectory_id": "4aeb46ee-6582-41fc-a1d1-abe32d1e8345", "task_id": "task-673dbc9dd8f247601722", "model_version": "scripted-engineering-only"}
{"event": "task_finished", "trajectory_id": "4aeb46ee-6582-41fc-a1d1-abe32d1e8345", "task_id": "task-673dbc9dd8f247601722", "model_version": "scripted-engineering-only", "outcome": "completed", "task_success": true}
{"event": "task_started", "trajectory_id": "d26e462a-1bcc-443d-9ac9-579c902ddf8d", "task_id": "task-ed359ba55106b09d8847", "model_version": "scripted-engineering-only"}
{"event": "task_finished", "trajectory_id": "d26e462a-1bcc-443d-9ac9-579c902ddf8d", "task_id": "task-ed359ba55106b09d8847", "model_version": "scripted-engineering-only", "outcome": "completed", "task_success": true}
{"event": "task_started", "trajectory_id": "dc811753-54c2-4250-9882-4627e7c3de94", "task_id": "task-292ef81ae14a36c27b3f", "model_version": "scripted-engineering-only"}
{"event": "task_finished", "trajectory_id": "dc811753-54c2-4250-9882-4627e7c3de94", "task_id": "task-292ef81ae14a36c27b3f", "model_version": "scripted-engineering-only", "outcome": "refused", "task_success": true}
{"event": "task_started", "trajectory_id": "d3f43ae5-49d6-40b7-b203-2b6cd4db803c", "task_id": "task-5a00f3a9d86cd9d6c54d", "model_version": "scripted-engineering-only"}
{"event": "task_finished", "trajectory_id": "d3f43ae5-49d6-40b7-b203-2b6cd4db803c", "task_id": "task-5a00f3a9d86cd9d6c54d", "model_version": "scripted-engineering-only", "outcome": "refused", "task_success": true}
{"event": "task_started", "trajectory_id": "6d37b6e3-df9a-4246-b68f-962f69f33b69", "task_id": "task-3b9ce844f270fdf7774d", "model_version": "scripted-engineering-only"}
{"event": "task_finished", "trajectory_id": "6d37b6e3-df9a-4246-b68f-962f69f33b69", "task_id": "task-3b9ce844f270fdf7774d", "model_version": "scripted-engineering-only", "outcome": "refused", "task_success": true}
{"event": "task_started", "trajectory_id": "2a2adcd9-1a04-42a0-b261-964fb6e0dc60", "task_id": "task-f9ea9ef01353b4b68e96", "model_version": "scripted-engineering-only"}
{"event": "task_finished", "trajectory_id": "2a2adcd9-1a04-42a0-b261-964fb6e0dc60", "task_id": "task-f9ea9ef01353b4b68e96", "model_version": "scripted-engineering-only", "outcome": "refused", "task_success": true}
{"event": "task_started", "trajectory_id": "215a8f1c-27d6-46f7-8d02-8284adfedf49", "task_id": "task-98171245bbd786a1517a", "model_version": "scripted-engineering-only"}
{"event": "task_finished", "trajectory_id": "215a8f1c-27d6-46f7-8d02-8284adfedf49", "task_id": "task-98171245bbd786a1517a", "model_version": "scripted-engineering-only", "outcome": "refused", "task_success": true}
{"event": "task_started", "trajectory_id": "17a61053-3d0b-4fc8-a6b0-870975dba936", "task_id": "task-097a2cdd49eb7039eeda", "model_version": "scripted-engineering-only"}
{"event": "task_finished", "trajectory_id": "17a61053-3d0b-4fc8-a6b0-870975dba936", "task_id": "task-097a2cdd49eb7039eeda", "model_version": "scripted-engineering-only", "outcome": "refused", "task_success": true}
{"event": "task_started", "trajectory_id": "c40c7780-0a73-400c-9f7b-8ab6fc619d26", "task_id": "task-dc45c35c4539665fa28a", "model_version": "scripted-engineering-only"}
{"event": "task_finished", "trajectory_id": "c40c7780-0a73-400c-9f7b-8ab6fc619d26", "task_id": "task-dc45c35c4539665fa28a", "model_version": "scripted-engineering-only", "outcome": "escalated", "task_success": true}
{"event": "task_started", "trajectory_id": "72d03ec6-cff0-4cfa-902f-b8213a8c3503", "task_id": "task-012721fdabc6938bfdb4", "model_version": "scripted-engineering-only"}
{"event": "task_finished", "trajectory_id": "72d03ec6-cff0-4cfa-902f-b8213a8c3503", "task_id": "task-012721fdabc6938bfdb4", "model_version": "scripted-engineering-only", "outcome": "escalated", "task_success": true}
{"event": "task_started", "trajectory_id": "d9a31cdf-5227-44b1-9822-9db1462de87a", "task_id": "task-7e2db9056f851620b578", "model_version": "scripted-engineering-only"}
{"event": "task_finished", "trajectory_id": "d9a31cdf-5227-44b1-9822-9db1462de87a", "task_id": "task-7e2db9056f851620b578", "model_version": "scripted-engineering-only", "outcome": "escalated", "task_success": true}
{"event": "task_started", "trajectory_id": "c40acf2a-5a33-4441-803e-399f5ddc8a4c", "task_id": "task-56d11969bbac661ba221", "model_version": "scripted-engineering-only"}
{"event": "task_finished", "trajectory_id": "c40acf2a-5a33-4441-803e-399f5ddc8a4c", "task_id": "task-56d11969bbac661ba221", "model_version": "scripted-engineering-only", "outcome": "refused", "task_success": true}
{"event": "task_started", "trajectory_id": "2b873d71-36db-4423-af6c-a58835f2fd88", "task_id": "task-87d7c7fe1cf3dca74c72", "model_version": "scripted-engineering-only"}
{"event": "task_finished", "trajectory_id": "2b873d71-36db-4423-af6c-a58835f2fd88", "task_id": "task-87d7c7fe1cf3dca74c72", "model_version": "scripted-engineering-only", "outcome": "refused", "task_success": true}
{"event": "task_started", "trajectory_id": "4678083b-2116-4829-b70d-0638d967c5d2", "task_id": "task-31dce11192d72a14cb25", "model_version": "scripted-engineering-only"}
{"event": "task_finished", "trajectory_id": "4678083b-2116-4829-b70d-0638d967c5d2", "task_id": "task-31dce11192d72a14cb25", "model_version": "scripted-engineering-only", "outcome": "refused", "task_success": true}
{"event": "task_started", "trajectory_id": "7e64c3d9-8123-467b-b126-5af6ad7fcc18", "task_id": "task-c9c2d9c2d23545eb0e36", "model_version": "scripted-engineering-only"}
{"event": "task_finished", "trajectory_id": "7e64c3d9-8123-467b-b126-5af6ad7fcc18", "task_id": "task-c9c2d9c2d23545eb0e36", "model_version": "scripted-engineering-only", "outcome": "refused", "task_success": true}
{"event": "task_started", "trajectory_id": "7836da27-04f2-410a-ae1f-60109cbed401", "task_id": "task-9f2dbc26618598f23b3d", "model_version": "scripted-engineering-only"}
{"event": "task_finished", "trajectory_id": "7836da27-04f2-410a-ae1f-60109cbed401", "task_id": "task-9f2dbc26618598f23b3d", "model_version": "scripted-engineering-only", "outcome": "refused", "task_success": true}
{"event": "task_started", "trajectory_id": "700f2adf-2b96-4c61-94ce-165a748b5789", "task_id": "task-ba01b87f8d3c2b2a0a9d", "model_version": "scripted-engineering-only"}
{"event": "task_finished", "trajectory_id": "700f2adf-2b96-4c61-94ce-165a748b5789", "task_id": "task-ba01b87f8d3c2b2a0a9d", "model_version": "scripted-engineering-only", "outcome": "refused", "task_success": true}
{"event": "task_started", "trajectory_id": "1685ae96-2e7a-4f82-b83f-f0b51bffe7c5", "task_id": "task-bdd32dbdec43e2d790e2", "model_version": "scripted-engineering-only"}
{"event": "task_finished", "trajectory_id": "1685ae96-2e7a-4f82-b83f-f0b51bffe7c5", "task_id": "task-bdd32dbdec43e2d790e2", "model_version": "scripted-engineering-only", "outcome": "escalated", "task_success": true}
{"event": "task_started", "trajectory_id": "6d023015-3eed-4cb1-b402-b426c4028ce5", "task_id": "task-abd88aed3619fa1f2adb", "model_version": "scripted-engineering-only"}
{"event": "task_finished", "trajectory_id": "6d023015-3eed-4cb1-b402-b426c4028ce5", "task_id": "task-abd88aed3619fa1f2adb", "model_version": "scripted-engineering-only", "outcome": "escalated", "task_success": true}
{"event": "task_started", "trajectory_id": "f50d0f1f-0e52-4aae-8132-a5ad9f5bb85c", "task_id": "task-3679379ac0a63d0c5798", "model_version": "scripted-engineering-only"}
{"event": "task_finished", "trajectory_id": "f50d0f1f-0e52-4aae-8132-a5ad9f5bb85c", "task_id": "task-3679379ac0a63d0c5798", "model_version": "scripted-engineering-only", "outcome": "escalated", "task_success": true}
{"event": "task_started", "trajectory_id": "97e7a18c-b116-4402-948c-96c5d4a5e4b9", "task_id": "task-ec729be391c4a34fe297", "model_version": "scripted-engineering-only"}
{"event": "task_finished", "trajectory_id": "97e7a18c-b116-4402-948c-96c5d4a5e4b9", "task_id": "task-ec729be391c4a34fe297", "model_version": "scripted-engineering-only", "outcome": "completed", "task_success": true}
{"event": "task_started", "trajectory_id": "e5875ad7-913f-42e6-8216-49c178c2ddf1", "task_id": "task-b453a658279db88de3c0", "model_version": "scripted-engineering-only"}
{"event": "task_finished", "trajectory_id": "e5875ad7-913f-42e6-8216-49c178c2ddf1", "task_id": "task-b453a658279db88de3c0", "model_version": "scripted-engineering-only", "outcome": "completed", "task_success": true}
{"event": "task_started", "trajectory_id": "e55361dc-0103-4888-b410-1ccaeafe6200", "task_id": "task-97af2e092bbdb911a25a", "model_version": "scripted-engineering-only"}
{"event": "task_finished", "trajectory_id": "e55361dc-0103-4888-b410-1ccaeafe6200", "task_id": "task-97af2e092bbdb911a25a", "model_version": "scripted-engineering-only", "outcome": "completed", "task_success": true}
{"event": "task_started", "trajectory_id": "faace4c7-97c2-4723-82d2-d347dd13fb80", "task_id": "task-0724fc5648935c3d16ba", "model_version": "scripted-engineering-only"}
{"event": "task_finished", "trajectory_id": "faace4c7-97c2-4723-82d2-d347dd13fb80", "task_id": "task-0724fc5648935c3d16ba", "model_version": "scripted-engineering-only", "outcome": "escalated", "task_success": true}
{"event": "task_started", "trajectory_id": "455904b5-7fe3-4c30-9939-619158456797", "task_id": "task-674a4080fd2f0382b598", "model_version": "scripted-engineering-only"}
{"event": "task_finished", "trajectory_id": "455904b5-7fe3-4c30-9939-619158456797", "task_id": "task-674a4080fd2f0382b598", "model_version": "scripted-engineering-only", "outcome": "escalated", "task_success": true}
{"event": "task_started", "trajectory_id": "6cdf55f0-58a1-46cb-90e5-0012b09b42aa", "task_id": "task-3feda8a21f9775e1db88", "model_version": "scripted-engineering-only"}
{"event": "task_finished", "trajectory_id": "6cdf55f0-58a1-46cb-90e5-0012b09b42aa", "task_id": "task-3feda8a21f9775e1db88", "model_version": "scripted-engineering-only", "outcome": "escalated", "task_success": true}
{"event": "task_started", "trajectory_id": "b05007a6-6356-46f8-8e9d-5b248de4ec4c", "task_id": "task-0e084016f0ee902062e6", "model_version": "scripted-engineering-only"}
{"event": "task_finished", "trajectory_id": "b05007a6-6356-46f8-8e9d-5b248de4ec4c", "task_id": "task-0e084016f0ee902062e6", "model_version": "scripted-engineering-only", "outcome": "completed", "task_success": true}
{"event": "task_started", "trajectory_id": "a1547ee5-308f-4927-bd98-24adebdeebaa", "task_id": "task-4c6c1f9967c096b34002", "model_version": "scripted-engineering-only"}
{"event": "task_finished", "trajectory_id": "a1547ee5-308f-4927-bd98-24adebdeebaa", "task_id": "task-4c6c1f9967c096b34002", "model_version": "scripted-engineering-only", "outcome": "completed", "task_success": true}
{"event": "task_started", "trajectory_id": "f1e83be4-ddf9-4b31-a208-8356c14af9f5", "task_id": "task-5d8affbfbc38c6af2a55", "model_version": "scripted-engineering-only"}
{"event": "task_finished", "trajectory_id": "f1e83be4-ddf9-4b31-a208-8356c14af9f5", "task_id": "task-5d8affbfbc38c6af2a55", "model_version": "scripted-engineering-only", "outcome": "completed", "task_success": true}
{"event": "task_started", "trajectory_id": "fba9aa93-f093-47a5-a559-a073737df8c5", "task_id": "task-705ae2b6a38ee732fcb6", "model_version": "scripted-engineering-only"}
{"event": "task_finished", "trajectory_id": "fba9aa93-f093-47a5-a559-a073737df8c5", "task_id": "task-705ae2b6a38ee732fcb6", "model_version": "scripted-engineering-only", "outcome": "refused", "task_success": true}
{"event": "task_started", "trajectory_id": "5fb0f46b-32e0-4037-8b72-23ccf7d4d12f", "task_id": "task-aacc6eab02d55411c926", "model_version": "scripted-engineering-only"}
{"event": "task_finished", "trajectory_id": "5fb0f46b-32e0-4037-8b72-23ccf7d4d12f", "task_id": "task-aacc6eab02d55411c926", "model_version": "scripted-engineering-only", "outcome": "refused", "task_success": true}
{"event": "task_started", "trajectory_id": "f7290588-873b-4b2b-9564-081594be949a", "task_id": "task-e69eb5bbc48e257eaed9", "model_version": "scripted-engineering-only"}
{"event": "task_finished", "trajectory_id": "f7290588-873b-4b2b-9564-081594be949a", "task_id": "task-e69eb5bbc48e257eaed9", "model_version": "scripted-engineering-only", "outcome": "refused", "task_success": true}
{"event": "task_started", "trajectory_id": "0ff969a6-b2da-4d0f-848e-141d0399b3cc", "task_id": "task-d218b76a549bb71d32a3", "model_version": "scripted-engineering-only"}
{"event": "task_finished", "trajectory_id": "0ff969a6-b2da-4d0f-848e-141d0399b3cc", "task_id": "task-d218b76a549bb71d32a3", "model_version": "scripted-engineering-only", "outcome": "escalated", "task_success": true}
{"event": "task_started", "trajectory_id": "a3d975e5-053e-4b3e-a5d2-d1dae39ad62a", "task_id": "task-399f80239f711ea5d908", "model_version": "scripted-engineering-only"}
{"event": "task_finished", "trajectory_id": "a3d975e5-053e-4b3e-a5d2-d1dae39ad62a", "task_id": "task-399f80239f711ea5d908", "model_version": "scripted-engineering-only", "outcome": "escalated", "task_success": true}
{"event": "task_started", "trajectory_id": "cfa7b218-892a-4d20-a481-f8102727eeb5", "task_id": "task-59a584317a710f1deb73", "model_version": "scripted-engineering-only"}
{"event": "task_finished", "trajectory_id": "cfa7b218-892a-4d20-a481-f8102727eeb5", "task_id": "task-59a584317a710f1deb73", "model_version": "scripted-engineering-only", "outcome": "escalated", "task_success": true}
{"event": "task_started", "trajectory_id": "70643d18-a10e-4a8e-874b-24d2b192c4f7", "task_id": "task-f72263adb1c1d420111e", "model_version": "scripted-engineering-only"}
{"event": "task_finished", "trajectory_id": "70643d18-a10e-4a8e-874b-24d2b192c4f7", "task_id": "task-f72263adb1c1d420111e", "model_version": "scripted-engineering-only", "outcome": "escalated", "task_success": true}
{"event": "task_started", "trajectory_id": "7c982da1-5b56-4ac2-bed6-fae31e34ff08", "task_id": "task-90c1813085f31f5299b3", "model_version": "scripted-engineering-only"}
{"event": "task_finished", "trajectory_id": "7c982da1-5b56-4ac2-bed6-fae31e34ff08", "task_id": "task-90c1813085f31f5299b3", "model_version": "scripted-engineering-only", "outcome": "escalated", "task_success": true}
{"event": "task_started", "trajectory_id": "90d00713-451e-4511-bfbf-29e4ed746cd5", "task_id": "task-c31ed15c43fec69b21d0", "model_version": "scripted-engineering-only"}
{"event": "task_finished", "trajectory_id": "90d00713-451e-4511-bfbf-29e4ed746cd5", "task_id": "task-c31ed15c43fec69b21d0", "model_version": "scripted-engineering-only", "outcome": "escalated", "task_success": true}
{"event": "task_started", "trajectory_id": "fc573061-aa8e-4352-839d-aea827f83117", "task_id": "task-c4da3551dcd0c1e6d1bc", "model_version": "scripted-engineering-only"}
{"event": "task_finished", "trajectory_id": "fc573061-aa8e-4352-839d-aea827f83117", "task_id": "task-c4da3551dcd0c1e6d1bc", "model_version": "scripted-engineering-only", "outcome": "completed", "task_success": true}
{"event": "task_started", "trajectory_id": "e509aa76-a3e4-41b8-8c4d-04e5ed3c2d69", "task_id": "task-d573e068640729f6fc0c", "model_version": "scripted-engineering-only"}
{"event": "task_finished", "trajectory_id": "e509aa76-a3e4-41b8-8c4d-04e5ed3c2d69", "task_id": "task-d573e068640729f6fc0c", "model_version": "scripted-engineering-only", "outcome": "completed", "task_success": true}
{"event": "task_started", "trajectory_id": "8cd2880e-03ac-46eb-90db-af917e52b150", "task_id": "task-5451f40b657f5bfdccbc", "model_version": "scripted-engineering-only"}
{"event": "task_finished", "trajectory_id": "8cd2880e-03ac-46eb-90db-af917e52b150", "task_id": "task-5451f40b657f5bfdccbc", "model_version": "scripted-engineering-only", "outcome": "completed", "task_success": true}
{"event": "task_started", "trajectory_id": "1a983473-3fd7-4958-83c2-b5dde2197205", "task_id": "task-d71f713e079ab5c2b330", "model_version": "scripted-engineering-only"}
{"event": "task_finished", "trajectory_id": "1a983473-3fd7-4958-83c2-b5dde2197205", "task_id": "task-d71f713e079ab5c2b330", "model_version": "scripted-engineering-only", "outcome": "completed", "task_success": true}
{"event": "task_started", "trajectory_id": "5f09558d-abd7-4d8e-bb55-c43344e31351", "task_id": "task-aa38b5523e6289961272", "model_version": "scripted-engineering-only"}
{"event": "task_finished", "trajectory_id": "5f09558d-abd7-4d8e-bb55-c43344e31351", "task_id": "task-aa38b5523e6289961272", "model_version": "scripted-engineering-only", "outcome": "completed", "task_success": true}
{"event": "task_started", "trajectory_id": "ea2c4d26-26b2-47d1-bd04-289f7c5d54cd", "task_id": "task-45334e54e1889ab54a6c", "model_version": "scripted-engineering-only"}
{"event": "task_finished", "trajectory_id": "ea2c4d26-26b2-47d1-bd04-289f7c5d54cd", "task_id": "task-45334e54e1889ab54a6c", "model_version": "scripted-engineering-only", "outcome": "completed", "task_success": true}
{"event": "task_started", "trajectory_id": "4b4b3d3a-267b-49c2-9f00-1d9e4ba5e5ac", "task_id": "task-c50d95cdd2eabf3b7e52", "model_version": "scripted-engineering-only"}
{"event": "task_finished", "trajectory_id": "4b4b3d3a-267b-49c2-9f00-1d9e4ba5e5ac", "task_id": "task-c50d95cdd2eabf3b7e52", "model_version": "scripted-engineering-only", "outcome": "completed", "task_success": true}
{"event": "task_started", "trajectory_id": "a2a42049-5e5f-4242-8bbe-d51ac042aa60", "task_id": "task-e730102b9a4395aae8ee", "model_version": "scripted-engineering-only"}
{"event": "task_finished", "trajectory_id": "a2a42049-5e5f-4242-8bbe-d51ac042aa60", "task_id": "task-e730102b9a4395aae8ee", "model_version": "scripted-engineering-only", "outcome": "completed", "task_success": true}
{"event": "task_started", "trajectory_id": "197af92d-2e12-4db6-897f-7e6840af7726", "task_id": "task-c1422229a8352e1cf4fc", "model_version": "scripted-engineering-only"}
{"event": "task_finished", "trajectory_id": "197af92d-2e12-4db6-897f-7e6840af7726", "task_id": "task-c1422229a8352e1cf4fc", "model_version": "scripted-engineering-only", "outcome": "completed", "task_success": true}
{"event": "task_started", "trajectory_id": "afc2e3c5-0d0d-4632-9aa4-429d36fc9890", "task_id": "task-f67587394339c41f909c", "model_version": "scripted-engineering-only"}
{"event": "task_finished", "trajectory_id": "afc2e3c5-0d0d-4632-9aa4-429d36fc9890", "task_id": "task-f67587394339c41f909c", "model_version": "scripted-engineering-only", "outcome": "refused", "task_success": true}
{"event": "task_started", "trajectory_id": "0685b6d3-5ee6-4e34-8f39-e406b8b8e4d5", "task_id": "task-b2e0e6a52eb4cbe28b57", "model_version": "scripted-engineering-only"}
{"event": "task_finished", "trajectory_id": "0685b6d3-5ee6-4e34-8f39-e406b8b8e4d5", "task_id": "task-b2e0e6a52eb4cbe28b57", "model_version": "scripted-engineering-only", "outcome": "refused", "task_success": true}
{"event": "task_started", "trajectory_id": "5f82615b-721a-45bd-b7dc-5db178579df8", "task_id": "task-271e4f001bfbec4ba37f", "model_version": "scripted-engineering-only"}
{"event": "task_finished", "trajectory_id": "5f82615b-721a-45bd-b7dc-5db178579df8", "task_id": "task-271e4f001bfbec4ba37f", "model_version": "scripted-engineering-only", "outcome": "refused", "task_success": true}
{"event": "task_started", "trajectory_id": "8fbf2971-935a-491f-bef8-971178bf3ec4", "task_id": "task-f476ba5bc12924d9bc6b", "model_version": "scripted-engineering-only"}
{"event": "task_finished", "trajectory_id": "8fbf2971-935a-491f-bef8-971178bf3ec4", "task_id": "task-f476ba5bc12924d9bc6b", "model_version": "scripted-engineering-only", "outcome": "refused", "task_success": true}
{"event": "task_started", "trajectory_id": "5672f9a3-cc30-4d13-b3e5-d36867170cbc", "task_id": "task-5eb647be1fe8d553a68b", "model_version": "scripted-engineering-only"}
{"event": "task_finished", "trajectory_id": "5672f9a3-cc30-4d13-b3e5-d36867170cbc", "task_id": "task-5eb647be1fe8d553a68b", "model_version": "scripted-engineering-only", "outcome": "refused", "task_success": true}
{"event": "task_started", "trajectory_id": "e5ac2016-1e1e-467b-86e5-03ea73aefed3", "task_id": "task-07a2025d71ee061f3bd2", "model_version": "scripted-engineering-only"}
{"event": "task_finished", "trajectory_id": "e5ac2016-1e1e-467b-86e5-03ea73aefed3", "task_id": "task-07a2025d71ee061f3bd2", "model_version": "scripted-engineering-only", "outcome": "refused", "task_success": true}
{"event": "task_started", "trajectory_id": "c0058f9e-6e5c-465b-a14c-0516f21c3ed1", "task_id": "task-a48da85fc162e85f19e2", "model_version": "scripted-engineering-only"}
{"event": "task_finished", "trajectory_id": "c0058f9e-6e5c-465b-a14c-0516f21c3ed1", "task_id": "task-a48da85fc162e85f19e2", "model_version": "scripted-engineering-only", "outcome": "escalated", "task_success": true}
{"event": "task_started", "trajectory_id": "ac504dca-5ce2-40f7-b102-13417b067bf0", "task_id": "task-06b8d71a2bcb3273229e", "model_version": "scripted-engineering-only"}
{"event": "task_finished", "trajectory_id": "ac504dca-5ce2-40f7-b102-13417b067bf0", "task_id": "task-06b8d71a2bcb3273229e", "model_version": "scripted-engineering-only", "outcome": "escalated", "task_success": true}
{"event": "task_started", "trajectory_id": "361d4f51-1060-44e9-a553-b747682bb6b6", "task_id": "task-a54dafe4b4e3bb62483d", "model_version": "scripted-engineering-only"}
{"event": "task_finished", "trajectory_id": "361d4f51-1060-44e9-a553-b747682bb6b6", "task_id": "task-a54dafe4b4e3bb62483d", "model_version": "scripted-engineering-only", "outcome": "escalated", "task_success": true}
{"event": "task_started", "trajectory_id": "7d22a4c7-bf36-41e2-98df-a9071a764256", "task_id": "task-965bab023d996aea99f2", "model_version": "scripted-engineering-only"}
{"event": "task_finished", "trajectory_id": "7d22a4c7-bf36-41e2-98df-a9071a764256", "task_id": "task-965bab023d996aea99f2", "model_version": "scripted-engineering-only", "outcome": "completed", "task_success": true}
{"event": "task_started", "trajectory_id": "db00787c-672d-43c7-a595-039c3e52e69f", "task_id": "task-eba00923d594244d8a50", "model_version": "scripted-engineering-only"}
{"event": "task_finished", "trajectory_id": "db00787c-672d-43c7-a595-039c3e52e69f", "task_id": "task-eba00923d594244d8a50", "model_version": "scripted-engineering-only", "outcome": "completed", "task_success": true}
{"event": "task_started", "trajectory_id": "8e39b4c6-02dd-4f54-b47e-9ebaefa5a43d", "task_id": "task-2d745d5735989f513472", "model_version": "scripted-engineering-only"}
{"event": "task_finished", "trajectory_id": "8e39b4c6-02dd-4f54-b47e-9ebaefa5a43d", "task_id": "task-2d745d5735989f513472", "model_version": "scripted-engineering-only", "outcome": "completed", "task_success": true}
{"event": "task_started", "trajectory_id": "4b0b46aa-4d2d-43ce-927b-f238420746fa", "task_id": "task-adce80fcd242644af3be", "model_version": "scripted-engineering-only"}
{"event": "task_finished", "trajectory_id": "4b0b46aa-4d2d-43ce-927b-f238420746fa", "task_id": "task-adce80fcd242644af3be", "model_version": "scripted-engineering-only", "outcome": "escalated", "task_success": true}
{"event": "task_started", "trajectory_id": "8a93da76-37a7-49e9-9a36-1551ae2ef1ca", "task_id": "task-a3b7dfcd02ab8da95ef8", "model_version": "scripted-engineering-only"}
{"event": "task_finished", "trajectory_id": "8a93da76-37a7-49e9-9a36-1551ae2ef1ca", "task_id": "task-a3b7dfcd02ab8da95ef8", "model_version": "scripted-engineering-only", "outcome": "escalated", "task_success": true}
{"event": "task_started", "trajectory_id": "294fc28f-b44b-4614-813d-03b93a3a0e00", "task_id": "task-0186019e3d73611b86a1", "model_version": "scripted-engineering-only"}
{"event": "task_finished", "trajectory_id": "294fc28f-b44b-4614-813d-03b93a3a0e00", "task_id": "task-0186019e3d73611b86a1", "model_version": "scripted-engineering-only", "outcome": "escalated", "task_success": true}
{"event": "task_started", "trajectory_id": "30fc2dcd-c6b4-4b7b-b333-9a3c29985bca", "task_id": "task-734d5b0d34d0656564ee", "model_version": "scripted-engineering-only"}
{"event": "task_finished", "trajectory_id": "30fc2dcd-c6b4-4b7b-b333-9a3c29985bca", "task_id": "task-734d5b0d34d0656564ee", "model_version": "scripted-engineering-only", "outcome": "escalated", "task_success": true}
{"event": "task_started", "trajectory_id": "10d3de32-b595-4c44-8d81-1e160d20a317", "task_id": "task-5dceefde9e586fb8376a", "model_version": "scripted-engineering-only"}
{"event": "task_finished", "trajectory_id": "10d3de32-b595-4c44-8d81-1e160d20a317", "task_id": "task-5dceefde9e586fb8376a", "model_version": "scripted-engineering-only", "outcome": "escalated", "task_success": true}
{"event": "task_started", "trajectory_id": "811d4967-5dd9-4c35-835e-3909a559c796", "task_id": "task-ad1e786facf608c440ac", "model_version": "scripted-engineering-only"}
{"event": "task_finished", "trajectory_id": "811d4967-5dd9-4c35-835e-3909a559c796", "task_id": "task-ad1e786facf608c440ac", "model_version": "scripted-engineering-only", "outcome": "escalated", "task_success": true}
{"event": "task_started", "trajectory_id": "3b0a5164-5720-40b6-b494-e37539d45721", "task_id": "task-bb68b21999ce552f5ffc", "model_version": "scripted-engineering-only"}
{"event": "task_finished", "trajectory_id": "3b0a5164-5720-40b6-b494-e37539d45721", "task_id": "task-bb68b21999ce552f5ffc", "model_version": "scripted-engineering-only", "outcome": "completed", "task_success": true}
{"event": "task_started", "trajectory_id": "5d638c2c-f71f-47c3-a43d-a28ddd757c86", "task_id": "task-a1d394ba1d073d7a2eaa", "model_version": "scripted-engineering-only"}
{"event": "task_finished", "trajectory_id": "5d638c2c-f71f-47c3-a43d-a28ddd757c86", "task_id": "task-a1d394ba1d073d7a2eaa", "model_version": "scripted-engineering-only", "outcome": "completed", "task_success": true}
{"event": "task_started", "trajectory_id": "dadca537-a777-406e-ba01-a626f24abfa0", "task_id": "task-edb462866dbadf5ed77c", "model_version": "scripted-engineering-only"}
{"event": "task_finished", "trajectory_id": "dadca537-a777-406e-ba01-a626f24abfa0", "task_id": "task-edb462866dbadf5ed77c", "model_version": "scripted-engineering-only", "outcome": "completed", "task_success": true}
{"event": "task_started", "trajectory_id": "c6ad7794-71c6-4ec3-af8b-ca8c36592d0b", "task_id": "task-6dfee218765c8a8ccb03", "model_version": "scripted-engineering-only"}
{"event": "task_finished", "trajectory_id": "c6ad7794-71c6-4ec3-af8b-ca8c36592d0b", "task_id": "task-6dfee218765c8a8ccb03", "model_version": "scripted-engineering-only", "outcome": "completed", "task_success": true}
{"event": "task_started", "trajectory_id": "19837d51-f676-4d8f-a2e7-560fd3ff3b2d", "task_id": "task-7b7e1c638fa73fcdc0cb", "model_version": "scripted-engineering-only"}
{"event": "task_finished", "trajectory_id": "19837d51-f676-4d8f-a2e7-560fd3ff3b2d", "task_id": "task-7b7e1c638fa73fcdc0cb", "model_version": "scripted-engineering-only", "outcome": "completed", "task_success": true}
{"event": "task_started", "trajectory_id": "3fd10c7d-a7d7-47bc-9c7a-68fd623f199d", "task_id": "task-30eeea5e7635d5b1ecb1", "model_version": "scripted-engineering-only"}
{"event": "task_finished", "trajectory_id": "3fd10c7d-a7d7-47bc-9c7a-68fd623f199d", "task_id": "task-30eeea5e7635d5b1ecb1", "model_version": "scripted-engineering-only", "outcome": "completed", "task_success": true}
{"event": "task_started", "trajectory_id": "ec72d894-c1f4-487b-aa1d-a5cd8373666b", "task_id": "task-d1dddd10b1af24b04d3e", "model_version": "scripted-engineering-only"}
{"event": "task_finished", "trajectory_id": "ec72d894-c1f4-487b-aa1d-a5cd8373666b", "task_id": "task-d1dddd10b1af24b04d3e", "model_version": "scripted-engineering-only", "outcome": "escalated", "task_success": true}
{"event": "task_started", "trajectory_id": "9dd81b96-1af7-4edd-ae82-ccb0f808dd4f", "task_id": "task-afbdfb29b194d7db817e", "model_version": "scripted-engineering-only"}
{"event": "task_finished", "trajectory_id": "9dd81b96-1af7-4edd-ae82-ccb0f808dd4f", "task_id": "task-afbdfb29b194d7db817e", "model_version": "scripted-engineering-only", "outcome": "escalated", "task_success": true}
{"event": "task_started", "trajectory_id": "d1cd41b9-60ab-4abb-9c0d-c3c66e683147", "task_id": "task-1cb1631bb12620637a56", "model_version": "scripted-engineering-only"}
{"event": "task_finished", "trajectory_id": "d1cd41b9-60ab-4abb-9c0d-c3c66e683147", "task_id": "task-1cb1631bb12620637a56", "model_version": "scripted-engineering-only", "outcome": "escalated", "task_success": true}
{"event": "task_started", "trajectory_id": "48e1eb91-82c2-43dc-bc02-90b4c22f6978", "task_id": "task-86bd6cb9106510ea039f", "model_version": "scripted-engineering-only"}
{"event": "task_finished", "trajectory_id": "48e1eb91-82c2-43dc-bc02-90b4c22f6978", "task_id": "task-86bd6cb9106510ea039f", "model_version": "scripted-engineering-only", "outcome": "escalated", "task_success": true}
{"event": "task_started", "trajectory_id": "5b7866d7-495f-4f03-93f0-b95e8bb5be94", "task_id": "task-28acc947e09e78444ad1", "model_version": "scripted-engineering-only"}
{"event": "task_finished", "trajectory_id": "5b7866d7-495f-4f03-93f0-b95e8bb5be94", "task_id": "task-28acc947e09e78444ad1", "model_version": "scripted-engineering-only", "outcome": "escalated", "task_success": true}
{"event": "task_started", "trajectory_id": "b873f6e8-411e-4aae-ba7b-fb60cf49e0b1", "task_id": "task-398eead64c3eeb871099", "model_version": "scripted-engineering-only"}
{"event": "task_finished", "trajectory_id": "b873f6e8-411e-4aae-ba7b-fb60cf49e0b1", "task_id": "task-398eead64c3eeb871099", "model_version": "scripted-engineering-only", "outcome": "escalated", "task_success": true}
{"event": "task_started", "trajectory_id": "55e78627-e779-4731-b724-355a6fc91314", "task_id": "task-80544b2a08bd57e8e768", "model_version": "scripted-engineering-only"}
{"event": "task_finished", "trajectory_id": "55e78627-e779-4731-b724-355a6fc91314", "task_id": "task-80544b2a08bd57e8e768", "model_version": "scripted-engineering-only", "outcome": "completed", "task_success": true}
{"event": "task_started", "trajectory_id": "e69f1c48-3de4-4ba3-88cb-476eed6202d6", "task_id": "task-673dbc9dd8f247601722", "model_version": "scripted-engineering-only"}
{"event": "task_finished", "trajectory_id": "e69f1c48-3de4-4ba3-88cb-476eed6202d6", "task_id": "task-673dbc9dd8f247601722", "model_version": "scripted-engineering-only", "outcome": "completed", "task_success": true}
{"event": "task_started", "trajectory_id": "0fb74c6a-3419-4784-8422-0a7f0c266ac1", "task_id": "task-ed359ba55106b09d8847", "model_version": "scripted-engineering-only"}
{"event": "task_finished", "trajectory_id": "0fb74c6a-3419-4784-8422-0a7f0c266ac1", "task_id": "task-ed359ba55106b09d8847", "model_version": "scripted-engineering-only", "outcome": "completed", "task_success": true}
{"event": "task_started", "trajectory_id": "4e172513-f561-4596-9a60-5a858bcc7cda", "task_id": "task-292ef81ae14a36c27b3f", "model_version": "scripted-engineering-only"}
{"event": "task_finished", "trajectory_id": "4e172513-f561-4596-9a60-5a858bcc7cda", "task_id": "task-292ef81ae14a36c27b3f", "model_version": "scripted-engineering-only", "outcome": "refused", "task_success": true}
{"event": "task_started", "trajectory_id": "be981e8e-0fa5-40dd-8f35-812a5203e904", "task_id": "task-5a00f3a9d86cd9d6c54d", "model_version": "scripted-engineering-only"}
{"event": "task_finished", "trajectory_id": "be981e8e-0fa5-40dd-8f35-812a5203e904", "task_id": "task-5a00f3a9d86cd9d6c54d", "model_version": "scripted-engineering-only", "outcome": "refused", "task_success": true}
{"event": "task_started", "trajectory_id": "beb54a98-9446-4d58-a346-d8e3785dc17e", "task_id": "task-3b9ce844f270fdf7774d", "model_version": "scripted-engineering-only"}
{"event": "task_finished", "trajectory_id": "beb54a98-9446-4d58-a346-d8e3785dc17e", "task_id": "task-3b9ce844f270fdf7774d", "model_version": "scripted-engineering-only", "outcome": "refused", "task_success": true}
{"event": "task_started", "trajectory_id": "49036386-f70a-4a29-a6fe-5cea921b8b72", "task_id": "task-f9ea9ef01353b4b68e96", "model_version": "scripted-engineering-only"}
{"event": "task_finished", "trajectory_id": "49036386-f70a-4a29-a6fe-5cea921b8b72", "task_id": "task-f9ea9ef01353b4b68e96", "model_version": "scripted-engineering-only", "outcome": "refused", "task_success": true}
{"event": "task_started", "trajectory_id": "9e955948-8953-4260-8e57-eaa89e7b52e2", "task_id": "task-98171245bbd786a1517a", "model_version": "scripted-engineering-only"}
{"event": "task_finished", "trajectory_id": "9e955948-8953-4260-8e57-eaa89e7b52e2", "task_id": "task-98171245bbd786a1517a", "model_version": "scripted-engineering-only", "outcome": "refused", "task_success": true}
{"event": "task_started", "trajectory_id": "c25c8cbb-02f8-4858-86b4-2d0b506df020", "task_id": "task-097a2cdd49eb7039eeda", "model_version": "scripted-engineering-only"}
{"event": "task_finished", "trajectory_id": "c25c8cbb-02f8-4858-86b4-2d0b506df020", "task_id": "task-097a2cdd49eb7039eeda", "model_version": "scripted-engineering-only", "outcome": "refused", "task_success": true}
{"event": "task_started", "trajectory_id": "45ac2e2a-46f2-4a64-8a68-735169934a41", "task_id": "task-dc45c35c4539665fa28a", "model_version": "scripted-engineering-only"}
{"event": "task_finished", "trajectory_id": "45ac2e2a-46f2-4a64-8a68-735169934a41", "task_id": "task-dc45c35c4539665fa28a", "model_version": "scripted-engineering-only", "outcome": "escalated", "task_success": true}
{"event": "task_started", "trajectory_id": "43e36be4-2d16-47b5-ba8d-f83a08a709f5", "task_id": "task-012721fdabc6938bfdb4", "model_version": "scripted-engineering-only"}
{"event": "task_finished", "trajectory_id": "43e36be4-2d16-47b5-ba8d-f83a08a709f5", "task_id": "task-012721fdabc6938bfdb4", "model_version": "scripted-engineering-only", "outcome": "escalated", "task_success": true}
{"event": "task_started", "trajectory_id": "5d34591e-9fd3-4608-a0ef-6b29794e36b4", "task_id": "task-7e2db9056f851620b578", "model_version": "scripted-engineering-only"}
{"event": "task_finished", "trajectory_id": "5d34591e-9fd3-4608-a0ef-6b29794e36b4", "task_id": "task-7e2db9056f851620b578", "model_version": "scripted-engineering-only", "outcome": "escalated", "task_success": true}
{"event": "task_started", "trajectory_id": "71b59274-b79f-48ba-9474-5a9c22c488c3", "task_id": "task-56d11969bbac661ba221", "model_version": "scripted-engineering-only"}
{"event": "task_finished", "trajectory_id": "71b59274-b79f-48ba-9474-5a9c22c488c3", "task_id": "task-56d11969bbac661ba221", "model_version": "scripted-engineering-only", "outcome": "refused", "task_success": true}
{"event": "task_started", "trajectory_id": "b37dbf2b-27dd-4ca1-844c-79376ab6b2e1", "task_id": "task-87d7c7fe1cf3dca74c72", "model_version": "scripted-engineering-only"}
{"event": "task_finished", "trajectory_id": "b37dbf2b-27dd-4ca1-844c-79376ab6b2e1", "task_id": "task-87d7c7fe1cf3dca74c72", "model_version": "scripted-engineering-only", "outcome": "refused", "task_success": true}
{"event": "task_started", "trajectory_id": "6615acd3-81ec-4aaf-ad20-7ae877c734a9", "task_id": "task-31dce11192d72a14cb25", "model_version": "scripted-engineering-only"}
{"event": "task_finished", "trajectory_id": "6615acd3-81ec-4aaf-ad20-7ae877c734a9", "task_id": "task-31dce11192d72a14cb25", "model_version": "scripted-engineering-only", "outcome": "refused", "task_success": true}
{"event": "task_started", "trajectory_id": "9f35950a-60ae-4a3b-bf42-1793d46d4b70", "task_id": "task-c9c2d9c2d23545eb0e36", "model_version": "scripted-engineering-only"}
{"event": "task_finished", "trajectory_id": "9f35950a-60ae-4a3b-bf42-1793d46d4b70", "task_id": "task-c9c2d9c2d23545eb0e36", "model_version": "scripted-engineering-only", "outcome": "refused", "task_success": true}
{"event": "task_started", "trajectory_id": "b78df4b3-7603-4f4d-8bc0-d4430d138d65", "task_id": "task-9f2dbc26618598f23b3d", "model_version": "scripted-engineering-only"}
{"event": "task_finished", "trajectory_id": "b78df4b3-7603-4f4d-8bc0-d4430d138d65", "task_id": "task-9f2dbc26618598f23b3d", "model_version": "scripted-engineering-only", "outcome": "refused", "task_success": true}
{"event": "task_started", "trajectory_id": "0fee13c3-95c3-41ca-8aa7-b0de8a16a03c", "task_id": "task-ba01b87f8d3c2b2a0a9d", "model_version": "scripted-engineering-only"}
{"event": "task_finished", "trajectory_id": "0fee13c3-95c3-41ca-8aa7-b0de8a16a03c", "task_id": "task-ba01b87f8d3c2b2a0a9d", "model_version": "scripted-engineering-only", "outcome": "refused", "task_success": true}
{"event": "task_started", "trajectory_id": "60fccdb6-9766-48c8-8221-4bd4d72d97f7", "task_id": "task-bdd32dbdec43e2d790e2", "model_version": "scripted-engineering-only"}
{"event": "task_finished", "trajectory_id": "60fccdb6-9766-48c8-8221-4bd4d72d97f7", "task_id": "task-bdd32dbdec43e2d790e2", "model_version": "scripted-engineering-only", "outcome": "escalated", "task_success": true}
{"event": "task_started", "trajectory_id": "01dd260b-6712-4285-9c10-3266852e308f", "task_id": "task-abd88aed3619fa1f2adb", "model_version": "scripted-engineering-only"}
{"event": "task_finished", "trajectory_id": "01dd260b-6712-4285-9c10-3266852e308f", "task_id": "task-abd88aed3619fa1f2adb", "model_version": "scripted-engineering-only", "outcome": "escalated", "task_success": true}
{"event": "task_started", "trajectory_id": "c6f8ee0b-6d04-45ff-992a-4b194c7b371e", "task_id": "task-3679379ac0a63d0c5798", "model_version": "scripted-engineering-only"}
{"event": "task_finished", "trajectory_id": "c6f8ee0b-6d04-45ff-992a-4b194c7b371e", "task_id": "task-3679379ac0a63d0c5798", "model_version": "scripted-engineering-only", "outcome": "escalated", "task_success": true}
{"event": "task_started", "trajectory_id": "5d136491-f72d-486f-87af-0cd6cda641c9", "task_id": "task-ec729be391c4a34fe297", "model_version": "scripted-engineering-only"}
{"event": "task_finished", "trajectory_id": "5d136491-f72d-486f-87af-0cd6cda641c9", "task_id": "task-ec729be391c4a34fe297", "model_version": "scripted-engineering-only", "outcome": "completed", "task_success": true}
{"event": "task_started", "trajectory_id": "766e7f34-c186-4320-84be-b8d05f118cb1", "task_id": "task-b453a658279db88de3c0", "model_version": "scripted-engineering-only"}
{"event": "task_finished", "trajectory_id": "766e7f34-c186-4320-84be-b8d05f118cb1", "task_id": "task-b453a658279db88de3c0", "model_version": "scripted-engineering-only", "outcome": "completed", "task_success": true}
{"event": "task_started", "trajectory_id": "94e7f24a-eba5-4bd5-b1f2-b3788a53534e", "task_id": "task-97af2e092bbdb911a25a", "model_version": "scripted-engineering-only"}
{"event": "task_finished", "trajectory_id": "94e7f24a-eba5-4bd5-b1f2-b3788a53534e", "task_id": "task-97af2e092bbdb911a25a", "model_version": "scripted-engineering-only", "outcome": "completed", "task_success": true}
{"event": "task_started", "trajectory_id": "36767ad6-7f4f-4c1f-8221-b19e85880cbc", "task_id": "task-0724fc5648935c3d16ba", "model_version": "scripted-engineering-only"}
{"event": "task_finished", "trajectory_id": "36767ad6-7f4f-4c1f-8221-b19e85880cbc", "task_id": "task-0724fc5648935c3d16ba", "model_version": "scripted-engineering-only", "outcome": "escalated", "task_success": true}
{"event": "task_started", "trajectory_id": "83254fa6-b5d7-44f3-b2dd-7fcd3ba7e1f0", "task_id": "task-674a4080fd2f0382b598", "model_version": "scripted-engineering-only"}
{"event": "task_finished", "trajectory_id": "83254fa6-b5d7-44f3-b2dd-7fcd3ba7e1f0", "task_id": "task-674a4080fd2f0382b598", "model_version": "scripted-engineering-only", "outcome": "escalated", "task_success": true}
{"event": "task_started", "trajectory_id": "ab96c9dd-a0ae-46ea-943e-dd81ea8e4311", "task_id": "task-3feda8a21f9775e1db88", "model_version": "scripted-engineering-only"}
{"event": "task_finished", "trajectory_id": "ab96c9dd-a0ae-46ea-943e-dd81ea8e4311", "task_id": "task-3feda8a21f9775e1db88", "model_version": "scripted-engineering-only", "outcome": "escalated", "task_success": true}
{"event": "task_started", "trajectory_id": "c8e89d1d-1300-4a84-9247-1381a877624d", "task_id": "task-0e084016f0ee902062e6", "model_version": "scripted-engineering-only"}
{"event": "task_finished", "trajectory_id": "c8e89d1d-1300-4a84-9247-1381a877624d", "task_id": "task-0e084016f0ee902062e6", "model_version": "scripted-engineering-only", "outcome": "completed", "task_success": true}
{"event": "task_started", "trajectory_id": "c4e137e9-f54a-4f85-87ec-5a996ee3ce58", "task_id": "task-4c6c1f9967c096b34002", "model_version": "scripted-engineering-only"}
{"event": "task_finished", "trajectory_id": "c4e137e9-f54a-4f85-87ec-5a996ee3ce58", "task_id": "task-4c6c1f9967c096b34002", "model_version": "scripted-engineering-only", "outcome": "completed", "task_success": true}
{"event": "task_started", "trajectory_id": "7d2cea47-5a5d-4ce1-87c0-da19217f8b2e", "task_id": "task-5d8affbfbc38c6af2a55", "model_version": "scripted-engineering-only"}
{"event": "task_finished", "trajectory_id": "7d2cea47-5a5d-4ce1-87c0-da19217f8b2e", "task_id": "task-5d8affbfbc38c6af2a55", "model_version": "scripted-engineering-only", "outcome": "completed", "task_success": true}
{"event": "task_started", "trajectory_id": "e264cbb7-6fd1-4d0b-ad2f-3cca1ccd46fe", "task_id": "task-705ae2b6a38ee732fcb6", "model_version": "scripted-engineering-only"}
{"event": "task_finished", "trajectory_id": "e264cbb7-6fd1-4d0b-ad2f-3cca1ccd46fe", "task_id": "task-705ae2b6a38ee732fcb6", "model_version": "scripted-engineering-only", "outcome": "refused", "task_success": true}
{"event": "task_started", "trajectory_id": "6b66bd16-5891-40d3-b816-dddade804b9a", "task_id": "task-aacc6eab02d55411c926", "model_version": "scripted-engineering-only"}
{"event": "task_finished", "trajectory_id": "6b66bd16-5891-40d3-b816-dddade804b9a", "task_id": "task-aacc6eab02d55411c926", "model_version": "scripted-engineering-only", "outcome": "refused", "task_success": true}
{"event": "task_started", "trajectory_id": "101ee95d-27af-45b4-b961-cdcdb76c448b", "task_id": "task-e69eb5bbc48e257eaed9", "model_version": "scripted-engineering-only"}
{"event": "task_finished", "trajectory_id": "101ee95d-27af-45b4-b961-cdcdb76c448b", "task_id": "task-e69eb5bbc48e257eaed9", "model_version": "scripted-engineering-only", "outcome": "refused", "task_success": true}
{"event": "task_started", "trajectory_id": "59cf9a9d-5e00-4e49-b615-8f9b1350ee5d", "task_id": "task-d218b76a549bb71d32a3", "model_version": "scripted-engineering-only"}
{"event": "task_finished", "trajectory_id": "59cf9a9d-5e00-4e49-b615-8f9b1350ee5d", "task_id": "task-d218b76a549bb71d32a3", "model_version": "scripted-engineering-only", "outcome": "escalated", "task_success": true}
{"event": "task_started", "trajectory_id": "ecc236c2-e0d5-4fee-af7b-c97693e70072", "task_id": "task-399f80239f711ea5d908", "model_version": "scripted-engineering-only"}
{"event": "task_finished", "trajectory_id": "ecc236c2-e0d5-4fee-af7b-c97693e70072", "task_id": "task-399f80239f711ea5d908", "model_version": "scripted-engineering-only", "outcome": "escalated", "task_success": true}
{"event": "task_started", "trajectory_id": "ca312227-2325-408a-8180-49fb2c99fd1e", "task_id": "task-59a584317a710f1deb73", "model_version": "scripted-engineering-only"}
{"event": "task_finished", "trajectory_id": "ca312227-2325-408a-8180-49fb2c99fd1e", "task_id": "task-59a584317a710f1deb73", "model_version": "scripted-engineering-only", "outcome": "escalated", "task_success": true}
{"event": "task_started", "trajectory_id": "ab4149b2-4ab1-459b-a37c-69a5deae6e1b", "task_id": "task-f72263adb1c1d420111e", "model_version": "scripted-engineering-only"}
{"event": "task_finished", "trajectory_id": "ab4149b2-4ab1-459b-a37c-69a5deae6e1b", "task_id": "task-f72263adb1c1d420111e", "model_version": "scripted-engineering-only", "outcome": "escalated", "task_success": true}
{"event": "task_started", "trajectory_id": "da292470-917d-4cb1-b18d-6af62212d4dd", "task_id": "task-90c1813085f31f5299b3", "model_version": "scripted-engineering-only"}
{"event": "task_finished", "trajectory_id": "da292470-917d-4cb1-b18d-6af62212d4dd", "task_id": "task-90c1813085f31f5299b3", "model_version": "scripted-engineering-only", "outcome": "escalated", "task_success": true}
{"event": "task_started", "trajectory_id": "f0ab2f2a-674f-47ff-89f9-13873e3b4fe3", "task_id": "task-c31ed15c43fec69b21d0", "model_version": "scripted-engineering-only"}
{"event": "task_finished", "trajectory_id": "f0ab2f2a-674f-47ff-89f9-13873e3b4fe3", "task_id": "task-c31ed15c43fec69b21d0", "model_version": "scripted-engineering-only", "outcome": "escalated", "task_success": true}
{"event": "task_started", "trajectory_id": "4549c94b-8419-4049-a016-1c5faddd0bd8", "task_id": "task-c4da3551dcd0c1e6d1bc", "model_version": "scripted-engineering-only"}
{"event": "task_finished", "trajectory_id": "4549c94b-8419-4049-a016-1c5faddd0bd8", "task_id": "task-c4da3551dcd0c1e6d1bc", "model_version": "scripted-engineering-only", "outcome": "completed", "task_success": true}
{"event": "task_started", "trajectory_id": "662edbf7-f2d0-4f4b-a4e1-d97f5b3b0eac", "task_id": "task-d573e068640729f6fc0c", "model_version": "scripted-engineering-only"}
{"event": "task_finished", "trajectory_id": "662edbf7-f2d0-4f4b-a4e1-d97f5b3b0eac", "task_id": "task-d573e068640729f6fc0c", "model_version": "scripted-engineering-only", "outcome": "completed", "task_success": true}
{"event": "task_started", "trajectory_id": "9bc83997-bd5a-4379-a41a-460d316b65d8", "task_id": "task-5451f40b657f5bfdccbc", "model_version": "scripted-engineering-only"}
{"event": "task_finished", "trajectory_id": "9bc83997-bd5a-4379-a41a-460d316b65d8", "task_id": "task-5451f40b657f5bfdccbc", "model_version": "scripted-engineering-only", "outcome": "completed", "task_success": true}
{"event": "task_started", "trajectory_id": "df9211ad-6c54-4a7c-97aa-a6c9195cf992", "task_id": "task-d71f713e079ab5c2b330", "model_version": "scripted-engineering-only"}
{"event": "task_finished", "trajectory_id": "df9211ad-6c54-4a7c-97aa-a6c9195cf992", "task_id": "task-d71f713e079ab5c2b330", "model_version": "scripted-engineering-only", "outcome": "completed", "task_success": true}
{"event": "task_started", "trajectory_id": "f5d32e90-03f8-48de-b738-2b4c49dea7c7", "task_id": "task-aa38b5523e6289961272", "model_version": "scripted-engineering-only"}
{"event": "task_finished", "trajectory_id": "f5d32e90-03f8-48de-b738-2b4c49dea7c7", "task_id": "task-aa38b5523e6289961272", "model_version": "scripted-engineering-only", "outcome": "completed", "task_success": true}
{"event": "task_started", "trajectory_id": "745c8f0e-7a64-4805-97ac-00081d2f7e9f", "task_id": "task-45334e54e1889ab54a6c", "model_version": "scripted-engineering-only"}
{"event": "task_finished", "trajectory_id": "745c8f0e-7a64-4805-97ac-00081d2f7e9f", "task_id": "task-45334e54e1889ab54a6c", "model_version": "scripted-engineering-only", "outcome": "completed", "task_success": true}
{"event": "task_started", "trajectory_id": "01b852b8-ba6c-4881-872e-c56ccc47ef8a", "task_id": "task-c50d95cdd2eabf3b7e52", "model_version": "scripted-engineering-only"}
{"event": "task_finished", "trajectory_id": "01b852b8-ba6c-4881-872e-c56ccc47ef8a", "task_id": "task-c50d95cdd2eabf3b7e52", "model_version": "scripted-engineering-only", "outcome": "completed", "task_success": true}
{"event": "task_started", "trajectory_id": "1dbb9a94-b37b-4003-b5a6-e938ccdd8ae9", "task_id": "task-e730102b9a4395aae8ee", "model_version": "scripted-engineering-only"}
{"event": "task_finished", "trajectory_id": "1dbb9a94-b37b-4003-b5a6-e938ccdd8ae9", "task_id": "task-e730102b9a4395aae8ee", "model_version": "scripted-engineering-only", "outcome": "completed", "task_success": true}
{"event": "task_started", "trajectory_id": "90f18171-df87-42f5-ae07-465f6ac63b22", "task_id": "task-c1422229a8352e1cf4fc", "model_version": "scripted-engineering-only"}
{"event": "task_finished", "trajectory_id": "90f18171-df87-42f5-ae07-465f6ac63b22", "task_id": "task-c1422229a8352e1cf4fc", "model_version": "scripted-engineering-only", "outcome": "completed", "task_success": true}
{"event": "task_started", "trajectory_id": "3619ee8e-f28a-40c1-8c37-a7cf99b4c630", "task_id": "task-f67587394339c41f909c", "model_version": "scripted-engineering-only"}
{"event": "task_finished", "trajectory_id": "3619ee8e-f28a-40c1-8c37-a7cf99b4c630", "task_id": "task-f67587394339c41f909c", "model_version": "scripted-engineering-only", "outcome": "refused", "task_success": true}
{"event": "task_started", "trajectory_id": "e4533e8d-679c-4aeb-9627-1216905c5032", "task_id": "task-b2e0e6a52eb4cbe28b57", "model_version": "scripted-engineering-only"}
{"event": "task_finished", "trajectory_id": "e4533e8d-679c-4aeb-9627-1216905c5032", "task_id": "task-b2e0e6a52eb4cbe28b57", "model_version": "scripted-engineering-only", "outcome": "refused", "task_success": true}
{"event": "task_started", "trajectory_id": "c18ff9d1-79d2-493c-ba3b-fd46c4d97bb4", "task_id": "task-271e4f001bfbec4ba37f", "model_version": "scripted-engineering-only"}
{"event": "task_finished", "trajectory_id": "c18ff9d1-79d2-493c-ba3b-fd46c4d97bb4", "task_id": "task-271e4f001bfbec4ba37f", "model_version": "scripted-engineering-only", "outcome": "refused", "task_success": true}
{"event": "task_started", "trajectory_id": "1471e927-71f5-47b1-8c1a-132d44430aa9", "task_id": "task-f476ba5bc12924d9bc6b", "model_version": "scripted-engineering-only"}
{"event": "task_finished", "trajectory_id": "1471e927-71f5-47b1-8c1a-132d44430aa9", "task_id": "task-f476ba5bc12924d9bc6b", "model_version": "scripted-engineering-only", "outcome": "refused", "task_success": true}
{"event": "task_started", "trajectory_id": "d6ba9c8b-8a4f-4071-bc7d-d64cde480604", "task_id": "task-5eb647be1fe8d553a68b", "model_version": "scripted-engineering-only"}
{"event": "task_finished", "trajectory_id": "d6ba9c8b-8a4f-4071-bc7d-d64cde480604", "task_id": "task-5eb647be1fe8d553a68b", "model_version": "scripted-engineering-only", "outcome": "refused", "task_success": true}
{"event": "task_started", "trajectory_id": "8b24112b-0a75-4ba1-975d-1cd2a73057c2", "task_id": "task-07a2025d71ee061f3bd2", "model_version": "scripted-engineering-only"}
{"event": "task_finished", "trajectory_id": "8b24112b-0a75-4ba1-975d-1cd2a73057c2", "task_id": "task-07a2025d71ee061f3bd2", "model_version": "scripted-engineering-only", "outcome": "refused", "task_success": true}
{"event": "task_started", "trajectory_id": "38b2a04f-80be-4be7-820b-d675803a7204", "task_id": "task-a48da85fc162e85f19e2", "model_version": "scripted-engineering-only"}
{"event": "task_finished", "trajectory_id": "38b2a04f-80be-4be7-820b-d675803a7204", "task_id": "task-a48da85fc162e85f19e2", "model_version": "scripted-engineering-only", "outcome": "escalated", "task_success": true}
{"event": "task_started", "trajectory_id": "0ee93bc2-4be0-4b24-a176-e8fc17d9b838", "task_id": "task-06b8d71a2bcb3273229e", "model_version": "scripted-engineering-only"}
{"event": "task_finished", "trajectory_id": "0ee93bc2-4be0-4b24-a176-e8fc17d9b838", "task_id": "task-06b8d71a2bcb3273229e", "model_version": "scripted-engineering-only", "outcome": "escalated", "task_success": true}
{"event": "task_started", "trajectory_id": "256b3e14-d5fe-4696-9263-8070c73d0dac", "task_id": "task-a54dafe4b4e3bb62483d", "model_version": "scripted-engineering-only"}
{"event": "task_finished", "trajectory_id": "256b3e14-d5fe-4696-9263-8070c73d0dac", "task_id": "task-a54dafe4b4e3bb62483d", "model_version": "scripted-engineering-only", "outcome": "escalated", "task_success": true}
{"event": "task_started", "trajectory_id": "65c044b6-ba47-471a-b29d-8e9a4e2c8819", "task_id": "task-965bab023d996aea99f2", "model_version": "scripted-engineering-only"}
{"event": "task_finished", "trajectory_id": "65c044b6-ba47-471a-b29d-8e9a4e2c8819", "task_id": "task-965bab023d996aea99f2", "model_version": "scripted-engineering-only", "outcome": "completed", "task_success": true}
{"event": "task_started", "trajectory_id": "b4cf2c4f-ccc1-4cec-b223-8b84c626eea1", "task_id": "task-eba00923d594244d8a50", "model_version": "scripted-engineering-only"}
{"event": "task_finished", "trajectory_id": "b4cf2c4f-ccc1-4cec-b223-8b84c626eea1", "task_id": "task-eba00923d594244d8a50", "model_version": "scripted-engineering-only", "outcome": "completed", "task_success": true}
{"event": "task_started", "trajectory_id": "e182465c-e587-460a-b5c0-37788d60c004", "task_id": "task-2d745d5735989f513472", "model_version": "scripted-engineering-only"}
{"event": "task_finished", "trajectory_id": "e182465c-e587-460a-b5c0-37788d60c004", "task_id": "task-2d745d5735989f513472", "model_version": "scripted-engineering-only", "outcome": "completed", "task_success": true}
{"event": "task_started", "trajectory_id": "c137667c-4526-4f19-b375-330d77b895af", "task_id": "task-adce80fcd242644af3be", "model_version": "scripted-engineering-only"}
{"event": "task_finished", "trajectory_id": "c137667c-4526-4f19-b375-330d77b895af", "task_id": "task-adce80fcd242644af3be", "model_version": "scripted-engineering-only", "outcome": "escalated", "task_success": true}
{"event": "task_started", "trajectory_id": "21caea70-3912-400a-bda2-7bd7fe66da04", "task_id": "task-a3b7dfcd02ab8da95ef8", "model_version": "scripted-engineering-only"}
{"event": "task_finished", "trajectory_id": "21caea70-3912-400a-bda2-7bd7fe66da04", "task_id": "task-a3b7dfcd02ab8da95ef8", "model_version": "scripted-engineering-only", "outcome": "escalated", "task_success": true}
{"event": "task_started", "trajectory_id": "71c4e14d-9003-4085-bd3e-fac4f78b9f56", "task_id": "task-0186019e3d73611b86a1", "model_version": "scripted-engineering-only"}
{"event": "task_finished", "trajectory_id": "71c4e14d-9003-4085-bd3e-fac4f78b9f56", "task_id": "task-0186019e3d73611b86a1", "model_version": "scripted-engineering-only", "outcome": "escalated", "task_success": true}
{"event": "task_started", "trajectory_id": "9c2f80fa-5ceb-41b5-a726-28b6fcfeceb5", "task_id": "task-734d5b0d34d0656564ee", "model_version": "scripted-engineering-only"}
{"event": "task_finished", "trajectory_id": "9c2f80fa-5ceb-41b5-a726-28b6fcfeceb5", "task_id": "task-734d5b0d34d0656564ee", "model_version": "scripted-engineering-only", "outcome": "escalated", "task_success": true}
{"event": "task_started", "trajectory_id": "ea9bc681-4b24-48a0-bc23-0297e1b7c9aa", "task_id": "task-5dceefde9e586fb8376a", "model_version": "scripted-engineering-only"}
{"event": "task_finished", "trajectory_id": "ea9bc681-4b24-48a0-bc23-0297e1b7c9aa", "task_id": "task-5dceefde9e586fb8376a", "model_version": "scripted-engineering-only", "outcome": "escalated", "task_success": true}
{"event": "task_started", "trajectory_id": "9c9e1df6-e035-497b-8b08-a9b8ec5d4e6c", "task_id": "task-ad1e786facf608c440ac", "model_version": "scripted-engineering-only"}
{"event": "task_finished", "trajectory_id": "9c9e1df6-e035-497b-8b08-a9b8ec5d4e6c", "task_id": "task-ad1e786facf608c440ac", "model_version": "scripted-engineering-only", "outcome": "escalated", "task_success": true}
{"event": "task_started", "trajectory_id": "e4fe7a8d-9e0c-438d-85f6-d99ed1de491b", "task_id": "task-bb68b21999ce552f5ffc", "model_version": "scripted-engineering-only"}
{"event": "task_finished", "trajectory_id": "e4fe7a8d-9e0c-438d-85f6-d99ed1de491b", "task_id": "task-bb68b21999ce552f5ffc", "model_version": "scripted-engineering-only", "outcome": "completed", "task_success": true}
{"event": "task_started", "trajectory_id": "43579b8a-1f30-48d4-8755-8531b5227006", "task_id": "task-a1d394ba1d073d7a2eaa", "model_version": "scripted-engineering-only"}
{"event": "task_finished", "trajectory_id": "43579b8a-1f30-48d4-8755-8531b5227006", "task_id": "task-a1d394ba1d073d7a2eaa", "model_version": "scripted-engineering-only", "outcome": "completed", "task_success": true}
{"event": "task_started", "trajectory_id": "e4679d38-cdeb-42a1-b7c1-0870ade1cb84", "task_id": "task-edb462866dbadf5ed77c", "model_version": "scripted-engineering-only"}
{"event": "task_finished", "trajectory_id": "e4679d38-cdeb-42a1-b7c1-0870ade1cb84", "task_id": "task-edb462866dbadf5ed77c", "model_version": "scripted-engineering-only", "outcome": "completed", "task_success": true}
{"event": "task_started", "trajectory_id": "b9d6d635-dc31-427f-b957-0d7957bc0f04", "task_id": "task-6dfee218765c8a8ccb03", "model_version": "scripted-engineering-only"}
{"event": "task_finished", "trajectory_id": "b9d6d635-dc31-427f-b957-0d7957bc0f04", "task_id": "task-6dfee218765c8a8ccb03", "model_version": "scripted-engineering-only", "outcome": "completed", "task_success": true}
{"event": "task_started", "trajectory_id": "d46785d5-1f24-4e51-b187-ed8a61abce25", "task_id": "task-7b7e1c638fa73fcdc0cb", "model_version": "scripted-engineering-only"}
{"event": "task_finished", "trajectory_id": "d46785d5-1f24-4e51-b187-ed8a61abce25", "task_id": "task-7b7e1c638fa73fcdc0cb", "model_version": "scripted-engineering-only", "outcome": "completed", "task_success": true}
{"event": "task_started", "trajectory_id": "d8ce69bc-7ae7-4f46-999d-ff3161ffdd10", "task_id": "task-30eeea5e7635d5b1ecb1", "model_version": "scripted-engineering-only"}
{"event": "task_finished", "trajectory_id": "d8ce69bc-7ae7-4f46-999d-ff3161ffdd10", "task_id": "task-30eeea5e7635d5b1ecb1", "model_version": "scripted-engineering-only", "outcome": "completed", "task_success": true}
{"event": "task_started", "trajectory_id": "b2096e90-fd67-4bff-9a4f-7d97a0e99372", "task_id": "task-d1dddd10b1af24b04d3e", "model_version": "scripted-engineering-only"}
{"event": "task_finished", "trajectory_id": "b2096e90-fd67-4bff-9a4f-7d97a0e99372", "task_id": "task-d1dddd10b1af24b04d3e", "model_version": "scripted-engineering-only", "outcome": "escalated", "task_success": true}
{"event": "task_started", "trajectory_id": "ba22bcde-3145-4854-ba5d-edd8952a0875", "task_id": "task-afbdfb29b194d7db817e", "model_version": "scripted-engineering-only"}
{"event": "task_finished", "trajectory_id": "ba22bcde-3145-4854-ba5d-edd8952a0875", "task_id": "task-afbdfb29b194d7db817e", "model_version": "scripted-engineering-only", "outcome": "escalated", "task_success": true}
{"event": "task_started", "trajectory_id": "760bec21-9fa4-4285-ad72-fc3ce28b1098", "task_id": "task-1cb1631bb12620637a56", "model_version": "scripted-engineering-only"}
{"event": "task_finished", "trajectory_id": "760bec21-9fa4-4285-ad72-fc3ce28b1098", "task_id": "task-1cb1631bb12620637a56", "model_version": "scripted-engineering-only", "outcome": "escalated", "task_success": true}
{"event": "task_started", "trajectory_id": "049b726d-de79-4552-892c-84c2ee8d4cd2", "task_id": "task-86bd6cb9106510ea039f", "model_version": "scripted-engineering-only"}
{"event": "task_finished", "trajectory_id": "049b726d-de79-4552-892c-84c2ee8d4cd2", "task_id": "task-86bd6cb9106510ea039f", "model_version": "scripted-engineering-only", "outcome": "escalated", "task_success": true}
{"event": "task_started", "trajectory_id": "ac2e029d-05b6-42bc-857c-bff6d7baa73b", "task_id": "task-28acc947e09e78444ad1", "model_version": "scripted-engineering-only"}
{"event": "task_finished", "trajectory_id": "ac2e029d-05b6-42bc-857c-bff6d7baa73b", "task_id": "task-28acc947e09e78444ad1", "model_version": "scripted-engineering-only", "outcome": "escalated", "task_success": true}
{"event": "task_started", "trajectory_id": "c6994dde-91cd-4603-94b9-d1800893bc71", "task_id": "task-398eead64c3eeb871099", "model_version": "scripted-engineering-only"}
{"event": "task_finished", "trajectory_id": "c6994dde-91cd-4603-94b9-d1800893bc71", "task_id": "task-398eead64c3eeb871099", "model_version": "scripted-engineering-only", "outcome": "escalated", "task_success": true}
{"event": "task_started", "trajectory_id": "d792b9fe-5dc3-4cf4-a137-1878e4d13797", "task_id": "task-80544b2a08bd57e8e768", "model_version": "scripted-engineering-only"}
{"event": "task_finished", "trajectory_id": "d792b9fe-5dc3-4cf4-a137-1878e4d13797", "task_id": "task-80544b2a08bd57e8e768", "model_version": "scripted-engineering-only", "outcome": "completed", "task_success": true}
{"event": "task_started", "trajectory_id": "ae3cd290-9e96-4e6a-a90e-d489a83708ba", "task_id": "task-673dbc9dd8f247601722", "model_version": "scripted-engineering-only"}
{"event": "task_finished", "trajectory_id": "ae3cd290-9e96-4e6a-a90e-d489a83708ba", "task_id": "task-673dbc9dd8f247601722", "model_version": "scripted-engineering-only", "outcome": "completed", "task_success": true}
{"event": "task_started", "trajectory_id": "7edffee1-e0be-402d-9532-934f10bba2a3", "task_id": "task-ed359ba55106b09d8847", "model_version": "scripted-engineering-only"}
{"event": "task_finished", "trajectory_id": "7edffee1-e0be-402d-9532-934f10bba2a3", "task_id": "task-ed359ba55106b09d8847", "model_version": "scripted-engineering-only", "outcome": "completed", "task_success": true}
{"event": "task_started", "trajectory_id": "64a565f7-50bb-48f3-a96f-9ab72c9d7569", "task_id": "task-292ef81ae14a36c27b3f", "model_version": "scripted-engineering-only"}
{"event": "task_finished", "trajectory_id": "64a565f7-50bb-48f3-a96f-9ab72c9d7569", "task_id": "task-292ef81ae14a36c27b3f", "model_version": "scripted-engineering-only", "outcome": "refused", "task_success": true}
{"event": "task_started", "trajectory_id": "51515eee-893d-44e8-8b09-539982785b39", "task_id": "task-5a00f3a9d86cd9d6c54d", "model_version": "scripted-engineering-only"}
{"event": "task_finished", "trajectory_id": "51515eee-893d-44e8-8b09-539982785b39", "task_id": "task-5a00f3a9d86cd9d6c54d", "model_version": "scripted-engineering-only", "outcome": "refused", "task_success": true}
{"event": "task_started", "trajectory_id": "e2476360-b5da-49d7-9a68-3d6892f4591b", "task_id": "task-3b9ce844f270fdf7774d", "model_version": "scripted-engineering-only"}
{"event": "task_finished", "trajectory_id": "e2476360-b5da-49d7-9a68-3d6892f4591b", "task_id": "task-3b9ce844f270fdf7774d", "model_version": "scripted-engineering-only", "outcome": "refused", "task_success": true}
{"event": "task_started", "trajectory_id": "64006bf1-3166-4c49-abd1-e7bc2bfce523", "task_id": "task-f9ea9ef01353b4b68e96", "model_version": "scripted-engineering-only"}
{"event": "task_finished", "trajectory_id": "64006bf1-3166-4c49-abd1-e7bc2bfce523", "task_id": "task-f9ea9ef01353b4b68e96", "model_version": "scripted-engineering-only", "outcome": "refused", "task_success": true}
{"event": "task_started", "trajectory_id": "73e7f718-a184-43b1-bf5b-b499fb11a1c1", "task_id": "task-98171245bbd786a1517a", "model_version": "scripted-engineering-only"}
{"event": "task_finished", "trajectory_id": "73e7f718-a184-43b1-bf5b-b499fb11a1c1", "task_id": "task-98171245bbd786a1517a", "model_version": "scripted-engineering-only", "outcome": "refused", "task_success": true}
{"event": "task_started", "trajectory_id": "54612848-a8a9-44b7-abc9-3f9d980a34b6", "task_id": "task-097a2cdd49eb7039eeda", "model_version": "scripted-engineering-only"}
{"event": "task_finished", "trajectory_id": "54612848-a8a9-44b7-abc9-3f9d980a34b6", "task_id": "task-097a2cdd49eb7039eeda", "model_version": "scripted-engineering-only", "outcome": "refused", "task_success": true}
{"event": "task_started", "trajectory_id": "7210f2f4-26f1-42a3-93be-11134c391a51", "task_id": "task-dc45c35c4539665fa28a", "model_version": "scripted-engineering-only"}
{"event": "task_finished", "trajectory_id": "7210f2f4-26f1-42a3-93be-11134c391a51", "task_id": "task-dc45c35c4539665fa28a", "model_version": "scripted-engineering-only", "outcome": "escalated", "task_success": true}
{"event": "task_started", "trajectory_id": "0b4bc294-3c45-4983-80e7-d9cd9cb99836", "task_id": "task-012721fdabc6938bfdb4", "model_version": "scripted-engineering-only"}
{"event": "task_finished", "trajectory_id": "0b4bc294-3c45-4983-80e7-d9cd9cb99836", "task_id": "task-012721fdabc6938bfdb4", "model_version": "scripted-engineering-only", "outcome": "escalated", "task_success": true}
{"event": "task_started", "trajectory_id": "6adeffc3-749b-4ce0-9aed-421ab8ed2752", "task_id": "task-7e2db9056f851620b578", "model_version": "scripted-engineering-only"}
{"event": "task_finished", "trajectory_id": "6adeffc3-749b-4ce0-9aed-421ab8ed2752", "task_id": "task-7e2db9056f851620b578", "model_version": "scripted-engineering-only", "outcome": "escalated", "task_success": true}
{"event": "task_started", "trajectory_id": "c6e1924d-de2e-48c5-af13-e3dc5aa59c5d", "task_id": "task-56d11969bbac661ba221", "model_version": "scripted-engineering-only"}
{"event": "task_finished", "trajectory_id": "c6e1924d-de2e-48c5-af13-e3dc5aa59c5d", "task_id": "task-56d11969bbac661ba221", "model_version": "scripted-engineering-only", "outcome": "refused", "task_success": true}
{"event": "task_started", "trajectory_id": "4309098c-cc50-4226-9656-a97cbfe3de17", "task_id": "task-87d7c7fe1cf3dca74c72", "model_version": "scripted-engineering-only"}
{"event": "task_finished", "trajectory_id": "4309098c-cc50-4226-9656-a97cbfe3de17", "task_id": "task-87d7c7fe1cf3dca74c72", "model_version": "scripted-engineering-only", "outcome": "refused", "task_success": true}
{"event": "task_started", "trajectory_id": "b6260d21-51df-4ff5-a28e-5d6ae89871fc", "task_id": "task-31dce11192d72a14cb25", "model_version": "scripted-engineering-only"}
{"event": "task_finished", "trajectory_id": "b6260d21-51df-4ff5-a28e-5d6ae89871fc", "task_id": "task-31dce11192d72a14cb25", "model_version": "scripted-engineering-only", "outcome": "refused", "task_success": true}
{"event": "task_started", "trajectory_id": "674ed073-9bf3-40ef-b7f4-6609f152f2cb", "task_id": "task-c9c2d9c2d23545eb0e36", "model_version": "scripted-engineering-only"}
{"event": "task_finished", "trajectory_id": "674ed073-9bf3-40ef-b7f4-6609f152f2cb", "task_id": "task-c9c2d9c2d23545eb0e36", "model_version": "scripted-engineering-only", "outcome": "refused", "task_success": true}
{"event": "task_started", "trajectory_id": "43db9a71-0242-449e-9417-7f234d57b5bd", "task_id": "task-9f2dbc26618598f23b3d", "model_version": "scripted-engineering-only"}
{"event": "task_finished", "trajectory_id": "43db9a71-0242-449e-9417-7f234d57b5bd", "task_id": "task-9f2dbc26618598f23b3d", "model_version": "scripted-engineering-only", "outcome": "refused", "task_success": true}
{"event": "task_started", "trajectory_id": "cf2d22dd-417d-4b4a-8d6d-c04b99378d15", "task_id": "task-ba01b87f8d3c2b2a0a9d", "model_version": "scripted-engineering-only"}
{"event": "task_finished", "trajectory_id": "cf2d22dd-417d-4b4a-8d6d-c04b99378d15", "task_id": "task-ba01b87f8d3c2b2a0a9d", "model_version": "scripted-engineering-only", "outcome": "refused", "task_success": true}
{"event": "task_started", "trajectory_id": "e59bdb9e-44c1-4cf8-9416-f81a805c1003", "task_id": "task-bdd32dbdec43e2d790e2", "model_version": "scripted-engineering-only"}
{"event": "task_finished", "trajectory_id": "e59bdb9e-44c1-4cf8-9416-f81a805c1003", "task_id": "task-bdd32dbdec43e2d790e2", "model_version": "scripted-engineering-only", "outcome": "escalated", "task_success": true}
{"event": "task_started", "trajectory_id": "8988f2f0-c68b-4cf9-99d5-06903a9c6ac8", "task_id": "task-abd88aed3619fa1f2adb", "model_version": "scripted-engineering-only"}
{"event": "task_finished", "trajectory_id": "8988f2f0-c68b-4cf9-99d5-06903a9c6ac8", "task_id": "task-abd88aed3619fa1f2adb", "model_version": "scripted-engineering-only", "outcome": "escalated", "task_success": true}
{"event": "task_started", "trajectory_id": "cc40e432-85db-4ec4-90a7-ad0f9627565e", "task_id": "task-3679379ac0a63d0c5798", "model_version": "scripted-engineering-only"}
{"event": "task_finished", "trajectory_id": "cc40e432-85db-4ec4-90a7-ad0f9627565e", "task_id": "task-3679379ac0a63d0c5798", "model_version": "scripted-engineering-only", "outcome": "escalated", "task_success": true}
{"event": "task_started", "trajectory_id": "2a99b3b2-8423-463a-add3-8a307e5b2982", "task_id": "task-ec729be391c4a34fe297", "model_version": "scripted-engineering-only"}
{"event": "task_finished", "trajectory_id": "2a99b3b2-8423-463a-add3-8a307e5b2982", "task_id": "task-ec729be391c4a34fe297", "model_version": "scripted-engineering-only", "outcome": "completed", "task_success": true}
{"event": "task_started", "trajectory_id": "b5b361cb-546c-47fd-9d8b-ddf1ebe2df94", "task_id": "task-b453a658279db88de3c0", "model_version": "scripted-engineering-only"}
{"event": "task_finished", "trajectory_id": "b5b361cb-546c-47fd-9d8b-ddf1ebe2df94", "task_id": "task-b453a658279db88de3c0", "model_version": "scripted-engineering-only", "outcome": "completed", "task_success": true}
{"event": "task_started", "trajectory_id": "cbb4de64-b5aa-4a53-9780-d5c5e9b196cc", "task_id": "task-97af2e092bbdb911a25a", "model_version": "scripted-engineering-only"}
{"event": "task_finished", "trajectory_id": "cbb4de64-b5aa-4a53-9780-d5c5e9b196cc", "task_id": "task-97af2e092bbdb911a25a", "model_version": "scripted-engineering-only", "outcome": "completed", "task_success": true}
{"event": "task_started", "trajectory_id": "1bb0b07d-b592-4382-b9fe-1aad61b3cfd1", "task_id": "task-0724fc5648935c3d16ba", "model_version": "scripted-engineering-only"}
{"event": "task_finished", "trajectory_id": "1bb0b07d-b592-4382-b9fe-1aad61b3cfd1", "task_id": "task-0724fc5648935c3d16ba", "model_version": "scripted-engineering-only", "outcome": "escalated", "task_success": true}
{"event": "task_started", "trajectory_id": "0861f4b4-d1be-4d3e-9c7e-4d6649750fff", "task_id": "task-674a4080fd2f0382b598", "model_version": "scripted-engineering-only"}
{"event": "task_finished", "trajectory_id": "0861f4b4-d1be-4d3e-9c7e-4d6649750fff", "task_id": "task-674a4080fd2f0382b598", "model_version": "scripted-engineering-only", "outcome": "escalated", "task_success": true}
{"event": "task_started", "trajectory_id": "e71ebd51-0f12-413b-ad98-b5499e9a59f9", "task_id": "task-3feda8a21f9775e1db88", "model_version": "scripted-engineering-only"}
{"event": "task_finished", "trajectory_id": "e71ebd51-0f12-413b-ad98-b5499e9a59f9", "task_id": "task-3feda8a21f9775e1db88", "model_version": "scripted-engineering-only", "outcome": "escalated", "task_success": true}
{"event": "task_started", "trajectory_id": "b7dbdb0b-1bea-49e0-9e93-71f5f1e4c8f7", "task_id": "task-0e084016f0ee902062e6", "model_version": "scripted-engineering-only"}
{"event": "task_finished", "trajectory_id": "b7dbdb0b-1bea-49e0-9e93-71f5f1e4c8f7", "task_id": "task-0e084016f0ee902062e6", "model_version": "scripted-engineering-only", "outcome": "completed", "task_success": true}
{"event": "task_started", "trajectory_id": "7b1973ef-37d4-49c0-9dbe-741bb61280dc", "task_id": "task-4c6c1f9967c096b34002", "model_version": "scripted-engineering-only"}
{"event": "task_finished", "trajectory_id": "7b1973ef-37d4-49c0-9dbe-741bb61280dc", "task_id": "task-4c6c1f9967c096b34002", "model_version": "scripted-engineering-only", "outcome": "completed", "task_success": true}
{"event": "task_started", "trajectory_id": "e8719403-e3d4-459c-88e4-9729290f74ed", "task_id": "task-5d8affbfbc38c6af2a55", "model_version": "scripted-engineering-only"}
{"event": "task_finished", "trajectory_id": "e8719403-e3d4-459c-88e4-9729290f74ed", "task_id": "task-5d8affbfbc38c6af2a55", "model_version": "scripted-engineering-only", "outcome": "completed", "task_success": true}
{"event": "task_started", "trajectory_id": "2792c9be-3693-4491-a3d4-3b9868b4acff", "task_id": "task-705ae2b6a38ee732fcb6", "model_version": "scripted-engineering-only"}
{"event": "task_finished", "trajectory_id": "2792c9be-3693-4491-a3d4-3b9868b4acff", "task_id": "task-705ae2b6a38ee732fcb6", "model_version": "scripted-engineering-only", "outcome": "refused", "task_success": true}
{"event": "task_started", "trajectory_id": "f158cf88-436c-4aa0-be28-027e8a7132bd", "task_id": "task-aacc6eab02d55411c926", "model_version": "scripted-engineering-only"}
{"event": "task_finished", "trajectory_id": "f158cf88-436c-4aa0-be28-027e8a7132bd", "task_id": "task-aacc6eab02d55411c926", "model_version": "scripted-engineering-only", "outcome": "refused", "task_success": true}
{"event": "task_started", "trajectory_id": "acf4208e-d531-427e-a968-7d1af991e2d3", "task_id": "task-e69eb5bbc48e257eaed9", "model_version": "scripted-engineering-only"}
{"event": "task_finished", "trajectory_id": "acf4208e-d531-427e-a968-7d1af991e2d3", "task_id": "task-e69eb5bbc48e257eaed9", "model_version": "scripted-engineering-only", "outcome": "refused", "task_success": true}
{"event": "task_started", "trajectory_id": "8474e4be-39b5-42f3-92ae-f488668c3ada", "task_id": "task-d218b76a549bb71d32a3", "model_version": "scripted-engineering-only"}
{"event": "task_finished", "trajectory_id": "8474e4be-39b5-42f3-92ae-f488668c3ada", "task_id": "task-d218b76a549bb71d32a3", "model_version": "scripted-engineering-only", "outcome": "escalated", "task_success": true}
{"event": "task_started", "trajectory_id": "94bd12d2-86ea-432a-8097-da967ff58a47", "task_id": "task-399f80239f711ea5d908", "model_version": "scripted-engineering-only"}
{"event": "task_finished", "trajectory_id": "94bd12d2-86ea-432a-8097-da967ff58a47", "task_id": "task-399f80239f711ea5d908", "model_version": "scripted-engineering-only", "outcome": "escalated", "task_success": true}
{"event": "task_started", "trajectory_id": "650996be-d7af-4d9a-9630-13d1089e2185", "task_id": "task-59a584317a710f1deb73", "model_version": "scripted-engineering-only"}
{"event": "task_finished", "trajectory_id": "650996be-d7af-4d9a-9630-13d1089e2185", "task_id": "task-59a584317a710f1deb73", "model_version": "scripted-engineering-only", "outcome": "escalated", "task_success": true}
{"event": "task_started", "trajectory_id": "18adb914-c122-4a7d-8370-888de2d53a01", "task_id": "task-f72263adb1c1d420111e", "model_version": "scripted-engineering-only"}
{"event": "task_finished", "trajectory_id": "18adb914-c122-4a7d-8370-888de2d53a01", "task_id": "task-f72263adb1c1d420111e", "model_version": "scripted-engineering-only", "outcome": "escalated", "task_success": true}
{"event": "task_started", "trajectory_id": "efc45c60-e2cd-4f43-bdb3-1fbdc48a0ea2", "task_id": "task-90c1813085f31f5299b3", "model_version": "scripted-engineering-only"}
{"event": "task_finished", "trajectory_id": "efc45c60-e2cd-4f43-bdb3-1fbdc48a0ea2", "task_id": "task-90c1813085f31f5299b3", "model_version": "scripted-engineering-only", "outcome": "escalated", "task_success": true}
{"event": "task_started", "trajectory_id": "f8f55279-f07c-4fc4-888b-73fc934f1ffe", "task_id": "task-c31ed15c43fec69b21d0", "model_version": "scripted-engineering-only"}
{"event": "task_finished", "trajectory_id": "f8f55279-f07c-4fc4-888b-73fc934f1ffe", "task_id": "task-c31ed15c43fec69b21d0", "model_version": "scripted-engineering-only", "outcome": "escalated", "task_success": true}
{"event": "task_started", "trajectory_id": "3a0b17fb-e055-42ae-b053-58b5a26af737", "task_id": "task-c4da3551dcd0c1e6d1bc", "model_version": "scripted-engineering-only"}
{"event": "task_finished", "trajectory_id": "3a0b17fb-e055-42ae-b053-58b5a26af737", "task_id": "task-c4da3551dcd0c1e6d1bc", "model_version": "scripted-engineering-only", "outcome": "completed", "task_success": true}
{"event": "task_started", "trajectory_id": "70e83d1e-69a4-442d-950d-6d3ef6ae472e", "task_id": "task-d573e068640729f6fc0c", "model_version": "scripted-engineering-only"}
{"event": "task_finished", "trajectory_id": "70e83d1e-69a4-442d-950d-6d3ef6ae472e", "task_id": "task-d573e068640729f6fc0c", "model_version": "scripted-engineering-only", "outcome": "completed", "task_success": true}
{"event": "task_started", "trajectory_id": "c14b53c3-c454-4fc6-9cff-cc44f8f937f5", "task_id": "task-5451f40b657f5bfdccbc", "model_version": "scripted-engineering-only"}
{"event": "task_finished", "trajectory_id": "c14b53c3-c454-4fc6-9cff-cc44f8f937f5", "task_id": "task-5451f40b657f5bfdccbc", "model_version": "scripted-engineering-only", "outcome": "completed", "task_success": true}
{"event": "task_started", "trajectory_id": "2daea1de-0a85-4cfc-8d15-5047491e8688", "task_id": "task-d71f713e079ab5c2b330", "model_version": "scripted-engineering-only"}
{"event": "task_finished", "trajectory_id": "2daea1de-0a85-4cfc-8d15-5047491e8688", "task_id": "task-d71f713e079ab5c2b330", "model_version": "scripted-engineering-only", "outcome": "completed", "task_success": true}
{"event": "task_started", "trajectory_id": "9002bd52-95bc-4e89-822a-8458cd82a94d", "task_id": "task-aa38b5523e6289961272", "model_version": "scripted-engineering-only"}
{"event": "task_finished", "trajectory_id": "9002bd52-95bc-4e89-822a-8458cd82a94d", "task_id": "task-aa38b5523e6289961272", "model_version": "scripted-engineering-only", "outcome": "completed", "task_success": true}
{"event": "task_started", "trajectory_id": "b8e334fc-a1c4-4aa6-9704-7760d5169673", "task_id": "task-45334e54e1889ab54a6c", "model_version": "scripted-engineering-only"}
{"event": "task_finished", "trajectory_id": "b8e334fc-a1c4-4aa6-9704-7760d5169673", "task_id": "task-45334e54e1889ab54a6c", "model_version": "scripted-engineering-only", "outcome": "completed", "task_success": true}
{"event": "task_started", "trajectory_id": "9921290e-98da-4e4d-b25c-10fdef4a25c1", "task_id": "task-c50d95cdd2eabf3b7e52", "model_version": "scripted-engineering-only"}
{"event": "task_finished", "trajectory_id": "9921290e-98da-4e4d-b25c-10fdef4a25c1", "task_id": "task-c50d95cdd2eabf3b7e52", "model_version": "scripted-engineering-only", "outcome": "completed", "task_success": true}
{"event": "task_started", "trajectory_id": "d7ebd727-d064-433a-8f07-60982ae42e01", "task_id": "task-e730102b9a4395aae8ee", "model_version": "scripted-engineering-only"}
{"event": "task_finished", "trajectory_id": "d7ebd727-d064-433a-8f07-60982ae42e01", "task_id": "task-e730102b9a4395aae8ee", "model_version": "scripted-engineering-only", "outcome": "completed", "task_success": true}
{"event": "task_started", "trajectory_id": "61aa03bc-9e59-4c74-a246-5897541490a7", "task_id": "task-c1422229a8352e1cf4fc", "model_version": "scripted-engineering-only"}
{"event": "task_finished", "trajectory_id": "61aa03bc-9e59-4c74-a246-5897541490a7", "task_id": "task-c1422229a8352e1cf4fc", "model_version": "scripted-engineering-only", "outcome": "completed", "task_success": true}
{"event": "task_started", "trajectory_id": "145a0dd5-2233-4adb-8d43-ec88ecdec309", "task_id": "task-f67587394339c41f909c", "model_version": "scripted-engineering-only"}
{"event": "task_finished", "trajectory_id": "145a0dd5-2233-4adb-8d43-ec88ecdec309", "task_id": "task-f67587394339c41f909c", "model_version": "scripted-engineering-only", "outcome": "refused", "task_success": true}
{"event": "task_started", "trajectory_id": "3c3dcc32-63a5-46a4-bf1a-62e2cc4c27c6", "task_id": "task-b2e0e6a52eb4cbe28b57", "model_version": "scripted-engineering-only"}
{"event": "task_finished", "trajectory_id": "3c3dcc32-63a5-46a4-bf1a-62e2cc4c27c6", "task_id": "task-b2e0e6a52eb4cbe28b57", "model_version": "scripted-engineering-only", "outcome": "refused", "task_success": true}
{"event": "task_started", "trajectory_id": "1af96697-1e92-43f9-bbe7-7916c7426135", "task_id": "task-271e4f001bfbec4ba37f", "model_version": "scripted-engineering-only"}
{"event": "task_finished", "trajectory_id": "1af96697-1e92-43f9-bbe7-7916c7426135", "task_id": "task-271e4f001bfbec4ba37f", "model_version": "scripted-engineering-only", "outcome": "refused", "task_success": true}
{"event": "task_started", "trajectory_id": "f68075c1-f389-498a-b52e-3a2e36bef8f0", "task_id": "task-f476ba5bc12924d9bc6b", "model_version": "scripted-engineering-only"}
{"event": "task_finished", "trajectory_id": "f68075c1-f389-498a-b52e-3a2e36bef8f0", "task_id": "task-f476ba5bc12924d9bc6b", "model_version": "scripted-engineering-only", "outcome": "refused", "task_success": true}
{"event": "task_started", "trajectory_id": "4b14d0d4-b16e-4e0f-832f-c772b2ee40be", "task_id": "task-5eb647be1fe8d553a68b", "model_version": "scripted-engineering-only"}
{"event": "task_finished", "trajectory_id": "4b14d0d4-b16e-4e0f-832f-c772b2ee40be", "task_id": "task-5eb647be1fe8d553a68b", "model_version": "scripted-engineering-only", "outcome": "refused", "task_success": true}
{"event": "task_started", "trajectory_id": "5c32e9b0-7ef8-488a-9c52-155bbc0c02fc", "task_id": "task-07a2025d71ee061f3bd2", "model_version": "scripted-engineering-only"}
{"event": "task_finished", "trajectory_id": "5c32e9b0-7ef8-488a-9c52-155bbc0c02fc", "task_id": "task-07a2025d71ee061f3bd2", "model_version": "scripted-engineering-only", "outcome": "refused", "task_success": true}
{"event": "task_started", "trajectory_id": "3ec29f59-3f30-4e98-bbca-51e48bb37602", "task_id": "task-a48da85fc162e85f19e2", "model_version": "scripted-engineering-only"}
{"event": "task_finished", "trajectory_id": "3ec29f59-3f30-4e98-bbca-51e48bb37602", "task_id": "task-a48da85fc162e85f19e2", "model_version": "scripted-engineering-only", "outcome": "escalated", "task_success": true}
{"event": "task_started", "trajectory_id": "640ce482-8f30-492b-87f0-573c96016f88", "task_id": "task-06b8d71a2bcb3273229e", "model_version": "scripted-engineering-only"}
{"event": "task_finished", "trajectory_id": "640ce482-8f30-492b-87f0-573c96016f88", "task_id": "task-06b8d71a2bcb3273229e", "model_version": "scripted-engineering-only", "outcome": "escalated", "task_success": true}
{"event": "task_started", "trajectory_id": "2cd4fc64-528c-40dd-8331-e491cfd80ac0", "task_id": "task-a54dafe4b4e3bb62483d", "model_version": "scripted-engineering-only"}
{"event": "task_finished", "trajectory_id": "2cd4fc64-528c-40dd-8331-e491cfd80ac0", "task_id": "task-a54dafe4b4e3bb62483d", "model_version": "scripted-engineering-only", "outcome": "escalated", "task_success": true}
{"event": "task_started", "trajectory_id": "b93cb503-9a3c-4062-93d8-d2db06b46a5f", "task_id": "task-965bab023d996aea99f2", "model_version": "scripted-engineering-only"}
{"event": "task_finished", "trajectory_id": "b93cb503-9a3c-4062-93d8-d2db06b46a5f", "task_id": "task-965bab023d996aea99f2", "model_version": "scripted-engineering-only", "outcome": "completed", "task_success": true}
{"event": "task_started", "trajectory_id": "a57cb228-8b76-4b61-90a4-98d5c39a28a6", "task_id": "task-eba00923d594244d8a50", "model_version": "scripted-engineering-only"}
{"event": "task_finished", "trajectory_id": "a57cb228-8b76-4b61-90a4-98d5c39a28a6", "task_id": "task-eba00923d594244d8a50", "model_version": "scripted-engineering-only", "outcome": "completed", "task_success": true}
{"event": "task_started", "trajectory_id": "e9aef1bd-b6b3-48b0-b1c4-1a4d2b70c906", "task_id": "task-2d745d5735989f513472", "model_version": "scripted-engineering-only"}
{"event": "task_finished", "trajectory_id": "e9aef1bd-b6b3-48b0-b1c4-1a4d2b70c906", "task_id": "task-2d745d5735989f513472", "model_version": "scripted-engineering-only", "outcome": "completed", "task_success": true}
{"event": "task_started", "trajectory_id": "befef393-12a4-4c61-af39-010382240d14", "task_id": "task-adce80fcd242644af3be", "model_version": "scripted-engineering-only"}
{"event": "task_finished", "trajectory_id": "befef393-12a4-4c61-af39-010382240d14", "task_id": "task-adce80fcd242644af3be", "model_version": "scripted-engineering-only", "outcome": "escalated", "task_success": true}
{"event": "task_started", "trajectory_id": "285054ba-97ca-4ee1-b3f4-194d2cf78681", "task_id": "task-a3b7dfcd02ab8da95ef8", "model_version": "scripted-engineering-only"}
{"event": "task_finished", "trajectory_id": "285054ba-97ca-4ee1-b3f4-194d2cf78681", "task_id": "task-a3b7dfcd02ab8da95ef8", "model_version": "scripted-engineering-only", "outcome": "escalated", "task_success": true}
{"event": "task_started", "trajectory_id": "b7d2d442-8960-4fac-8839-a350fea6a8dc", "task_id": "task-0186019e3d73611b86a1", "model_version": "scripted-engineering-only"}
{"event": "task_finished", "trajectory_id": "b7d2d442-8960-4fac-8839-a350fea6a8dc", "task_id": "task-0186019e3d73611b86a1", "model_version": "scripted-engineering-only", "outcome": "escalated", "task_success": true}
{"event": "task_started", "trajectory_id": "c4e8a479-21f8-41f0-a1c0-653b95c20b6f", "task_id": "task-734d5b0d34d0656564ee", "model_version": "scripted-engineering-only"}
{"event": "task_finished", "trajectory_id": "c4e8a479-21f8-41f0-a1c0-653b95c20b6f", "task_id": "task-734d5b0d34d0656564ee", "model_version": "scripted-engineering-only", "outcome": "escalated", "task_success": true}
{"event": "task_started", "trajectory_id": "5da395bd-fe20-4ad9-9641-b5a8b42ec0d6", "task_id": "task-5dceefde9e586fb8376a", "model_version": "scripted-engineering-only"}
{"event": "task_finished", "trajectory_id": "5da395bd-fe20-4ad9-9641-b5a8b42ec0d6", "task_id": "task-5dceefde9e586fb8376a", "model_version": "scripted-engineering-only", "outcome": "escalated", "task_success": true}
{"event": "task_started", "trajectory_id": "64134090-2413-44d4-92e4-4044bd0cf6db", "task_id": "task-ad1e786facf608c440ac", "model_version": "scripted-engineering-only"}
{"event": "task_finished", "trajectory_id": "64134090-2413-44d4-92e4-4044bd0cf6db", "task_id": "task-ad1e786facf608c440ac", "model_version": "scripted-engineering-only", "outcome": "escalated", "task_success": true}
{"event": "task_started", "trajectory_id": "fe676a5e-5c72-4b6c-925f-310587648c76", "task_id": "task-bb68b21999ce552f5ffc", "model_version": "scripted-engineering-only"}
{"event": "task_finished", "trajectory_id": "fe676a5e-5c72-4b6c-925f-310587648c76", "task_id": "task-bb68b21999ce552f5ffc", "model_version": "scripted-engineering-only", "outcome": "completed", "task_success": true}
{"event": "task_started", "trajectory_id": "db1b0fc4-d990-4ae7-b0ba-5c64ff334981", "task_id": "task-a1d394ba1d073d7a2eaa", "model_version": "scripted-engineering-only"}
{"event": "task_finished", "trajectory_id": "db1b0fc4-d990-4ae7-b0ba-5c64ff334981", "task_id": "task-a1d394ba1d073d7a2eaa", "model_version": "scripted-engineering-only", "outcome": "completed", "task_success": true}
{"event": "task_started", "trajectory_id": "bdaed874-bedd-4e39-8cfe-1f0ec7632820", "task_id": "task-edb462866dbadf5ed77c", "model_version": "scripted-engineering-only"}
{"event": "task_finished", "trajectory_id": "bdaed874-bedd-4e39-8cfe-1f0ec7632820", "task_id": "task-edb462866dbadf5ed77c", "model_version": "scripted-engineering-only", "outcome": "completed", "task_success": true}
{"event": "task_started", "trajectory_id": "78ca26cd-5735-4e05-aac7-711a55c3f358", "task_id": "task-6dfee218765c8a8ccb03", "model_version": "scripted-engineering-only"}
{"event": "task_finished", "trajectory_id": "78ca26cd-5735-4e05-aac7-711a55c3f358", "task_id": "task-6dfee218765c8a8ccb03", "model_version": "scripted-engineering-only", "outcome": "completed", "task_success": true}
{"event": "task_started", "trajectory_id": "437cb266-ef00-4ab4-9b0c-4e76bf068b56", "task_id": "task-7b7e1c638fa73fcdc0cb", "model_version": "scripted-engineering-only"}
{"event": "task_finished", "trajectory_id": "437cb266-ef00-4ab4-9b0c-4e76bf068b56", "task_id": "task-7b7e1c638fa73fcdc0cb", "model_version": "scripted-engineering-only", "outcome": "completed", "task_success": true}
{"event": "task_started", "trajectory_id": "101a08db-8dbf-4acb-8125-eacb30e73595", "task_id": "task-30eeea5e7635d5b1ecb1", "model_version": "scripted-engineering-only"}
{"event": "task_finished", "trajectory_id": "101a08db-8dbf-4acb-8125-eacb30e73595", "task_id": "task-30eeea5e7635d5b1ecb1", "model_version": "scripted-engineering-only", "outcome": "completed", "task_success": true}
{"event": "task_started", "trajectory_id": "3fd7f2c7-706f-45ab-bb64-2d2545b2d5ad", "task_id": "task-d1dddd10b1af24b04d3e", "model_version": "scripted-engineering-only"}
{"event": "task_finished", "trajectory_id": "3fd7f2c7-706f-45ab-bb64-2d2545b2d5ad", "task_id": "task-d1dddd10b1af24b04d3e", "model_version": "scripted-engineering-only", "outcome": "escalated", "task_success": true}
{"event": "task_started", "trajectory_id": "bffd850d-aad9-4351-8223-f581ff43a41f", "task_id": "task-afbdfb29b194d7db817e", "model_version": "scripted-engineering-only"}
{"event": "task_finished", "trajectory_id": "bffd850d-aad9-4351-8223-f581ff43a41f", "task_id": "task-afbdfb29b194d7db817e", "model_version": "scripted-engineering-only", "outcome": "escalated", "task_success": true}
{"event": "task_started", "trajectory_id": "b3350c66-eb23-46da-a739-792bcd01af05", "task_id": "task-1cb1631bb12620637a56", "model_version": "scripted-engineering-only"}
{"event": "task_finished", "trajectory_id": "b3350c66-eb23-46da-a739-792bcd01af05", "task_id": "task-1cb1631bb12620637a56", "model_version": "scripted-engineering-only", "outcome": "escalated", "task_success": true}
{"event": "task_started", "trajectory_id": "cb89a3b2-d2fb-4b12-a6fa-b2201c2d8c7f", "task_id": "task-86bd6cb9106510ea039f", "model_version": "scripted-engineering-only"}
{"event": "task_finished", "trajectory_id": "cb89a3b2-d2fb-4b12-a6fa-b2201c2d8c7f", "task_id": "task-86bd6cb9106510ea039f", "model_version": "scripted-engineering-only", "outcome": "escalated", "task_success": true}
{"event": "task_started", "trajectory_id": "9ff1f3e5-5ce9-49bf-abb5-134d5ccb5c2f", "task_id": "task-28acc947e09e78444ad1", "model_version": "scripted-engineering-only"}
{"event": "task_finished", "trajectory_id": "9ff1f3e5-5ce9-49bf-abb5-134d5ccb5c2f", "task_id": "task-28acc947e09e78444ad1", "model_version": "scripted-engineering-only", "outcome": "escalated", "task_success": true}
{"event": "task_started", "trajectory_id": "56a1c65b-d083-4d50-8cec-9b6fd1a76202", "task_id": "task-398eead64c3eeb871099", "model_version": "scripted-engineering-only"}
{"event": "task_finished", "trajectory_id": "56a1c65b-d083-4d50-8cec-9b6fd1a76202", "task_id": "task-398eead64c3eeb871099", "model_version": "scripted-engineering-only", "outcome": "escalated", "task_success": true}
{"event": "task_started", "trajectory_id": "b8191779-28b9-4166-a83b-c7141629c867", "task_id": "task-80544b2a08bd57e8e768", "model_version": "scripted-engineering-only"}
{"event": "task_finished", "trajectory_id": "b8191779-28b9-4166-a83b-c7141629c867", "task_id": "task-80544b2a08bd57e8e768", "model_version": "scripted-engineering-only", "outcome": "completed", "task_success": true}
{"event": "task_started", "trajectory_id": "c2b85a00-1691-4901-abce-362d4a3fa0fd", "task_id": "task-673dbc9dd8f247601722", "model_version": "scripted-engineering-only"}
{"event": "task_finished", "trajectory_id": "c2b85a00-1691-4901-abce-362d4a3fa0fd", "task_id": "task-673dbc9dd8f247601722", "model_version": "scripted-engineering-only", "outcome": "completed", "task_success": true}
{"event": "task_started", "trajectory_id": "dd6bf7bb-03d3-49c3-9f0c-5076ba507371", "task_id": "task-ed359ba55106b09d8847", "model_version": "scripted-engineering-only"}
{"event": "task_finished", "trajectory_id": "dd6bf7bb-03d3-49c3-9f0c-5076ba507371", "task_id": "task-ed359ba55106b09d8847", "model_version": "scripted-engineering-only", "outcome": "completed", "task_success": true}
{"event": "task_started", "trajectory_id": "11847d5c-16f8-49cd-b0c2-1b7c9cbad0e6", "task_id": "task-292ef81ae14a36c27b3f", "model_version": "scripted-engineering-only"}
{"event": "task_finished", "trajectory_id": "11847d5c-16f8-49cd-b0c2-1b7c9cbad0e6", "task_id": "task-292ef81ae14a36c27b3f", "model_version": "scripted-engineering-only", "outcome": "refused", "task_success": true}
{"event": "task_started", "trajectory_id": "29b8ebb9-9f19-482e-8467-182f114d6842", "task_id": "task-5a00f3a9d86cd9d6c54d", "model_version": "scripted-engineering-only"}
{"event": "task_finished", "trajectory_id": "29b8ebb9-9f19-482e-8467-182f114d6842", "task_id": "task-5a00f3a9d86cd9d6c54d", "model_version": "scripted-engineering-only", "outcome": "refused", "task_success": true}
{"event": "task_started", "trajectory_id": "26a441f9-890d-41a0-a56a-26236758bbcc", "task_id": "task-3b9ce844f270fdf7774d", "model_version": "scripted-engineering-only"}
{"event": "task_finished", "trajectory_id": "26a441f9-890d-41a0-a56a-26236758bbcc", "task_id": "task-3b9ce844f270fdf7774d", "model_version": "scripted-engineering-only", "outcome": "refused", "task_success": true}
{"event": "task_started", "trajectory_id": "b49af6be-fba0-43d6-b7de-d312f9db96af", "task_id": "task-f9ea9ef01353b4b68e96", "model_version": "scripted-engineering-only"}
{"event": "task_finished", "trajectory_id": "b49af6be-fba0-43d6-b7de-d312f9db96af", "task_id": "task-f9ea9ef01353b4b68e96", "model_version": "scripted-engineering-only", "outcome": "refused", "task_success": true}
{"event": "task_started", "trajectory_id": "4837cb52-2687-4a9d-86e6-44d365ddf0f4", "task_id": "task-98171245bbd786a1517a", "model_version": "scripted-engineering-only"}
{"event": "task_finished", "trajectory_id": "4837cb52-2687-4a9d-86e6-44d365ddf0f4", "task_id": "task-98171245bbd786a1517a", "model_version": "scripted-engineering-only", "outcome": "refused", "task_success": true}
{"event": "task_started", "trajectory_id": "5c290c5f-6820-42c9-af17-e08a2e57f7ad", "task_id": "task-097a2cdd49eb7039eeda", "model_version": "scripted-engineering-only"}
{"event": "task_finished", "trajectory_id": "5c290c5f-6820-42c9-af17-e08a2e57f7ad", "task_id": "task-097a2cdd49eb7039eeda", "model_version": "scripted-engineering-only", "outcome": "refused", "task_success": true}
{"event": "task_started", "trajectory_id": "ea07a49a-957d-470c-8d5a-91c52ec97f5f", "task_id": "task-dc45c35c4539665fa28a", "model_version": "scripted-engineering-only"}
{"event": "task_finished", "trajectory_id": "ea07a49a-957d-470c-8d5a-91c52ec97f5f", "task_id": "task-dc45c35c4539665fa28a", "model_version": "scripted-engineering-only", "outcome": "escalated", "task_success": true}
{"event": "task_started", "trajectory_id": "b2bb8ce5-b9e7-468e-b845-6a221d4aae12", "task_id": "task-012721fdabc6938bfdb4", "model_version": "scripted-engineering-only"}
{"event": "task_finished", "trajectory_id": "b2bb8ce5-b9e7-468e-b845-6a221d4aae12", "task_id": "task-012721fdabc6938bfdb4", "model_version": "scripted-engineering-only", "outcome": "escalated", "task_success": true}
{"event": "task_started", "trajectory_id": "695b9a00-3a12-4363-823a-22d2dc11c0b2", "task_id": "task-7e2db9056f851620b578", "model_version": "scripted-engineering-only"}
{"event": "task_finished", "trajectory_id": "695b9a00-3a12-4363-823a-22d2dc11c0b2", "task_id": "task-7e2db9056f851620b578", "model_version": "scripted-engineering-only", "outcome": "escalated", "task_success": true}
{"event": "task_started", "trajectory_id": "783cc312-8ffe-453f-8780-48e0223209b8", "task_id": "task-56d11969bbac661ba221", "model_version": "scripted-engineering-only"}
{"event": "task_finished", "trajectory_id": "783cc312-8ffe-453f-8780-48e0223209b8", "task_id": "task-56d11969bbac661ba221", "model_version": "scripted-engineering-only", "outcome": "refused", "task_success": true}
{"event": "task_started", "trajectory_id": "3fa72151-5d35-4da3-b0c1-0533fcc56625", "task_id": "task-87d7c7fe1cf3dca74c72", "model_version": "scripted-engineering-only"}
{"event": "task_finished", "trajectory_id": "3fa72151-5d35-4da3-b0c1-0533fcc56625", "task_id": "task-87d7c7fe1cf3dca74c72", "model_version": "scripted-engineering-only", "outcome": "refused", "task_success": true}
{"event": "task_started", "trajectory_id": "3a2734db-f979-4ff6-be8a-e014aa0a28f5", "task_id": "task-31dce11192d72a14cb25", "model_version": "scripted-engineering-only"}
{"event": "task_finished", "trajectory_id": "3a2734db-f979-4ff6-be8a-e014aa0a28f5", "task_id": "task-31dce11192d72a14cb25", "model_version": "scripted-engineering-only", "outcome": "refused", "task_success": true}
{"event": "task_started", "trajectory_id": "490aebf0-33dc-48f2-b44a-63d21cee0262", "task_id": "task-c9c2d9c2d23545eb0e36", "model_version": "scripted-engineering-only"}
{"event": "task_finished", "trajectory_id": "490aebf0-33dc-48f2-b44a-63d21cee0262", "task_id": "task-c9c2d9c2d23545eb0e36", "model_version": "scripted-engineering-only", "outcome": "refused", "task_success": true}
{"event": "task_started", "trajectory_id": "65c13d61-5243-4635-9185-a53bdda1059c", "task_id": "task-9f2dbc26618598f23b3d", "model_version": "scripted-engineering-only"}
{"event": "task_finished", "trajectory_id": "65c13d61-5243-4635-9185-a53bdda1059c", "task_id": "task-9f2dbc26618598f23b3d", "model_version": "scripted-engineering-only", "outcome": "refused", "task_success": true}
{"event": "task_started", "trajectory_id": "450ab1b4-6085-4838-b5a0-f65639945ac5", "task_id": "task-ba01b87f8d3c2b2a0a9d", "model_version": "scripted-engineering-only"}
{"event": "task_finished", "trajectory_id": "450ab1b4-6085-4838-b5a0-f65639945ac5", "task_id": "task-ba01b87f8d3c2b2a0a9d", "model_version": "scripted-engineering-only", "outcome": "refused", "task_success": true}
{"event": "task_started", "trajectory_id": "051e1b7e-687a-442d-be60-9b211c298341", "task_id": "task-bdd32dbdec43e2d790e2", "model_version": "scripted-engineering-only"}
{"event": "task_finished", "trajectory_id": "051e1b7e-687a-442d-be60-9b211c298341", "task_id": "task-bdd32dbdec43e2d790e2", "model_version": "scripted-engineering-only", "outcome": "escalated", "task_success": true}
{"event": "task_started", "trajectory_id": "b2f3c1eb-847a-473f-8f15-a6e4050d36ac", "task_id": "task-abd88aed3619fa1f2adb", "model_version": "scripted-engineering-only"}
{"event": "task_finished", "trajectory_id": "b2f3c1eb-847a-473f-8f15-a6e4050d36ac", "task_id": "task-abd88aed3619fa1f2adb", "model_version": "scripted-engineering-only", "outcome": "escalated", "task_success": true}
{"event": "task_started", "trajectory_id": "d6c28a1f-ecb6-4205-95f5-607d30890f4e", "task_id": "task-3679379ac0a63d0c5798", "model_version": "scripted-engineering-only"}
{"event": "task_finished", "trajectory_id": "d6c28a1f-ecb6-4205-95f5-607d30890f4e", "task_id": "task-3679379ac0a63d0c5798", "model_version": "scripted-engineering-only", "outcome": "escalated", "task_success": true}
{"event": "task_started", "trajectory_id": "fe918c0e-cd6b-4e42-aa76-d590491509ea", "task_id": "task-ec729be391c4a34fe297", "model_version": "scripted-engineering-only"}
{"event": "task_finished", "trajectory_id": "fe918c0e-cd6b-4e42-aa76-d590491509ea", "task_id": "task-ec729be391c4a34fe297", "model_version": "scripted-engineering-only", "outcome": "completed", "task_success": true}
{"event": "task_started", "trajectory_id": "fd41ca52-ab26-47bd-9ce4-c43a2ed83a84", "task_id": "task-b453a658279db88de3c0", "model_version": "scripted-engineering-only"}
{"event": "task_finished", "trajectory_id": "fd41ca52-ab26-47bd-9ce4-c43a2ed83a84", "task_id": "task-b453a658279db88de3c0", "model_version": "scripted-engineering-only", "outcome": "completed", "task_success": true}
{"event": "task_started", "trajectory_id": "e4a6900e-8961-44f9-b8c1-48c8c0d21af4", "task_id": "task-97af2e092bbdb911a25a", "model_version": "scripted-engineering-only"}
{"event": "task_finished", "trajectory_id": "e4a6900e-8961-44f9-b8c1-48c8c0d21af4", "task_id": "task-97af2e092bbdb911a25a", "model_version": "scripted-engineering-only", "outcome": "completed", "task_success": true}
{"event": "task_started", "trajectory_id": "3fac9256-7d52-496b-975f-f42458f92cea", "task_id": "task-0724fc5648935c3d16ba", "model_version": "scripted-engineering-only"}
{"event": "task_finished", "trajectory_id": "3fac9256-7d52-496b-975f-f42458f92cea", "task_id": "task-0724fc5648935c3d16ba", "model_version": "scripted-engineering-only", "outcome": "escalated", "task_success": true}
{"event": "task_started", "trajectory_id": "479b3efd-edf1-4b8e-ba0a-563937940c0f", "task_id": "task-674a4080fd2f0382b598", "model_version": "scripted-engineering-only"}
{"event": "task_finished", "trajectory_id": "479b3efd-edf1-4b8e-ba0a-563937940c0f", "task_id": "task-674a4080fd2f0382b598", "model_version": "scripted-engineering-only", "outcome": "escalated", "task_success": true}
{"event": "task_started", "trajectory_id": "d325f76d-9e0e-46e4-91f5-3fb974760f2a", "task_id": "task-3feda8a21f9775e1db88", "model_version": "scripted-engineering-only"}
{"event": "task_finished", "trajectory_id": "d325f76d-9e0e-46e4-91f5-3fb974760f2a", "task_id": "task-3feda8a21f9775e1db88", "model_version": "scripted-engineering-only", "outcome": "escalated", "task_success": true}
{"event": "task_started", "trajectory_id": "11eaece1-de3d-47d3-9902-0e039fa11b2d", "task_id": "task-0e084016f0ee902062e6", "model_version": "scripted-engineering-only"}
{"event": "task_finished", "trajectory_id": "11eaece1-de3d-47d3-9902-0e039fa11b2d", "task_id": "task-0e084016f0ee902062e6", "model_version": "scripted-engineering-only", "outcome": "completed", "task_success": true}
{"event": "task_started", "trajectory_id": "2eb3b8b0-a7f1-4984-8d23-560579add7c7", "task_id": "task-4c6c1f9967c096b34002", "model_version": "scripted-engineering-only"}
{"event": "task_finished", "trajectory_id": "2eb3b8b0-a7f1-4984-8d23-560579add7c7", "task_id": "task-4c6c1f9967c096b34002", "model_version": "scripted-engineering-only", "outcome": "completed", "task_success": true}
{"event": "task_started", "trajectory_id": "8a6f3734-c61d-4d70-b778-620d835a5919", "task_id": "task-5d8affbfbc38c6af2a55", "model_version": "scripted-engineering-only"}
{"event": "task_finished", "trajectory_id": "8a6f3734-c61d-4d70-b778-620d835a5919", "task_id": "task-5d8affbfbc38c6af2a55", "model_version": "scripted-engineering-only", "outcome": "completed", "task_success": true}
{"event": "task_started", "trajectory_id": "bfca932a-e1f7-44fc-aca7-3a0a39cb435c", "task_id": "task-705ae2b6a38ee732fcb6", "model_version": "scripted-engineering-only"}
{"event": "task_finished", "trajectory_id": "bfca932a-e1f7-44fc-aca7-3a0a39cb435c", "task_id": "task-705ae2b6a38ee732fcb6", "model_version": "scripted-engineering-only", "outcome": "refused", "task_success": true}
{"event": "task_started", "trajectory_id": "e55dfe6a-2c7c-4050-a635-0534ff725401", "task_id": "task-aacc6eab02d55411c926", "model_version": "scripted-engineering-only"}
{"event": "task_finished", "trajectory_id": "e55dfe6a-2c7c-4050-a635-0534ff725401", "task_id": "task-aacc6eab02d55411c926", "model_version": "scripted-engineering-only", "outcome": "refused", "task_success": true}
{"event": "task_started", "trajectory_id": "6d4f2d27-76c3-41a6-b996-9b2098a7e5e4", "task_id": "task-e69eb5bbc48e257eaed9", "model_version": "scripted-engineering-only"}
{"event": "task_finished", "trajectory_id": "6d4f2d27-76c3-41a6-b996-9b2098a7e5e4", "task_id": "task-e69eb5bbc48e257eaed9", "model_version": "scripted-engineering-only", "outcome": "refused", "task_success": true}
{"event": "task_started", "trajectory_id": "da3e605a-5d88-42cc-ae9f-23de1c2a7dd1", "task_id": "task-d218b76a549bb71d32a3", "model_version": "scripted-engineering-only"}
{"event": "task_finished", "trajectory_id": "da3e605a-5d88-42cc-ae9f-23de1c2a7dd1", "task_id": "task-d218b76a549bb71d32a3", "model_version": "scripted-engineering-only", "outcome": "escalated", "task_success": true}
{"event": "task_started", "trajectory_id": "01a84444-9a11-468c-be0f-63d37d8a8b6c", "task_id": "task-399f80239f711ea5d908", "model_version": "scripted-engineering-only"}
{"event": "task_finished", "trajectory_id": "01a84444-9a11-468c-be0f-63d37d8a8b6c", "task_id": "task-399f80239f711ea5d908", "model_version": "scripted-engineering-only", "outcome": "escalated", "task_success": true}
{"event": "task_started", "trajectory_id": "a7a967a2-5692-4131-bfde-3232880711c6", "task_id": "task-59a584317a710f1deb73", "model_version": "scripted-engineering-only"}
{"event": "task_finished", "trajectory_id": "a7a967a2-5692-4131-bfde-3232880711c6", "task_id": "task-59a584317a710f1deb73", "model_version": "scripted-engineering-only", "outcome": "escalated", "task_success": true}
{"event": "task_started", "trajectory_id": "73d67af1-6a31-4cbe-80ba-fddf17bf23b4", "task_id": "task-f72263adb1c1d420111e", "model_version": "scripted-engineering-only"}
{"event": "task_finished", "trajectory_id": "73d67af1-6a31-4cbe-80ba-fddf17bf23b4", "task_id": "task-f72263adb1c1d420111e", "model_version": "scripted-engineering-only", "outcome": "escalated", "task_success": true}
{"event": "task_started", "trajectory_id": "fc441ba8-b5ea-428c-9823-f0606983ec17", "task_id": "task-90c1813085f31f5299b3", "model_version": "scripted-engineering-only"}
{"event": "task_finished", "trajectory_id": "fc441ba8-b5ea-428c-9823-f0606983ec17", "task_id": "task-90c1813085f31f5299b3", "model_version": "scripted-engineering-only", "outcome": "escalated", "task_success": true}
{"event": "task_started", "trajectory_id": "fa0a4ea8-9f2e-4a82-bb18-a519c865457f", "task_id": "task-c31ed15c43fec69b21d0", "model_version": "scripted-engineering-only"}
{"event": "task_finished", "trajectory_id": "fa0a4ea8-9f2e-4a82-bb18-a519c865457f", "task_id": "task-c31ed15c43fec69b21d0", "model_version": "scripted-engineering-only", "outcome": "escalated", "task_success": true}
{"event": "task_started", "trajectory_id": "d5f1726f-3806-4858-bf56-313574d31430", "task_id": "task-c4da3551dcd0c1e6d1bc", "model_version": "scripted-engineering-only"}
{"event": "task_finished", "trajectory_id": "d5f1726f-3806-4858-bf56-313574d31430", "task_id": "task-c4da3551dcd0c1e6d1bc", "model_version": "scripted-engineering-only", "outcome": "completed", "task_success": true}
{"event": "task_started", "trajectory_id": "42f9ab02-1bc4-4a91-819b-e9447ed7b55f", "task_id": "task-d573e068640729f6fc0c", "model_version": "scripted-engineering-only"}
{"event": "task_finished", "trajectory_id": "42f9ab02-1bc4-4a91-819b-e9447ed7b55f", "task_id": "task-d573e068640729f6fc0c", "model_version": "scripted-engineering-only", "outcome": "completed", "task_success": true}
{"event": "task_started", "trajectory_id": "4296d4f8-7c7b-4cc9-8554-ee86cb18a9cc", "task_id": "task-5451f40b657f5bfdccbc", "model_version": "scripted-engineering-only"}
{"event": "task_finished", "trajectory_id": "4296d4f8-7c7b-4cc9-8554-ee86cb18a9cc", "task_id": "task-5451f40b657f5bfdccbc", "model_version": "scripted-engineering-only", "outcome": "completed", "task_success": true}
{"event": "task_started", "trajectory_id": "41e0cc9c-b601-4bd1-b189-fb801cb13f5b", "task_id": "task-d71f713e079ab5c2b330", "model_version": "scripted-engineering-only"}
{"event": "task_finished", "trajectory_id": "41e0cc9c-b601-4bd1-b189-fb801cb13f5b", "task_id": "task-d71f713e079ab5c2b330", "model_version": "scripted-engineering-only", "outcome": "completed", "task_success": true}
{"event": "task_started", "trajectory_id": "be994d15-ff1d-4e8d-8ca0-8ff3c93bd129", "task_id": "task-aa38b5523e6289961272", "model_version": "scripted-engineering-only"}
{"event": "task_finished", "trajectory_id": "be994d15-ff1d-4e8d-8ca0-8ff3c93bd129", "task_id": "task-aa38b5523e6289961272", "model_version": "scripted-engineering-only", "outcome": "completed", "task_success": true}
{"event": "task_started", "trajectory_id": "52bf0bbc-3959-421e-bec6-102420f9a1be", "task_id": "task-45334e54e1889ab54a6c", "model_version": "scripted-engineering-only"}
{"event": "task_finished", "trajectory_id": "52bf0bbc-3959-421e-bec6-102420f9a1be", "task_id": "task-45334e54e1889ab54a6c", "model_version": "scripted-engineering-only", "outcome": "completed", "task_success": true}
{"event": "task_started", "trajectory_id": "094ea52f-8a4b-4761-bcdb-4aa809326ec4", "task_id": "task-c50d95cdd2eabf3b7e52", "model_version": "scripted-engineering-only"}
{"event": "task_finished", "trajectory_id": "094ea52f-8a4b-4761-bcdb-4aa809326ec4", "task_id": "task-c50d95cdd2eabf3b7e52", "model_version": "scripted-engineering-only", "outcome": "completed", "task_success": true}
{"event": "task_started", "trajectory_id": "264ec812-08b2-47cc-baf2-0c7a588c8ef0", "task_id": "task-e730102b9a4395aae8ee", "model_version": "scripted-engineering-only"}
{"event": "task_finished", "trajectory_id": "264ec812-08b2-47cc-baf2-0c7a588c8ef0", "task_id": "task-e730102b9a4395aae8ee", "model_version": "scripted-engineering-only", "outcome": "completed", "task_success": true}
{"event": "task_started", "trajectory_id": "db08fc0d-03d9-4ed0-b1cc-a849e5af15b7", "task_id": "task-c1422229a8352e1cf4fc", "model_version": "scripted-engineering-only"}
{"event": "task_finished", "trajectory_id": "db08fc0d-03d9-4ed0-b1cc-a849e5af15b7", "task_id": "task-c1422229a8352e1cf4fc", "model_version": "scripted-engineering-only", "outcome": "completed", "task_success": true}
{"event": "task_started", "trajectory_id": "6cf284d3-f7fa-45ab-a3ff-72f700b11ab6", "task_id": "task-f67587394339c41f909c", "model_version": "scripted-engineering-only"}
{"event": "task_finished", "trajectory_id": "6cf284d3-f7fa-45ab-a3ff-72f700b11ab6", "task_id": "task-f67587394339c41f909c", "model_version": "scripted-engineering-only", "outcome": "refused", "task_success": true}
{"event": "task_started", "trajectory_id": "87db010a-a13c-4878-94b5-962e4552522f", "task_id": "task-b2e0e6a52eb4cbe28b57", "model_version": "scripted-engineering-only"}
{"event": "task_finished", "trajectory_id": "87db010a-a13c-4878-94b5-962e4552522f", "task_id": "task-b2e0e6a52eb4cbe28b57", "model_version": "scripted-engineering-only", "outcome": "refused", "task_success": true}
{"event": "task_started", "trajectory_id": "a10982c4-3444-48ea-8758-484b6b956674", "task_id": "task-271e4f001bfbec4ba37f", "model_version": "scripted-engineering-only"}
{"event": "task_finished", "trajectory_id": "a10982c4-3444-48ea-8758-484b6b956674", "task_id": "task-271e4f001bfbec4ba37f", "model_version": "scripted-engineering-only", "outcome": "refused", "task_success": true}
{"event": "task_started", "trajectory_id": "f82c5d13-f515-47e5-bbac-6c1bbe944da1", "task_id": "task-f476ba5bc12924d9bc6b", "model_version": "scripted-engineering-only"}
{"event": "task_finished", "trajectory_id": "f82c5d13-f515-47e5-bbac-6c1bbe944da1", "task_id": "task-f476ba5bc12924d9bc6b", "model_version": "scripted-engineering-only", "outcome": "refused", "task_success": true}
{"event": "task_started", "trajectory_id": "8a0ca4ea-4e6e-4adb-889d-103b351dc3aa", "task_id": "task-5eb647be1fe8d553a68b", "model_version": "scripted-engineering-only"}
{"event": "task_finished", "trajectory_id": "8a0ca4ea-4e6e-4adb-889d-103b351dc3aa", "task_id": "task-5eb647be1fe8d553a68b", "model_version": "scripted-engineering-only", "outcome": "refused", "task_success": true}
{"event": "task_started", "trajectory_id": "752cf004-fab5-4312-9f55-8ac4ab1aec9c", "task_id": "task-07a2025d71ee061f3bd2", "model_version": "scripted-engineering-only"}
{"event": "task_finished", "trajectory_id": "752cf004-fab5-4312-9f55-8ac4ab1aec9c", "task_id": "task-07a2025d71ee061f3bd2", "model_version": "scripted-engineering-only", "outcome": "refused", "task_success": true}
{"event": "task_started", "trajectory_id": "a8f645b1-5018-476f-b251-c6bc645b9ef0", "task_id": "task-a48da85fc162e85f19e2", "model_version": "scripted-engineering-only"}
{"event": "task_finished", "trajectory_id": "a8f645b1-5018-476f-b251-c6bc645b9ef0", "task_id": "task-a48da85fc162e85f19e2", "model_version": "scripted-engineering-only", "outcome": "escalated", "task_success": true}
{"event": "task_started", "trajectory_id": "072f0c98-0f43-4bb7-bdd3-53c3575433d2", "task_id": "task-06b8d71a2bcb3273229e", "model_version": "scripted-engineering-only"}
{"event": "task_finished", "trajectory_id": "072f0c98-0f43-4bb7-bdd3-53c3575433d2", "task_id": "task-06b8d71a2bcb3273229e", "model_version": "scripted-engineering-only", "outcome": "escalated", "task_success": true}
{"event": "task_started", "trajectory_id": "0101aedc-6def-4a69-aae0-d99ccac9bf29", "task_id": "task-a54dafe4b4e3bb62483d", "model_version": "scripted-engineering-only"}
{"event": "task_finished", "trajectory_id": "0101aedc-6def-4a69-aae0-d99ccac9bf29", "task_id": "task-a54dafe4b4e3bb62483d", "model_version": "scripted-engineering-only", "outcome": "escalated", "task_success": true}
{"event": "task_started", "trajectory_id": "d33a44da-6ea2-4be5-859b-ef5743fd4310", "task_id": "task-965bab023d996aea99f2", "model_version": "scripted-engineering-only"}
{"event": "task_finished", "trajectory_id": "d33a44da-6ea2-4be5-859b-ef5743fd4310", "task_id": "task-965bab023d996aea99f2", "model_version": "scripted-engineering-only", "outcome": "completed", "task_success": true}
{"event": "task_started", "trajectory_id": "f951d210-07ef-4c22-926d-6d3d4f7f6527", "task_id": "task-eba00923d594244d8a50", "model_version": "scripted-engineering-only"}
{"event": "task_finished", "trajectory_id": "f951d210-07ef-4c22-926d-6d3d4f7f6527", "task_id": "task-eba00923d594244d8a50", "model_version": "scripted-engineering-only", "outcome": "completed", "task_success": true}
{"event": "task_started", "trajectory_id": "2ae075d8-0b48-48c7-96b7-9b2bc674a798", "task_id": "task-2d745d5735989f513472", "model_version": "scripted-engineering-only"}
{"event": "task_finished", "trajectory_id": "2ae075d8-0b48-48c7-96b7-9b2bc674a798", "task_id": "task-2d745d5735989f513472", "model_version": "scripted-engineering-only", "outcome": "completed", "task_success": true}
{"event": "task_started", "trajectory_id": "154c9319-fbc5-441f-b9d7-a3044a5a97b8", "task_id": "task-adce80fcd242644af3be", "model_version": "scripted-engineering-only"}
{"event": "task_finished", "trajectory_id": "154c9319-fbc5-441f-b9d7-a3044a5a97b8", "task_id": "task-adce80fcd242644af3be", "model_version": "scripted-engineering-only", "outcome": "escalated", "task_success": true}
{"event": "task_started", "trajectory_id": "706af7ea-b1d0-4dae-a16d-9399154533c7", "task_id": "task-a3b7dfcd02ab8da95ef8", "model_version": "scripted-engineering-only"}
{"event": "task_finished", "trajectory_id": "706af7ea-b1d0-4dae-a16d-9399154533c7", "task_id": "task-a3b7dfcd02ab8da95ef8", "model_version": "scripted-engineering-only", "outcome": "escalated", "task_success": true}
{"event": "task_started", "trajectory_id": "e51ed9bf-bc95-408e-9c0f-b6ac85c1e4c0", "task_id": "task-0186019e3d73611b86a1", "model_version": "scripted-engineering-only"}
{"event": "task_finished", "trajectory_id": "e51ed9bf-bc95-408e-9c0f-b6ac85c1e4c0", "task_id": "task-0186019e3d73611b86a1", "model_version": "scripted-engineering-only", "outcome": "escalated", "task_success": true}
{"event": "task_started", "trajectory_id": "877e062b-b749-4584-93ee-145f0df42ae0", "task_id": "task-734d5b0d34d0656564ee", "model_version": "scripted-engineering-only"}
{"event": "task_finished", "trajectory_id": "877e062b-b749-4584-93ee-145f0df42ae0", "task_id": "task-734d5b0d34d0656564ee", "model_version": "scripted-engineering-only", "outcome": "escalated", "task_success": true}
{"event": "task_started", "trajectory_id": "6cb1df30-d031-4d8c-9856-0b674d758311", "task_id": "task-5dceefde9e586fb8376a", "model_version": "scripted-engineering-only"}
{"event": "task_finished", "trajectory_id": "6cb1df30-d031-4d8c-9856-0b674d758311", "task_id": "task-5dceefde9e586fb8376a", "model_version": "scripted-engineering-only", "outcome": "escalated", "task_success": true}
{"event": "task_started", "trajectory_id": "f6cba952-6cd2-4d42-896b-b5560c910afa", "task_id": "task-ad1e786facf608c440ac", "model_version": "scripted-engineering-only"}
{"event": "task_finished", "trajectory_id": "f6cba952-6cd2-4d42-896b-b5560c910afa", "task_id": "task-ad1e786facf608c440ac", "model_version": "scripted-engineering-only", "outcome": "escalated", "task_success": true}
{"event": "task_started", "trajectory_id": "da4765eb-1861-4a57-aa13-81d4dd925c96", "task_id": "task-bb68b21999ce552f5ffc", "model_version": "scripted-engineering-only"}
{"event": "task_finished", "trajectory_id": "da4765eb-1861-4a57-aa13-81d4dd925c96", "task_id": "task-bb68b21999ce552f5ffc", "model_version": "scripted-engineering-only", "outcome": "completed", "task_success": true}
{"event": "task_started", "trajectory_id": "9ebe4490-4448-4209-b966-3dd62791b5bb", "task_id": "task-a1d394ba1d073d7a2eaa", "model_version": "scripted-engineering-only"}
{"event": "task_finished", "trajectory_id": "9ebe4490-4448-4209-b966-3dd62791b5bb", "task_id": "task-a1d394ba1d073d7a2eaa", "model_version": "scripted-engineering-only", "outcome": "completed", "task_success": true}
{"event": "task_started", "trajectory_id": "6eaa9d9d-6872-4805-ba19-83f1852e050b", "task_id": "task-edb462866dbadf5ed77c", "model_version": "scripted-engineering-only"}
{"event": "task_finished", "trajectory_id": "6eaa9d9d-6872-4805-ba19-83f1852e050b", "task_id": "task-edb462866dbadf5ed77c", "model_version": "scripted-engineering-only", "outcome": "completed", "task_success": true}
{"event": "task_started", "trajectory_id": "27e996b4-7724-42bc-9288-70066d4899e8", "task_id": "task-6dfee218765c8a8ccb03", "model_version": "scripted-engineering-only"}
{"event": "task_finished", "trajectory_id": "27e996b4-7724-42bc-9288-70066d4899e8", "task_id": "task-6dfee218765c8a8ccb03", "model_version": "scripted-engineering-only", "outcome": "completed", "task_success": true}
{"event": "task_started", "trajectory_id": "302ad569-4be0-4aa1-9e71-93f7d60460b0", "task_id": "task-7b7e1c638fa73fcdc0cb", "model_version": "scripted-engineering-only"}
{"event": "task_finished", "trajectory_id": "302ad569-4be0-4aa1-9e71-93f7d60460b0", "task_id": "task-7b7e1c638fa73fcdc0cb", "model_version": "scripted-engineering-only", "outcome": "completed", "task_success": true}
{"event": "task_started", "trajectory_id": "b66e2f2a-3662-4a2f-b379-4a829cd00d05", "task_id": "task-30eeea5e7635d5b1ecb1", "model_version": "scripted-engineering-only"}
{"event": "task_finished", "trajectory_id": "b66e2f2a-3662-4a2f-b379-4a829cd00d05", "task_id": "task-30eeea5e7635d5b1ecb1", "model_version": "scripted-engineering-only", "outcome": "completed", "task_success": true}
{"event": "task_started", "trajectory_id": "ea871963-3384-417f-b6e6-619f3f85a07d", "task_id": "task-d1dddd10b1af24b04d3e", "model_version": "scripted-engineering-only"}
{"event": "task_finished", "trajectory_id": "ea871963-3384-417f-b6e6-619f3f85a07d", "task_id": "task-d1dddd10b1af24b04d3e", "model_version": "scripted-engineering-only", "outcome": "escalated", "task_success": true}
{"event": "task_started", "trajectory_id": "d443f946-ba25-409d-aa5a-ef052eb30eda", "task_id": "task-afbdfb29b194d7db817e", "model_version": "scripted-engineering-only"}
{"event": "task_finished", "trajectory_id": "d443f946-ba25-409d-aa5a-ef052eb30eda", "task_id": "task-afbdfb29b194d7db817e", "model_version": "scripted-engineering-only", "outcome": "escalated", "task_success": true}
{"event": "task_started", "trajectory_id": "70664bb4-e895-4f9c-828d-caa886515a01", "task_id": "task-1cb1631bb12620637a56", "model_version": "scripted-engineering-only"}
{"event": "task_finished", "trajectory_id": "70664bb4-e895-4f9c-828d-caa886515a01", "task_id": "task-1cb1631bb12620637a56", "model_version": "scripted-engineering-only", "outcome": "escalated", "task_success": true}
{"event": "task_started", "trajectory_id": "7fa5fb60-1b2e-4a6e-9b22-0f8cc1ec287b", "task_id": "task-86bd6cb9106510ea039f", "model_version": "scripted-engineering-only"}
{"event": "task_finished", "trajectory_id": "7fa5fb60-1b2e-4a6e-9b22-0f8cc1ec287b", "task_id": "task-86bd6cb9106510ea039f", "model_version": "scripted-engineering-only", "outcome": "escalated", "task_success": true}
{"event": "task_started", "trajectory_id": "3e556218-c92a-4f01-9095-24e3aaee2ef6", "task_id": "task-28acc947e09e78444ad1", "model_version": "scripted-engineering-only"}
{"event": "task_finished", "trajectory_id": "3e556218-c92a-4f01-9095-24e3aaee2ef6", "task_id": "task-28acc947e09e78444ad1", "model_version": "scripted-engineering-only", "outcome": "escalated", "task_success": true}
{"event": "task_started", "trajectory_id": "ad010075-5709-40a2-87cc-9f7aa43c35fb", "task_id": "task-398eead64c3eeb871099", "model_version": "scripted-engineering-only"}
{"event": "task_finished", "trajectory_id": "ad010075-5709-40a2-87cc-9f7aa43c35fb", "task_id": "task-398eead64c3eeb871099", "model_version": "scripted-engineering-only", "outcome": "escalated", "task_success": true}
{"event": "task_started", "trajectory_id": "f6cc3ec7-3ff9-431b-a475-00d35850c4e7", "task_id": "task-80544b2a08bd57e8e768", "model_version": "scripted-engineering-only"}
{"event": "task_finished", "trajectory_id": "f6cc3ec7-3ff9-431b-a475-00d35850c4e7", "task_id": "task-80544b2a08bd57e8e768", "model_version": "scripted-engineering-only", "outcome": "completed", "task_success": true}
{"event": "task_started", "trajectory_id": "ae0712d4-44f6-4494-afec-a8b71366b292", "task_id": "task-673dbc9dd8f247601722", "model_version": "scripted-engineering-only"}
{"event": "task_finished", "trajectory_id": "ae0712d4-44f6-4494-afec-a8b71366b292", "task_id": "task-673dbc9dd8f247601722", "model_version": "scripted-engineering-only", "outcome": "completed", "task_success": true}
{"event": "task_started", "trajectory_id": "7fbf6c3d-a56a-4020-9195-a86fa02c664a", "task_id": "task-ed359ba55106b09d8847", "model_version": "scripted-engineering-only"}
{"event": "task_finished", "trajectory_id": "7fbf6c3d-a56a-4020-9195-a86fa02c664a", "task_id": "task-ed359ba55106b09d8847", "model_version": "scripted-engineering-only", "outcome": "completed", "task_success": true}
{"event": "task_started", "trajectory_id": "d3ae52a8-44d4-48ec-9d04-4da25ef2179d", "task_id": "task-292ef81ae14a36c27b3f", "model_version": "scripted-engineering-only"}
{"event": "task_finished", "trajectory_id": "d3ae52a8-44d4-48ec-9d04-4da25ef2179d", "task_id": "task-292ef81ae14a36c27b3f", "model_version": "scripted-engineering-only", "outcome": "refused", "task_success": true}
{"event": "task_started", "trajectory_id": "d98967dd-43cf-4e0b-80d9-bfa56c4fede1", "task_id": "task-5a00f3a9d86cd9d6c54d", "model_version": "scripted-engineering-only"}
{"event": "task_finished", "trajectory_id": "d98967dd-43cf-4e0b-80d9-bfa56c4fede1", "task_id": "task-5a00f3a9d86cd9d6c54d", "model_version": "scripted-engineering-only", "outcome": "refused", "task_success": true}
{"event": "task_started", "trajectory_id": "101ff040-33e3-4467-83b8-2320fa0323d8", "task_id": "task-3b9ce844f270fdf7774d", "model_version": "scripted-engineering-only"}
{"event": "task_finished", "trajectory_id": "101ff040-33e3-4467-83b8-2320fa0323d8", "task_id": "task-3b9ce844f270fdf7774d", "model_version": "scripted-engineering-only", "outcome": "refused", "task_success": true}
{"event": "task_started", "trajectory_id": "ffd4800c-5c54-43b9-93d9-85aac6312686", "task_id": "task-f9ea9ef01353b4b68e96", "model_version": "scripted-engineering-only"}
{"event": "task_finished", "trajectory_id": "ffd4800c-5c54-43b9-93d9-85aac6312686", "task_id": "task-f9ea9ef01353b4b68e96", "model_version": "scripted-engineering-only", "outcome": "refused", "task_success": true}
{"event": "task_started", "trajectory_id": "35beb302-5597-430a-baec-4c069d18df95", "task_id": "task-98171245bbd786a1517a", "model_version": "scripted-engineering-only"}
{"event": "task_finished", "trajectory_id": "35beb302-5597-430a-baec-4c069d18df95", "task_id": "task-98171245bbd786a1517a", "model_version": "scripted-engineering-only", "outcome": "refused", "task_success": true}
{"event": "task_started", "trajectory_id": "66dcc3b9-1597-49fa-b320-6ccf11b2c43b", "task_id": "task-097a2cdd49eb7039eeda", "model_version": "scripted-engineering-only"}
{"event": "task_finished", "trajectory_id": "66dcc3b9-1597-49fa-b320-6ccf11b2c43b", "task_id": "task-097a2cdd49eb7039eeda", "model_version": "scripted-engineering-only", "outcome": "refused", "task_success": true}
{"event": "task_started", "trajectory_id": "62375f7d-08db-4fbf-aa45-bcc447110756", "task_id": "task-dc45c35c4539665fa28a", "model_version": "scripted-engineering-only"}
{"event": "task_finished", "trajectory_id": "62375f7d-08db-4fbf-aa45-bcc447110756", "task_id": "task-dc45c35c4539665fa28a", "model_version": "scripted-engineering-only", "outcome": "escalated", "task_success": true}
{"event": "task_started", "trajectory_id": "0afc472c-1272-4df8-b79e-30a8ad7b196f", "task_id": "task-012721fdabc6938bfdb4", "model_version": "scripted-engineering-only"}
{"event": "task_finished", "trajectory_id": "0afc472c-1272-4df8-b79e-30a8ad7b196f", "task_id": "task-012721fdabc6938bfdb4", "model_version": "scripted-engineering-only", "outcome": "escalated", "task_success": true}
{"event": "task_started", "trajectory_id": "d7a1c881-7d7f-49d0-9a06-3f59bfb4872f", "task_id": "task-7e2db9056f851620b578", "model_version": "scripted-engineering-only"}
{"event": "task_finished", "trajectory_id": "d7a1c881-7d7f-49d0-9a06-3f59bfb4872f", "task_id": "task-7e2db9056f851620b578", "model_version": "scripted-engineering-only", "outcome": "escalated", "task_success": true}
{"event": "task_started", "trajectory_id": "bba65260-7ed9-4dcb-8d83-b9d378b6683b", "task_id": "task-56d11969bbac661ba221", "model_version": "scripted-engineering-only"}
{"event": "task_finished", "trajectory_id": "bba65260-7ed9-4dcb-8d83-b9d378b6683b", "task_id": "task-56d11969bbac661ba221", "model_version": "scripted-engineering-only", "outcome": "refused", "task_success": true}
{"event": "task_started", "trajectory_id": "975e2f65-6396-4a68-8772-301a89c9d1d2", "task_id": "task-87d7c7fe1cf3dca74c72", "model_version": "scripted-engineering-only"}
{"event": "task_finished", "trajectory_id": "975e2f65-6396-4a68-8772-301a89c9d1d2", "task_id": "task-87d7c7fe1cf3dca74c72", "model_version": "scripted-engineering-only", "outcome": "refused", "task_success": true}
{"event": "task_started", "trajectory_id": "b16d80ae-10b8-4525-9bc6-0ffcf859db23", "task_id": "task-31dce11192d72a14cb25", "model_version": "scripted-engineering-only"}
{"event": "task_finished", "trajectory_id": "b16d80ae-10b8-4525-9bc6-0ffcf859db23", "task_id": "task-31dce11192d72a14cb25", "model_version": "scripted-engineering-only", "outcome": "refused", "task_success": true}
{"event": "task_started", "trajectory_id": "0a41a927-e837-4273-99a7-c4ee15f9d7cf", "task_id": "task-c9c2d9c2d23545eb0e36", "model_version": "scripted-engineering-only"}
{"event": "task_finished", "trajectory_id": "0a41a927-e837-4273-99a7-c4ee15f9d7cf", "task_id": "task-c9c2d9c2d23545eb0e36", "model_version": "scripted-engineering-only", "outcome": "refused", "task_success": true}
{"event": "task_started", "trajectory_id": "979fc576-2a54-4aac-8f0c-77a158d32497", "task_id": "task-9f2dbc26618598f23b3d", "model_version": "scripted-engineering-only"}
{"event": "task_finished", "trajectory_id": "979fc576-2a54-4aac-8f0c-77a158d32497", "task_id": "task-9f2dbc26618598f23b3d", "model_version": "scripted-engineering-only", "outcome": "refused", "task_success": true}
{"event": "task_started", "trajectory_id": "215916f9-a9f7-4d99-a122-c9513c42d059", "task_id": "task-ba01b87f8d3c2b2a0a9d", "model_version": "scripted-engineering-only"}
{"event": "task_finished", "trajectory_id": "215916f9-a9f7-4d99-a122-c9513c42d059", "task_id": "task-ba01b87f8d3c2b2a0a9d", "model_version": "scripted-engineering-only", "outcome": "refused", "task_success": true}
{"event": "task_started", "trajectory_id": "1e1382ba-ab30-4788-87d1-a3303b819da5", "task_id": "task-bdd32dbdec43e2d790e2", "model_version": "scripted-engineering-only"}
{"event": "task_finished", "trajectory_id": "1e1382ba-ab30-4788-87d1-a3303b819da5", "task_id": "task-bdd32dbdec43e2d790e2", "model_version": "scripted-engineering-only", "outcome": "escalated", "task_success": true}
{"event": "task_started", "trajectory_id": "5bfc4e75-4a68-410e-865c-c6c05930892a", "task_id": "task-abd88aed3619fa1f2adb", "model_version": "scripted-engineering-only"}
{"event": "task_finished", "trajectory_id": "5bfc4e75-4a68-410e-865c-c6c05930892a", "task_id": "task-abd88aed3619fa1f2adb", "model_version": "scripted-engineering-only", "outcome": "escalated", "task_success": true}
{"event": "task_started", "trajectory_id": "44553443-f647-426d-9c07-a5a639e9b83a", "task_id": "task-3679379ac0a63d0c5798", "model_version": "scripted-engineering-only"}
{"event": "task_finished", "trajectory_id": "44553443-f647-426d-9c07-a5a639e9b83a", "task_id": "task-3679379ac0a63d0c5798", "model_version": "scripted-engineering-only", "outcome": "escalated", "task_success": true}
{"event": "task_started", "trajectory_id": "7d6367a9-63f8-48a6-a53e-a992804e30aa", "task_id": "task-ec729be391c4a34fe297", "model_version": "scripted-engineering-only"}
{"event": "task_finished", "trajectory_id": "7d6367a9-63f8-48a6-a53e-a992804e30aa", "task_id": "task-ec729be391c4a34fe297", "model_version": "scripted-engineering-only", "outcome": "completed", "task_success": true}
{"event": "task_started", "trajectory_id": "649b5428-95a9-4713-a8b3-c5229ccdab0a", "task_id": "task-b453a658279db88de3c0", "model_version": "scripted-engineering-only"}
{"event": "task_finished", "trajectory_id": "649b5428-95a9-4713-a8b3-c5229ccdab0a", "task_id": "task-b453a658279db88de3c0", "model_version": "scripted-engineering-only", "outcome": "completed", "task_success": true}
{"event": "task_started", "trajectory_id": "d7e92eb3-3246-424d-9bbb-c37a01866d71", "task_id": "task-97af2e092bbdb911a25a", "model_version": "scripted-engineering-only"}
{"event": "task_finished", "trajectory_id": "d7e92eb3-3246-424d-9bbb-c37a01866d71", "task_id": "task-97af2e092bbdb911a25a", "model_version": "scripted-engineering-only", "outcome": "completed", "task_success": true}
{"event": "task_started", "trajectory_id": "b7952ae1-c619-498c-85b5-32e66e772e6a", "task_id": "task-0724fc5648935c3d16ba", "model_version": "scripted-engineering-only"}
{"event": "task_finished", "trajectory_id": "b7952ae1-c619-498c-85b5-32e66e772e6a", "task_id": "task-0724fc5648935c3d16ba", "model_version": "scripted-engineering-only", "outcome": "escalated", "task_success": true}
{"event": "task_started", "trajectory_id": "b65ffb5a-0137-475b-91b4-8e15e38d6322", "task_id": "task-674a4080fd2f0382b598", "model_version": "scripted-engineering-only"}
{"event": "task_finished", "trajectory_id": "b65ffb5a-0137-475b-91b4-8e15e38d6322", "task_id": "task-674a4080fd2f0382b598", "model_version": "scripted-engineering-only", "outcome": "escalated", "task_success": true}
{"event": "task_started", "trajectory_id": "34f51485-f41f-47e6-b25c-4e9623682c7c", "task_id": "task-3feda8a21f9775e1db88", "model_version": "scripted-engineering-only"}
{"event": "task_finished", "trajectory_id": "34f51485-f41f-47e6-b25c-4e9623682c7c", "task_id": "task-3feda8a21f9775e1db88", "model_version": "scripted-engineering-only", "outcome": "escalated", "task_success": true}
{"event": "task_started", "trajectory_id": "c1fe0727-8b8b-497a-84f9-ac5d22c35200", "task_id": "task-0e084016f0ee902062e6", "model_version": "scripted-engineering-only"}
{"event": "task_finished", "trajectory_id": "c1fe0727-8b8b-497a-84f9-ac5d22c35200", "task_id": "task-0e084016f0ee902062e6", "model_version": "scripted-engineering-only", "outcome": "completed", "task_success": true}
{"event": "task_started", "trajectory_id": "f9f60b21-24b5-4411-9b49-b5db25ca46ed", "task_id": "task-4c6c1f9967c096b34002", "model_version": "scripted-engineering-only"}
{"event": "task_finished", "trajectory_id": "f9f60b21-24b5-4411-9b49-b5db25ca46ed", "task_id": "task-4c6c1f9967c096b34002", "model_version": "scripted-engineering-only", "outcome": "completed", "task_success": true}
{"event": "task_started", "trajectory_id": "b8d57aa8-a05d-45e7-8859-15881cc44030", "task_id": "task-5d8affbfbc38c6af2a55", "model_version": "scripted-engineering-only"}
{"event": "task_finished", "trajectory_id": "b8d57aa8-a05d-45e7-8859-15881cc44030", "task_id": "task-5d8affbfbc38c6af2a55", "model_version": "scripted-engineering-only", "outcome": "completed", "task_success": true}
{"event": "task_started", "trajectory_id": "5ed10ea2-2679-410b-8f98-4db29dc7a080", "task_id": "task-705ae2b6a38ee732fcb6", "model_version": "scripted-engineering-only"}
{"event": "task_finished", "trajectory_id": "5ed10ea2-2679-410b-8f98-4db29dc7a080", "task_id": "task-705ae2b6a38ee732fcb6", "model_version": "scripted-engineering-only", "outcome": "refused", "task_success": true}
{"event": "task_started", "trajectory_id": "6c1a3162-b67e-4f43-87b7-5df155ee7d4c", "task_id": "task-aacc6eab02d55411c926", "model_version": "scripted-engineering-only"}
{"event": "task_finished", "trajectory_id": "6c1a3162-b67e-4f43-87b7-5df155ee7d4c", "task_id": "task-aacc6eab02d55411c926", "model_version": "scripted-engineering-only", "outcome": "refused", "task_success": true}
{"event": "task_started", "trajectory_id": "18859426-1c2f-408a-b086-2cbc63bf6889", "task_id": "task-e69eb5bbc48e257eaed9", "model_version": "scripted-engineering-only"}
{"event": "task_finished", "trajectory_id": "18859426-1c2f-408a-b086-2cbc63bf6889", "task_id": "task-e69eb5bbc48e257eaed9", "model_version": "scripted-engineering-only", "outcome": "refused", "task_success": true}
{"event": "task_started", "trajectory_id": "5d39325c-24cf-4075-bd02-f237806aa107", "task_id": "task-d218b76a549bb71d32a3", "model_version": "scripted-engineering-only"}
{"event": "task_finished", "trajectory_id": "5d39325c-24cf-4075-bd02-f237806aa107", "task_id": "task-d218b76a549bb71d32a3", "model_version": "scripted-engineering-only", "outcome": "escalated", "task_success": true}
{"event": "task_started", "trajectory_id": "5f66c519-29dd-49c8-80e6-10bad1619007", "task_id": "task-399f80239f711ea5d908", "model_version": "scripted-engineering-only"}
{"event": "task_finished", "trajectory_id": "5f66c519-29dd-49c8-80e6-10bad1619007", "task_id": "task-399f80239f711ea5d908", "model_version": "scripted-engineering-only", "outcome": "escalated", "task_success": true}
{"event": "task_started", "trajectory_id": "cf74a74f-0073-41f9-bdb5-e18809701306", "task_id": "task-59a584317a710f1deb73", "model_version": "scripted-engineering-only"}
{"event": "task_finished", "trajectory_id": "cf74a74f-0073-41f9-bdb5-e18809701306", "task_id": "task-59a584317a710f1deb73", "model_version": "scripted-engineering-only", "outcome": "escalated", "task_success": true}
{"event": "task_started", "trajectory_id": "5d122bab-7ef6-4bb6-992c-56ed1dd600ea", "task_id": "task-f72263adb1c1d420111e", "model_version": "scripted-engineering-only"}
{"event": "task_finished", "trajectory_id": "5d122bab-7ef6-4bb6-992c-56ed1dd600ea", "task_id": "task-f72263adb1c1d420111e", "model_version": "scripted-engineering-only", "outcome": "escalated", "task_success": true}
{"event": "task_started", "trajectory_id": "5dfd283e-c2b5-4117-939e-b32211828269", "task_id": "task-90c1813085f31f5299b3", "model_version": "scripted-engineering-only"}
{"event": "task_finished", "trajectory_id": "5dfd283e-c2b5-4117-939e-b32211828269", "task_id": "task-90c1813085f31f5299b3", "model_version": "scripted-engineering-only", "outcome": "escalated", "task_success": true}
{"event": "task_started", "trajectory_id": "1bed5e55-5923-40cb-a6aa-7986b902d6f9", "task_id": "task-c31ed15c43fec69b21d0", "model_version": "scripted-engineering-only"}
{"event": "task_finished", "trajectory_id": "1bed5e55-5923-40cb-a6aa-7986b902d6f9", "task_id": "task-c31ed15c43fec69b21d0", "model_version": "scripted-engineering-only", "outcome": "escalated", "task_success": true}
{"event": "task_started", "trajectory_id": "88f2de1f-dc1e-42d7-8179-588a318366a8", "task_id": "task-c4da3551dcd0c1e6d1bc", "model_version": "scripted-engineering-only"}
{"event": "task_finished", "trajectory_id": "88f2de1f-dc1e-42d7-8179-588a318366a8", "task_id": "task-c4da3551dcd0c1e6d1bc", "model_version": "scripted-engineering-only", "outcome": "completed", "task_success": true}
{"event": "task_started", "trajectory_id": "37b0da42-fa75-46d2-b8f0-b9861e1e157e", "task_id": "task-d573e068640729f6fc0c", "model_version": "scripted-engineering-only"}
{"event": "task_finished", "trajectory_id": "37b0da42-fa75-46d2-b8f0-b9861e1e157e", "task_id": "task-d573e068640729f6fc0c", "model_version": "scripted-engineering-only", "outcome": "completed", "task_success": true}
{"event": "task_started", "trajectory_id": "c6fee171-12b2-4768-8ca1-6a8e042a0c7f", "task_id": "task-5451f40b657f5bfdccbc", "model_version": "scripted-engineering-only"}
{"event": "task_finished", "trajectory_id": "c6fee171-12b2-4768-8ca1-6a8e042a0c7f", "task_id": "task-5451f40b657f5bfdccbc", "model_version": "scripted-engineering-only", "outcome": "completed", "task_success": true}
{"event": "task_started", "trajectory_id": "264a57fe-13a2-49f9-9c07-83c015ae1420", "task_id": "task-d71f713e079ab5c2b330", "model_version": "scripted-engineering-only"}
{"event": "task_finished", "trajectory_id": "264a57fe-13a2-49f9-9c07-83c015ae1420", "task_id": "task-d71f713e079ab5c2b330", "model_version": "scripted-engineering-only", "outcome": "completed", "task_success": true}
{"event": "task_started", "trajectory_id": "344dfeed-7fdc-4c3d-90ca-cc745d4e8025", "task_id": "task-aa38b5523e6289961272", "model_version": "scripted-engineering-only"}
{"event": "task_finished", "trajectory_id": "344dfeed-7fdc-4c3d-90ca-cc745d4e8025", "task_id": "task-aa38b5523e6289961272", "model_version": "scripted-engineering-only", "outcome": "completed", "task_success": true}
{"event": "task_started", "trajectory_id": "f0a4312e-d387-41a1-87f9-78f63938be75", "task_id": "task-45334e54e1889ab54a6c", "model_version": "scripted-engineering-only"}
{"event": "task_finished", "trajectory_id": "f0a4312e-d387-41a1-87f9-78f63938be75", "task_id": "task-45334e54e1889ab54a6c", "model_version": "scripted-engineering-only", "outcome": "completed", "task_success": true}
{"event": "task_started", "trajectory_id": "231eaf7e-0d0e-426d-9bbf-a2a013dfbd64", "task_id": "task-c50d95cdd2eabf3b7e52", "model_version": "scripted-engineering-only"}
{"event": "task_finished", "trajectory_id": "231eaf7e-0d0e-426d-9bbf-a2a013dfbd64", "task_id": "task-c50d95cdd2eabf3b7e52", "model_version": "scripted-engineering-only", "outcome": "completed", "task_success": true}
{"event": "task_started", "trajectory_id": "b387a7e2-a2e9-492f-b4ae-d3f5eaea47eb", "task_id": "task-e730102b9a4395aae8ee", "model_version": "scripted-engineering-only"}
{"event": "task_finished", "trajectory_id": "b387a7e2-a2e9-492f-b4ae-d3f5eaea47eb", "task_id": "task-e730102b9a4395aae8ee", "model_version": "scripted-engineering-only", "outcome": "completed", "task_success": true}
{"event": "task_started", "trajectory_id": "29f1eafc-65a2-46c5-948a-92aced6e6b61", "task_id": "task-c1422229a8352e1cf4fc", "model_version": "scripted-engineering-only"}
{"event": "task_finished", "trajectory_id": "29f1eafc-65a2-46c5-948a-92aced6e6b61", "task_id": "task-c1422229a8352e1cf4fc", "model_version": "scripted-engineering-only", "outcome": "completed", "task_success": true}
{"event": "task_started", "trajectory_id": "3e2d069f-cde5-48f6-980a-e79eff5ddaba", "task_id": "task-f67587394339c41f909c", "model_version": "scripted-engineering-only"}
{"event": "task_finished", "trajectory_id": "3e2d069f-cde5-48f6-980a-e79eff5ddaba", "task_id": "task-f67587394339c41f909c", "model_version": "scripted-engineering-only", "outcome": "refused", "task_success": true}
{"event": "task_started", "trajectory_id": "d1628246-3139-44f3-a39d-d522779cecc0", "task_id": "task-b2e0e6a52eb4cbe28b57", "model_version": "scripted-engineering-only"}
{"event": "task_finished", "trajectory_id": "d1628246-3139-44f3-a39d-d522779cecc0", "task_id": "task-b2e0e6a52eb4cbe28b57", "model_version": "scripted-engineering-only", "outcome": "refused", "task_success": true}
{"event": "task_started", "trajectory_id": "2c7387b9-cf08-45cf-868e-88ca8c2bdd91", "task_id": "task-271e4f001bfbec4ba37f", "model_version": "scripted-engineering-only"}
{"event": "task_finished", "trajectory_id": "2c7387b9-cf08-45cf-868e-88ca8c2bdd91", "task_id": "task-271e4f001bfbec4ba37f", "model_version": "scripted-engineering-only", "outcome": "refused", "task_success": true}
{"event": "task_started", "trajectory_id": "bd942145-dad5-4bd1-a69c-8f138fe4f570", "task_id": "task-f476ba5bc12924d9bc6b", "model_version": "scripted-engineering-only"}
{"event": "task_finished", "trajectory_id": "bd942145-dad5-4bd1-a69c-8f138fe4f570", "task_id": "task-f476ba5bc12924d9bc6b", "model_version": "scripted-engineering-only", "outcome": "refused", "task_success": true}
{"event": "task_started", "trajectory_id": "67328093-4472-4b38-9dea-7ac8b1829ea9", "task_id": "task-5eb647be1fe8d553a68b", "model_version": "scripted-engineering-only"}
{"event": "task_finished", "trajectory_id": "67328093-4472-4b38-9dea-7ac8b1829ea9", "task_id": "task-5eb647be1fe8d553a68b", "model_version": "scripted-engineering-only", "outcome": "refused", "task_success": true}
{"event": "task_started", "trajectory_id": "13617984-062e-49b4-a79a-b44e8e292da0", "task_id": "task-07a2025d71ee061f3bd2", "model_version": "scripted-engineering-only"}
{"event": "task_finished", "trajectory_id": "13617984-062e-49b4-a79a-b44e8e292da0", "task_id": "task-07a2025d71ee061f3bd2", "model_version": "scripted-engineering-only", "outcome": "refused", "task_success": true}
{"event": "task_started", "trajectory_id": "bec29d1f-6949-4620-a268-9430f0e870ef", "task_id": "task-a48da85fc162e85f19e2", "model_version": "scripted-engineering-only"}
{"event": "task_finished", "trajectory_id": "bec29d1f-6949-4620-a268-9430f0e870ef", "task_id": "task-a48da85fc162e85f19e2", "model_version": "scripted-engineering-only", "outcome": "escalated", "task_success": true}
{"event": "task_started", "trajectory_id": "d14e6a76-ad16-4209-9560-d91c413dc8a6", "task_id": "task-06b8d71a2bcb3273229e", "model_version": "scripted-engineering-only"}
{"event": "task_finished", "trajectory_id": "d14e6a76-ad16-4209-9560-d91c413dc8a6", "task_id": "task-06b8d71a2bcb3273229e", "model_version": "scripted-engineering-only", "outcome": "escalated", "task_success": true}
{"event": "task_started", "trajectory_id": "9859c686-32e4-4138-b006-1662efb53b44", "task_id": "task-a54dafe4b4e3bb62483d", "model_version": "scripted-engineering-only"}
{"event": "task_finished", "trajectory_id": "9859c686-32e4-4138-b006-1662efb53b44", "task_id": "task-a54dafe4b4e3bb62483d", "model_version": "scripted-engineering-only", "outcome": "escalated", "task_success": true}
{"event": "task_started", "trajectory_id": "fa075336-bcde-4895-8212-55240045bf59", "task_id": "task-965bab023d996aea99f2", "model_version": "scripted-engineering-only"}
{"event": "task_finished", "trajectory_id": "fa075336-bcde-4895-8212-55240045bf59", "task_id": "task-965bab023d996aea99f2", "model_version": "scripted-engineering-only", "outcome": "completed", "task_success": true}
{"event": "task_started", "trajectory_id": "76a6724b-46bf-4251-9035-804b425f19eb", "task_id": "task-eba00923d594244d8a50", "model_version": "scripted-engineering-only"}
{"event": "task_finished", "trajectory_id": "76a6724b-46bf-4251-9035-804b425f19eb", "task_id": "task-eba00923d594244d8a50", "model_version": "scripted-engineering-only", "outcome": "completed", "task_success": true}
{"event": "task_started", "trajectory_id": "eb0e5ad4-67f6-44cd-b97a-970a17ef0009", "task_id": "task-2d745d5735989f513472", "model_version": "scripted-engineering-only"}
{"event": "task_finished", "trajectory_id": "eb0e5ad4-67f6-44cd-b97a-970a17ef0009", "task_id": "task-2d745d5735989f513472", "model_version": "scripted-engineering-only", "outcome": "completed", "task_success": true}
{"event": "task_started", "trajectory_id": "2c484898-9ca6-424b-aa5d-1f81906c4738", "task_id": "task-adce80fcd242644af3be", "model_version": "scripted-engineering-only"}
{"event": "task_finished", "trajectory_id": "2c484898-9ca6-424b-aa5d-1f81906c4738", "task_id": "task-adce80fcd242644af3be", "model_version": "scripted-engineering-only", "outcome": "escalated", "task_success": true}
{"event": "task_started", "trajectory_id": "1cb8682b-6f75-49ca-be0f-49ca4be45f84", "task_id": "task-a3b7dfcd02ab8da95ef8", "model_version": "scripted-engineering-only"}
{"event": "task_finished", "trajectory_id": "1cb8682b-6f75-49ca-be0f-49ca4be45f84", "task_id": "task-a3b7dfcd02ab8da95ef8", "model_version": "scripted-engineering-only", "outcome": "escalated", "task_success": true}
{"event": "task_started", "trajectory_id": "d16d34cc-1135-4364-b5f5-c11c461c59fb", "task_id": "task-0186019e3d73611b86a1", "model_version": "scripted-engineering-only"}
{"event": "task_finished", "trajectory_id": "d16d34cc-1135-4364-b5f5-c11c461c59fb", "task_id": "task-0186019e3d73611b86a1", "model_version": "scripted-engineering-only", "outcome": "escalated", "task_success": true}
{"event": "task_started", "trajectory_id": "46121d78-9468-49e0-a695-d2213bdc85bf", "task_id": "task-734d5b0d34d0656564ee", "model_version": "scripted-engineering-only"}
{"event": "task_finished", "trajectory_id": "46121d78-9468-49e0-a695-d2213bdc85bf", "task_id": "task-734d5b0d34d0656564ee", "model_version": "scripted-engineering-only", "outcome": "escalated", "task_success": true}
{"event": "task_started", "trajectory_id": "b4d586aa-28b0-4cfa-b7f7-655c08112917", "task_id": "task-5dceefde9e586fb8376a", "model_version": "scripted-engineering-only"}
{"event": "task_finished", "trajectory_id": "b4d586aa-28b0-4cfa-b7f7-655c08112917", "task_id": "task-5dceefde9e586fb8376a", "model_version": "scripted-engineering-only", "outcome": "escalated", "task_success": true}
{"event": "task_started", "trajectory_id": "85650a68-d23e-492e-a8f3-f00e1fc40d9d", "task_id": "task-ad1e786facf608c440ac", "model_version": "scripted-engineering-only"}
{"event": "task_finished", "trajectory_id": "85650a68-d23e-492e-a8f3-f00e1fc40d9d", "task_id": "task-ad1e786facf608c440ac", "model_version": "scripted-engineering-only", "outcome": "escalated", "task_success": true}
{"event": "task_started", "trajectory_id": "46355547-fd9e-4766-889a-16b5122b1793", "task_id": "task-bb68b21999ce552f5ffc", "model_version": "scripted-engineering-only"}
{"event": "task_finished", "trajectory_id": "46355547-fd9e-4766-889a-16b5122b1793", "task_id": "task-bb68b21999ce552f5ffc", "model_version": "scripted-engineering-only", "outcome": "completed", "task_success": true}
{"event": "task_started", "trajectory_id": "e479f86e-7fac-4df3-bd72-b1a24cb868aa", "task_id": "task-a1d394ba1d073d7a2eaa", "model_version": "scripted-engineering-only"}
{"event": "task_finished", "trajectory_id": "e479f86e-7fac-4df3-bd72-b1a24cb868aa", "task_id": "task-a1d394ba1d073d7a2eaa", "model_version": "scripted-engineering-only", "outcome": "completed", "task_success": true}
{"event": "task_started", "trajectory_id": "a98a5676-6e0f-4546-832c-e371bed1b724", "task_id": "task-edb462866dbadf5ed77c", "model_version": "scripted-engineering-only"}
{"event": "task_finished", "trajectory_id": "a98a5676-6e0f-4546-832c-e371bed1b724", "task_id": "task-edb462866dbadf5ed77c", "model_version": "scripted-engineering-only", "outcome": "completed", "task_success": true}
{"event": "task_started", "trajectory_id": "e4564cab-74c4-4784-8130-92470630eedd", "task_id": "task-6dfee218765c8a8ccb03", "model_version": "scripted-engineering-only"}
{"event": "task_finished", "trajectory_id": "e4564cab-74c4-4784-8130-92470630eedd", "task_id": "task-6dfee218765c8a8ccb03", "model_version": "scripted-engineering-only", "outcome": "completed", "task_success": true}
{"event": "task_started", "trajectory_id": "9ad8ffa5-e34e-4076-8e4e-348233b454d6", "task_id": "task-7b7e1c638fa73fcdc0cb", "model_version": "scripted-engineering-only"}
{"event": "task_finished", "trajectory_id": "9ad8ffa5-e34e-4076-8e4e-348233b454d6", "task_id": "task-7b7e1c638fa73fcdc0cb", "model_version": "scripted-engineering-only", "outcome": "completed", "task_success": true}
{"event": "task_started", "trajectory_id": "39d86482-5b84-4fd7-bf3f-e299aed6ad18", "task_id": "task-30eeea5e7635d5b1ecb1", "model_version": "scripted-engineering-only"}
{"event": "task_finished", "trajectory_id": "39d86482-5b84-4fd7-bf3f-e299aed6ad18", "task_id": "task-30eeea5e7635d5b1ecb1", "model_version": "scripted-engineering-only", "outcome": "completed", "task_success": true}
{"event": "task_started", "trajectory_id": "56a6c8bb-d998-4d78-8054-40d6cf513df1", "task_id": "task-d1dddd10b1af24b04d3e", "model_version": "scripted-engineering-only"}
{"event": "task_finished", "trajectory_id": "56a6c8bb-d998-4d78-8054-40d6cf513df1", "task_id": "task-d1dddd10b1af24b04d3e", "model_version": "scripted-engineering-only", "outcome": "escalated", "task_success": true}
{"event": "task_started", "trajectory_id": "f7bfe55a-5d05-4f1b-9f26-87b4808960c9", "task_id": "task-afbdfb29b194d7db817e", "model_version": "scripted-engineering-only"}
{"event": "task_finished", "trajectory_id": "f7bfe55a-5d05-4f1b-9f26-87b4808960c9", "task_id": "task-afbdfb29b194d7db817e", "model_version": "scripted-engineering-only", "outcome": "escalated", "task_success": true}
{"event": "task_started", "trajectory_id": "f799f251-23f8-42ed-8fa9-fff4d5f18839", "task_id": "task-1cb1631bb12620637a56", "model_version": "scripted-engineering-only"}
{"event": "task_finished", "trajectory_id": "f799f251-23f8-42ed-8fa9-fff4d5f18839", "task_id": "task-1cb1631bb12620637a56", "model_version": "scripted-engineering-only", "outcome": "escalated", "task_success": true}
{"event": "task_started", "trajectory_id": "381990e2-46cb-4f90-87d8-142c32550508", "task_id": "task-86bd6cb9106510ea039f", "model_version": "scripted-engineering-only"}
{"event": "task_finished", "trajectory_id": "381990e2-46cb-4f90-87d8-142c32550508", "task_id": "task-86bd6cb9106510ea039f", "model_version": "scripted-engineering-only", "outcome": "escalated", "task_success": true}
{"event": "task_started", "trajectory_id": "f6c9741e-7f9d-4a37-b5b5-6da58c9da864", "task_id": "task-28acc947e09e78444ad1", "model_version": "scripted-engineering-only"}
{"event": "task_finished", "trajectory_id": "f6c9741e-7f9d-4a37-b5b5-6da58c9da864", "task_id": "task-28acc947e09e78444ad1", "model_version": "scripted-engineering-only", "outcome": "escalated", "task_success": true}
{"event": "task_started", "trajectory_id": "96a43dd5-c58f-4942-884c-b3205e249db1", "task_id": "task-398eead64c3eeb871099", "model_version": "scripted-engineering-only"}
{"event": "task_finished", "trajectory_id": "96a43dd5-c58f-4942-884c-b3205e249db1", "task_id": "task-398eead64c3eeb871099", "model_version": "scripted-engineering-only", "outcome": "escalated", "task_success": true}
{"event": "task_started", "trajectory_id": "826ee128-f111-4f8a-8b93-eb1c96590f35", "task_id": "task-80544b2a08bd57e8e768", "model_version": "scripted-engineering-only"}
{"event": "task_finished", "trajectory_id": "826ee128-f111-4f8a-8b93-eb1c96590f35", "task_id": "task-80544b2a08bd57e8e768", "model_version": "scripted-engineering-only", "outcome": "completed", "task_success": true}
{"event": "task_started", "trajectory_id": "98557812-75ea-4cca-b259-27470a03002d", "task_id": "task-673dbc9dd8f247601722", "model_version": "scripted-engineering-only"}
{"event": "task_finished", "trajectory_id": "98557812-75ea-4cca-b259-27470a03002d", "task_id": "task-673dbc9dd8f247601722", "model_version": "scripted-engineering-only", "outcome": "completed", "task_success": true}
{"event": "task_started", "trajectory_id": "09150b60-6dc1-4784-840e-3ad166e643c6", "task_id": "task-ed359ba55106b09d8847", "model_version": "scripted-engineering-only"}
{"event": "task_finished", "trajectory_id": "09150b60-6dc1-4784-840e-3ad166e643c6", "task_id": "task-ed359ba55106b09d8847", "model_version": "scripted-engineering-only", "outcome": "completed", "task_success": true}
{"event": "task_started", "trajectory_id": "431b5dba-3935-4ae4-9c0e-8c174821ad1a", "task_id": "task-292ef81ae14a36c27b3f", "model_version": "scripted-engineering-only"}
{"event": "task_finished", "trajectory_id": "431b5dba-3935-4ae4-9c0e-8c174821ad1a", "task_id": "task-292ef81ae14a36c27b3f", "model_version": "scripted-engineering-only", "outcome": "refused", "task_success": true}
{"event": "task_started", "trajectory_id": "85c4b62b-971c-465d-92af-d6541ba71ff0", "task_id": "task-5a00f3a9d86cd9d6c54d", "model_version": "scripted-engineering-only"}
{"event": "task_finished", "trajectory_id": "85c4b62b-971c-465d-92af-d6541ba71ff0", "task_id": "task-5a00f3a9d86cd9d6c54d", "model_version": "scripted-engineering-only", "outcome": "refused", "task_success": true}
{"event": "task_started", "trajectory_id": "edf92b99-a843-43c1-8162-913f901a80d3", "task_id": "task-3b9ce844f270fdf7774d", "model_version": "scripted-engineering-only"}
{"event": "task_finished", "trajectory_id": "edf92b99-a843-43c1-8162-913f901a80d3", "task_id": "task-3b9ce844f270fdf7774d", "model_version": "scripted-engineering-only", "outcome": "refused", "task_success": true}
{"event": "task_started", "trajectory_id": "c911d567-7638-4515-bec1-4c666249459c", "task_id": "task-f9ea9ef01353b4b68e96", "model_version": "scripted-engineering-only"}
{"event": "task_finished", "trajectory_id": "c911d567-7638-4515-bec1-4c666249459c", "task_id": "task-f9ea9ef01353b4b68e96", "model_version": "scripted-engineering-only", "outcome": "refused", "task_success": true}
{"event": "task_started", "trajectory_id": "9be5d231-62ba-45a6-8a32-86766a75a25d", "task_id": "task-98171245bbd786a1517a", "model_version": "scripted-engineering-only"}
{"event": "task_finished", "trajectory_id": "9be5d231-62ba-45a6-8a32-86766a75a25d", "task_id": "task-98171245bbd786a1517a", "model_version": "scripted-engineering-only", "outcome": "refused", "task_success": true}
{"event": "task_started", "trajectory_id": "55fa724b-a974-4c0d-af15-58427466924b", "task_id": "task-097a2cdd49eb7039eeda", "model_version": "scripted-engineering-only"}
{"event": "task_finished", "trajectory_id": "55fa724b-a974-4c0d-af15-58427466924b", "task_id": "task-097a2cdd49eb7039eeda", "model_version": "scripted-engineering-only", "outcome": "refused", "task_success": true}
{"event": "task_started", "trajectory_id": "52fda1ab-2154-4a32-87a0-7d68766a51f0", "task_id": "task-dc45c35c4539665fa28a", "model_version": "scripted-engineering-only"}
{"event": "task_finished", "trajectory_id": "52fda1ab-2154-4a32-87a0-7d68766a51f0", "task_id": "task-dc45c35c4539665fa28a", "model_version": "scripted-engineering-only", "outcome": "escalated", "task_success": true}
{"event": "task_started", "trajectory_id": "6ac0d8f3-8abc-49e3-a108-b553ab400037", "task_id": "task-012721fdabc6938bfdb4", "model_version": "scripted-engineering-only"}
{"event": "task_finished", "trajectory_id": "6ac0d8f3-8abc-49e3-a108-b553ab400037", "task_id": "task-012721fdabc6938bfdb4", "model_version": "scripted-engineering-only", "outcome": "escalated", "task_success": true}
{"event": "task_started", "trajectory_id": "7788198c-e8ec-474a-8f41-b70fa0288758", "task_id": "task-7e2db9056f851620b578", "model_version": "scripted-engineering-only"}
{"event": "task_finished", "trajectory_id": "7788198c-e8ec-474a-8f41-b70fa0288758", "task_id": "task-7e2db9056f851620b578", "model_version": "scripted-engineering-only", "outcome": "escalated", "task_success": true}
{"event": "task_started", "trajectory_id": "4aa15689-00ac-46ec-b32a-693f94c06740", "task_id": "task-56d11969bbac661ba221", "model_version": "scripted-engineering-only"}
{"event": "task_finished", "trajectory_id": "4aa15689-00ac-46ec-b32a-693f94c06740", "task_id": "task-56d11969bbac661ba221", "model_version": "scripted-engineering-only", "outcome": "refused", "task_success": true}
{"event": "task_started", "trajectory_id": "e7dd4bd6-900c-4ee7-ba92-8d5306cec261", "task_id": "task-87d7c7fe1cf3dca74c72", "model_version": "scripted-engineering-only"}
{"event": "task_finished", "trajectory_id": "e7dd4bd6-900c-4ee7-ba92-8d5306cec261", "task_id": "task-87d7c7fe1cf3dca74c72", "model_version": "scripted-engineering-only", "outcome": "refused", "task_success": true}
{"event": "task_started", "trajectory_id": "41c4954d-f016-4622-b415-f0dd595d36d6", "task_id": "task-31dce11192d72a14cb25", "model_version": "scripted-engineering-only"}
{"event": "task_finished", "trajectory_id": "41c4954d-f016-4622-b415-f0dd595d36d6", "task_id": "task-31dce11192d72a14cb25", "model_version": "scripted-engineering-only", "outcome": "refused", "task_success": true}
{"event": "task_started", "trajectory_id": "c201a234-b868-474f-9ce2-829769bc0383", "task_id": "task-c9c2d9c2d23545eb0e36", "model_version": "scripted-engineering-only"}
{"event": "task_finished", "trajectory_id": "c201a234-b868-474f-9ce2-829769bc0383", "task_id": "task-c9c2d9c2d23545eb0e36", "model_version": "scripted-engineering-only", "outcome": "refused", "task_success": true}
{"event": "task_started", "trajectory_id": "aa58d263-606d-436c-b711-d83fd1012ffd", "task_id": "task-9f2dbc26618598f23b3d", "model_version": "scripted-engineering-only"}
{"event": "task_finished", "trajectory_id": "aa58d263-606d-436c-b711-d83fd1012ffd", "task_id": "task-9f2dbc26618598f23b3d", "model_version": "scripted-engineering-only", "outcome": "refused", "task_success": true}
{"event": "task_started", "trajectory_id": "da5d1195-957f-400b-9b95-a14bfab1139e", "task_id": "task-ba01b87f8d3c2b2a0a9d", "model_version": "scripted-engineering-only"}
{"event": "task_finished", "trajectory_id": "da5d1195-957f-400b-9b95-a14bfab1139e", "task_id": "task-ba01b87f8d3c2b2a0a9d", "model_version": "scripted-engineering-only", "outcome": "refused", "task_success": true}
{"event": "task_started", "trajectory_id": "bf119d99-f07b-4347-ba52-891aadd8d73e", "task_id": "task-bdd32dbdec43e2d790e2", "model_version": "scripted-engineering-only"}
{"event": "task_finished", "trajectory_id": "bf119d99-f07b-4347-ba52-891aadd8d73e", "task_id": "task-bdd32dbdec43e2d790e2", "model_version": "scripted-engineering-only", "outcome": "escalated", "task_success": true}
{"event": "task_started", "trajectory_id": "fb4f33db-8e3d-4900-bf4d-bfbbde831e12", "task_id": "task-abd88aed3619fa1f2adb", "model_version": "scripted-engineering-only"}
{"event": "task_finished", "trajectory_id": "fb4f33db-8e3d-4900-bf4d-bfbbde831e12", "task_id": "task-abd88aed3619fa1f2adb", "model_version": "scripted-engineering-only", "outcome": "escalated", "task_success": true}
{"event": "task_started", "trajectory_id": "f57e22e4-57c2-46aa-ab88-6f375fc4013b", "task_id": "task-3679379ac0a63d0c5798", "model_version": "scripted-engineering-only"}
{"event": "task_finished", "trajectory_id": "f57e22e4-57c2-46aa-ab88-6f375fc4013b", "task_id": "task-3679379ac0a63d0c5798", "model_version": "scripted-engineering-only", "outcome": "escalated", "task_success": true}
{"event": "task_started", "trajectory_id": "bb0898dd-1700-401a-a624-11ce6095f45f", "task_id": "task-ec729be391c4a34fe297", "model_version": "scripted-engineering-only"}
{"event": "task_finished", "trajectory_id": "bb0898dd-1700-401a-a624-11ce6095f45f", "task_id": "task-ec729be391c4a34fe297", "model_version": "scripted-engineering-only", "outcome": "completed", "task_success": true}
{"event": "task_started", "trajectory_id": "cd0fd374-7fdf-4938-841f-39d56c22b2de", "task_id": "task-b453a658279db88de3c0", "model_version": "scripted-engineering-only"}
{"event": "task_finished", "trajectory_id": "cd0fd374-7fdf-4938-841f-39d56c22b2de", "task_id": "task-b453a658279db88de3c0", "model_version": "scripted-engineering-only", "outcome": "completed", "task_success": true}
{"event": "task_started", "trajectory_id": "28fcc921-22e2-4075-8c84-5bbcd752c90d", "task_id": "task-97af2e092bbdb911a25a", "model_version": "scripted-engineering-only"}
{"event": "task_finished", "trajectory_id": "28fcc921-22e2-4075-8c84-5bbcd752c90d", "task_id": "task-97af2e092bbdb911a25a", "model_version": "scripted-engineering-only", "outcome": "completed", "task_success": true}
{"event": "task_started", "trajectory_id": "5afb566b-4b11-4120-834b-5bae20a523eb", "task_id": "task-0724fc5648935c3d16ba", "model_version": "scripted-engineering-only"}
{"event": "task_finished", "trajectory_id": "5afb566b-4b11-4120-834b-5bae20a523eb", "task_id": "task-0724fc5648935c3d16ba", "model_version": "scripted-engineering-only", "outcome": "escalated", "task_success": true}
{"event": "task_started", "trajectory_id": "45761439-6552-4309-9bba-81711effdea5", "task_id": "task-674a4080fd2f0382b598", "model_version": "scripted-engineering-only"}
{"event": "task_finished", "trajectory_id": "45761439-6552-4309-9bba-81711effdea5", "task_id": "task-674a4080fd2f0382b598", "model_version": "scripted-engineering-only", "outcome": "escalated", "task_success": true}
{"event": "task_started", "trajectory_id": "0b93fb2e-26fa-432a-afda-72a3b34dec14", "task_id": "task-3feda8a21f9775e1db88", "model_version": "scripted-engineering-only"}
{"event": "task_finished", "trajectory_id": "0b93fb2e-26fa-432a-afda-72a3b34dec14", "task_id": "task-3feda8a21f9775e1db88", "model_version": "scripted-engineering-only", "outcome": "escalated", "task_success": true}
{"event": "task_started", "trajectory_id": "18d3c563-43c3-475f-953d-647afef620d1", "task_id": "task-0e084016f0ee902062e6", "model_version": "scripted-engineering-only"}
{"event": "task_finished", "trajectory_id": "18d3c563-43c3-475f-953d-647afef620d1", "task_id": "task-0e084016f0ee902062e6", "model_version": "scripted-engineering-only", "outcome": "completed", "task_success": true}
{"event": "task_started", "trajectory_id": "cc3225e0-1b37-4023-ac6f-5438d4347543", "task_id": "task-4c6c1f9967c096b34002", "model_version": "scripted-engineering-only"}
{"event": "task_finished", "trajectory_id": "cc3225e0-1b37-4023-ac6f-5438d4347543", "task_id": "task-4c6c1f9967c096b34002", "model_version": "scripted-engineering-only", "outcome": "completed", "task_success": true}
{"event": "task_started", "trajectory_id": "c9ba32ba-de11-4538-9478-1be12aa109b6", "task_id": "task-5d8affbfbc38c6af2a55", "model_version": "scripted-engineering-only"}
{"event": "task_finished", "trajectory_id": "c9ba32ba-de11-4538-9478-1be12aa109b6", "task_id": "task-5d8affbfbc38c6af2a55", "model_version": "scripted-engineering-only", "outcome": "completed", "task_success": true}
{"event": "task_started", "trajectory_id": "d21cc4d7-c812-4ecb-b537-075c80b988f9", "task_id": "task-705ae2b6a38ee732fcb6", "model_version": "scripted-engineering-only"}
{"event": "task_finished", "trajectory_id": "d21cc4d7-c812-4ecb-b537-075c80b988f9", "task_id": "task-705ae2b6a38ee732fcb6", "model_version": "scripted-engineering-only", "outcome": "refused", "task_success": true}
{"event": "task_started", "trajectory_id": "11779282-fca1-4913-b8d7-682888b9f315", "task_id": "task-aacc6eab02d55411c926", "model_version": "scripted-engineering-only"}
{"event": "task_finished", "trajectory_id": "11779282-fca1-4913-b8d7-682888b9f315", "task_id": "task-aacc6eab02d55411c926", "model_version": "scripted-engineering-only", "outcome": "refused", "task_success": true}
{"event": "task_started", "trajectory_id": "3eb15868-624a-4dd2-88e8-a8b4d43f2a47", "task_id": "task-e69eb5bbc48e257eaed9", "model_version": "scripted-engineering-only"}
{"event": "task_finished", "trajectory_id": "3eb15868-624a-4dd2-88e8-a8b4d43f2a47", "task_id": "task-e69eb5bbc48e257eaed9", "model_version": "scripted-engineering-only", "outcome": "refused", "task_success": true}
{"event": "task_started", "trajectory_id": "a91c6cd7-1ce0-4394-8279-0256ee3e8392", "task_id": "task-d218b76a549bb71d32a3", "model_version": "scripted-engineering-only"}
{"event": "task_finished", "trajectory_id": "a91c6cd7-1ce0-4394-8279-0256ee3e8392", "task_id": "task-d218b76a549bb71d32a3", "model_version": "scripted-engineering-only", "outcome": "escalated", "task_success": true}
{"event": "task_started", "trajectory_id": "4f076c63-4efb-4b59-bf70-54c0a3b1f0a8", "task_id": "task-399f80239f711ea5d908", "model_version": "scripted-engineering-only"}
{"event": "task_finished", "trajectory_id": "4f076c63-4efb-4b59-bf70-54c0a3b1f0a8", "task_id": "task-399f80239f711ea5d908", "model_version": "scripted-engineering-only", "outcome": "escalated", "task_success": true}
{"event": "task_started", "trajectory_id": "7d7c017f-0619-486b-a2e5-d7f28fc69941", "task_id": "task-59a584317a710f1deb73", "model_version": "scripted-engineering-only"}
{"event": "task_finished", "trajectory_id": "7d7c017f-0619-486b-a2e5-d7f28fc69941", "task_id": "task-59a584317a710f1deb73", "model_version": "scripted-engineering-only", "outcome": "escalated", "task_success": true}
{"event": "task_started", "trajectory_id": "4a029626-ed68-48ae-b6bd-4a6c7aee2515", "task_id": "task-f72263adb1c1d420111e", "model_version": "scripted-engineering-only"}
{"event": "task_finished", "trajectory_id": "4a029626-ed68-48ae-b6bd-4a6c7aee2515", "task_id": "task-f72263adb1c1d420111e", "model_version": "scripted-engineering-only", "outcome": "escalated", "task_success": true}
{"event": "task_started", "trajectory_id": "18aa5478-d32d-48da-ad98-70c158d8adf7", "task_id": "task-90c1813085f31f5299b3", "model_version": "scripted-engineering-only"}
{"event": "task_finished", "trajectory_id": "18aa5478-d32d-48da-ad98-70c158d8adf7", "task_id": "task-90c1813085f31f5299b3", "model_version": "scripted-engineering-only", "outcome": "escalated", "task_success": true}
{"event": "task_started", "trajectory_id": "b85d5722-6abf-4d1d-9863-babd9a7b5e98", "task_id": "task-c31ed15c43fec69b21d0", "model_version": "scripted-engineering-only"}
{"event": "task_finished", "trajectory_id": "b85d5722-6abf-4d1d-9863-babd9a7b5e98", "task_id": "task-c31ed15c43fec69b21d0", "model_version": "scripted-engineering-only", "outcome": "escalated", "task_success": true}
{"event": "task_started", "trajectory_id": "58529157-ce77-4811-9f35-4486d89ab606", "task_id": "task-c4da3551dcd0c1e6d1bc", "model_version": "scripted-engineering-only"}
{"event": "task_finished", "trajectory_id": "58529157-ce77-4811-9f35-4486d89ab606", "task_id": "task-c4da3551dcd0c1e6d1bc", "model_version": "scripted-engineering-only", "outcome": "completed", "task_success": true}
{"event": "task_started", "trajectory_id": "5dd63676-22e4-494f-9c1a-411a3ab74762", "task_id": "task-d573e068640729f6fc0c", "model_version": "scripted-engineering-only"}
{"event": "task_finished", "trajectory_id": "5dd63676-22e4-494f-9c1a-411a3ab74762", "task_id": "task-d573e068640729f6fc0c", "model_version": "scripted-engineering-only", "outcome": "completed", "task_success": true}
{"event": "task_started", "trajectory_id": "8f9ed907-3e0b-4260-bf44-3ebd9e32ca0a", "task_id": "task-5451f40b657f5bfdccbc", "model_version": "scripted-engineering-only"}
{"event": "task_finished", "trajectory_id": "8f9ed907-3e0b-4260-bf44-3ebd9e32ca0a", "task_id": "task-5451f40b657f5bfdccbc", "model_version": "scripted-engineering-only", "outcome": "completed", "task_success": true}
{"event": "task_started", "trajectory_id": "98e21743-b469-41a6-bec4-9378301c7b14", "task_id": "task-d71f713e079ab5c2b330", "model_version": "scripted-engineering-only"}
{"event": "task_finished", "trajectory_id": "98e21743-b469-41a6-bec4-9378301c7b14", "task_id": "task-d71f713e079ab5c2b330", "model_version": "scripted-engineering-only", "outcome": "completed", "task_success": true}
{"event": "task_started", "trajectory_id": "6203057f-81ff-4da4-a7d8-96ede5c368e4", "task_id": "task-aa38b5523e6289961272", "model_version": "scripted-engineering-only"}
{"event": "task_finished", "trajectory_id": "6203057f-81ff-4da4-a7d8-96ede5c368e4", "task_id": "task-aa38b5523e6289961272", "model_version": "scripted-engineering-only", "outcome": "completed", "task_success": true}
{"event": "task_started", "trajectory_id": "d72013aa-c587-4554-b036-adb89145367d", "task_id": "task-45334e54e1889ab54a6c", "model_version": "scripted-engineering-only"}
{"event": "task_finished", "trajectory_id": "d72013aa-c587-4554-b036-adb89145367d", "task_id": "task-45334e54e1889ab54a6c", "model_version": "scripted-engineering-only", "outcome": "completed", "task_success": true}
{"event": "task_started", "trajectory_id": "f2e9df22-afed-41db-b848-d39ddc4ead96", "task_id": "task-c50d95cdd2eabf3b7e52", "model_version": "scripted-engineering-only"}
{"event": "task_finished", "trajectory_id": "f2e9df22-afed-41db-b848-d39ddc4ead96", "task_id": "task-c50d95cdd2eabf3b7e52", "model_version": "scripted-engineering-only", "outcome": "completed", "task_success": true}
{"event": "task_started", "trajectory_id": "74cccd2c-c5f8-433b-a288-bdd4c0b934e8", "task_id": "task-e730102b9a4395aae8ee", "model_version": "scripted-engineering-only"}
{"event": "task_finished", "trajectory_id": "74cccd2c-c5f8-433b-a288-bdd4c0b934e8", "task_id": "task-e730102b9a4395aae8ee", "model_version": "scripted-engineering-only", "outcome": "completed", "task_success": true}
{"event": "task_started", "trajectory_id": "201f4687-768f-4845-a055-8160478404a4", "task_id": "task-c1422229a8352e1cf4fc", "model_version": "scripted-engineering-only"}
{"event": "task_finished", "trajectory_id": "201f4687-768f-4845-a055-8160478404a4", "task_id": "task-c1422229a8352e1cf4fc", "model_version": "scripted-engineering-only", "outcome": "completed", "task_success": true}
{"event": "task_started", "trajectory_id": "d9fd72a8-fbc8-44c0-b304-7406e21e4819", "task_id": "task-f67587394339c41f909c", "model_version": "scripted-engineering-only"}
{"event": "task_finished", "trajectory_id": "d9fd72a8-fbc8-44c0-b304-7406e21e4819", "task_id": "task-f67587394339c41f909c", "model_version": "scripted-engineering-only", "outcome": "refused", "task_success": true}
{"event": "task_started", "trajectory_id": "bfbc9aa3-88e5-4d1e-84a4-a43ca4bf48b4", "task_id": "task-b2e0e6a52eb4cbe28b57", "model_version": "scripted-engineering-only"}
{"event": "task_finished", "trajectory_id": "bfbc9aa3-88e5-4d1e-84a4-a43ca4bf48b4", "task_id": "task-b2e0e6a52eb4cbe28b57", "model_version": "scripted-engineering-only", "outcome": "refused", "task_success": true}
{"event": "task_started", "trajectory_id": "ec48ff50-f876-43d6-905d-bee7546474dd", "task_id": "task-271e4f001bfbec4ba37f", "model_version": "scripted-engineering-only"}
{"event": "task_finished", "trajectory_id": "ec48ff50-f876-43d6-905d-bee7546474dd", "task_id": "task-271e4f001bfbec4ba37f", "model_version": "scripted-engineering-only", "outcome": "refused", "task_success": true}
{"event": "task_started", "trajectory_id": "db19a140-00a0-48ce-89d5-7e4276f49938", "task_id": "task-f476ba5bc12924d9bc6b", "model_version": "scripted-engineering-only"}
{"event": "task_finished", "trajectory_id": "db19a140-00a0-48ce-89d5-7e4276f49938", "task_id": "task-f476ba5bc12924d9bc6b", "model_version": "scripted-engineering-only", "outcome": "refused", "task_success": true}
{"event": "task_started", "trajectory_id": "117fabd2-fff4-4f63-8522-d22f2c43e9f9", "task_id": "task-5eb647be1fe8d553a68b", "model_version": "scripted-engineering-only"}
{"event": "task_finished", "trajectory_id": "117fabd2-fff4-4f63-8522-d22f2c43e9f9", "task_id": "task-5eb647be1fe8d553a68b", "model_version": "scripted-engineering-only", "outcome": "refused", "task_success": true}
{"event": "task_started", "trajectory_id": "0b35162a-9ab7-4dd6-8553-1952dd63ebeb", "task_id": "task-07a2025d71ee061f3bd2", "model_version": "scripted-engineering-only"}
{"event": "task_finished", "trajectory_id": "0b35162a-9ab7-4dd6-8553-1952dd63ebeb", "task_id": "task-07a2025d71ee061f3bd2", "model_version": "scripted-engineering-only", "outcome": "refused", "task_success": true}
{"event": "task_started", "trajectory_id": "5b61b32a-da48-4dc0-9b9a-234b062bfe51", "task_id": "task-a48da85fc162e85f19e2", "model_version": "scripted-engineering-only"}
{"event": "task_finished", "trajectory_id": "5b61b32a-da48-4dc0-9b9a-234b062bfe51", "task_id": "task-a48da85fc162e85f19e2", "model_version": "scripted-engineering-only", "outcome": "escalated", "task_success": true}
{"event": "task_started", "trajectory_id": "e57e74cb-4e7a-41e2-b69f-7116ab029ee2", "task_id": "task-06b8d71a2bcb3273229e", "model_version": "scripted-engineering-only"}
{"event": "task_finished", "trajectory_id": "e57e74cb-4e7a-41e2-b69f-7116ab029ee2", "task_id": "task-06b8d71a2bcb3273229e", "model_version": "scripted-engineering-only", "outcome": "escalated", "task_success": true}
{"event": "task_started", "trajectory_id": "be7773a6-a385-41f1-a345-db88c6e4c290", "task_id": "task-a54dafe4b4e3bb62483d", "model_version": "scripted-engineering-only"}
{"event": "task_finished", "trajectory_id": "be7773a6-a385-41f1-a345-db88c6e4c290", "task_id": "task-a54dafe4b4e3bb62483d", "model_version": "scripted-engineering-only", "outcome": "escalated", "task_success": true}
{"event": "task_started", "trajectory_id": "2094d616-54f5-40d4-aa2e-62f88fc7995c", "task_id": "task-965bab023d996aea99f2", "model_version": "scripted-engineering-only"}
{"event": "task_finished", "trajectory_id": "2094d616-54f5-40d4-aa2e-62f88fc7995c", "task_id": "task-965bab023d996aea99f2", "model_version": "scripted-engineering-only", "outcome": "completed", "task_success": true}
{"event": "task_started", "trajectory_id": "1dd0855c-42f6-4049-be22-9d49ac7bb733", "task_id": "task-eba00923d594244d8a50", "model_version": "scripted-engineering-only"}
{"event": "task_finished", "trajectory_id": "1dd0855c-42f6-4049-be22-9d49ac7bb733", "task_id": "task-eba00923d594244d8a50", "model_version": "scripted-engineering-only", "outcome": "completed", "task_success": true}
{"event": "task_started", "trajectory_id": "88592a54-be2b-4b2a-8554-fff7690d59a6", "task_id": "task-2d745d5735989f513472", "model_version": "scripted-engineering-only"}
{"event": "task_finished", "trajectory_id": "88592a54-be2b-4b2a-8554-fff7690d59a6", "task_id": "task-2d745d5735989f513472", "model_version": "scripted-engineering-only", "outcome": "completed", "task_success": true}
{"event": "task_started", "trajectory_id": "ebec1f6c-9b90-4ecf-af62-ffac8d6c2e30", "task_id": "task-adce80fcd242644af3be", "model_version": "scripted-engineering-only"}
{"event": "task_finished", "trajectory_id": "ebec1f6c-9b90-4ecf-af62-ffac8d6c2e30", "task_id": "task-adce80fcd242644af3be", "model_version": "scripted-engineering-only", "outcome": "escalated", "task_success": true}
{"event": "task_started", "trajectory_id": "40fc6607-e478-474d-ac9c-a2d9abe50bbc", "task_id": "task-a3b7dfcd02ab8da95ef8", "model_version": "scripted-engineering-only"}
{"event": "task_finished", "trajectory_id": "40fc6607-e478-474d-ac9c-a2d9abe50bbc", "task_id": "task-a3b7dfcd02ab8da95ef8", "model_version": "scripted-engineering-only", "outcome": "escalated", "task_success": true}
{"event": "task_started", "trajectory_id": "453b5547-be72-4de4-bba5-e55946ce9dc5", "task_id": "task-0186019e3d73611b86a1", "model_version": "scripted-engineering-only"}
{"event": "task_finished", "trajectory_id": "453b5547-be72-4de4-bba5-e55946ce9dc5", "task_id": "task-0186019e3d73611b86a1", "model_version": "scripted-engineering-only", "outcome": "escalated", "task_success": true}
{"event": "task_started", "trajectory_id": "5ed5e9e6-7f13-4117-b12d-f7c45d5643e5", "task_id": "task-734d5b0d34d0656564ee", "model_version": "scripted-engineering-only"}
{"event": "task_finished", "trajectory_id": "5ed5e9e6-7f13-4117-b12d-f7c45d5643e5", "task_id": "task-734d5b0d34d0656564ee", "model_version": "scripted-engineering-only", "outcome": "escalated", "task_success": true}
{"event": "task_started", "trajectory_id": "6ab1a3ad-24e1-465b-bf0e-e9456343438a", "task_id": "task-5dceefde9e586fb8376a", "model_version": "scripted-engineering-only"}
{"event": "task_finished", "trajectory_id": "6ab1a3ad-24e1-465b-bf0e-e9456343438a", "task_id": "task-5dceefde9e586fb8376a", "model_version": "scripted-engineering-only", "outcome": "escalated", "task_success": true}
{"event": "task_started", "trajectory_id": "01ab4631-7fda-4eb8-ab5a-e294475b5e7e", "task_id": "task-ad1e786facf608c440ac", "model_version": "scripted-engineering-only"}
{"event": "task_finished", "trajectory_id": "01ab4631-7fda-4eb8-ab5a-e294475b5e7e", "task_id": "task-ad1e786facf608c440ac", "model_version": "scripted-engineering-only", "outcome": "escalated", "task_success": true}
{"event": "task_started", "trajectory_id": "0cc161b8-5e19-4e7f-a036-7b5eb1130d8a", "task_id": "task-bb68b21999ce552f5ffc", "model_version": "scripted-engineering-only"}
{"event": "task_finished", "trajectory_id": "0cc161b8-5e19-4e7f-a036-7b5eb1130d8a", "task_id": "task-bb68b21999ce552f5ffc", "model_version": "scripted-engineering-only", "outcome": "completed", "task_success": true}
{"event": "task_started", "trajectory_id": "dc36ccde-3c84-4a8b-a82b-61bb19941b26", "task_id": "task-a1d394ba1d073d7a2eaa", "model_version": "scripted-engineering-only"}
{"event": "task_finished", "trajectory_id": "dc36ccde-3c84-4a8b-a82b-61bb19941b26", "task_id": "task-a1d394ba1d073d7a2eaa", "model_version": "scripted-engineering-only", "outcome": "completed", "task_success": true}
{"event": "task_started", "trajectory_id": "0deecba6-9ade-401c-a0e3-2113bd481b00", "task_id": "task-edb462866dbadf5ed77c", "model_version": "scripted-engineering-only"}
{"event": "task_finished", "trajectory_id": "0deecba6-9ade-401c-a0e3-2113bd481b00", "task_id": "task-edb462866dbadf5ed77c", "model_version": "scripted-engineering-only", "outcome": "completed", "task_success": true}
{"event": "task_started", "trajectory_id": "6a212126-e9b0-46ba-b172-f0f02d18fe02", "task_id": "task-6dfee218765c8a8ccb03", "model_version": "scripted-engineering-only"}
{"event": "task_finished", "trajectory_id": "6a212126-e9b0-46ba-b172-f0f02d18fe02", "task_id": "task-6dfee218765c8a8ccb03", "model_version": "scripted-engineering-only", "outcome": "completed", "task_success": true}
{"event": "task_started", "trajectory_id": "0b9ed48d-588e-48a5-9e76-935929b9b61d", "task_id": "task-7b7e1c638fa73fcdc0cb", "model_version": "scripted-engineering-only"}
{"event": "task_finished", "trajectory_id": "0b9ed48d-588e-48a5-9e76-935929b9b61d", "task_id": "task-7b7e1c638fa73fcdc0cb", "model_version": "scripted-engineering-only", "outcome": "completed", "task_success": true}
{"event": "task_started", "trajectory_id": "8df0a79d-6525-4f46-880d-61ff7ee8206a", "task_id": "task-30eeea5e7635d5b1ecb1", "model_version": "scripted-engineering-only"}
{"event": "task_finished", "trajectory_id": "8df0a79d-6525-4f46-880d-61ff7ee8206a", "task_id": "task-30eeea5e7635d5b1ecb1", "model_version": "scripted-engineering-only", "outcome": "completed", "task_success": true}
{"event": "task_started", "trajectory_id": "5ff49310-7634-4bf6-ae4b-5bbbdd4ddba0", "task_id": "task-d1dddd10b1af24b04d3e", "model_version": "scripted-engineering-only"}
{"event": "task_finished", "trajectory_id": "5ff49310-7634-4bf6-ae4b-5bbbdd4ddba0", "task_id": "task-d1dddd10b1af24b04d3e", "model_version": "scripted-engineering-only", "outcome": "escalated", "task_success": true}
{"event": "task_started", "trajectory_id": "3b2fb654-a0b9-4809-8596-72493b6700ce", "task_id": "task-afbdfb29b194d7db817e", "model_version": "scripted-engineering-only"}
{"event": "task_finished", "trajectory_id": "3b2fb654-a0b9-4809-8596-72493b6700ce", "task_id": "task-afbdfb29b194d7db817e", "model_version": "scripted-engineering-only", "outcome": "escalated", "task_success": true}
{"event": "task_started", "trajectory_id": "56120dbd-7899-481f-8591-b63028bdace3", "task_id": "task-1cb1631bb12620637a56", "model_version": "scripted-engineering-only"}
{"event": "task_finished", "trajectory_id": "56120dbd-7899-481f-8591-b63028bdace3", "task_id": "task-1cb1631bb12620637a56", "model_version": "scripted-engineering-only", "outcome": "escalated", "task_success": true}
{"event": "task_started", "trajectory_id": "a7bcb683-5fd5-4351-846f-589f11b29426", "task_id": "task-86bd6cb9106510ea039f", "model_version": "scripted-engineering-only"}
{"event": "task_finished", "trajectory_id": "a7bcb683-5fd5-4351-846f-589f11b29426", "task_id": "task-86bd6cb9106510ea039f", "model_version": "scripted-engineering-only", "outcome": "escalated", "task_success": true}
{"event": "task_started", "trajectory_id": "e0b039d4-61fe-42fe-99f6-ac6ace3d259a", "task_id": "task-28acc947e09e78444ad1", "model_version": "scripted-engineering-only"}
{"event": "task_finished", "trajectory_id": "e0b039d4-61fe-42fe-99f6-ac6ace3d259a", "task_id": "task-28acc947e09e78444ad1", "model_version": "scripted-engineering-only", "outcome": "escalated", "task_success": true}
{"event": "task_started", "trajectory_id": "7cbe288d-47a1-4fc0-a08f-0573e777009b", "task_id": "task-398eead64c3eeb871099", "model_version": "scripted-engineering-only"}
{"event": "task_finished", "trajectory_id": "7cbe288d-47a1-4fc0-a08f-0573e777009b", "task_id": "task-398eead64c3eeb871099", "model_version": "scripted-engineering-only", "outcome": "escalated", "task_success": true}
{"event": "task_started", "trajectory_id": "25ba25e4-81b3-4ad2-98b1-4963835e69c9", "task_id": "task-80544b2a08bd57e8e768", "model_version": "scripted-engineering-only"}
{"event": "task_finished", "trajectory_id": "25ba25e4-81b3-4ad2-98b1-4963835e69c9", "task_id": "task-80544b2a08bd57e8e768", "model_version": "scripted-engineering-only", "outcome": "completed", "task_success": true}
{"event": "task_started", "trajectory_id": "3fd08eb8-c9c4-416d-bd3b-f438af08178f", "task_id": "task-673dbc9dd8f247601722", "model_version": "scripted-engineering-only"}
{"event": "task_finished", "trajectory_id": "3fd08eb8-c9c4-416d-bd3b-f438af08178f", "task_id": "task-673dbc9dd8f247601722", "model_version": "scripted-engineering-only", "outcome": "completed", "task_success": true}
{"event": "task_started", "trajectory_id": "62e77aa1-9628-4c8f-8ce0-7277c8a90a3b", "task_id": "task-ed359ba55106b09d8847", "model_version": "scripted-engineering-only"}
{"event": "task_finished", "trajectory_id": "62e77aa1-9628-4c8f-8ce0-7277c8a90a3b", "task_id": "task-ed359ba55106b09d8847", "model_version": "scripted-engineering-only", "outcome": "completed", "task_success": true}
{"event": "task_started", "trajectory_id": "d63bcaad-6c66-46ef-acba-a4252df7ebf2", "task_id": "task-292ef81ae14a36c27b3f", "model_version": "scripted-engineering-only"}
{"event": "task_finished", "trajectory_id": "d63bcaad-6c66-46ef-acba-a4252df7ebf2", "task_id": "task-292ef81ae14a36c27b3f", "model_version": "scripted-engineering-only", "outcome": "refused", "task_success": true}
{"event": "task_started", "trajectory_id": "ffa48d54-5fa6-4edb-84e9-e8c4a2e54bdd", "task_id": "task-5a00f3a9d86cd9d6c54d", "model_version": "scripted-engineering-only"}
{"event": "task_finished", "trajectory_id": "ffa48d54-5fa6-4edb-84e9-e8c4a2e54bdd", "task_id": "task-5a00f3a9d86cd9d6c54d", "model_version": "scripted-engineering-only", "outcome": "refused", "task_success": true}
{"event": "task_started", "trajectory_id": "e5db7515-827e-4cd0-bd34-f4f8c1b7a0e0", "task_id": "task-3b9ce844f270fdf7774d", "model_version": "scripted-engineering-only"}
{"event": "task_finished", "trajectory_id": "e5db7515-827e-4cd0-bd34-f4f8c1b7a0e0", "task_id": "task-3b9ce844f270fdf7774d", "model_version": "scripted-engineering-only", "outcome": "refused", "task_success": true}
{"event": "task_started", "trajectory_id": "bc7607d3-e5ea-4a99-b6c9-7f428e286269", "task_id": "task-f9ea9ef01353b4b68e96", "model_version": "scripted-engineering-only"}
{"event": "task_finished", "trajectory_id": "bc7607d3-e5ea-4a99-b6c9-7f428e286269", "task_id": "task-f9ea9ef01353b4b68e96", "model_version": "scripted-engineering-only", "outcome": "refused", "task_success": true}
{"event": "task_started", "trajectory_id": "df22ad92-bd83-43d4-b812-6dbc487c5aab", "task_id": "task-98171245bbd786a1517a", "model_version": "scripted-engineering-only"}
{"event": "task_finished", "trajectory_id": "df22ad92-bd83-43d4-b812-6dbc487c5aab", "task_id": "task-98171245bbd786a1517a", "model_version": "scripted-engineering-only", "outcome": "refused", "task_success": true}
{"event": "task_started", "trajectory_id": "56de8643-2cd1-4018-a397-e712de941266", "task_id": "task-097a2cdd49eb7039eeda", "model_version": "scripted-engineering-only"}
{"event": "task_finished", "trajectory_id": "56de8643-2cd1-4018-a397-e712de941266", "task_id": "task-097a2cdd49eb7039eeda", "model_version": "scripted-engineering-only", "outcome": "refused", "task_success": true}
{"event": "task_started", "trajectory_id": "46c5acc1-bb9a-4494-bdd6-e9e30c4e82a9", "task_id": "task-dc45c35c4539665fa28a", "model_version": "scripted-engineering-only"}
{"event": "task_finished", "trajectory_id": "46c5acc1-bb9a-4494-bdd6-e9e30c4e82a9", "task_id": "task-dc45c35c4539665fa28a", "model_version": "scripted-engineering-only", "outcome": "escalated", "task_success": true}
{"event": "task_started", "trajectory_id": "4ec446e0-612f-4b3d-bc56-aead0ed065e6", "task_id": "task-012721fdabc6938bfdb4", "model_version": "scripted-engineering-only"}
{"event": "task_finished", "trajectory_id": "4ec446e0-612f-4b3d-bc56-aead0ed065e6", "task_id": "task-012721fdabc6938bfdb4", "model_version": "scripted-engineering-only", "outcome": "escalated", "task_success": true}
{"event": "task_started", "trajectory_id": "4f09fbd1-e599-4eea-861b-5ef96c68ed08", "task_id": "task-7e2db9056f851620b578", "model_version": "scripted-engineering-only"}
{"event": "task_finished", "trajectory_id": "4f09fbd1-e599-4eea-861b-5ef96c68ed08", "task_id": "task-7e2db9056f851620b578", "model_version": "scripted-engineering-only", "outcome": "escalated", "task_success": true}
{"event": "task_started", "trajectory_id": "91f9ba3e-36af-4cbc-af3b-8482f143e188", "task_id": "task-56d11969bbac661ba221", "model_version": "scripted-engineering-only"}
{"event": "task_finished", "trajectory_id": "91f9ba3e-36af-4cbc-af3b-8482f143e188", "task_id": "task-56d11969bbac661ba221", "model_version": "scripted-engineering-only", "outcome": "refused", "task_success": true}
{"event": "task_started", "trajectory_id": "30ef9477-be47-49ef-8d7c-d06c13c68002", "task_id": "task-87d7c7fe1cf3dca74c72", "model_version": "scripted-engineering-only"}
{"event": "task_finished", "trajectory_id": "30ef9477-be47-49ef-8d7c-d06c13c68002", "task_id": "task-87d7c7fe1cf3dca74c72", "model_version": "scripted-engineering-only", "outcome": "refused", "task_success": true}
{"event": "task_started", "trajectory_id": "0f6886ea-8a8e-4950-95d7-64b8d4336d92", "task_id": "task-31dce11192d72a14cb25", "model_version": "scripted-engineering-only"}
{"event": "task_finished", "trajectory_id": "0f6886ea-8a8e-4950-95d7-64b8d4336d92", "task_id": "task-31dce11192d72a14cb25", "model_version": "scripted-engineering-only", "outcome": "refused", "task_success": true}
{"event": "task_started", "trajectory_id": "0c09e7b2-78c8-4488-8d17-21e025883330", "task_id": "task-c9c2d9c2d23545eb0e36", "model_version": "scripted-engineering-only"}
{"event": "task_finished", "trajectory_id": "0c09e7b2-78c8-4488-8d17-21e025883330", "task_id": "task-c9c2d9c2d23545eb0e36", "model_version": "scripted-engineering-only", "outcome": "refused", "task_success": true}
{"event": "task_started", "trajectory_id": "edcf502d-9d14-457b-aa46-22568c496d97", "task_id": "task-9f2dbc26618598f23b3d", "model_version": "scripted-engineering-only"}
{"event": "task_finished", "trajectory_id": "edcf502d-9d14-457b-aa46-22568c496d97", "task_id": "task-9f2dbc26618598f23b3d", "model_version": "scripted-engineering-only", "outcome": "refused", "task_success": true}
{"event": "task_started", "trajectory_id": "83f36bdf-a5d3-4514-abb1-65ab9ddab19f", "task_id": "task-ba01b87f8d3c2b2a0a9d", "model_version": "scripted-engineering-only"}
{"event": "task_finished", "trajectory_id": "83f36bdf-a5d3-4514-abb1-65ab9ddab19f", "task_id": "task-ba01b87f8d3c2b2a0a9d", "model_version": "scripted-engineering-only", "outcome": "refused", "task_success": true}
{"event": "task_started", "trajectory_id": "7b23aa10-c7c4-49c0-a37f-5366e238a9b0", "task_id": "task-bdd32dbdec43e2d790e2", "model_version": "scripted-engineering-only"}
{"event": "task_finished", "trajectory_id": "7b23aa10-c7c4-49c0-a37f-5366e238a9b0", "task_id": "task-bdd32dbdec43e2d790e2", "model_version": "scripted-engineering-only", "outcome": "escalated", "task_success": true}
{"event": "task_started", "trajectory_id": "7d0b74ca-9543-4086-b61f-c4ee258d60e9", "task_id": "task-abd88aed3619fa1f2adb", "model_version": "scripted-engineering-only"}
{"event": "task_finished", "trajectory_id": "7d0b74ca-9543-4086-b61f-c4ee258d60e9", "task_id": "task-abd88aed3619fa1f2adb", "model_version": "scripted-engineering-only", "outcome": "escalated", "task_success": true}
{"event": "task_started", "trajectory_id": "6b794055-58c3-4958-869f-d2e89335562a", "task_id": "task-3679379ac0a63d0c5798", "model_version": "scripted-engineering-only"}
{"event": "task_finished", "trajectory_id": "6b794055-58c3-4958-869f-d2e89335562a", "task_id": "task-3679379ac0a63d0c5798", "model_version": "scripted-engineering-only", "outcome": "escalated", "task_success": true}
{"event": "task_started", "trajectory_id": "d0dd6ac2-8e86-42f8-aad3-0a590ab55935", "task_id": "task-ec729be391c4a34fe297", "model_version": "scripted-engineering-only"}
{"event": "task_finished", "trajectory_id": "d0dd6ac2-8e86-42f8-aad3-0a590ab55935", "task_id": "task-ec729be391c4a34fe297", "model_version": "scripted-engineering-only", "outcome": "completed", "task_success": true}
{"event": "task_started", "trajectory_id": "f9e0ea0c-a9e6-4b47-8561-69139f2e816b", "task_id": "task-b453a658279db88de3c0", "model_version": "scripted-engineering-only"}
{"event": "task_finished", "trajectory_id": "f9e0ea0c-a9e6-4b47-8561-69139f2e816b", "task_id": "task-b453a658279db88de3c0", "model_version": "scripted-engineering-only", "outcome": "completed", "task_success": true}
{"event": "task_started", "trajectory_id": "cb2fc3c3-5590-4f46-b89a-3b5cef797a9f", "task_id": "task-97af2e092bbdb911a25a", "model_version": "scripted-engineering-only"}
{"event": "task_finished", "trajectory_id": "cb2fc3c3-5590-4f46-b89a-3b5cef797a9f", "task_id": "task-97af2e092bbdb911a25a", "model_version": "scripted-engineering-only", "outcome": "completed", "task_success": true}
{"event": "task_started", "trajectory_id": "d46b8a76-7b20-4921-b3e9-ed2c220fe529", "task_id": "task-0724fc5648935c3d16ba", "model_version": "scripted-engineering-only"}
{"event": "task_finished", "trajectory_id": "d46b8a76-7b20-4921-b3e9-ed2c220fe529", "task_id": "task-0724fc5648935c3d16ba", "model_version": "scripted-engineering-only", "outcome": "escalated", "task_success": true}
{"event": "task_started", "trajectory_id": "a6d93571-77c1-4c40-a1b1-cddae9ea26cd", "task_id": "task-674a4080fd2f0382b598", "model_version": "scripted-engineering-only"}
{"event": "task_finished", "trajectory_id": "a6d93571-77c1-4c40-a1b1-cddae9ea26cd", "task_id": "task-674a4080fd2f0382b598", "model_version": "scripted-engineering-only", "outcome": "escalated", "task_success": true}
{"event": "task_started", "trajectory_id": "bf9fb5ca-2450-4333-9d97-c54adb618652", "task_id": "task-3feda8a21f9775e1db88", "model_version": "scripted-engineering-only"}
{"event": "task_finished", "trajectory_id": "bf9fb5ca-2450-4333-9d97-c54adb618652", "task_id": "task-3feda8a21f9775e1db88", "model_version": "scripted-engineering-only", "outcome": "escalated", "task_success": true}
{"event": "task_started", "trajectory_id": "62f87750-6c14-448a-8f03-d8e8debc7a4b", "task_id": "task-0e084016f0ee902062e6", "model_version": "scripted-engineering-only"}
{"event": "task_finished", "trajectory_id": "62f87750-6c14-448a-8f03-d8e8debc7a4b", "task_id": "task-0e084016f0ee902062e6", "model_version": "scripted-engineering-only", "outcome": "completed", "task_success": true}
{"event": "task_started", "trajectory_id": "231e635d-9575-4a67-a941-f60b847650a8", "task_id": "task-4c6c1f9967c096b34002", "model_version": "scripted-engineering-only"}
{"event": "task_finished", "trajectory_id": "231e635d-9575-4a67-a941-f60b847650a8", "task_id": "task-4c6c1f9967c096b34002", "model_version": "scripted-engineering-only", "outcome": "completed", "task_success": true}
{"event": "task_started", "trajectory_id": "59e5bd5c-9cb2-41cb-a19a-c517797a16bf", "task_id": "task-5d8affbfbc38c6af2a55", "model_version": "scripted-engineering-only"}
{"event": "task_finished", "trajectory_id": "59e5bd5c-9cb2-41cb-a19a-c517797a16bf", "task_id": "task-5d8affbfbc38c6af2a55", "model_version": "scripted-engineering-only", "outcome": "completed", "task_success": true}
{"event": "task_started", "trajectory_id": "a5f090de-800a-42a4-80be-48b589fe6a23", "task_id": "task-705ae2b6a38ee732fcb6", "model_version": "scripted-engineering-only"}
{"event": "task_finished", "trajectory_id": "a5f090de-800a-42a4-80be-48b589fe6a23", "task_id": "task-705ae2b6a38ee732fcb6", "model_version": "scripted-engineering-only", "outcome": "refused", "task_success": true}
{"event": "task_started", "trajectory_id": "84a4cce1-7e10-4434-b38c-7d9bbdd59399", "task_id": "task-aacc6eab02d55411c926", "model_version": "scripted-engineering-only"}
{"event": "task_finished", "trajectory_id": "84a4cce1-7e10-4434-b38c-7d9bbdd59399", "task_id": "task-aacc6eab02d55411c926", "model_version": "scripted-engineering-only", "outcome": "refused", "task_success": true}
{"event": "task_started", "trajectory_id": "9b8f2618-4603-470b-94f3-99e248d002ad", "task_id": "task-e69eb5bbc48e257eaed9", "model_version": "scripted-engineering-only"}
{"event": "task_finished", "trajectory_id": "9b8f2618-4603-470b-94f3-99e248d002ad", "task_id": "task-e69eb5bbc48e257eaed9", "model_version": "scripted-engineering-only", "outcome": "refused", "task_success": true}
{"event": "task_started", "trajectory_id": "1def0e22-647e-4d84-9e06-174b850d53bd", "task_id": "task-d218b76a549bb71d32a3", "model_version": "scripted-engineering-only"}
{"event": "task_finished", "trajectory_id": "1def0e22-647e-4d84-9e06-174b850d53bd", "task_id": "task-d218b76a549bb71d32a3", "model_version": "scripted-engineering-only", "outcome": "escalated", "task_success": true}
{"event": "task_started", "trajectory_id": "d7ced219-48d3-4fc7-ae48-5b80075bb729", "task_id": "task-399f80239f711ea5d908", "model_version": "scripted-engineering-only"}
{"event": "task_finished", "trajectory_id": "d7ced219-48d3-4fc7-ae48-5b80075bb729", "task_id": "task-399f80239f711ea5d908", "model_version": "scripted-engineering-only", "outcome": "escalated", "task_success": true}
{"event": "task_started", "trajectory_id": "66a48a5d-eebe-4f0d-8aaf-97f262cc686d", "task_id": "task-59a584317a710f1deb73", "model_version": "scripted-engineering-only"}
{"event": "task_finished", "trajectory_id": "66a48a5d-eebe-4f0d-8aaf-97f262cc686d", "task_id": "task-59a584317a710f1deb73", "model_version": "scripted-engineering-only", "outcome": "escalated", "task_success": true}
{"event": "task_started", "trajectory_id": "a9d8c9cd-535a-48e8-95d5-4bf68be77aeb", "task_id": "task-f72263adb1c1d420111e", "model_version": "scripted-engineering-only"}
{"event": "task_finished", "trajectory_id": "a9d8c9cd-535a-48e8-95d5-4bf68be77aeb", "task_id": "task-f72263adb1c1d420111e", "model_version": "scripted-engineering-only", "outcome": "escalated", "task_success": true}
{"event": "task_started", "trajectory_id": "28310ba5-9d9e-47eb-9395-722af988d937", "task_id": "task-90c1813085f31f5299b3", "model_version": "scripted-engineering-only"}
{"event": "task_finished", "trajectory_id": "28310ba5-9d9e-47eb-9395-722af988d937", "task_id": "task-90c1813085f31f5299b3", "model_version": "scripted-engineering-only", "outcome": "escalated", "task_success": true}
{"event": "task_started", "trajectory_id": "82474e68-ea9b-423d-a8e5-8f4b431fef48", "task_id": "task-c31ed15c43fec69b21d0", "model_version": "scripted-engineering-only"}
{"event": "task_finished", "trajectory_id": "82474e68-ea9b-423d-a8e5-8f4b431fef48", "task_id": "task-c31ed15c43fec69b21d0", "model_version": "scripted-engineering-only", "outcome": "escalated", "task_success": true}
{"event": "task_started", "trajectory_id": "6dec737a-929e-4bfb-bc96-2db57bb24344", "task_id": "task-c4da3551dcd0c1e6d1bc", "model_version": "scripted-engineering-only"}
{"event": "task_finished", "trajectory_id": "6dec737a-929e-4bfb-bc96-2db57bb24344", "task_id": "task-c4da3551dcd0c1e6d1bc", "model_version": "scripted-engineering-only", "outcome": "completed", "task_success": true}
{"event": "task_started", "trajectory_id": "31fcf96d-6205-42fb-b0c7-5c548d48e325", "task_id": "task-d573e068640729f6fc0c", "model_version": "scripted-engineering-only"}
{"event": "task_finished", "trajectory_id": "31fcf96d-6205-42fb-b0c7-5c548d48e325", "task_id": "task-d573e068640729f6fc0c", "model_version": "scripted-engineering-only", "outcome": "completed", "task_success": true}
{"event": "task_started", "trajectory_id": "2f61f6a5-d085-4abb-adaf-567ead6dba84", "task_id": "task-5451f40b657f5bfdccbc", "model_version": "scripted-engineering-only"}
{"event": "task_finished", "trajectory_id": "2f61f6a5-d085-4abb-adaf-567ead6dba84", "task_id": "task-5451f40b657f5bfdccbc", "model_version": "scripted-engineering-only", "outcome": "completed", "task_success": true}
{"event": "task_started", "trajectory_id": "b075f863-ab7d-48ff-b7aa-8eeb3b5e63ae", "task_id": "task-d71f713e079ab5c2b330", "model_version": "scripted-engineering-only"}
{"event": "task_finished", "trajectory_id": "b075f863-ab7d-48ff-b7aa-8eeb3b5e63ae", "task_id": "task-d71f713e079ab5c2b330", "model_version": "scripted-engineering-only", "outcome": "completed", "task_success": true}
{"event": "task_started", "trajectory_id": "76f7c10b-4b84-4ac8-9b4d-2497b13c0d92", "task_id": "task-aa38b5523e6289961272", "model_version": "scripted-engineering-only"}
{"event": "task_finished", "trajectory_id": "76f7c10b-4b84-4ac8-9b4d-2497b13c0d92", "task_id": "task-aa38b5523e6289961272", "model_version": "scripted-engineering-only", "outcome": "completed", "task_success": true}
{"event": "task_started", "trajectory_id": "e632dbbc-e4a1-497c-a372-51f8d85ef045", "task_id": "task-45334e54e1889ab54a6c", "model_version": "scripted-engineering-only"}
{"event": "task_finished", "trajectory_id": "e632dbbc-e4a1-497c-a372-51f8d85ef045", "task_id": "task-45334e54e1889ab54a6c", "model_version": "scripted-engineering-only", "outcome": "completed", "task_success": true}
{"event": "task_started", "trajectory_id": "a2d562ec-5085-46eb-b305-3db86620f284", "task_id": "task-c50d95cdd2eabf3b7e52", "model_version": "scripted-engineering-only"}
{"event": "task_finished", "trajectory_id": "a2d562ec-5085-46eb-b305-3db86620f284", "task_id": "task-c50d95cdd2eabf3b7e52", "model_version": "scripted-engineering-only", "outcome": "completed", "task_success": true}
{"event": "task_started", "trajectory_id": "311a8676-9b98-4155-9c7a-0e1bd60edc30", "task_id": "task-e730102b9a4395aae8ee", "model_version": "scripted-engineering-only"}
{"event": "task_finished", "trajectory_id": "311a8676-9b98-4155-9c7a-0e1bd60edc30", "task_id": "task-e730102b9a4395aae8ee", "model_version": "scripted-engineering-only", "outcome": "completed", "task_success": true}
{"event": "task_started", "trajectory_id": "0bdab502-3e0d-48bb-b3c1-00dcf330433d", "task_id": "task-c1422229a8352e1cf4fc", "model_version": "scripted-engineering-only"}
{"event": "task_finished", "trajectory_id": "0bdab502-3e0d-48bb-b3c1-00dcf330433d", "task_id": "task-c1422229a8352e1cf4fc", "model_version": "scripted-engineering-only", "outcome": "completed", "task_success": true}
{"event": "task_started", "trajectory_id": "c89d5983-8d07-4a38-b1de-0fde84cd5c4c", "task_id": "task-f67587394339c41f909c", "model_version": "scripted-engineering-only"}
{"event": "task_finished", "trajectory_id": "c89d5983-8d07-4a38-b1de-0fde84cd5c4c", "task_id": "task-f67587394339c41f909c", "model_version": "scripted-engineering-only", "outcome": "refused", "task_success": true}
{"event": "task_started", "trajectory_id": "2e462f75-954b-4efc-9cee-1222436d3734", "task_id": "task-b2e0e6a52eb4cbe28b57", "model_version": "scripted-engineering-only"}
{"event": "task_finished", "trajectory_id": "2e462f75-954b-4efc-9cee-1222436d3734", "task_id": "task-b2e0e6a52eb4cbe28b57", "model_version": "scripted-engineering-only", "outcome": "refused", "task_success": true}
{"event": "task_started", "trajectory_id": "4f8c8f58-f99b-472f-9624-ad3b15ec194e", "task_id": "task-271e4f001bfbec4ba37f", "model_version": "scripted-engineering-only"}
{"event": "task_finished", "trajectory_id": "4f8c8f58-f99b-472f-9624-ad3b15ec194e", "task_id": "task-271e4f001bfbec4ba37f", "model_version": "scripted-engineering-only", "outcome": "refused", "task_success": true}
{"event": "task_started", "trajectory_id": "956d4c82-9d6d-48e8-8870-483bd8ae39ae", "task_id": "task-f476ba5bc12924d9bc6b", "model_version": "scripted-engineering-only"}
{"event": "task_finished", "trajectory_id": "956d4c82-9d6d-48e8-8870-483bd8ae39ae", "task_id": "task-f476ba5bc12924d9bc6b", "model_version": "scripted-engineering-only", "outcome": "refused", "task_success": true}
{"event": "task_started", "trajectory_id": "20829981-e3e8-4d64-a7a9-f90c66e41718", "task_id": "task-5eb647be1fe8d553a68b", "model_version": "scripted-engineering-only"}
{"event": "task_finished", "trajectory_id": "20829981-e3e8-4d64-a7a9-f90c66e41718", "task_id": "task-5eb647be1fe8d553a68b", "model_version": "scripted-engineering-only", "outcome": "refused", "task_success": true}
{"event": "task_started", "trajectory_id": "31cc7614-e82b-4208-953f-340eb1d76a88", "task_id": "task-07a2025d71ee061f3bd2", "model_version": "scripted-engineering-only"}
{"event": "task_finished", "trajectory_id": "31cc7614-e82b-4208-953f-340eb1d76a88", "task_id": "task-07a2025d71ee061f3bd2", "model_version": "scripted-engineering-only", "outcome": "refused", "task_success": true}
{"event": "task_started", "trajectory_id": "cf902bbe-0c8f-46c2-9beb-d0ea07426e8d", "task_id": "task-a48da85fc162e85f19e2", "model_version": "scripted-engineering-only"}
{"event": "task_finished", "trajectory_id": "cf902bbe-0c8f-46c2-9beb-d0ea07426e8d", "task_id": "task-a48da85fc162e85f19e2", "model_version": "scripted-engineering-only", "outcome": "escalated", "task_success": true}
{"event": "task_started", "trajectory_id": "8f566ad4-40c1-4852-8a4d-646fdb6afa5c", "task_id": "task-06b8d71a2bcb3273229e", "model_version": "scripted-engineering-only"}
{"event": "task_finished", "trajectory_id": "8f566ad4-40c1-4852-8a4d-646fdb6afa5c", "task_id": "task-06b8d71a2bcb3273229e", "model_version": "scripted-engineering-only", "outcome": "escalated", "task_success": true}
{"event": "task_started", "trajectory_id": "9500e841-d90f-4d30-a9a8-36eca17e48b9", "task_id": "task-a54dafe4b4e3bb62483d", "model_version": "scripted-engineering-only"}
{"event": "task_finished", "trajectory_id": "9500e841-d90f-4d30-a9a8-36eca17e48b9", "task_id": "task-a54dafe4b4e3bb62483d", "model_version": "scripted-engineering-only", "outcome": "escalated", "task_success": true}
{"event": "task_started", "trajectory_id": "a1a40e40-686e-4deb-9840-49cc47be97be", "task_id": "task-965bab023d996aea99f2", "model_version": "scripted-engineering-only"}
{"event": "task_finished", "trajectory_id": "a1a40e40-686e-4deb-9840-49cc47be97be", "task_id": "task-965bab023d996aea99f2", "model_version": "scripted-engineering-only", "outcome": "completed", "task_success": true}
{"event": "task_started", "trajectory_id": "64a065f9-553b-4dd6-b354-dcf7dd83710e", "task_id": "task-eba00923d594244d8a50", "model_version": "scripted-engineering-only"}
{"event": "task_finished", "trajectory_id": "64a065f9-553b-4dd6-b354-dcf7dd83710e", "task_id": "task-eba00923d594244d8a50", "model_version": "scripted-engineering-only", "outcome": "completed", "task_success": true}
{"event": "task_started", "trajectory_id": "23a61944-4d37-42be-afaa-abcb5c26d172", "task_id": "task-2d745d5735989f513472", "model_version": "scripted-engineering-only"}
{"event": "task_finished", "trajectory_id": "23a61944-4d37-42be-afaa-abcb5c26d172", "task_id": "task-2d745d5735989f513472", "model_version": "scripted-engineering-only", "outcome": "completed", "task_success": true}
{"event": "task_started", "trajectory_id": "1c36df3a-76e4-4caf-99d7-4b19b0110a3f", "task_id": "task-adce80fcd242644af3be", "model_version": "scripted-engineering-only"}
{"event": "task_finished", "trajectory_id": "1c36df3a-76e4-4caf-99d7-4b19b0110a3f", "task_id": "task-adce80fcd242644af3be", "model_version": "scripted-engineering-only", "outcome": "escalated", "task_success": true}
{"event": "task_started", "trajectory_id": "b3854a32-3411-411f-9000-80962c7e75c6", "task_id": "task-a3b7dfcd02ab8da95ef8", "model_version": "scripted-engineering-only"}
{"event": "task_finished", "trajectory_id": "b3854a32-3411-411f-9000-80962c7e75c6", "task_id": "task-a3b7dfcd02ab8da95ef8", "model_version": "scripted-engineering-only", "outcome": "escalated", "task_success": true}
{"event": "task_started", "trajectory_id": "4718be31-c63a-4ff0-9b7b-a4326ab203d1", "task_id": "task-0186019e3d73611b86a1", "model_version": "scripted-engineering-only"}
{"event": "task_finished", "trajectory_id": "4718be31-c63a-4ff0-9b7b-a4326ab203d1", "task_id": "task-0186019e3d73611b86a1", "model_version": "scripted-engineering-only", "outcome": "escalated", "task_success": true}
{"event": "task_started", "trajectory_id": "d303fa3d-d567-45a5-8e5d-f1f9a92edc4c", "task_id": "task-734d5b0d34d0656564ee", "model_version": "scripted-engineering-only"}
{"event": "task_finished", "trajectory_id": "d303fa3d-d567-45a5-8e5d-f1f9a92edc4c", "task_id": "task-734d5b0d34d0656564ee", "model_version": "scripted-engineering-only", "outcome": "escalated", "task_success": true}
{"event": "task_started", "trajectory_id": "ad1e4118-3ae1-4968-987c-cff7d324b50a", "task_id": "task-5dceefde9e586fb8376a", "model_version": "scripted-engineering-only"}
{"event": "task_finished", "trajectory_id": "ad1e4118-3ae1-4968-987c-cff7d324b50a", "task_id": "task-5dceefde9e586fb8376a", "model_version": "scripted-engineering-only", "outcome": "escalated", "task_success": true}
{"event": "task_started", "trajectory_id": "158f9d66-baf1-4710-9ab4-1f95c5d3e75e", "task_id": "task-ad1e786facf608c440ac", "model_version": "scripted-engineering-only"}
{"event": "task_finished", "trajectory_id": "158f9d66-baf1-4710-9ab4-1f95c5d3e75e", "task_id": "task-ad1e786facf608c440ac", "model_version": "scripted-engineering-only", "outcome": "escalated", "task_success": true}
{"event": "task_started", "trajectory_id": "985a644a-a6a5-41ac-9ffa-3e74c887b84b", "task_id": "task-bb68b21999ce552f5ffc", "model_version": "scripted-engineering-only"}
{"event": "task_finished", "trajectory_id": "985a644a-a6a5-41ac-9ffa-3e74c887b84b", "task_id": "task-bb68b21999ce552f5ffc", "model_version": "scripted-engineering-only", "outcome": "completed", "task_success": true}
{"event": "task_started", "trajectory_id": "8d8def20-d106-45b3-99c2-8f2d6af33a78", "task_id": "task-a1d394ba1d073d7a2eaa", "model_version": "scripted-engineering-only"}
{"event": "task_finished", "trajectory_id": "8d8def20-d106-45b3-99c2-8f2d6af33a78", "task_id": "task-a1d394ba1d073d7a2eaa", "model_version": "scripted-engineering-only", "outcome": "completed", "task_success": true}
{"event": "task_started", "trajectory_id": "47981965-0b2b-44d1-8fa2-633b79d884b1", "task_id": "task-edb462866dbadf5ed77c", "model_version": "scripted-engineering-only"}
{"event": "task_finished", "trajectory_id": "47981965-0b2b-44d1-8fa2-633b79d884b1", "task_id": "task-edb462866dbadf5ed77c", "model_version": "scripted-engineering-only", "outcome": "completed", "task_success": true}
{"event": "task_started", "trajectory_id": "d27c520c-a641-4e6e-a4e7-0af2900a1e11", "task_id": "task-6dfee218765c8a8ccb03", "model_version": "scripted-engineering-only"}
{"event": "task_finished", "trajectory_id": "d27c520c-a641-4e6e-a4e7-0af2900a1e11", "task_id": "task-6dfee218765c8a8ccb03", "model_version": "scripted-engineering-only", "outcome": "completed", "task_success": true}
{"event": "task_started", "trajectory_id": "6b76aa3a-167b-4b31-b938-fc230ce0eca7", "task_id": "task-7b7e1c638fa73fcdc0cb", "model_version": "scripted-engineering-only"}
{"event": "task_finished", "trajectory_id": "6b76aa3a-167b-4b31-b938-fc230ce0eca7", "task_id": "task-7b7e1c638fa73fcdc0cb", "model_version": "scripted-engineering-only", "outcome": "completed", "task_success": true}
{"event": "task_started", "trajectory_id": "f9775e43-3a08-40e4-8033-9e8732600f56", "task_id": "task-30eeea5e7635d5b1ecb1", "model_version": "scripted-engineering-only"}
{"event": "task_finished", "trajectory_id": "f9775e43-3a08-40e4-8033-9e8732600f56", "task_id": "task-30eeea5e7635d5b1ecb1", "model_version": "scripted-engineering-only", "outcome": "completed", "task_success": true}
{"event": "task_started", "trajectory_id": "1bb0cbcc-e783-4cd9-9e94-17e430b4ba3f", "task_id": "task-d1dddd10b1af24b04d3e", "model_version": "scripted-engineering-only"}
{"event": "task_finished", "trajectory_id": "1bb0cbcc-e783-4cd9-9e94-17e430b4ba3f", "task_id": "task-d1dddd10b1af24b04d3e", "model_version": "scripted-engineering-only", "outcome": "escalated", "task_success": true}
{"event": "task_started", "trajectory_id": "d7dfbdbb-1509-4af0-973f-590369b88a71", "task_id": "task-afbdfb29b194d7db817e", "model_version": "scripted-engineering-only"}
{"event": "task_finished", "trajectory_id": "d7dfbdbb-1509-4af0-973f-590369b88a71", "task_id": "task-afbdfb29b194d7db817e", "model_version": "scripted-engineering-only", "outcome": "escalated", "task_success": true}
{"event": "task_started", "trajectory_id": "50886a86-c54b-4a4a-a6f4-4b5c69e0d786", "task_id": "task-1cb1631bb12620637a56", "model_version": "scripted-engineering-only"}
{"event": "task_finished", "trajectory_id": "50886a86-c54b-4a4a-a6f4-4b5c69e0d786", "task_id": "task-1cb1631bb12620637a56", "model_version": "scripted-engineering-only", "outcome": "escalated", "task_success": true}
{"event": "task_started", "trajectory_id": "b3f4b949-3dcd-4019-89fc-77ca49fcf9f5", "task_id": "task-86bd6cb9106510ea039f", "model_version": "scripted-engineering-only"}
{"event": "task_finished", "trajectory_id": "b3f4b949-3dcd-4019-89fc-77ca49fcf9f5", "task_id": "task-86bd6cb9106510ea039f", "model_version": "scripted-engineering-only", "outcome": "escalated", "task_success": true}
{"event": "task_started", "trajectory_id": "b38147b1-eb91-40cc-83e4-b9219f37c871", "task_id": "task-28acc947e09e78444ad1", "model_version": "scripted-engineering-only"}
{"event": "task_finished", "trajectory_id": "b38147b1-eb91-40cc-83e4-b9219f37c871", "task_id": "task-28acc947e09e78444ad1", "model_version": "scripted-engineering-only", "outcome": "escalated", "task_success": true}
{"event": "task_started", "trajectory_id": "d4516749-6aec-4c8d-b107-2f3b5283a672", "task_id": "task-398eead64c3eeb871099", "model_version": "scripted-engineering-only"}
{"event": "task_finished", "trajectory_id": "d4516749-6aec-4c8d-b107-2f3b5283a672", "task_id": "task-398eead64c3eeb871099", "model_version": "scripted-engineering-only", "outcome": "escalated", "task_success": true}
{"event": "task_started", "trajectory_id": "7aa32725-8f3c-4c3d-abfc-bec0399de5e3", "task_id": "task-80544b2a08bd57e8e768", "model_version": "scripted-engineering-only"}
{"event": "task_finished", "trajectory_id": "7aa32725-8f3c-4c3d-abfc-bec0399de5e3", "task_id": "task-80544b2a08bd57e8e768", "model_version": "scripted-engineering-only", "outcome": "completed", "task_success": true}
{"event": "task_started", "trajectory_id": "a2317d5a-ef64-49f4-8de2-dedb75e0d94f", "task_id": "task-673dbc9dd8f247601722", "model_version": "scripted-engineering-only"}
{"event": "task_finished", "trajectory_id": "a2317d5a-ef64-49f4-8de2-dedb75e0d94f", "task_id": "task-673dbc9dd8f247601722", "model_version": "scripted-engineering-only", "outcome": "completed", "task_success": true}
{"event": "task_started", "trajectory_id": "ee49b78b-c97f-4dec-b11c-da84d5bd9862", "task_id": "task-ed359ba55106b09d8847", "model_version": "scripted-engineering-only"}
{"event": "task_finished", "trajectory_id": "ee49b78b-c97f-4dec-b11c-da84d5bd9862", "task_id": "task-ed359ba55106b09d8847", "model_version": "scripted-engineering-only", "outcome": "completed", "task_success": true}
{"event": "task_started", "trajectory_id": "2f0f8f59-f14f-44c7-b54e-9b569e3fcd7d", "task_id": "task-292ef81ae14a36c27b3f", "model_version": "scripted-engineering-only"}
{"event": "task_finished", "trajectory_id": "2f0f8f59-f14f-44c7-b54e-9b569e3fcd7d", "task_id": "task-292ef81ae14a36c27b3f", "model_version": "scripted-engineering-only", "outcome": "refused", "task_success": true}
{"event": "task_started", "trajectory_id": "60150bec-27e6-44a5-829a-ba7e5cd2f5f6", "task_id": "task-5a00f3a9d86cd9d6c54d", "model_version": "scripted-engineering-only"}
{"event": "task_finished", "trajectory_id": "60150bec-27e6-44a5-829a-ba7e5cd2f5f6", "task_id": "task-5a00f3a9d86cd9d6c54d", "model_version": "scripted-engineering-only", "outcome": "refused", "task_success": true}
{"event": "task_started", "trajectory_id": "3b845de9-c49e-4b4e-9ddb-74beaae8eb4e", "task_id": "task-3b9ce844f270fdf7774d", "model_version": "scripted-engineering-only"}
{"event": "task_finished", "trajectory_id": "3b845de9-c49e-4b4e-9ddb-74beaae8eb4e", "task_id": "task-3b9ce844f270fdf7774d", "model_version": "scripted-engineering-only", "outcome": "refused", "task_success": true}
{"event": "task_started", "trajectory_id": "7e66f696-5df3-444c-9d2d-a9872fc0a6ed", "task_id": "task-f9ea9ef01353b4b68e96", "model_version": "scripted-engineering-only"}
{"event": "task_finished", "trajectory_id": "7e66f696-5df3-444c-9d2d-a9872fc0a6ed", "task_id": "task-f9ea9ef01353b4b68e96", "model_version": "scripted-engineering-only", "outcome": "refused", "task_success": true}
{"event": "task_started", "trajectory_id": "7ee24f55-b3ba-4229-b747-51108fe25d39", "task_id": "task-98171245bbd786a1517a", "model_version": "scripted-engineering-only"}
{"event": "task_finished", "trajectory_id": "7ee24f55-b3ba-4229-b747-51108fe25d39", "task_id": "task-98171245bbd786a1517a", "model_version": "scripted-engineering-only", "outcome": "refused", "task_success": true}
{"event": "task_started", "trajectory_id": "72e8091e-5f91-4824-ab73-88f8715e63fe", "task_id": "task-097a2cdd49eb7039eeda", "model_version": "scripted-engineering-only"}
{"event": "task_finished", "trajectory_id": "72e8091e-5f91-4824-ab73-88f8715e63fe", "task_id": "task-097a2cdd49eb7039eeda", "model_version": "scripted-engineering-only", "outcome": "refused", "task_success": true}
{"event": "task_started", "trajectory_id": "b6f95e6e-24bd-45c1-b277-a6950dd29bfd", "task_id": "task-dc45c35c4539665fa28a", "model_version": "scripted-engineering-only"}
{"event": "task_finished", "trajectory_id": "b6f95e6e-24bd-45c1-b277-a6950dd29bfd", "task_id": "task-dc45c35c4539665fa28a", "model_version": "scripted-engineering-only", "outcome": "escalated", "task_success": true}
{"event": "task_started", "trajectory_id": "33a4ed63-f6dc-4235-a57e-3b0d2eb6dee9", "task_id": "task-012721fdabc6938bfdb4", "model_version": "scripted-engineering-only"}
{"event": "task_finished", "trajectory_id": "33a4ed63-f6dc-4235-a57e-3b0d2eb6dee9", "task_id": "task-012721fdabc6938bfdb4", "model_version": "scripted-engineering-only", "outcome": "escalated", "task_success": true}
{"event": "task_started", "trajectory_id": "0626d7cb-1720-4e6f-b9a5-efe9fbb04e3f", "task_id": "task-7e2db9056f851620b578", "model_version": "scripted-engineering-only"}
{"event": "task_finished", "trajectory_id": "0626d7cb-1720-4e6f-b9a5-efe9fbb04e3f", "task_id": "task-7e2db9056f851620b578", "model_version": "scripted-engineering-only", "outcome": "escalated", "task_success": true}
{"event": "task_started", "trajectory_id": "a866bbb2-e2bb-424c-b39d-b751275e9786", "task_id": "task-56d11969bbac661ba221", "model_version": "scripted-engineering-only"}
{"event": "task_finished", "trajectory_id": "a866bbb2-e2bb-424c-b39d-b751275e9786", "task_id": "task-56d11969bbac661ba221", "model_version": "scripted-engineering-only", "outcome": "refused", "task_success": true}
{"event": "task_started", "trajectory_id": "b305aadf-e844-49f0-b817-e0ed52fae80e", "task_id": "task-87d7c7fe1cf3dca74c72", "model_version": "scripted-engineering-only"}
{"event": "task_finished", "trajectory_id": "b305aadf-e844-49f0-b817-e0ed52fae80e", "task_id": "task-87d7c7fe1cf3dca74c72", "model_version": "scripted-engineering-only", "outcome": "refused", "task_success": true}
{"event": "task_started", "trajectory_id": "10a76166-3d51-4a51-b211-82d9618a56f4", "task_id": "task-31dce11192d72a14cb25", "model_version": "scripted-engineering-only"}
{"event": "task_finished", "trajectory_id": "10a76166-3d51-4a51-b211-82d9618a56f4", "task_id": "task-31dce11192d72a14cb25", "model_version": "scripted-engineering-only", "outcome": "refused", "task_success": true}
{"event": "task_started", "trajectory_id": "bd85ad90-7549-4ef9-8813-01890cc9f9f3", "task_id": "task-c9c2d9c2d23545eb0e36", "model_version": "scripted-engineering-only"}
{"event": "task_finished", "trajectory_id": "bd85ad90-7549-4ef9-8813-01890cc9f9f3", "task_id": "task-c9c2d9c2d23545eb0e36", "model_version": "scripted-engineering-only", "outcome": "refused", "task_success": true}
{"event": "task_started", "trajectory_id": "61d58291-8c8b-49e6-89a9-aa020f6479a6", "task_id": "task-9f2dbc26618598f23b3d", "model_version": "scripted-engineering-only"}
{"event": "task_finished", "trajectory_id": "61d58291-8c8b-49e6-89a9-aa020f6479a6", "task_id": "task-9f2dbc26618598f23b3d", "model_version": "scripted-engineering-only", "outcome": "refused", "task_success": true}
{"event": "task_started", "trajectory_id": "29192079-c5e5-402d-b05e-874d369f71ef", "task_id": "task-ba01b87f8d3c2b2a0a9d", "model_version": "scripted-engineering-only"}
{"event": "task_finished", "trajectory_id": "29192079-c5e5-402d-b05e-874d369f71ef", "task_id": "task-ba01b87f8d3c2b2a0a9d", "model_version": "scripted-engineering-only", "outcome": "refused", "task_success": true}
{"event": "task_started", "trajectory_id": "5b20aa47-5315-45d5-bebe-691cb5a206e7", "task_id": "task-bdd32dbdec43e2d790e2", "model_version": "scripted-engineering-only"}
{"event": "task_finished", "trajectory_id": "5b20aa47-5315-45d5-bebe-691cb5a206e7", "task_id": "task-bdd32dbdec43e2d790e2", "model_version": "scripted-engineering-only", "outcome": "escalated", "task_success": true}
{"event": "task_started", "trajectory_id": "d979b2cd-609b-4db9-91a1-987f7f2c2d78", "task_id": "task-abd88aed3619fa1f2adb", "model_version": "scripted-engineering-only"}
{"event": "task_finished", "trajectory_id": "d979b2cd-609b-4db9-91a1-987f7f2c2d78", "task_id": "task-abd88aed3619fa1f2adb", "model_version": "scripted-engineering-only", "outcome": "escalated", "task_success": true}
{"event": "task_started", "trajectory_id": "309f1fe4-ee4e-4522-8e5e-c60aa69a0113", "task_id": "task-3679379ac0a63d0c5798", "model_version": "scripted-engineering-only"}
{"event": "task_finished", "trajectory_id": "309f1fe4-ee4e-4522-8e5e-c60aa69a0113", "task_id": "task-3679379ac0a63d0c5798", "model_version": "scripted-engineering-only", "outcome": "escalated", "task_success": true}
{"event": "task_started", "trajectory_id": "bd17d1d8-ceb7-466c-87f5-dece0c245756", "task_id": "task-ec729be391c4a34fe297", "model_version": "scripted-engineering-only"}
{"event": "task_finished", "trajectory_id": "bd17d1d8-ceb7-466c-87f5-dece0c245756", "task_id": "task-ec729be391c4a34fe297", "model_version": "scripted-engineering-only", "outcome": "completed", "task_success": true}
{"event": "task_started", "trajectory_id": "f0204a17-7095-434c-9fbd-3a194c36f5da", "task_id": "task-b453a658279db88de3c0", "model_version": "scripted-engineering-only"}
{"event": "task_finished", "trajectory_id": "f0204a17-7095-434c-9fbd-3a194c36f5da", "task_id": "task-b453a658279db88de3c0", "model_version": "scripted-engineering-only", "outcome": "completed", "task_success": true}
{"event": "task_started", "trajectory_id": "48314daa-836a-486a-ab0a-549b14d84b4d", "task_id": "task-97af2e092bbdb911a25a", "model_version": "scripted-engineering-only"}
{"event": "task_finished", "trajectory_id": "48314daa-836a-486a-ab0a-549b14d84b4d", "task_id": "task-97af2e092bbdb911a25a", "model_version": "scripted-engineering-only", "outcome": "completed", "task_success": true}
{"event": "task_started", "trajectory_id": "0f937e3c-fab4-4093-a3af-601a2603f456", "task_id": "task-0724fc5648935c3d16ba", "model_version": "scripted-engineering-only"}
{"event": "task_finished", "trajectory_id": "0f937e3c-fab4-4093-a3af-601a2603f456", "task_id": "task-0724fc5648935c3d16ba", "model_version": "scripted-engineering-only", "outcome": "escalated", "task_success": true}
{"event": "task_started", "trajectory_id": "a08bc753-d35a-49f0-a05f-0acb970bba97", "task_id": "task-674a4080fd2f0382b598", "model_version": "scripted-engineering-only"}
{"event": "task_finished", "trajectory_id": "a08bc753-d35a-49f0-a05f-0acb970bba97", "task_id": "task-674a4080fd2f0382b598", "model_version": "scripted-engineering-only", "outcome": "escalated", "task_success": true}
{"event": "task_started", "trajectory_id": "46737e38-4ea7-483b-9595-69536ce30ff0", "task_id": "task-3feda8a21f9775e1db88", "model_version": "scripted-engineering-only"}
{"event": "task_finished", "trajectory_id": "46737e38-4ea7-483b-9595-69536ce30ff0", "task_id": "task-3feda8a21f9775e1db88", "model_version": "scripted-engineering-only", "outcome": "escalated", "task_success": true}
{"event": "task_started", "trajectory_id": "38e1134e-d0e5-4c23-8db3-5754bd593e11", "task_id": "task-0e084016f0ee902062e6", "model_version": "scripted-engineering-only"}
{"event": "task_finished", "trajectory_id": "38e1134e-d0e5-4c23-8db3-5754bd593e11", "task_id": "task-0e084016f0ee902062e6", "model_version": "scripted-engineering-only", "outcome": "completed", "task_success": true}
{"event": "task_started", "trajectory_id": "1edb6604-c8e4-46c4-97a0-9d8b641c7144", "task_id": "task-4c6c1f9967c096b34002", "model_version": "scripted-engineering-only"}
{"event": "task_finished", "trajectory_id": "1edb6604-c8e4-46c4-97a0-9d8b641c7144", "task_id": "task-4c6c1f9967c096b34002", "model_version": "scripted-engineering-only", "outcome": "completed", "task_success": true}
{"event": "task_started", "trajectory_id": "ac51b3b5-a394-491f-8116-6eab20a1206b", "task_id": "task-5d8affbfbc38c6af2a55", "model_version": "scripted-engineering-only"}
{"event": "task_finished", "trajectory_id": "ac51b3b5-a394-491f-8116-6eab20a1206b", "task_id": "task-5d8affbfbc38c6af2a55", "model_version": "scripted-engineering-only", "outcome": "completed", "task_success": true}
{"event": "task_started", "trajectory_id": "a8c9dbce-e678-495b-a069-1e141827252f", "task_id": "task-705ae2b6a38ee732fcb6", "model_version": "scripted-engineering-only"}
{"event": "task_finished", "trajectory_id": "a8c9dbce-e678-495b-a069-1e141827252f", "task_id": "task-705ae2b6a38ee732fcb6", "model_version": "scripted-engineering-only", "outcome": "refused", "task_success": true}
{"event": "task_started", "trajectory_id": "e8c206a5-96cf-456c-9823-1ef41919c38d", "task_id": "task-aacc6eab02d55411c926", "model_version": "scripted-engineering-only"}
{"event": "task_finished", "trajectory_id": "e8c206a5-96cf-456c-9823-1ef41919c38d", "task_id": "task-aacc6eab02d55411c926", "model_version": "scripted-engineering-only", "outcome": "refused", "task_success": true}
{"event": "task_started", "trajectory_id": "bf9de276-47d5-491e-8bb6-3fe45b3891cd", "task_id": "task-e69eb5bbc48e257eaed9", "model_version": "scripted-engineering-only"}
{"event": "task_finished", "trajectory_id": "bf9de276-47d5-491e-8bb6-3fe45b3891cd", "task_id": "task-e69eb5bbc48e257eaed9", "model_version": "scripted-engineering-only", "outcome": "refused", "task_success": true}
{"event": "task_started", "trajectory_id": "31140d7a-1537-42b6-8919-a5dd525937e9", "task_id": "task-d218b76a549bb71d32a3", "model_version": "scripted-engineering-only"}
{"event": "task_finished", "trajectory_id": "31140d7a-1537-42b6-8919-a5dd525937e9", "task_id": "task-d218b76a549bb71d32a3", "model_version": "scripted-engineering-only", "outcome": "escalated", "task_success": true}
{"event": "task_started", "trajectory_id": "cadd1ef3-1daa-4680-b656-013fb5340691", "task_id": "task-399f80239f711ea5d908", "model_version": "scripted-engineering-only"}
{"event": "task_finished", "trajectory_id": "cadd1ef3-1daa-4680-b656-013fb5340691", "task_id": "task-399f80239f711ea5d908", "model_version": "scripted-engineering-only", "outcome": "escalated", "task_success": true}
{"event": "task_started", "trajectory_id": "2d9161ab-0683-4418-86e0-951d12342045", "task_id": "task-59a584317a710f1deb73", "model_version": "scripted-engineering-only"}
{"event": "task_finished", "trajectory_id": "2d9161ab-0683-4418-86e0-951d12342045", "task_id": "task-59a584317a710f1deb73", "model_version": "scripted-engineering-only", "outcome": "escalated", "task_success": true}
{"event": "task_started", "trajectory_id": "5c900728-6689-4af4-8a95-bccb0c1c5800", "task_id": "task-f72263adb1c1d420111e", "model_version": "scripted-engineering-only"}
{"event": "task_finished", "trajectory_id": "5c900728-6689-4af4-8a95-bccb0c1c5800", "task_id": "task-f72263adb1c1d420111e", "model_version": "scripted-engineering-only", "outcome": "escalated", "task_success": true}
{"event": "task_started", "trajectory_id": "ca490eeb-706b-43d1-9753-7626dfc63b49", "task_id": "task-90c1813085f31f5299b3", "model_version": "scripted-engineering-only"}
{"event": "task_finished", "trajectory_id": "ca490eeb-706b-43d1-9753-7626dfc63b49", "task_id": "task-90c1813085f31f5299b3", "model_version": "scripted-engineering-only", "outcome": "escalated", "task_success": true}
{"event": "task_started", "trajectory_id": "29458878-de20-4089-b68e-2d46dfb0b333", "task_id": "task-c31ed15c43fec69b21d0", "model_version": "scripted-engineering-only"}
{"event": "task_finished", "trajectory_id": "29458878-de20-4089-b68e-2d46dfb0b333", "task_id": "task-c31ed15c43fec69b21d0", "model_version": "scripted-engineering-only", "outcome": "escalated", "task_success": true}
{"event": "task_started", "trajectory_id": "8dfbbb45-1966-4b20-8574-0d02209f90f2", "task_id": "task-c4da3551dcd0c1e6d1bc", "model_version": "scripted-engineering-only"}
{"event": "task_finished", "trajectory_id": "8dfbbb45-1966-4b20-8574-0d02209f90f2", "task_id": "task-c4da3551dcd0c1e6d1bc", "model_version": "scripted-engineering-only", "outcome": "completed", "task_success": true}
{"event": "task_started", "trajectory_id": "79b3dcf7-6a21-4eb8-a48d-9cae4c60e3af", "task_id": "task-d573e068640729f6fc0c", "model_version": "scripted-engineering-only"}
{"event": "task_finished", "trajectory_id": "79b3dcf7-6a21-4eb8-a48d-9cae4c60e3af", "task_id": "task-d573e068640729f6fc0c", "model_version": "scripted-engineering-only", "outcome": "completed", "task_success": true}
{"event": "task_started", "trajectory_id": "b7cf12db-3885-4afb-9d9f-83ba731ac3be", "task_id": "task-5451f40b657f5bfdccbc", "model_version": "scripted-engineering-only"}
{"event": "task_finished", "trajectory_id": "b7cf12db-3885-4afb-9d9f-83ba731ac3be", "task_id": "task-5451f40b657f5bfdccbc", "model_version": "scripted-engineering-only", "outcome": "completed", "task_success": true}
{"event": "task_started", "trajectory_id": "c6c869ff-7d73-4509-93b5-155d9d709711", "task_id": "task-d71f713e079ab5c2b330", "model_version": "scripted-engineering-only"}
{"event": "task_finished", "trajectory_id": "c6c869ff-7d73-4509-93b5-155d9d709711", "task_id": "task-d71f713e079ab5c2b330", "model_version": "scripted-engineering-only", "outcome": "completed", "task_success": true}
{"event": "task_started", "trajectory_id": "4680b44c-378b-4382-a715-11f8e48ce1c0", "task_id": "task-aa38b5523e6289961272", "model_version": "scripted-engineering-only"}
{"event": "task_finished", "trajectory_id": "4680b44c-378b-4382-a715-11f8e48ce1c0", "task_id": "task-aa38b5523e6289961272", "model_version": "scripted-engineering-only", "outcome": "completed", "task_success": true}
{"event": "task_started", "trajectory_id": "ac7db75d-f5b0-4d9c-b3a2-d174cdbb3937", "task_id": "task-45334e54e1889ab54a6c", "model_version": "scripted-engineering-only"}
{"event": "task_finished", "trajectory_id": "ac7db75d-f5b0-4d9c-b3a2-d174cdbb3937", "task_id": "task-45334e54e1889ab54a6c", "model_version": "scripted-engineering-only", "outcome": "completed", "task_success": true}
{"event": "task_started", "trajectory_id": "26898810-d8e4-4e75-8f41-778af4a173e1", "task_id": "task-c50d95cdd2eabf3b7e52", "model_version": "scripted-engineering-only"}
{"event": "task_finished", "trajectory_id": "26898810-d8e4-4e75-8f41-778af4a173e1", "task_id": "task-c50d95cdd2eabf3b7e52", "model_version": "scripted-engineering-only", "outcome": "completed", "task_success": true}
{"event": "task_started", "trajectory_id": "9b2514c5-a9da-411f-9e0a-df4b39e9c613", "task_id": "task-e730102b9a4395aae8ee", "model_version": "scripted-engineering-only"}
{"event": "task_finished", "trajectory_id": "9b2514c5-a9da-411f-9e0a-df4b39e9c613", "task_id": "task-e730102b9a4395aae8ee", "model_version": "scripted-engineering-only", "outcome": "completed", "task_success": true}
{"event": "task_started", "trajectory_id": "1e49d07e-1a54-4fe1-a2d0-b27ae7138f73", "task_id": "task-c1422229a8352e1cf4fc", "model_version": "scripted-engineering-only"}
{"event": "task_finished", "trajectory_id": "1e49d07e-1a54-4fe1-a2d0-b27ae7138f73", "task_id": "task-c1422229a8352e1cf4fc", "model_version": "scripted-engineering-only", "outcome": "completed", "task_success": true}
{"event": "task_started", "trajectory_id": "1c527fdd-82ba-438b-ac15-794d3d3d2844", "task_id": "task-f67587394339c41f909c", "model_version": "scripted-engineering-only"}
{"event": "task_finished", "trajectory_id": "1c527fdd-82ba-438b-ac15-794d3d3d2844", "task_id": "task-f67587394339c41f909c", "model_version": "scripted-engineering-only", "outcome": "refused", "task_success": true}
{"event": "task_started", "trajectory_id": "aa3c3b9f-0c15-45e9-a2b5-8b7fffc0e5a9", "task_id": "task-b2e0e6a52eb4cbe28b57", "model_version": "scripted-engineering-only"}
{"event": "task_finished", "trajectory_id": "aa3c3b9f-0c15-45e9-a2b5-8b7fffc0e5a9", "task_id": "task-b2e0e6a52eb4cbe28b57", "model_version": "scripted-engineering-only", "outcome": "refused", "task_success": true}
{"event": "task_started", "trajectory_id": "632cf629-d51a-469c-af15-b45a8b7c5c74", "task_id": "task-271e4f001bfbec4ba37f", "model_version": "scripted-engineering-only"}
{"event": "task_finished", "trajectory_id": "632cf629-d51a-469c-af15-b45a8b7c5c74", "task_id": "task-271e4f001bfbec4ba37f", "model_version": "scripted-engineering-only", "outcome": "refused", "task_success": true}
{"event": "task_started", "trajectory_id": "029a6691-b9d8-429d-906e-3be9b922b93b", "task_id": "task-f476ba5bc12924d9bc6b", "model_version": "scripted-engineering-only"}
{"event": "task_finished", "trajectory_id": "029a6691-b9d8-429d-906e-3be9b922b93b", "task_id": "task-f476ba5bc12924d9bc6b", "model_version": "scripted-engineering-only", "outcome": "refused", "task_success": true}
{"event": "task_started", "trajectory_id": "3f502ab6-58c2-4874-8659-ea1bc28f60e8", "task_id": "task-5eb647be1fe8d553a68b", "model_version": "scripted-engineering-only"}
{"event": "task_finished", "trajectory_id": "3f502ab6-58c2-4874-8659-ea1bc28f60e8", "task_id": "task-5eb647be1fe8d553a68b", "model_version": "scripted-engineering-only", "outcome": "refused", "task_success": true}
{"event": "task_started", "trajectory_id": "189e65aa-6200-4fb6-a7bf-78db4d95efe9", "task_id": "task-07a2025d71ee061f3bd2", "model_version": "scripted-engineering-only"}
{"event": "task_finished", "trajectory_id": "189e65aa-6200-4fb6-a7bf-78db4d95efe9", "task_id": "task-07a2025d71ee061f3bd2", "model_version": "scripted-engineering-only", "outcome": "refused", "task_success": true}
{"event": "task_started", "trajectory_id": "e7f17a09-3f27-49f3-99f3-e93c94926c25", "task_id": "task-a48da85fc162e85f19e2", "model_version": "scripted-engineering-only"}
{"event": "task_finished", "trajectory_id": "e7f17a09-3f27-49f3-99f3-e93c94926c25", "task_id": "task-a48da85fc162e85f19e2", "model_version": "scripted-engineering-only", "outcome": "escalated", "task_success": true}
{"event": "task_started", "trajectory_id": "45f7ff6d-22da-4d72-a14a-9bb389def8c5", "task_id": "task-06b8d71a2bcb3273229e", "model_version": "scripted-engineering-only"}
{"event": "task_finished", "trajectory_id": "45f7ff6d-22da-4d72-a14a-9bb389def8c5", "task_id": "task-06b8d71a2bcb3273229e", "model_version": "scripted-engineering-only", "outcome": "escalated", "task_success": true}
{"event": "task_started", "trajectory_id": "bd405c71-fe5d-4834-b8d3-678160a48d4a", "task_id": "task-a54dafe4b4e3bb62483d", "model_version": "scripted-engineering-only"}
{"event": "task_finished", "trajectory_id": "bd405c71-fe5d-4834-b8d3-678160a48d4a", "task_id": "task-a54dafe4b4e3bb62483d", "model_version": "scripted-engineering-only", "outcome": "escalated", "task_success": true}
{"event": "task_started", "trajectory_id": "0832c710-ac80-40de-af02-3fd2de44a984", "task_id": "task-965bab023d996aea99f2", "model_version": "scripted-engineering-only"}
{"event": "task_finished", "trajectory_id": "0832c710-ac80-40de-af02-3fd2de44a984", "task_id": "task-965bab023d996aea99f2", "model_version": "scripted-engineering-only", "outcome": "completed", "task_success": true}
{"event": "task_started", "trajectory_id": "90bc7070-1617-4614-8f40-3a95e9ccda0b", "task_id": "task-eba00923d594244d8a50", "model_version": "scripted-engineering-only"}
{"event": "task_finished", "trajectory_id": "90bc7070-1617-4614-8f40-3a95e9ccda0b", "task_id": "task-eba00923d594244d8a50", "model_version": "scripted-engineering-only", "outcome": "completed", "task_success": true}
{"event": "task_started", "trajectory_id": "9265f35b-f7fc-4346-943f-cf8a4c1d3070", "task_id": "task-2d745d5735989f513472", "model_version": "scripted-engineering-only"}
{"event": "task_finished", "trajectory_id": "9265f35b-f7fc-4346-943f-cf8a4c1d3070", "task_id": "task-2d745d5735989f513472", "model_version": "scripted-engineering-only", "outcome": "completed", "task_success": true}
{"event": "task_started", "trajectory_id": "86027a8b-9511-4b70-9d44-1cd47d8e6f8b", "task_id": "task-adce80fcd242644af3be", "model_version": "scripted-engineering-only"}
{"event": "task_finished", "trajectory_id": "86027a8b-9511-4b70-9d44-1cd47d8e6f8b", "task_id": "task-adce80fcd242644af3be", "model_version": "scripted-engineering-only", "outcome": "escalated", "task_success": true}
{"event": "task_started", "trajectory_id": "5c80e2af-1d91-4a7e-97d8-1219e253bedd", "task_id": "task-a3b7dfcd02ab8da95ef8", "model_version": "scripted-engineering-only"}
{"event": "task_finished", "trajectory_id": "5c80e2af-1d91-4a7e-97d8-1219e253bedd", "task_id": "task-a3b7dfcd02ab8da95ef8", "model_version": "scripted-engineering-only", "outcome": "escalated", "task_success": true}
{"event": "task_started", "trajectory_id": "0ac46fcf-73ee-4241-abc1-086d0c632596", "task_id": "task-0186019e3d73611b86a1", "model_version": "scripted-engineering-only"}
{"event": "task_finished", "trajectory_id": "0ac46fcf-73ee-4241-abc1-086d0c632596", "task_id": "task-0186019e3d73611b86a1", "model_version": "scripted-engineering-only", "outcome": "escalated", "task_success": true}
{"event": "task_started", "trajectory_id": "038257f2-edbe-4f22-ada0-103de3da437b", "task_id": "task-734d5b0d34d0656564ee", "model_version": "scripted-engineering-only"}
{"event": "task_finished", "trajectory_id": "038257f2-edbe-4f22-ada0-103de3da437b", "task_id": "task-734d5b0d34d0656564ee", "model_version": "scripted-engineering-only", "outcome": "escalated", "task_success": true}
{"event": "task_started", "trajectory_id": "12c4d4df-4ae3-43ef-9887-4b4cf6e8990f", "task_id": "task-5dceefde9e586fb8376a", "model_version": "scripted-engineering-only"}
{"event": "task_finished", "trajectory_id": "12c4d4df-4ae3-43ef-9887-4b4cf6e8990f", "task_id": "task-5dceefde9e586fb8376a", "model_version": "scripted-engineering-only", "outcome": "escalated", "task_success": true}
{"event": "task_started", "trajectory_id": "fd437ed0-7e24-42ae-8dcc-f21821ea1246", "task_id": "task-ad1e786facf608c440ac", "model_version": "scripted-engineering-only"}
{"event": "task_finished", "trajectory_id": "fd437ed0-7e24-42ae-8dcc-f21821ea1246", "task_id": "task-ad1e786facf608c440ac", "model_version": "scripted-engineering-only", "outcome": "escalated", "task_success": true}
{"event": "task_started", "trajectory_id": "d8b6d259-3a40-4df0-b9e1-795ba401374a", "task_id": "task-bb68b21999ce552f5ffc", "model_version": "scripted-engineering-only"}
{"event": "task_finished", "trajectory_id": "d8b6d259-3a40-4df0-b9e1-795ba401374a", "task_id": "task-bb68b21999ce552f5ffc", "model_version": "scripted-engineering-only", "outcome": "completed", "task_success": true}
{"event": "task_started", "trajectory_id": "0aa40ce6-e605-49c8-968d-44278f859c51", "task_id": "task-a1d394ba1d073d7a2eaa", "model_version": "scripted-engineering-only"}
{"event": "task_finished", "trajectory_id": "0aa40ce6-e605-49c8-968d-44278f859c51", "task_id": "task-a1d394ba1d073d7a2eaa", "model_version": "scripted-engineering-only", "outcome": "completed", "task_success": true}
{"event": "task_started", "trajectory_id": "b8daac21-0a82-4be1-b3a1-9a49b178571f", "task_id": "task-edb462866dbadf5ed77c", "model_version": "scripted-engineering-only"}
{"event": "task_finished", "trajectory_id": "b8daac21-0a82-4be1-b3a1-9a49b178571f", "task_id": "task-edb462866dbadf5ed77c", "model_version": "scripted-engineering-only", "outcome": "completed", "task_success": true}
{"event": "task_started", "trajectory_id": "7a62d41f-977e-4922-be7b-5997d2fecb56", "task_id": "task-6dfee218765c8a8ccb03", "model_version": "scripted-engineering-only"}
{"event": "task_finished", "trajectory_id": "7a62d41f-977e-4922-be7b-5997d2fecb56", "task_id": "task-6dfee218765c8a8ccb03", "model_version": "scripted-engineering-only", "outcome": "completed", "task_success": true}
{"event": "task_started", "trajectory_id": "20374f42-4504-4aa7-8d3d-6a90e88bc7d8", "task_id": "task-7b7e1c638fa73fcdc0cb", "model_version": "scripted-engineering-only"}
{"event": "task_finished", "trajectory_id": "20374f42-4504-4aa7-8d3d-6a90e88bc7d8", "task_id": "task-7b7e1c638fa73fcdc0cb", "model_version": "scripted-engineering-only", "outcome": "completed", "task_success": true}
{"event": "task_started", "trajectory_id": "857e04d4-8633-4997-83a0-f42d26cfbe36", "task_id": "task-30eeea5e7635d5b1ecb1", "model_version": "scripted-engineering-only"}
{"event": "task_finished", "trajectory_id": "857e04d4-8633-4997-83a0-f42d26cfbe36", "task_id": "task-30eeea5e7635d5b1ecb1", "model_version": "scripted-engineering-only", "outcome": "completed", "task_success": true}
{"event": "task_started", "trajectory_id": "38d9f4cb-f398-4216-bf39-c09930fa7eee", "task_id": "task-d1dddd10b1af24b04d3e", "model_version": "scripted-engineering-only"}
{"event": "task_finished", "trajectory_id": "38d9f4cb-f398-4216-bf39-c09930fa7eee", "task_id": "task-d1dddd10b1af24b04d3e", "model_version": "scripted-engineering-only", "outcome": "escalated", "task_success": true}
{"event": "task_started", "trajectory_id": "e81b3ccc-96bd-4866-b671-be8437a687d7", "task_id": "task-afbdfb29b194d7db817e", "model_version": "scripted-engineering-only"}
{"event": "task_finished", "trajectory_id": "e81b3ccc-96bd-4866-b671-be8437a687d7", "task_id": "task-afbdfb29b194d7db817e", "model_version": "scripted-engineering-only", "outcome": "escalated", "task_success": true}
{"event": "task_started", "trajectory_id": "2c45587d-526d-4215-a4d8-1c7cc197f23f", "task_id": "task-1cb1631bb12620637a56", "model_version": "scripted-engineering-only"}
{"event": "task_finished", "trajectory_id": "2c45587d-526d-4215-a4d8-1c7cc197f23f", "task_id": "task-1cb1631bb12620637a56", "model_version": "scripted-engineering-only", "outcome": "escalated", "task_success": true}
{"event": "task_started", "trajectory_id": "088d17d7-9954-4071-ba0f-01f4fddd0422", "task_id": "task-86bd6cb9106510ea039f", "model_version": "scripted-engineering-only"}
{"event": "task_finished", "trajectory_id": "088d17d7-9954-4071-ba0f-01f4fddd0422", "task_id": "task-86bd6cb9106510ea039f", "model_version": "scripted-engineering-only", "outcome": "escalated", "task_success": true}
{"event": "task_started", "trajectory_id": "bd88a98c-5b8c-4a7f-823c-644128511347", "task_id": "task-28acc947e09e78444ad1", "model_version": "scripted-engineering-only"}
{"event": "task_finished", "trajectory_id": "bd88a98c-5b8c-4a7f-823c-644128511347", "task_id": "task-28acc947e09e78444ad1", "model_version": "scripted-engineering-only", "outcome": "escalated", "task_success": true}
{"event": "task_started", "trajectory_id": "8162048d-d76c-4446-bf75-2b3882de4e48", "task_id": "task-398eead64c3eeb871099", "model_version": "scripted-engineering-only"}
{"event": "task_finished", "trajectory_id": "8162048d-d76c-4446-bf75-2b3882de4e48", "task_id": "task-398eead64c3eeb871099", "model_version": "scripted-engineering-only", "outcome": "escalated", "task_success": true}
{"event": "task_started", "trajectory_id": "b1b7c74a-4f29-4f08-a385-deaad43fdc82", "task_id": "task-80544b2a08bd57e8e768", "model_version": "scripted-engineering-only"}
{"event": "task_finished", "trajectory_id": "b1b7c74a-4f29-4f08-a385-deaad43fdc82", "task_id": "task-80544b2a08bd57e8e768", "model_version": "scripted-engineering-only", "outcome": "completed", "task_success": true}
{"event": "task_started", "trajectory_id": "c229fae0-9a94-4a8d-a771-b983b82ec144", "task_id": "task-673dbc9dd8f247601722", "model_version": "scripted-engineering-only"}
{"event": "task_finished", "trajectory_id": "c229fae0-9a94-4a8d-a771-b983b82ec144", "task_id": "task-673dbc9dd8f247601722", "model_version": "scripted-engineering-only", "outcome": "completed", "task_success": true}
{"event": "task_started", "trajectory_id": "78a9357a-bbae-4155-a8ff-59ff67e252d0", "task_id": "task-ed359ba55106b09d8847", "model_version": "scripted-engineering-only"}
{"event": "task_finished", "trajectory_id": "78a9357a-bbae-4155-a8ff-59ff67e252d0", "task_id": "task-ed359ba55106b09d8847", "model_version": "scripted-engineering-only", "outcome": "completed", "task_success": true}
{"event": "task_started", "trajectory_id": "19ca88ef-2ce3-4015-a613-0bac3ad29189", "task_id": "task-292ef81ae14a36c27b3f", "model_version": "scripted-engineering-only"}
{"event": "task_finished", "trajectory_id": "19ca88ef-2ce3-4015-a613-0bac3ad29189", "task_id": "task-292ef81ae14a36c27b3f", "model_version": "scripted-engineering-only", "outcome": "refused", "task_success": true}
{"event": "task_started", "trajectory_id": "5a075655-f14b-4ac4-9964-7d7393c5d70a", "task_id": "task-5a00f3a9d86cd9d6c54d", "model_version": "scripted-engineering-only"}
{"event": "task_finished", "trajectory_id": "5a075655-f14b-4ac4-9964-7d7393c5d70a", "task_id": "task-5a00f3a9d86cd9d6c54d", "model_version": "scripted-engineering-only", "outcome": "refused", "task_success": true}
{"event": "task_started", "trajectory_id": "91527b5d-889f-4876-9f4d-0ae8ccc4e0b7", "task_id": "task-3b9ce844f270fdf7774d", "model_version": "scripted-engineering-only"}
{"event": "task_finished", "trajectory_id": "91527b5d-889f-4876-9f4d-0ae8ccc4e0b7", "task_id": "task-3b9ce844f270fdf7774d", "model_version": "scripted-engineering-only", "outcome": "refused", "task_success": true}
{"event": "task_started", "trajectory_id": "8db9caa6-ab46-4580-b102-8b53c627b299", "task_id": "task-f9ea9ef01353b4b68e96", "model_version": "scripted-engineering-only"}
{"event": "task_finished", "trajectory_id": "8db9caa6-ab46-4580-b102-8b53c627b299", "task_id": "task-f9ea9ef01353b4b68e96", "model_version": "scripted-engineering-only", "outcome": "refused", "task_success": true}
{"event": "task_started", "trajectory_id": "a558c9eb-ce28-4012-a7eb-89fbd34e3aa7", "task_id": "task-98171245bbd786a1517a", "model_version": "scripted-engineering-only"}
{"event": "task_finished", "trajectory_id": "a558c9eb-ce28-4012-a7eb-89fbd34e3aa7", "task_id": "task-98171245bbd786a1517a", "model_version": "scripted-engineering-only", "outcome": "refused", "task_success": true}
{"event": "task_started", "trajectory_id": "50136d12-cc44-4f4e-9777-4e2f9c40fb0e", "task_id": "task-097a2cdd49eb7039eeda", "model_version": "scripted-engineering-only"}
{"event": "task_finished", "trajectory_id": "50136d12-cc44-4f4e-9777-4e2f9c40fb0e", "task_id": "task-097a2cdd49eb7039eeda", "model_version": "scripted-engineering-only", "outcome": "refused", "task_success": true}
{"event": "task_started", "trajectory_id": "6d27f17f-30c0-419c-a4ec-d682e4923c36", "task_id": "task-dc45c35c4539665fa28a", "model_version": "scripted-engineering-only"}
{"event": "task_finished", "trajectory_id": "6d27f17f-30c0-419c-a4ec-d682e4923c36", "task_id": "task-dc45c35c4539665fa28a", "model_version": "scripted-engineering-only", "outcome": "escalated", "task_success": true}
{"event": "task_started", "trajectory_id": "92978a56-3051-4ef0-a45b-71fae8c41f24", "task_id": "task-012721fdabc6938bfdb4", "model_version": "scripted-engineering-only"}
{"event": "task_finished", "trajectory_id": "92978a56-3051-4ef0-a45b-71fae8c41f24", "task_id": "task-012721fdabc6938bfdb4", "model_version": "scripted-engineering-only", "outcome": "escalated", "task_success": true}
{"event": "task_started", "trajectory_id": "76c5b234-080a-4cef-84ad-0037f2b9f263", "task_id": "task-7e2db9056f851620b578", "model_version": "scripted-engineering-only"}
{"event": "task_finished", "trajectory_id": "76c5b234-080a-4cef-84ad-0037f2b9f263", "task_id": "task-7e2db9056f851620b578", "model_version": "scripted-engineering-only", "outcome": "escalated", "task_success": true}
{"event": "task_started", "trajectory_id": "77850331-08b2-4a55-8ec7-90bceeddf173", "task_id": "task-56d11969bbac661ba221", "model_version": "scripted-engineering-only"}
{"event": "task_finished", "trajectory_id": "77850331-08b2-4a55-8ec7-90bceeddf173", "task_id": "task-56d11969bbac661ba221", "model_version": "scripted-engineering-only", "outcome": "refused", "task_success": true}
{"event": "task_started", "trajectory_id": "159fa8cc-ab86-4518-8095-57b2bab854a0", "task_id": "task-87d7c7fe1cf3dca74c72", "model_version": "scripted-engineering-only"}
{"event": "task_finished", "trajectory_id": "159fa8cc-ab86-4518-8095-57b2bab854a0", "task_id": "task-87d7c7fe1cf3dca74c72", "model_version": "scripted-engineering-only", "outcome": "refused", "task_success": true}
{"event": "task_started", "trajectory_id": "8b7f6da9-cde6-4536-9035-f4fc63290c50", "task_id": "task-31dce11192d72a14cb25", "model_version": "scripted-engineering-only"}
{"event": "task_finished", "trajectory_id": "8b7f6da9-cde6-4536-9035-f4fc63290c50", "task_id": "task-31dce11192d72a14cb25", "model_version": "scripted-engineering-only", "outcome": "refused", "task_success": true}
{"event": "task_started", "trajectory_id": "29170d3e-7825-4af3-826b-5a8e43d4c543", "task_id": "task-c9c2d9c2d23545eb0e36", "model_version": "scripted-engineering-only"}
{"event": "task_finished", "trajectory_id": "29170d3e-7825-4af3-826b-5a8e43d4c543", "task_id": "task-c9c2d9c2d23545eb0e36", "model_version": "scripted-engineering-only", "outcome": "refused", "task_success": true}
{"event": "task_started", "trajectory_id": "dfaf2a53-69c3-44e5-bb91-093a32ab987d", "task_id": "task-9f2dbc26618598f23b3d", "model_version": "scripted-engineering-only"}
{"event": "task_finished", "trajectory_id": "dfaf2a53-69c3-44e5-bb91-093a32ab987d", "task_id": "task-9f2dbc26618598f23b3d", "model_version": "scripted-engineering-only", "outcome": "refused", "task_success": true}
{"event": "task_started", "trajectory_id": "c95acfa1-f075-4d7a-a677-0e2434af5383", "task_id": "task-ba01b87f8d3c2b2a0a9d", "model_version": "scripted-engineering-only"}
{"event": "task_finished", "trajectory_id": "c95acfa1-f075-4d7a-a677-0e2434af5383", "task_id": "task-ba01b87f8d3c2b2a0a9d", "model_version": "scripted-engineering-only", "outcome": "refused", "task_success": true}
{"event": "task_started", "trajectory_id": "ebc2bde8-152d-4863-8a1c-048a7c3c04c2", "task_id": "task-bdd32dbdec43e2d790e2", "model_version": "scripted-engineering-only"}
{"event": "task_finished", "trajectory_id": "ebc2bde8-152d-4863-8a1c-048a7c3c04c2", "task_id": "task-bdd32dbdec43e2d790e2", "model_version": "scripted-engineering-only", "outcome": "escalated", "task_success": true}
{"event": "task_started", "trajectory_id": "ed766502-0f34-4aaf-8738-2a8a114f88af", "task_id": "task-abd88aed3619fa1f2adb", "model_version": "scripted-engineering-only"}
{"event": "task_finished", "trajectory_id": "ed766502-0f34-4aaf-8738-2a8a114f88af", "task_id": "task-abd88aed3619fa1f2adb", "model_version": "scripted-engineering-only", "outcome": "escalated", "task_success": true}
{"event": "task_started", "trajectory_id": "627e4a69-1322-47cb-9f5d-6c4bcdc2d869", "task_id": "task-3679379ac0a63d0c5798", "model_version": "scripted-engineering-only"}
{"event": "task_finished", "trajectory_id": "627e4a69-1322-47cb-9f5d-6c4bcdc2d869", "task_id": "task-3679379ac0a63d0c5798", "model_version": "scripted-engineering-only", "outcome": "escalated", "task_success": true}
{"event": "task_started", "trajectory_id": "2d445706-6077-476c-a249-ec1fdadd400d", "task_id": "task-ec729be391c4a34fe297", "model_version": "scripted-engineering-only"}
{"event": "task_finished", "trajectory_id": "2d445706-6077-476c-a249-ec1fdadd400d", "task_id": "task-ec729be391c4a34fe297", "model_version": "scripted-engineering-only", "outcome": "completed", "task_success": true}
{"event": "task_started", "trajectory_id": "ebed5ead-e732-4d69-9517-37b0448ff44a", "task_id": "task-b453a658279db88de3c0", "model_version": "scripted-engineering-only"}
{"event": "task_finished", "trajectory_id": "ebed5ead-e732-4d69-9517-37b0448ff44a", "task_id": "task-b453a658279db88de3c0", "model_version": "scripted-engineering-only", "outcome": "completed", "task_success": true}
{"event": "task_started", "trajectory_id": "53167f2c-0bc9-4466-b771-efb309badd4c", "task_id": "task-97af2e092bbdb911a25a", "model_version": "scripted-engineering-only"}
{"event": "task_finished", "trajectory_id": "53167f2c-0bc9-4466-b771-efb309badd4c", "task_id": "task-97af2e092bbdb911a25a", "model_version": "scripted-engineering-only", "outcome": "completed", "task_success": true}
{"event": "task_started", "trajectory_id": "879e9831-161d-4e48-af26-85a08147997c", "task_id": "task-0724fc5648935c3d16ba", "model_version": "scripted-engineering-only"}
{"event": "task_finished", "trajectory_id": "879e9831-161d-4e48-af26-85a08147997c", "task_id": "task-0724fc5648935c3d16ba", "model_version": "scripted-engineering-only", "outcome": "escalated", "task_success": true}
{"event": "task_started", "trajectory_id": "6fb1d2b1-2dbc-4b84-a00b-5f3ea3fce619", "task_id": "task-674a4080fd2f0382b598", "model_version": "scripted-engineering-only"}
{"event": "task_finished", "trajectory_id": "6fb1d2b1-2dbc-4b84-a00b-5f3ea3fce619", "task_id": "task-674a4080fd2f0382b598", "model_version": "scripted-engineering-only", "outcome": "escalated", "task_success": true}
{"event": "task_started", "trajectory_id": "588f379b-fb77-45e8-bc42-f7190ac7ec99", "task_id": "task-3feda8a21f9775e1db88", "model_version": "scripted-engineering-only"}
{"event": "task_finished", "trajectory_id": "588f379b-fb77-45e8-bc42-f7190ac7ec99", "task_id": "task-3feda8a21f9775e1db88", "model_version": "scripted-engineering-only", "outcome": "escalated", "task_success": true}
{"event": "task_started", "trajectory_id": "5c57abcc-ead9-4311-afa5-14506202f115", "task_id": "task-0e084016f0ee902062e6", "model_version": "scripted-engineering-only"}
{"event": "task_finished", "trajectory_id": "5c57abcc-ead9-4311-afa5-14506202f115", "task_id": "task-0e084016f0ee902062e6", "model_version": "scripted-engineering-only", "outcome": "completed", "task_success": true}
{"event": "task_started", "trajectory_id": "513bf8c1-80d4-4259-9d56-50fa50f34ce0", "task_id": "task-4c6c1f9967c096b34002", "model_version": "scripted-engineering-only"}
{"event": "task_finished", "trajectory_id": "513bf8c1-80d4-4259-9d56-50fa50f34ce0", "task_id": "task-4c6c1f9967c096b34002", "model_version": "scripted-engineering-only", "outcome": "completed", "task_success": true}
{"event": "task_started", "trajectory_id": "25a09dbf-8d81-4d30-9c61-6a9cbe6f9699", "task_id": "task-5d8affbfbc38c6af2a55", "model_version": "scripted-engineering-only"}
{"event": "task_finished", "trajectory_id": "25a09dbf-8d81-4d30-9c61-6a9cbe6f9699", "task_id": "task-5d8affbfbc38c6af2a55", "model_version": "scripted-engineering-only", "outcome": "completed", "task_success": true}
{"event": "task_started", "trajectory_id": "4461d8bd-fa9c-425a-a7cc-0bdecb7e2433", "task_id": "task-705ae2b6a38ee732fcb6", "model_version": "scripted-engineering-only"}
{"event": "task_finished", "trajectory_id": "4461d8bd-fa9c-425a-a7cc-0bdecb7e2433", "task_id": "task-705ae2b6a38ee732fcb6", "model_version": "scripted-engineering-only", "outcome": "refused", "task_success": true}
{"event": "task_started", "trajectory_id": "e4526042-658a-4610-af83-49b8ce821285", "task_id": "task-aacc6eab02d55411c926", "model_version": "scripted-engineering-only"}
{"event": "task_finished", "trajectory_id": "e4526042-658a-4610-af83-49b8ce821285", "task_id": "task-aacc6eab02d55411c926", "model_version": "scripted-engineering-only", "outcome": "refused", "task_success": true}
{"event": "task_started", "trajectory_id": "02dc3bff-4932-4db6-93f1-c303ee486cf4", "task_id": "task-e69eb5bbc48e257eaed9", "model_version": "scripted-engineering-only"}
{"event": "task_finished", "trajectory_id": "02dc3bff-4932-4db6-93f1-c303ee486cf4", "task_id": "task-e69eb5bbc48e257eaed9", "model_version": "scripted-engineering-only", "outcome": "refused", "task_success": true}
{"event": "task_started", "trajectory_id": "cd264fd4-1c5b-42cd-bf99-fa70f2459119", "task_id": "task-d218b76a549bb71d32a3", "model_version": "scripted-engineering-only"}
{"event": "task_finished", "trajectory_id": "cd264fd4-1c5b-42cd-bf99-fa70f2459119", "task_id": "task-d218b76a549bb71d32a3", "model_version": "scripted-engineering-only", "outcome": "escalated", "task_success": true}
{"event": "task_started", "trajectory_id": "766fed7f-2a0a-43da-b501-9b3352441195", "task_id": "task-399f80239f711ea5d908", "model_version": "scripted-engineering-only"}
{"event": "task_finished", "trajectory_id": "766fed7f-2a0a-43da-b501-9b3352441195", "task_id": "task-399f80239f711ea5d908", "model_version": "scripted-engineering-only", "outcome": "escalated", "task_success": true}
{"event": "task_started", "trajectory_id": "a0d6a171-21d3-405c-8604-8a2e3ebb0d66", "task_id": "task-59a584317a710f1deb73", "model_version": "scripted-engineering-only"}
{"event": "task_finished", "trajectory_id": "a0d6a171-21d3-405c-8604-8a2e3ebb0d66", "task_id": "task-59a584317a710f1deb73", "model_version": "scripted-engineering-only", "outcome": "escalated", "task_success": true}
{"event": "task_started", "trajectory_id": "74efbff6-7145-456e-9b88-edf76a8e9ee1", "task_id": "task-f72263adb1c1d420111e", "model_version": "scripted-engineering-only"}
{"event": "task_finished", "trajectory_id": "74efbff6-7145-456e-9b88-edf76a8e9ee1", "task_id": "task-f72263adb1c1d420111e", "model_version": "scripted-engineering-only", "outcome": "escalated", "task_success": true}
{"event": "task_started", "trajectory_id": "92646fd9-ef51-4487-8a72-33f00bcbc0a0", "task_id": "task-90c1813085f31f5299b3", "model_version": "scripted-engineering-only"}
{"event": "task_finished", "trajectory_id": "92646fd9-ef51-4487-8a72-33f00bcbc0a0", "task_id": "task-90c1813085f31f5299b3", "model_version": "scripted-engineering-only", "outcome": "escalated", "task_success": true}
{"event": "task_started", "trajectory_id": "9be2e072-6af1-4087-857a-357a31270d46", "task_id": "task-c31ed15c43fec69b21d0", "model_version": "scripted-engineering-only"}
{"event": "task_finished", "trajectory_id": "9be2e072-6af1-4087-857a-357a31270d46", "task_id": "task-c31ed15c43fec69b21d0", "model_version": "scripted-engineering-only", "outcome": "escalated", "task_success": true}
{"event": "task_started", "trajectory_id": "943b4463-73d9-40e9-ac9b-554f04b1732c", "task_id": "task-c4da3551dcd0c1e6d1bc", "model_version": "scripted-engineering-only"}
{"event": "task_finished", "trajectory_id": "943b4463-73d9-40e9-ac9b-554f04b1732c", "task_id": "task-c4da3551dcd0c1e6d1bc", "model_version": "scripted-engineering-only", "outcome": "completed", "task_success": true}
{"event": "task_started", "trajectory_id": "9da18ca0-e63e-42e2-99d8-4b7e58954a0c", "task_id": "task-d573e068640729f6fc0c", "model_version": "scripted-engineering-only"}
{"event": "task_finished", "trajectory_id": "9da18ca0-e63e-42e2-99d8-4b7e58954a0c", "task_id": "task-d573e068640729f6fc0c", "model_version": "scripted-engineering-only", "outcome": "completed", "task_success": true}
{"event": "task_started", "trajectory_id": "4276a2de-6c57-4eb7-85a2-a4eb3a2ae956", "task_id": "task-5451f40b657f5bfdccbc", "model_version": "scripted-engineering-only"}
{"event": "task_finished", "trajectory_id": "4276a2de-6c57-4eb7-85a2-a4eb3a2ae956", "task_id": "task-5451f40b657f5bfdccbc", "model_version": "scripted-engineering-only", "outcome": "completed", "task_success": true}
{"event": "task_started", "trajectory_id": "d68cbc45-7339-433e-8ea9-44d6c55b9771", "task_id": "task-d71f713e079ab5c2b330", "model_version": "scripted-engineering-only"}
{"event": "task_finished", "trajectory_id": "d68cbc45-7339-433e-8ea9-44d6c55b9771", "task_id": "task-d71f713e079ab5c2b330", "model_version": "scripted-engineering-only", "outcome": "completed", "task_success": true}
{"event": "task_started", "trajectory_id": "9906956b-df80-45dc-8ccc-29a19f37d668", "task_id": "task-aa38b5523e6289961272", "model_version": "scripted-engineering-only"}
{"event": "task_finished", "trajectory_id": "9906956b-df80-45dc-8ccc-29a19f37d668", "task_id": "task-aa38b5523e6289961272", "model_version": "scripted-engineering-only", "outcome": "completed", "task_success": true}
{"event": "task_started", "trajectory_id": "2e665c1e-56af-413d-99ba-75395d604160", "task_id": "task-45334e54e1889ab54a6c", "model_version": "scripted-engineering-only"}
{"event": "task_finished", "trajectory_id": "2e665c1e-56af-413d-99ba-75395d604160", "task_id": "task-45334e54e1889ab54a6c", "model_version": "scripted-engineering-only", "outcome": "completed", "task_success": true}
{"event": "task_started", "trajectory_id": "0e3b5ab9-0220-402a-acda-3132a0cb2c82", "task_id": "task-c50d95cdd2eabf3b7e52", "model_version": "scripted-engineering-only"}
{"event": "task_finished", "trajectory_id": "0e3b5ab9-0220-402a-acda-3132a0cb2c82", "task_id": "task-c50d95cdd2eabf3b7e52", "model_version": "scripted-engineering-only", "outcome": "completed", "task_success": true}
{"event": "task_started", "trajectory_id": "2bbe8e9d-6806-4346-ad69-c7e48079de09", "task_id": "task-e730102b9a4395aae8ee", "model_version": "scripted-engineering-only"}
{"event": "task_finished", "trajectory_id": "2bbe8e9d-6806-4346-ad69-c7e48079de09", "task_id": "task-e730102b9a4395aae8ee", "model_version": "scripted-engineering-only", "outcome": "completed", "task_success": true}
{"event": "task_started", "trajectory_id": "e63d6c03-3c3c-4fdc-8210-b6a4b6f31c68", "task_id": "task-c1422229a8352e1cf4fc", "model_version": "scripted-engineering-only"}
{"event": "task_finished", "trajectory_id": "e63d6c03-3c3c-4fdc-8210-b6a4b6f31c68", "task_id": "task-c1422229a8352e1cf4fc", "model_version": "scripted-engineering-only", "outcome": "completed", "task_success": true}
{"event": "task_started", "trajectory_id": "80fadbfc-3b9b-410b-95ae-46c973b0ec8f", "task_id": "task-f67587394339c41f909c", "model_version": "scripted-engineering-only"}
{"event": "task_finished", "trajectory_id": "80fadbfc-3b9b-410b-95ae-46c973b0ec8f", "task_id": "task-f67587394339c41f909c", "model_version": "scripted-engineering-only", "outcome": "refused", "task_success": true}
{"event": "task_started", "trajectory_id": "535e53d4-092b-4f0a-a9b5-2a58ab5ab90b", "task_id": "task-b2e0e6a52eb4cbe28b57", "model_version": "scripted-engineering-only"}
{"event": "task_finished", "trajectory_id": "535e53d4-092b-4f0a-a9b5-2a58ab5ab90b", "task_id": "task-b2e0e6a52eb4cbe28b57", "model_version": "scripted-engineering-only", "outcome": "refused", "task_success": true}
{"event": "task_started", "trajectory_id": "56996e04-1ea6-471e-aa87-cbdf37f9ed19", "task_id": "task-271e4f001bfbec4ba37f", "model_version": "scripted-engineering-only"}
{"event": "task_finished", "trajectory_id": "56996e04-1ea6-471e-aa87-cbdf37f9ed19", "task_id": "task-271e4f001bfbec4ba37f", "model_version": "scripted-engineering-only", "outcome": "refused", "task_success": true}
{"event": "task_started", "trajectory_id": "e6de097e-2e06-410e-a9b6-2420f38ca0c1", "task_id": "task-f476ba5bc12924d9bc6b", "model_version": "scripted-engineering-only"}
{"event": "task_finished", "trajectory_id": "e6de097e-2e06-410e-a9b6-2420f38ca0c1", "task_id": "task-f476ba5bc12924d9bc6b", "model_version": "scripted-engineering-only", "outcome": "refused", "task_success": true}
{"event": "task_started", "trajectory_id": "a141c643-0c24-4c77-a31b-cf591071facf", "task_id": "task-5eb647be1fe8d553a68b", "model_version": "scripted-engineering-only"}
{"event": "task_finished", "trajectory_id": "a141c643-0c24-4c77-a31b-cf591071facf", "task_id": "task-5eb647be1fe8d553a68b", "model_version": "scripted-engineering-only", "outcome": "refused", "task_success": true}
{"event": "task_started", "trajectory_id": "6e1c003d-a8a9-482f-967d-d117bccca757", "task_id": "task-07a2025d71ee061f3bd2", "model_version": "scripted-engineering-only"}
{"event": "task_finished", "trajectory_id": "6e1c003d-a8a9-482f-967d-d117bccca757", "task_id": "task-07a2025d71ee061f3bd2", "model_version": "scripted-engineering-only", "outcome": "refused", "task_success": true}
{"event": "task_started", "trajectory_id": "0ca7c61a-29a6-4d31-a6e3-3cffe21bfab4", "task_id": "task-a48da85fc162e85f19e2", "model_version": "scripted-engineering-only"}
{"event": "task_finished", "trajectory_id": "0ca7c61a-29a6-4d31-a6e3-3cffe21bfab4", "task_id": "task-a48da85fc162e85f19e2", "model_version": "scripted-engineering-only", "outcome": "escalated", "task_success": true}
{"event": "task_started", "trajectory_id": "f856de58-3afd-4761-b265-1b2b63e214eb", "task_id": "task-06b8d71a2bcb3273229e", "model_version": "scripted-engineering-only"}
{"event": "task_finished", "trajectory_id": "f856de58-3afd-4761-b265-1b2b63e214eb", "task_id": "task-06b8d71a2bcb3273229e", "model_version": "scripted-engineering-only", "outcome": "escalated", "task_success": true}
{"event": "task_started", "trajectory_id": "5278e7a8-2b79-4f93-b1df-24d8c096a83c", "task_id": "task-a54dafe4b4e3bb62483d", "model_version": "scripted-engineering-only"}
{"event": "task_finished", "trajectory_id": "5278e7a8-2b79-4f93-b1df-24d8c096a83c", "task_id": "task-a54dafe4b4e3bb62483d", "model_version": "scripted-engineering-only", "outcome": "escalated", "task_success": true}
{"event": "task_started", "trajectory_id": "b082e5a1-0ef9-4403-afc6-e732303a2c19", "task_id": "task-965bab023d996aea99f2", "model_version": "scripted-engineering-only"}
{"event": "task_finished", "trajectory_id": "b082e5a1-0ef9-4403-afc6-e732303a2c19", "task_id": "task-965bab023d996aea99f2", "model_version": "scripted-engineering-only", "outcome": "completed", "task_success": true}
{"event": "task_started", "trajectory_id": "08ea0a9a-af9e-4486-92a5-444ea26dc0b5", "task_id": "task-eba00923d594244d8a50", "model_version": "scripted-engineering-only"}
{"event": "task_finished", "trajectory_id": "08ea0a9a-af9e-4486-92a5-444ea26dc0b5", "task_id": "task-eba00923d594244d8a50", "model_version": "scripted-engineering-only", "outcome": "completed", "task_success": true}
{"event": "task_started", "trajectory_id": "cefe3582-cf2d-4e43-9a7b-42f0d61ce15f", "task_id": "task-2d745d5735989f513472", "model_version": "scripted-engineering-only"}
{"event": "task_finished", "trajectory_id": "cefe3582-cf2d-4e43-9a7b-42f0d61ce15f", "task_id": "task-2d745d5735989f513472", "model_version": "scripted-engineering-only", "outcome": "completed", "task_success": true}
{"event": "task_started", "trajectory_id": "fdecb68d-08d9-4ebd-bc21-c60f7b9b1db8", "task_id": "task-adce80fcd242644af3be", "model_version": "scripted-engineering-only"}
{"event": "task_finished", "trajectory_id": "fdecb68d-08d9-4ebd-bc21-c60f7b9b1db8", "task_id": "task-adce80fcd242644af3be", "model_version": "scripted-engineering-only", "outcome": "escalated", "task_success": true}
{"event": "task_started", "trajectory_id": "e94439c1-400a-4a03-b95e-3f9e93a26994", "task_id": "task-a3b7dfcd02ab8da95ef8", "model_version": "scripted-engineering-only"}
{"event": "task_finished", "trajectory_id": "e94439c1-400a-4a03-b95e-3f9e93a26994", "task_id": "task-a3b7dfcd02ab8da95ef8", "model_version": "scripted-engineering-only", "outcome": "escalated", "task_success": true}
{"event": "task_started", "trajectory_id": "9e4ac47e-48c8-43d0-bd8b-282107a1f901", "task_id": "task-0186019e3d73611b86a1", "model_version": "scripted-engineering-only"}
{"event": "task_finished", "trajectory_id": "9e4ac47e-48c8-43d0-bd8b-282107a1f901", "task_id": "task-0186019e3d73611b86a1", "model_version": "scripted-engineering-only", "outcome": "escalated", "task_success": true}
{"event": "task_started", "trajectory_id": "33e280e1-c5ef-43d1-b511-1b4903383630", "task_id": "task-734d5b0d34d0656564ee", "model_version": "scripted-engineering-only"}
{"event": "task_finished", "trajectory_id": "33e280e1-c5ef-43d1-b511-1b4903383630", "task_id": "task-734d5b0d34d0656564ee", "model_version": "scripted-engineering-only", "outcome": "escalated", "task_success": true}
{"event": "task_started", "trajectory_id": "b6a5ea0a-2414-4b17-99be-c8e622c83129", "task_id": "task-5dceefde9e586fb8376a", "model_version": "scripted-engineering-only"}
{"event": "task_finished", "trajectory_id": "b6a5ea0a-2414-4b17-99be-c8e622c83129", "task_id": "task-5dceefde9e586fb8376a", "model_version": "scripted-engineering-only", "outcome": "escalated", "task_success": true}
{"event": "task_started", "trajectory_id": "f7e11386-5433-4602-addc-c79a6bdf5064", "task_id": "task-ad1e786facf608c440ac", "model_version": "scripted-engineering-only"}
{"event": "task_finished", "trajectory_id": "f7e11386-5433-4602-addc-c79a6bdf5064", "task_id": "task-ad1e786facf608c440ac", "model_version": "scripted-engineering-only", "outcome": "escalated", "task_success": true}
{"event": "task_started", "trajectory_id": "79343e8a-6b42-4f8c-b56c-8efce13d51cb", "task_id": "task-bb68b21999ce552f5ffc", "model_version": "scripted-engineering-only"}
{"event": "task_finished", "trajectory_id": "79343e8a-6b42-4f8c-b56c-8efce13d51cb", "task_id": "task-bb68b21999ce552f5ffc", "model_version": "scripted-engineering-only", "outcome": "completed", "task_success": true}
{"event": "task_started", "trajectory_id": "3fc1416f-d8c2-4b84-b59d-09d8f615add2", "task_id": "task-a1d394ba1d073d7a2eaa", "model_version": "scripted-engineering-only"}
{"event": "task_finished", "trajectory_id": "3fc1416f-d8c2-4b84-b59d-09d8f615add2", "task_id": "task-a1d394ba1d073d7a2eaa", "model_version": "scripted-engineering-only", "outcome": "completed", "task_success": true}
{"event": "task_started", "trajectory_id": "53b5c30f-1772-4d0e-ba50-abd45b581c89", "task_id": "task-edb462866dbadf5ed77c", "model_version": "scripted-engineering-only"}
{"event": "task_finished", "trajectory_id": "53b5c30f-1772-4d0e-ba50-abd45b581c89", "task_id": "task-edb462866dbadf5ed77c", "model_version": "scripted-engineering-only", "outcome": "completed", "task_success": true}
{"event": "task_started", "trajectory_id": "1f8db4e2-b4f0-4e3e-a277-ae9383c1d92b", "task_id": "task-6dfee218765c8a8ccb03", "model_version": "scripted-engineering-only"}
{"event": "task_finished", "trajectory_id": "1f8db4e2-b4f0-4e3e-a277-ae9383c1d92b", "task_id": "task-6dfee218765c8a8ccb03", "model_version": "scripted-engineering-only", "outcome": "completed", "task_success": true}
{"event": "task_started", "trajectory_id": "7fe545fd-ae2d-4b25-b3ff-207e87ebc9a7", "task_id": "task-7b7e1c638fa73fcdc0cb", "model_version": "scripted-engineering-only"}
{"event": "task_finished", "trajectory_id": "7fe545fd-ae2d-4b25-b3ff-207e87ebc9a7", "task_id": "task-7b7e1c638fa73fcdc0cb", "model_version": "scripted-engineering-only", "outcome": "completed", "task_success": true}
{"event": "task_started", "trajectory_id": "315d8570-03b8-43ff-adaa-a541d7111b9d", "task_id": "task-30eeea5e7635d5b1ecb1", "model_version": "scripted-engineering-only"}
{"event": "task_finished", "trajectory_id": "315d8570-03b8-43ff-adaa-a541d7111b9d", "task_id": "task-30eeea5e7635d5b1ecb1", "model_version": "scripted-engineering-only", "outcome": "completed", "task_success": true}
{"event": "task_started", "trajectory_id": "650f122e-aa90-49e0-a3d9-68d3e2c23975", "task_id": "task-d1dddd10b1af24b04d3e", "model_version": "scripted-engineering-only"}
{"event": "task_finished", "trajectory_id": "650f122e-aa90-49e0-a3d9-68d3e2c23975", "task_id": "task-d1dddd10b1af24b04d3e", "model_version": "scripted-engineering-only", "outcome": "escalated", "task_success": true}
{"event": "task_started", "trajectory_id": "16898c5d-a4f5-47e0-a723-377ab1d754f2", "task_id": "task-afbdfb29b194d7db817e", "model_version": "scripted-engineering-only"}
{"event": "task_finished", "trajectory_id": "16898c5d-a4f5-47e0-a723-377ab1d754f2", "task_id": "task-afbdfb29b194d7db817e", "model_version": "scripted-engineering-only", "outcome": "escalated", "task_success": true}
{"event": "task_started", "trajectory_id": "9a57580e-50e1-4e9e-aad9-3527e8661fb0", "task_id": "task-1cb1631bb12620637a56", "model_version": "scripted-engineering-only"}
{"event": "task_finished", "trajectory_id": "9a57580e-50e1-4e9e-aad9-3527e8661fb0", "task_id": "task-1cb1631bb12620637a56", "model_version": "scripted-engineering-only", "outcome": "escalated", "task_success": true}
{"event": "task_started", "trajectory_id": "a30ab27c-4050-4678-a4dc-f4b5a5676a91", "task_id": "task-86bd6cb9106510ea039f", "model_version": "scripted-engineering-only"}
{"event": "task_finished", "trajectory_id": "a30ab27c-4050-4678-a4dc-f4b5a5676a91", "task_id": "task-86bd6cb9106510ea039f", "model_version": "scripted-engineering-only", "outcome": "escalated", "task_success": true}
{"event": "task_started", "trajectory_id": "45f0ab55-26da-4262-81ab-9933d0f3e457", "task_id": "task-28acc947e09e78444ad1", "model_version": "scripted-engineering-only"}
{"event": "task_finished", "trajectory_id": "45f0ab55-26da-4262-81ab-9933d0f3e457", "task_id": "task-28acc947e09e78444ad1", "model_version": "scripted-engineering-only", "outcome": "escalated", "task_success": true}
{"event": "task_started", "trajectory_id": "a39842ea-5563-4712-9ee7-6b2f3e94b48d", "task_id": "task-398eead64c3eeb871099", "model_version": "scripted-engineering-only"}
{"event": "task_finished", "trajectory_id": "a39842ea-5563-4712-9ee7-6b2f3e94b48d", "task_id": "task-398eead64c3eeb871099", "model_version": "scripted-engineering-only", "outcome": "escalated", "task_success": true}
{"event": "task_started", "trajectory_id": "dbd4ba6c-cc20-4f75-93b0-04e375eeb0e0", "task_id": "task-80544b2a08bd57e8e768", "model_version": "scripted-engineering-only"}
{"event": "task_finished", "trajectory_id": "dbd4ba6c-cc20-4f75-93b0-04e375eeb0e0", "task_id": "task-80544b2a08bd57e8e768", "model_version": "scripted-engineering-only", "outcome": "completed", "task_success": true}
{"event": "task_started", "trajectory_id": "8df51320-04a3-4b73-99e7-54aa1562502c", "task_id": "task-673dbc9dd8f247601722", "model_version": "scripted-engineering-only"}
{"event": "task_finished", "trajectory_id": "8df51320-04a3-4b73-99e7-54aa1562502c", "task_id": "task-673dbc9dd8f247601722", "model_version": "scripted-engineering-only", "outcome": "completed", "task_success": true}
{"event": "task_started", "trajectory_id": "e7becd3f-81d4-4825-a05b-d20bbd204986", "task_id": "task-ed359ba55106b09d8847", "model_version": "scripted-engineering-only"}
{"event": "task_finished", "trajectory_id": "e7becd3f-81d4-4825-a05b-d20bbd204986", "task_id": "task-ed359ba55106b09d8847", "model_version": "scripted-engineering-only", "outcome": "completed", "task_success": true}
{"event": "task_started", "trajectory_id": "bd8569ab-fead-4eee-86f8-674b791eeea2", "task_id": "task-292ef81ae14a36c27b3f", "model_version": "scripted-engineering-only"}
{"event": "task_finished", "trajectory_id": "bd8569ab-fead-4eee-86f8-674b791eeea2", "task_id": "task-292ef81ae14a36c27b3f", "model_version": "scripted-engineering-only", "outcome": "refused", "task_success": true}
{"event": "task_started", "trajectory_id": "64686834-9749-4757-9cd0-4aed7e29eaaf", "task_id": "task-5a00f3a9d86cd9d6c54d", "model_version": "scripted-engineering-only"}
{"event": "task_finished", "trajectory_id": "64686834-9749-4757-9cd0-4aed7e29eaaf", "task_id": "task-5a00f3a9d86cd9d6c54d", "model_version": "scripted-engineering-only", "outcome": "refused", "task_success": true}
{"event": "task_started", "trajectory_id": "2785c380-994d-40ed-a7f6-57eb97d2b408", "task_id": "task-3b9ce844f270fdf7774d", "model_version": "scripted-engineering-only"}
{"event": "task_finished", "trajectory_id": "2785c380-994d-40ed-a7f6-57eb97d2b408", "task_id": "task-3b9ce844f270fdf7774d", "model_version": "scripted-engineering-only", "outcome": "refused", "task_success": true}
{"event": "task_started", "trajectory_id": "78e8431c-1b47-47c8-a5ea-72cd36219656", "task_id": "task-f9ea9ef01353b4b68e96", "model_version": "scripted-engineering-only"}
{"event": "task_finished", "trajectory_id": "78e8431c-1b47-47c8-a5ea-72cd36219656", "task_id": "task-f9ea9ef01353b4b68e96", "model_version": "scripted-engineering-only", "outcome": "refused", "task_success": true}
{"event": "task_started", "trajectory_id": "d56b71a9-74ae-4424-8b87-d894ba65bfdd", "task_id": "task-98171245bbd786a1517a", "model_version": "scripted-engineering-only"}
{"event": "task_finished", "trajectory_id": "d56b71a9-74ae-4424-8b87-d894ba65bfdd", "task_id": "task-98171245bbd786a1517a", "model_version": "scripted-engineering-only", "outcome": "refused", "task_success": true}
{"event": "task_started", "trajectory_id": "115bf62e-2a28-4f60-85d2-71295f404751", "task_id": "task-097a2cdd49eb7039eeda", "model_version": "scripted-engineering-only"}
{"event": "task_finished", "trajectory_id": "115bf62e-2a28-4f60-85d2-71295f404751", "task_id": "task-097a2cdd49eb7039eeda", "model_version": "scripted-engineering-only", "outcome": "refused", "task_success": true}
{"event": "task_started", "trajectory_id": "4c7d8973-7835-47c7-8e2d-49b02cfae03e", "task_id": "task-dc45c35c4539665fa28a", "model_version": "scripted-engineering-only"}
{"event": "task_finished", "trajectory_id": "4c7d8973-7835-47c7-8e2d-49b02cfae03e", "task_id": "task-dc45c35c4539665fa28a", "model_version": "scripted-engineering-only", "outcome": "escalated", "task_success": true}
{"event": "task_started", "trajectory_id": "e809e942-6ff0-4d1b-8ce5-7f82597e8050", "task_id": "task-012721fdabc6938bfdb4", "model_version": "scripted-engineering-only"}
{"event": "task_finished", "trajectory_id": "e809e942-6ff0-4d1b-8ce5-7f82597e8050", "task_id": "task-012721fdabc6938bfdb4", "model_version": "scripted-engineering-only", "outcome": "escalated", "task_success": true}
{"event": "task_started", "trajectory_id": "6fd3b5c4-105e-4871-93bc-f2159884ccd7", "task_id": "task-7e2db9056f851620b578", "model_version": "scripted-engineering-only"}
{"event": "task_finished", "trajectory_id": "6fd3b5c4-105e-4871-93bc-f2159884ccd7", "task_id": "task-7e2db9056f851620b578", "model_version": "scripted-engineering-only", "outcome": "escalated", "task_success": true}
{"event": "task_started", "trajectory_id": "1893e27b-7507-4d2b-bb10-9b4533f0737c", "task_id": "task-56d11969bbac661ba221", "model_version": "scripted-engineering-only"}
{"event": "task_finished", "trajectory_id": "1893e27b-7507-4d2b-bb10-9b4533f0737c", "task_id": "task-56d11969bbac661ba221", "model_version": "scripted-engineering-only", "outcome": "refused", "task_success": true}
{"event": "task_started", "trajectory_id": "cd4b1099-28be-4e9e-bc05-db8ccd7a288d", "task_id": "task-87d7c7fe1cf3dca74c72", "model_version": "scripted-engineering-only"}
{"event": "task_finished", "trajectory_id": "cd4b1099-28be-4e9e-bc05-db8ccd7a288d", "task_id": "task-87d7c7fe1cf3dca74c72", "model_version": "scripted-engineering-only", "outcome": "refused", "task_success": true}
{"event": "task_started", "trajectory_id": "e1fb9c61-901a-434e-9a61-ca7c04b1cc32", "task_id": "task-31dce11192d72a14cb25", "model_version": "scripted-engineering-only"}
{"event": "task_finished", "trajectory_id": "e1fb9c61-901a-434e-9a61-ca7c04b1cc32", "task_id": "task-31dce11192d72a14cb25", "model_version": "scripted-engineering-only", "outcome": "refused", "task_success": true}
{"event": "task_started", "trajectory_id": "17c40a93-4fa1-4c13-9512-ebc18b6dbc2d", "task_id": "task-c9c2d9c2d23545eb0e36", "model_version": "scripted-engineering-only"}
{"event": "task_finished", "trajectory_id": "17c40a93-4fa1-4c13-9512-ebc18b6dbc2d", "task_id": "task-c9c2d9c2d23545eb0e36", "model_version": "scripted-engineering-only", "outcome": "refused", "task_success": true}
{"event": "task_started", "trajectory_id": "a3acce0d-b687-42fa-8b4f-7d56edd25e4d", "task_id": "task-9f2dbc26618598f23b3d", "model_version": "scripted-engineering-only"}
{"event": "task_finished", "trajectory_id": "a3acce0d-b687-42fa-8b4f-7d56edd25e4d", "task_id": "task-9f2dbc26618598f23b3d", "model_version": "scripted-engineering-only", "outcome": "refused", "task_success": true}
{"event": "task_started", "trajectory_id": "c7db846a-6ce0-42d6-82a1-e3321719c83b", "task_id": "task-ba01b87f8d3c2b2a0a9d", "model_version": "scripted-engineering-only"}
{"event": "task_finished", "trajectory_id": "c7db846a-6ce0-42d6-82a1-e3321719c83b", "task_id": "task-ba01b87f8d3c2b2a0a9d", "model_version": "scripted-engineering-only", "outcome": "refused", "task_success": true}
{"event": "task_started", "trajectory_id": "282b0fed-30cc-4f0d-bbc9-77827f56c704", "task_id": "task-bdd32dbdec43e2d790e2", "model_version": "scripted-engineering-only"}
{"event": "task_finished", "trajectory_id": "282b0fed-30cc-4f0d-bbc9-77827f56c704", "task_id": "task-bdd32dbdec43e2d790e2", "model_version": "scripted-engineering-only", "outcome": "escalated", "task_success": true}
{"event": "task_started", "trajectory_id": "3ee7b5c2-a49a-41e6-98e0-598a5bd73e0a", "task_id": "task-abd88aed3619fa1f2adb", "model_version": "scripted-engineering-only"}
{"event": "task_finished", "trajectory_id": "3ee7b5c2-a49a-41e6-98e0-598a5bd73e0a", "task_id": "task-abd88aed3619fa1f2adb", "model_version": "scripted-engineering-only", "outcome": "escalated", "task_success": true}
{"event": "task_started", "trajectory_id": "b163d2f4-6b75-4353-addf-b3f248c3dce2", "task_id": "task-3679379ac0a63d0c5798", "model_version": "scripted-engineering-only"}
{"event": "task_finished", "trajectory_id": "b163d2f4-6b75-4353-addf-b3f248c3dce2", "task_id": "task-3679379ac0a63d0c5798", "model_version": "scripted-engineering-only", "outcome": "escalated", "task_success": true}
{"event": "task_started", "trajectory_id": "c0416d31-2a95-4b07-bb95-0047bd85f089", "task_id": "task-ec729be391c4a34fe297", "model_version": "scripted-engineering-only"}
{"event": "task_finished", "trajectory_id": "c0416d31-2a95-4b07-bb95-0047bd85f089", "task_id": "task-ec729be391c4a34fe297", "model_version": "scripted-engineering-only", "outcome": "completed", "task_success": true}
{"event": "task_started", "trajectory_id": "214ceaa3-d7ca-40f7-bee1-601869f3dd3f", "task_id": "task-b453a658279db88de3c0", "model_version": "scripted-engineering-only"}
{"event": "task_finished", "trajectory_id": "214ceaa3-d7ca-40f7-bee1-601869f3dd3f", "task_id": "task-b453a658279db88de3c0", "model_version": "scripted-engineering-only", "outcome": "completed", "task_success": true}
{"event": "task_started", "trajectory_id": "af7c4750-8e89-4c52-88b3-18609c7b4550", "task_id": "task-97af2e092bbdb911a25a", "model_version": "scripted-engineering-only"}
{"event": "task_finished", "trajectory_id": "af7c4750-8e89-4c52-88b3-18609c7b4550", "task_id": "task-97af2e092bbdb911a25a", "model_version": "scripted-engineering-only", "outcome": "completed", "task_success": true}
{"event": "task_started", "trajectory_id": "9666d655-cc17-4776-8760-e6bb4b91cf22", "task_id": "task-0724fc5648935c3d16ba", "model_version": "scripted-engineering-only"}
{"event": "task_finished", "trajectory_id": "9666d655-cc17-4776-8760-e6bb4b91cf22", "task_id": "task-0724fc5648935c3d16ba", "model_version": "scripted-engineering-only", "outcome": "escalated", "task_success": true}
{"event": "task_started", "trajectory_id": "8c9f51dc-9348-4ea3-ada7-4797a5fc0d4a", "task_id": "task-674a4080fd2f0382b598", "model_version": "scripted-engineering-only"}
{"event": "task_finished", "trajectory_id": "8c9f51dc-9348-4ea3-ada7-4797a5fc0d4a", "task_id": "task-674a4080fd2f0382b598", "model_version": "scripted-engineering-only", "outcome": "escalated", "task_success": true}
{"event": "task_started", "trajectory_id": "70a83ba6-502f-4930-a2d2-d5350048f716", "task_id": "task-3feda8a21f9775e1db88", "model_version": "scripted-engineering-only"}
{"event": "task_finished", "trajectory_id": "70a83ba6-502f-4930-a2d2-d5350048f716", "task_id": "task-3feda8a21f9775e1db88", "model_version": "scripted-engineering-only", "outcome": "escalated", "task_success": true}
{"event": "task_started", "trajectory_id": "50078edc-66a4-4d32-b5b1-a8a51783b422", "task_id": "task-0e084016f0ee902062e6", "model_version": "scripted-engineering-only"}
{"event": "task_finished", "trajectory_id": "50078edc-66a4-4d32-b5b1-a8a51783b422", "task_id": "task-0e084016f0ee902062e6", "model_version": "scripted-engineering-only", "outcome": "completed", "task_success": true}
{"event": "task_started", "trajectory_id": "f7e86d40-3cd9-4d8e-872a-a7408dfff7bc", "task_id": "task-4c6c1f9967c096b34002", "model_version": "scripted-engineering-only"}
{"event": "task_finished", "trajectory_id": "f7e86d40-3cd9-4d8e-872a-a7408dfff7bc", "task_id": "task-4c6c1f9967c096b34002", "model_version": "scripted-engineering-only", "outcome": "completed", "task_success": true}
{"event": "task_started", "trajectory_id": "7f6fc615-c691-4e98-ab42-6344b85ed913", "task_id": "task-5d8affbfbc38c6af2a55", "model_version": "scripted-engineering-only"}
{"event": "task_finished", "trajectory_id": "7f6fc615-c691-4e98-ab42-6344b85ed913", "task_id": "task-5d8affbfbc38c6af2a55", "model_version": "scripted-engineering-only", "outcome": "completed", "task_success": true}
{"event": "task_started", "trajectory_id": "158f1db0-4730-46ee-b302-68879aa54590", "task_id": "task-705ae2b6a38ee732fcb6", "model_version": "scripted-engineering-only"}
{"event": "task_finished", "trajectory_id": "158f1db0-4730-46ee-b302-68879aa54590", "task_id": "task-705ae2b6a38ee732fcb6", "model_version": "scripted-engineering-only", "outcome": "refused", "task_success": true}
{"event": "task_started", "trajectory_id": "5580b0af-fe64-4a07-a34a-dad66c35c1ce", "task_id": "task-aacc6eab02d55411c926", "model_version": "scripted-engineering-only"}
{"event": "task_finished", "trajectory_id": "5580b0af-fe64-4a07-a34a-dad66c35c1ce", "task_id": "task-aacc6eab02d55411c926", "model_version": "scripted-engineering-only", "outcome": "refused", "task_success": true}
{"event": "task_started", "trajectory_id": "290a13df-ad26-4fce-9101-fe22b1bccb9e", "task_id": "task-e69eb5bbc48e257eaed9", "model_version": "scripted-engineering-only"}
{"event": "task_finished", "trajectory_id": "290a13df-ad26-4fce-9101-fe22b1bccb9e", "task_id": "task-e69eb5bbc48e257eaed9", "model_version": "scripted-engineering-only", "outcome": "refused", "task_success": true}
{"event": "task_started", "trajectory_id": "2beb7110-67ea-41a9-9e8c-881c2b104923", "task_id": "task-d218b76a549bb71d32a3", "model_version": "scripted-engineering-only"}
{"event": "task_finished", "trajectory_id": "2beb7110-67ea-41a9-9e8c-881c2b104923", "task_id": "task-d218b76a549bb71d32a3", "model_version": "scripted-engineering-only", "outcome": "escalated", "task_success": true}
{"event": "task_started", "trajectory_id": "0075f274-d66c-4f8f-b79a-972ced04464b", "task_id": "task-399f80239f711ea5d908", "model_version": "scripted-engineering-only"}
{"event": "task_finished", "trajectory_id": "0075f274-d66c-4f8f-b79a-972ced04464b", "task_id": "task-399f80239f711ea5d908", "model_version": "scripted-engineering-only", "outcome": "escalated", "task_success": true}
{"event": "task_started", "trajectory_id": "0ada4cfa-8a39-486a-88c7-33a828264d05", "task_id": "task-59a584317a710f1deb73", "model_version": "scripted-engineering-only"}
{"event": "task_finished", "trajectory_id": "0ada4cfa-8a39-486a-88c7-33a828264d05", "task_id": "task-59a584317a710f1deb73", "model_version": "scripted-engineering-only", "outcome": "escalated", "task_success": true}
{"event": "task_started", "trajectory_id": "89957103-7f8f-42c0-adff-792ead30a3bf", "task_id": "task-f72263adb1c1d420111e", "model_version": "scripted-engineering-only"}
{"event": "task_finished", "trajectory_id": "89957103-7f8f-42c0-adff-792ead30a3bf", "task_id": "task-f72263adb1c1d420111e", "model_version": "scripted-engineering-only", "outcome": "escalated", "task_success": true}
{"event": "task_started", "trajectory_id": "6b67ae50-b8a6-46a7-90ca-7fb2992a9f96", "task_id": "task-90c1813085f31f5299b3", "model_version": "scripted-engineering-only"}
{"event": "task_finished", "trajectory_id": "6b67ae50-b8a6-46a7-90ca-7fb2992a9f96", "task_id": "task-90c1813085f31f5299b3", "model_version": "scripted-engineering-only", "outcome": "escalated", "task_success": true}
{"event": "task_started", "trajectory_id": "0d597736-1aa2-4700-ae8f-700fbde9240c", "task_id": "task-c31ed15c43fec69b21d0", "model_version": "scripted-engineering-only"}
{"event": "task_finished", "trajectory_id": "0d597736-1aa2-4700-ae8f-700fbde9240c", "task_id": "task-c31ed15c43fec69b21d0", "model_version": "scripted-engineering-only", "outcome": "escalated", "task_success": true}
{"event": "task_started", "trajectory_id": "4b05ec1e-139f-455c-8c27-dc69bd4dffdf", "task_id": "task-c4da3551dcd0c1e6d1bc", "model_version": "scripted-engineering-only"}
{"event": "task_finished", "trajectory_id": "4b05ec1e-139f-455c-8c27-dc69bd4dffdf", "task_id": "task-c4da3551dcd0c1e6d1bc", "model_version": "scripted-engineering-only", "outcome": "completed", "task_success": true}
{"event": "task_started", "trajectory_id": "d28d789a-e6c4-49e8-acd4-f608638400d0", "task_id": "task-d573e068640729f6fc0c", "model_version": "scripted-engineering-only"}
{"event": "task_finished", "trajectory_id": "d28d789a-e6c4-49e8-acd4-f608638400d0", "task_id": "task-d573e068640729f6fc0c", "model_version": "scripted-engineering-only", "outcome": "completed", "task_success": true}
{"event": "task_started", "trajectory_id": "89b4211e-fbb0-4195-bc3b-6c1c3fa9b0f6", "task_id": "task-5451f40b657f5bfdccbc", "model_version": "scripted-engineering-only"}
{"event": "task_finished", "trajectory_id": "89b4211e-fbb0-4195-bc3b-6c1c3fa9b0f6", "task_id": "task-5451f40b657f5bfdccbc", "model_version": "scripted-engineering-only", "outcome": "completed", "task_success": true}
{"event": "task_started", "trajectory_id": "df082aa3-daed-4dd9-b4bb-79962f4d4926", "task_id": "task-d71f713e079ab5c2b330", "model_version": "scripted-engineering-only"}
{"event": "task_finished", "trajectory_id": "df082aa3-daed-4dd9-b4bb-79962f4d4926", "task_id": "task-d71f713e079ab5c2b330", "model_version": "scripted-engineering-only", "outcome": "completed", "task_success": true}
{"event": "task_started", "trajectory_id": "af6f2381-857d-46b6-9b88-2924c9766299", "task_id": "task-aa38b5523e6289961272", "model_version": "scripted-engineering-only"}
{"event": "task_finished", "trajectory_id": "af6f2381-857d-46b6-9b88-2924c9766299", "task_id": "task-aa38b5523e6289961272", "model_version": "scripted-engineering-only", "outcome": "completed", "task_success": true}
{"event": "task_started", "trajectory_id": "22946b6d-d52f-459f-bf5c-bc92679aca5a", "task_id": "task-45334e54e1889ab54a6c", "model_version": "scripted-engineering-only"}
{"event": "task_finished", "trajectory_id": "22946b6d-d52f-459f-bf5c-bc92679aca5a", "task_id": "task-45334e54e1889ab54a6c", "model_version": "scripted-engineering-only", "outcome": "completed", "task_success": true}
{"event": "task_started", "trajectory_id": "b03401ee-1318-419d-9946-a6d4897cfa75", "task_id": "task-c50d95cdd2eabf3b7e52", "model_version": "scripted-engineering-only"}
{"event": "task_finished", "trajectory_id": "b03401ee-1318-419d-9946-a6d4897cfa75", "task_id": "task-c50d95cdd2eabf3b7e52", "model_version": "scripted-engineering-only", "outcome": "completed", "task_success": true}
{"event": "task_started", "trajectory_id": "07626711-50fd-4420-a236-fd8c7c1ac779", "task_id": "task-e730102b9a4395aae8ee", "model_version": "scripted-engineering-only"}
{"event": "task_finished", "trajectory_id": "07626711-50fd-4420-a236-fd8c7c1ac779", "task_id": "task-e730102b9a4395aae8ee", "model_version": "scripted-engineering-only", "outcome": "completed", "task_success": true}
{"event": "task_started", "trajectory_id": "477ab49f-2e17-48eb-bdd5-5f63ac2d02f1", "task_id": "task-c1422229a8352e1cf4fc", "model_version": "scripted-engineering-only"}
{"event": "task_finished", "trajectory_id": "477ab49f-2e17-48eb-bdd5-5f63ac2d02f1", "task_id": "task-c1422229a8352e1cf4fc", "model_version": "scripted-engineering-only", "outcome": "completed", "task_success": true}
{"event": "task_started", "trajectory_id": "e5516c7b-f40e-4922-b4b0-b1cc26ccff19", "task_id": "task-f67587394339c41f909c", "model_version": "scripted-engineering-only"}
{"event": "task_finished", "trajectory_id": "e5516c7b-f40e-4922-b4b0-b1cc26ccff19", "task_id": "task-f67587394339c41f909c", "model_version": "scripted-engineering-only", "outcome": "refused", "task_success": true}
{"event": "task_started", "trajectory_id": "4cc359ef-64f6-4354-83dc-d7a9ea703e50", "task_id": "task-b2e0e6a52eb4cbe28b57", "model_version": "scripted-engineering-only"}
{"event": "task_finished", "trajectory_id": "4cc359ef-64f6-4354-83dc-d7a9ea703e50", "task_id": "task-b2e0e6a52eb4cbe28b57", "model_version": "scripted-engineering-only", "outcome": "refused", "task_success": true}
{"event": "task_started", "trajectory_id": "5a4bb082-1f70-4b2b-ad2d-6ba13acc399a", "task_id": "task-271e4f001bfbec4ba37f", "model_version": "scripted-engineering-only"}
{"event": "task_finished", "trajectory_id": "5a4bb082-1f70-4b2b-ad2d-6ba13acc399a", "task_id": "task-271e4f001bfbec4ba37f", "model_version": "scripted-engineering-only", "outcome": "refused", "task_success": true}
{"event": "task_started", "trajectory_id": "931f897e-bca6-43cb-ac89-5da83a42bb94", "task_id": "task-f476ba5bc12924d9bc6b", "model_version": "scripted-engineering-only"}
{"event": "task_finished", "trajectory_id": "931f897e-bca6-43cb-ac89-5da83a42bb94", "task_id": "task-f476ba5bc12924d9bc6b", "model_version": "scripted-engineering-only", "outcome": "refused", "task_success": true}
{"event": "task_started", "trajectory_id": "e8871747-eecf-422e-81e1-2a6b879110f4", "task_id": "task-5eb647be1fe8d553a68b", "model_version": "scripted-engineering-only"}
{"event": "task_finished", "trajectory_id": "e8871747-eecf-422e-81e1-2a6b879110f4", "task_id": "task-5eb647be1fe8d553a68b", "model_version": "scripted-engineering-only", "outcome": "refused", "task_success": true}
{"event": "task_started", "trajectory_id": "1e35a822-2b5c-4c51-bf5e-2a861bacab89", "task_id": "task-07a2025d71ee061f3bd2", "model_version": "scripted-engineering-only"}
{"event": "task_finished", "trajectory_id": "1e35a822-2b5c-4c51-bf5e-2a861bacab89", "task_id": "task-07a2025d71ee061f3bd2", "model_version": "scripted-engineering-only", "outcome": "refused", "task_success": true}
{"event": "task_started", "trajectory_id": "45a71430-943e-4b32-9ab8-1e40dd9b0972", "task_id": "task-a48da85fc162e85f19e2", "model_version": "scripted-engineering-only"}
{"event": "task_finished", "trajectory_id": "45a71430-943e-4b32-9ab8-1e40dd9b0972", "task_id": "task-a48da85fc162e85f19e2", "model_version": "scripted-engineering-only", "outcome": "escalated", "task_success": true}
{"event": "task_started", "trajectory_id": "84e2bd92-a7ae-40b5-aebe-aa8b2f1453ef", "task_id": "task-06b8d71a2bcb3273229e", "model_version": "scripted-engineering-only"}
{"event": "task_finished", "trajectory_id": "84e2bd92-a7ae-40b5-aebe-aa8b2f1453ef", "task_id": "task-06b8d71a2bcb3273229e", "model_version": "scripted-engineering-only", "outcome": "escalated", "task_success": true}
{"event": "task_started", "trajectory_id": "a6fe491a-dcaa-42dc-a37e-6991db22a110", "task_id": "task-a54dafe4b4e3bb62483d", "model_version": "scripted-engineering-only"}
{"event": "task_finished", "trajectory_id": "a6fe491a-dcaa-42dc-a37e-6991db22a110", "task_id": "task-a54dafe4b4e3bb62483d", "model_version": "scripted-engineering-only", "outcome": "escalated", "task_success": true}
{"event": "task_started", "trajectory_id": "63013dba-2b0e-4444-83f0-b7e5d16bdbe2", "task_id": "task-965bab023d996aea99f2", "model_version": "scripted-engineering-only"}
{"event": "task_finished", "trajectory_id": "63013dba-2b0e-4444-83f0-b7e5d16bdbe2", "task_id": "task-965bab023d996aea99f2", "model_version": "scripted-engineering-only", "outcome": "completed", "task_success": true}
{"event": "task_started", "trajectory_id": "2eac1b15-60b8-4655-8d2e-3c6ffbc75c95", "task_id": "task-eba00923d594244d8a50", "model_version": "scripted-engineering-only"}
{"event": "task_finished", "trajectory_id": "2eac1b15-60b8-4655-8d2e-3c6ffbc75c95", "task_id": "task-eba00923d594244d8a50", "model_version": "scripted-engineering-only", "outcome": "completed", "task_success": true}
{"event": "task_started", "trajectory_id": "cc8d8650-b23c-4d6c-946d-4d4b3589e12f", "task_id": "task-2d745d5735989f513472", "model_version": "scripted-engineering-only"}
{"event": "task_finished", "trajectory_id": "cc8d8650-b23c-4d6c-946d-4d4b3589e12f", "task_id": "task-2d745d5735989f513472", "model_version": "scripted-engineering-only", "outcome": "completed", "task_success": true}
{"event": "task_started", "trajectory_id": "7c25a715-d93d-4a24-abd1-36a3a3ab5cd6", "task_id": "task-adce80fcd242644af3be", "model_version": "scripted-engineering-only"}
{"event": "task_finished", "trajectory_id": "7c25a715-d93d-4a24-abd1-36a3a3ab5cd6", "task_id": "task-adce80fcd242644af3be", "model_version": "scripted-engineering-only", "outcome": "escalated", "task_success": true}
{"event": "task_started", "trajectory_id": "c72dd798-9509-4693-afe1-888412201319", "task_id": "task-a3b7dfcd02ab8da95ef8", "model_version": "scripted-engineering-only"}
{"event": "task_finished", "trajectory_id": "c72dd798-9509-4693-afe1-888412201319", "task_id": "task-a3b7dfcd02ab8da95ef8", "model_version": "scripted-engineering-only", "outcome": "escalated", "task_success": true}
{"event": "task_started", "trajectory_id": "f19711e5-0794-41e2-a176-1255d1a1f0c1", "task_id": "task-0186019e3d73611b86a1", "model_version": "scripted-engineering-only"}
{"event": "task_finished", "trajectory_id": "f19711e5-0794-41e2-a176-1255d1a1f0c1", "task_id": "task-0186019e3d73611b86a1", "model_version": "scripted-engineering-only", "outcome": "escalated", "task_success": true}
{"event": "task_started", "trajectory_id": "e2a0e257-3515-4fa7-a1d5-6f123ca66a70", "task_id": "task-734d5b0d34d0656564ee", "model_version": "scripted-engineering-only"}
{"event": "task_finished", "trajectory_id": "e2a0e257-3515-4fa7-a1d5-6f123ca66a70", "task_id": "task-734d5b0d34d0656564ee", "model_version": "scripted-engineering-only", "outcome": "escalated", "task_success": true}
{"event": "task_started", "trajectory_id": "5b5ddca9-c0c4-4a0a-a9b0-ea4806dde66b", "task_id": "task-5dceefde9e586fb8376a", "model_version": "scripted-engineering-only"}
{"event": "task_finished", "trajectory_id": "5b5ddca9-c0c4-4a0a-a9b0-ea4806dde66b", "task_id": "task-5dceefde9e586fb8376a", "model_version": "scripted-engineering-only", "outcome": "escalated", "task_success": true}
{"event": "task_started", "trajectory_id": "fe71eff8-869d-40ce-92f9-8af79bd75f8e", "task_id": "task-ad1e786facf608c440ac", "model_version": "scripted-engineering-only"}
{"event": "task_finished", "trajectory_id": "fe71eff8-869d-40ce-92f9-8af79bd75f8e", "task_id": "task-ad1e786facf608c440ac", "model_version": "scripted-engineering-only", "outcome": "escalated", "task_success": true}
{"event": "task_started", "trajectory_id": "9866ab20-9bf1-493e-927c-43db40050ff7", "task_id": "task-bb68b21999ce552f5ffc", "model_version": "scripted-engineering-only"}
{"event": "task_finished", "trajectory_id": "9866ab20-9bf1-493e-927c-43db40050ff7", "task_id": "task-bb68b21999ce552f5ffc", "model_version": "scripted-engineering-only", "outcome": "completed", "task_success": true}
{"event": "task_started", "trajectory_id": "a259a7ec-3724-4a0d-ac96-afaa646732ac", "task_id": "task-a1d394ba1d073d7a2eaa", "model_version": "scripted-engineering-only"}
{"event": "task_finished", "trajectory_id": "a259a7ec-3724-4a0d-ac96-afaa646732ac", "task_id": "task-a1d394ba1d073d7a2eaa", "model_version": "scripted-engineering-only", "outcome": "completed", "task_success": true}
{"event": "task_started", "trajectory_id": "bf67a752-a4ed-425a-b5e1-2f07ff9e34fa", "task_id": "task-edb462866dbadf5ed77c", "model_version": "scripted-engineering-only"}
{"event": "task_finished", "trajectory_id": "bf67a752-a4ed-425a-b5e1-2f07ff9e34fa", "task_id": "task-edb462866dbadf5ed77c", "model_version": "scripted-engineering-only", "outcome": "completed", "task_success": true}
{"event": "task_started", "trajectory_id": "1df743e2-94ff-412d-9f6f-1c930da4f37b", "task_id": "task-6dfee218765c8a8ccb03", "model_version": "scripted-engineering-only"}
{"event": "task_finished", "trajectory_id": "1df743e2-94ff-412d-9f6f-1c930da4f37b", "task_id": "task-6dfee218765c8a8ccb03", "model_version": "scripted-engineering-only", "outcome": "completed", "task_success": true}
{"event": "task_started", "trajectory_id": "d302d7f5-8d1a-4246-a1cf-395bcd9645a5", "task_id": "task-7b7e1c638fa73fcdc0cb", "model_version": "scripted-engineering-only"}
{"event": "task_finished", "trajectory_id": "d302d7f5-8d1a-4246-a1cf-395bcd9645a5", "task_id": "task-7b7e1c638fa73fcdc0cb", "model_version": "scripted-engineering-only", "outcome": "completed", "task_success": true}
{"event": "task_started", "trajectory_id": "09546e93-7cbb-4562-95be-2d6ac39d6d4f", "task_id": "task-30eeea5e7635d5b1ecb1", "model_version": "scripted-engineering-only"}
{"event": "task_finished", "trajectory_id": "09546e93-7cbb-4562-95be-2d6ac39d6d4f", "task_id": "task-30eeea5e7635d5b1ecb1", "model_version": "scripted-engineering-only", "outcome": "completed", "task_success": true}
{"event": "task_started", "trajectory_id": "7d5d9186-6651-4d00-90eb-b6f2eb877e5e", "task_id": "task-d1dddd10b1af24b04d3e", "model_version": "scripted-engineering-only"}
{"event": "task_finished", "trajectory_id": "7d5d9186-6651-4d00-90eb-b6f2eb877e5e", "task_id": "task-d1dddd10b1af24b04d3e", "model_version": "scripted-engineering-only", "outcome": "escalated", "task_success": true}
{"event": "task_started", "trajectory_id": "9d0290b8-fc35-4c3c-90a8-6c4b688a762d", "task_id": "task-afbdfb29b194d7db817e", "model_version": "scripted-engineering-only"}
{"event": "task_finished", "trajectory_id": "9d0290b8-fc35-4c3c-90a8-6c4b688a762d", "task_id": "task-afbdfb29b194d7db817e", "model_version": "scripted-engineering-only", "outcome": "escalated", "task_success": true}
{"event": "task_started", "trajectory_id": "205e382f-eb58-49b9-849d-fb55d24fd9eb", "task_id": "task-1cb1631bb12620637a56", "model_version": "scripted-engineering-only"}
{"event": "task_finished", "trajectory_id": "205e382f-eb58-49b9-849d-fb55d24fd9eb", "task_id": "task-1cb1631bb12620637a56", "model_version": "scripted-engineering-only", "outcome": "escalated", "task_success": true}
{"event": "task_started", "trajectory_id": "9d5f00d9-16a1-4ee1-8925-e711f780bf86", "task_id": "task-86bd6cb9106510ea039f", "model_version": "scripted-engineering-only"}
{"event": "task_finished", "trajectory_id": "9d5f00d9-16a1-4ee1-8925-e711f780bf86", "task_id": "task-86bd6cb9106510ea039f", "model_version": "scripted-engineering-only", "outcome": "escalated", "task_success": true}
{"event": "task_started", "trajectory_id": "b5660bd3-0c53-441f-be9e-20d09094eeb7", "task_id": "task-28acc947e09e78444ad1", "model_version": "scripted-engineering-only"}
{"event": "task_finished", "trajectory_id": "b5660bd3-0c53-441f-be9e-20d09094eeb7", "task_id": "task-28acc947e09e78444ad1", "model_version": "scripted-engineering-only", "outcome": "escalated", "task_success": true}
{"event": "task_started", "trajectory_id": "0c044d33-5aa3-416e-b205-008ef86e30ca", "task_id": "task-398eead64c3eeb871099", "model_version": "scripted-engineering-only"}
{"event": "task_finished", "trajectory_id": "0c044d33-5aa3-416e-b205-008ef86e30ca", "task_id": "task-398eead64c3eeb871099", "model_version": "scripted-engineering-only", "outcome": "escalated", "task_success": true}
{"event": "task_started", "trajectory_id": "7c6d2cc3-10f1-45d0-80bb-5749b5c5d0bf", "task_id": "task-80544b2a08bd57e8e768", "model_version": "scripted-engineering-only"}
{"event": "task_finished", "trajectory_id": "7c6d2cc3-10f1-45d0-80bb-5749b5c5d0bf", "task_id": "task-80544b2a08bd57e8e768", "model_version": "scripted-engineering-only", "outcome": "completed", "task_success": true}
{"event": "task_started", "trajectory_id": "77821ac6-d6b0-441c-9e25-f27328ac9ce9", "task_id": "task-673dbc9dd8f247601722", "model_version": "scripted-engineering-only"}
{"event": "task_finished", "trajectory_id": "77821ac6-d6b0-441c-9e25-f27328ac9ce9", "task_id": "task-673dbc9dd8f247601722", "model_version": "scripted-engineering-only", "outcome": "completed", "task_success": true}
{"event": "task_started", "trajectory_id": "1a3305da-55c1-4620-b1ac-395d883a59a9", "task_id": "task-ed359ba55106b09d8847", "model_version": "scripted-engineering-only"}
{"event": "task_finished", "trajectory_id": "1a3305da-55c1-4620-b1ac-395d883a59a9", "task_id": "task-ed359ba55106b09d8847", "model_version": "scripted-engineering-only", "outcome": "completed", "task_success": true}
{"event": "task_started", "trajectory_id": "9d28de28-216f-4a85-83e9-d69bd5af8472", "task_id": "task-292ef81ae14a36c27b3f", "model_version": "scripted-engineering-only"}
{"event": "task_finished", "trajectory_id": "9d28de28-216f-4a85-83e9-d69bd5af8472", "task_id": "task-292ef81ae14a36c27b3f", "model_version": "scripted-engineering-only", "outcome": "refused", "task_success": true}
{"event": "task_started", "trajectory_id": "4da1eeea-a198-4d37-bc98-a64313b07c7a", "task_id": "task-5a00f3a9d86cd9d6c54d", "model_version": "scripted-engineering-only"}
{"event": "task_finished", "trajectory_id": "4da1eeea-a198-4d37-bc98-a64313b07c7a", "task_id": "task-5a00f3a9d86cd9d6c54d", "model_version": "scripted-engineering-only", "outcome": "refused", "task_success": true}
{"event": "task_started", "trajectory_id": "d939b9ec-008e-49a1-9232-7ee2e4c2e3c9", "task_id": "task-3b9ce844f270fdf7774d", "model_version": "scripted-engineering-only"}
{"event": "task_finished", "trajectory_id": "d939b9ec-008e-49a1-9232-7ee2e4c2e3c9", "task_id": "task-3b9ce844f270fdf7774d", "model_version": "scripted-engineering-only", "outcome": "refused", "task_success": true}
{"event": "task_started", "trajectory_id": "929b7a7f-f322-4a32-b261-b87fb89bcda4", "task_id": "task-f9ea9ef01353b4b68e96", "model_version": "scripted-engineering-only"}
{"event": "task_finished", "trajectory_id": "929b7a7f-f322-4a32-b261-b87fb89bcda4", "task_id": "task-f9ea9ef01353b4b68e96", "model_version": "scripted-engineering-only", "outcome": "refused", "task_success": true}
{"event": "task_started", "trajectory_id": "adc381a7-310f-4368-aa91-45422a8b28a6", "task_id": "task-98171245bbd786a1517a", "model_version": "scripted-engineering-only"}
{"event": "task_finished", "trajectory_id": "adc381a7-310f-4368-aa91-45422a8b28a6", "task_id": "task-98171245bbd786a1517a", "model_version": "scripted-engineering-only", "outcome": "refused", "task_success": true}
{"event": "task_started", "trajectory_id": "5200bf16-003d-4853-9685-945617a3b39f", "task_id": "task-097a2cdd49eb7039eeda", "model_version": "scripted-engineering-only"}
{"event": "task_finished", "trajectory_id": "5200bf16-003d-4853-9685-945617a3b39f", "task_id": "task-097a2cdd49eb7039eeda", "model_version": "scripted-engineering-only", "outcome": "refused", "task_success": true}
{"event": "task_started", "trajectory_id": "b1242861-4f6e-43b5-b238-a2bb0c1b12dd", "task_id": "task-dc45c35c4539665fa28a", "model_version": "scripted-engineering-only"}
{"event": "task_finished", "trajectory_id": "b1242861-4f6e-43b5-b238-a2bb0c1b12dd", "task_id": "task-dc45c35c4539665fa28a", "model_version": "scripted-engineering-only", "outcome": "escalated", "task_success": true}
{"event": "task_started", "trajectory_id": "06ce816a-1fb2-49f9-aded-67b8af42251b", "task_id": "task-012721fdabc6938bfdb4", "model_version": "scripted-engineering-only"}
{"event": "task_finished", "trajectory_id": "06ce816a-1fb2-49f9-aded-67b8af42251b", "task_id": "task-012721fdabc6938bfdb4", "model_version": "scripted-engineering-only", "outcome": "escalated", "task_success": true}
{"event": "task_started", "trajectory_id": "1358fb71-8455-4154-8115-aac8b4436761", "task_id": "task-7e2db9056f851620b578", "model_version": "scripted-engineering-only"}
{"event": "task_finished", "trajectory_id": "1358fb71-8455-4154-8115-aac8b4436761", "task_id": "task-7e2db9056f851620b578", "model_version": "scripted-engineering-only", "outcome": "escalated", "task_success": true}
{"event": "task_started", "trajectory_id": "d9008f4b-3ba8-4161-96fa-03807c4526de", "task_id": "task-56d11969bbac661ba221", "model_version": "scripted-engineering-only"}
{"event": "task_finished", "trajectory_id": "d9008f4b-3ba8-4161-96fa-03807c4526de", "task_id": "task-56d11969bbac661ba221", "model_version": "scripted-engineering-only", "outcome": "refused", "task_success": true}
{"event": "task_started", "trajectory_id": "18ecd4da-76be-4616-9ce8-e2d5f475b134", "task_id": "task-87d7c7fe1cf3dca74c72", "model_version": "scripted-engineering-only"}
{"event": "task_finished", "trajectory_id": "18ecd4da-76be-4616-9ce8-e2d5f475b134", "task_id": "task-87d7c7fe1cf3dca74c72", "model_version": "scripted-engineering-only", "outcome": "refused", "task_success": true}
{"event": "task_started", "trajectory_id": "92eba6c9-203c-4499-b643-32c3ae370d6f", "task_id": "task-31dce11192d72a14cb25", "model_version": "scripted-engineering-only"}
{"event": "task_finished", "trajectory_id": "92eba6c9-203c-4499-b643-32c3ae370d6f", "task_id": "task-31dce11192d72a14cb25", "model_version": "scripted-engineering-only", "outcome": "refused", "task_success": true}
{"event": "task_started", "trajectory_id": "411c2907-2701-4f97-be47-914b54d793d4", "task_id": "task-c9c2d9c2d23545eb0e36", "model_version": "scripted-engineering-only"}
{"event": "task_finished", "trajectory_id": "411c2907-2701-4f97-be47-914b54d793d4", "task_id": "task-c9c2d9c2d23545eb0e36", "model_version": "scripted-engineering-only", "outcome": "refused", "task_success": true}
{"event": "task_started", "trajectory_id": "e522c35e-39fe-49cb-b431-6dd731edcdca", "task_id": "task-9f2dbc26618598f23b3d", "model_version": "scripted-engineering-only"}
{"event": "task_finished", "trajectory_id": "e522c35e-39fe-49cb-b431-6dd731edcdca", "task_id": "task-9f2dbc26618598f23b3d", "model_version": "scripted-engineering-only", "outcome": "refused", "task_success": true}
{"event": "task_started", "trajectory_id": "3373819d-5cc3-494f-b90a-450d2a190167", "task_id": "task-ba01b87f8d3c2b2a0a9d", "model_version": "scripted-engineering-only"}
{"event": "task_finished", "trajectory_id": "3373819d-5cc3-494f-b90a-450d2a190167", "task_id": "task-ba01b87f8d3c2b2a0a9d", "model_version": "scripted-engineering-only", "outcome": "refused", "task_success": true}
{"event": "task_started", "trajectory_id": "bfdd0ccd-1ee1-4399-a91f-43329a405df9", "task_id": "task-bdd32dbdec43e2d790e2", "model_version": "scripted-engineering-only"}
{"event": "task_finished", "trajectory_id": "bfdd0ccd-1ee1-4399-a91f-43329a405df9", "task_id": "task-bdd32dbdec43e2d790e2", "model_version": "scripted-engineering-only", "outcome": "escalated", "task_success": true}
{"event": "task_started", "trajectory_id": "d9cdd927-216f-431f-b88a-543590f524c2", "task_id": "task-abd88aed3619fa1f2adb", "model_version": "scripted-engineering-only"}
{"event": "task_finished", "trajectory_id": "d9cdd927-216f-431f-b88a-543590f524c2", "task_id": "task-abd88aed3619fa1f2adb", "model_version": "scripted-engineering-only", "outcome": "escalated", "task_success": true}
{"event": "task_started", "trajectory_id": "17fefe80-8ea0-478f-bea2-3227e2f6a742", "task_id": "task-3679379ac0a63d0c5798", "model_version": "scripted-engineering-only"}
{"event": "task_finished", "trajectory_id": "17fefe80-8ea0-478f-bea2-3227e2f6a742", "task_id": "task-3679379ac0a63d0c5798", "model_version": "scripted-engineering-only", "outcome": "escalated", "task_success": true}
{"event": "task_started", "trajectory_id": "9fecb0dd-a10d-4095-bcd1-b4a36155f4e7", "task_id": "task-ec729be391c4a34fe297", "model_version": "scripted-engineering-only"}
{"event": "task_finished", "trajectory_id": "9fecb0dd-a10d-4095-bcd1-b4a36155f4e7", "task_id": "task-ec729be391c4a34fe297", "model_version": "scripted-engineering-only", "outcome": "completed", "task_success": true}
{"event": "task_started", "trajectory_id": "1bd4dd6f-bf4e-4a1a-85f8-5473205be2d0", "task_id": "task-b453a658279db88de3c0", "model_version": "scripted-engineering-only"}
{"event": "task_finished", "trajectory_id": "1bd4dd6f-bf4e-4a1a-85f8-5473205be2d0", "task_id": "task-b453a658279db88de3c0", "model_version": "scripted-engineering-only", "outcome": "completed", "task_success": true}
{"event": "task_started", "trajectory_id": "c8c79624-f0a6-4f57-a11a-4b9888f335e4", "task_id": "task-97af2e092bbdb911a25a", "model_version": "scripted-engineering-only"}
{"event": "task_finished", "trajectory_id": "c8c79624-f0a6-4f57-a11a-4b9888f335e4", "task_id": "task-97af2e092bbdb911a25a", "model_version": "scripted-engineering-only", "outcome": "completed", "task_success": true}
{"event": "task_started", "trajectory_id": "5070c3f4-08f0-4fc8-92f5-3688caf1c28e", "task_id": "task-0724fc5648935c3d16ba", "model_version": "scripted-engineering-only"}
{"event": "task_finished", "trajectory_id": "5070c3f4-08f0-4fc8-92f5-3688caf1c28e", "task_id": "task-0724fc5648935c3d16ba", "model_version": "scripted-engineering-only", "outcome": "escalated", "task_success": true}
{"event": "task_started", "trajectory_id": "af542645-9409-45be-9471-dcaeb0d664b5", "task_id": "task-674a4080fd2f0382b598", "model_version": "scripted-engineering-only"}
{"event": "task_finished", "trajectory_id": "af542645-9409-45be-9471-dcaeb0d664b5", "task_id": "task-674a4080fd2f0382b598", "model_version": "scripted-engineering-only", "outcome": "escalated", "task_success": true}
{"event": "task_started", "trajectory_id": "4aba998a-ea26-480a-a46c-19308e97e9e8", "task_id": "task-3feda8a21f9775e1db88", "model_version": "scripted-engineering-only"}
{"event": "task_finished", "trajectory_id": "4aba998a-ea26-480a-a46c-19308e97e9e8", "task_id": "task-3feda8a21f9775e1db88", "model_version": "scripted-engineering-only", "outcome": "escalated", "task_success": true}
{"event": "task_started", "trajectory_id": "26f87841-c68b-40f1-a323-4cd37e2c0c82", "task_id": "task-0e084016f0ee902062e6", "model_version": "scripted-engineering-only"}
{"event": "task_finished", "trajectory_id": "26f87841-c68b-40f1-a323-4cd37e2c0c82", "task_id": "task-0e084016f0ee902062e6", "model_version": "scripted-engineering-only", "outcome": "completed", "task_success": true}
{"event": "task_started", "trajectory_id": "e5785c69-2a99-441c-a316-48f17735e6ef", "task_id": "task-4c6c1f9967c096b34002", "model_version": "scripted-engineering-only"}
{"event": "task_finished", "trajectory_id": "e5785c69-2a99-441c-a316-48f17735e6ef", "task_id": "task-4c6c1f9967c096b34002", "model_version": "scripted-engineering-only", "outcome": "completed", "task_success": true}
{"event": "task_started", "trajectory_id": "beed0bb9-8565-4910-982c-ef9745090137", "task_id": "task-5d8affbfbc38c6af2a55", "model_version": "scripted-engineering-only"}
{"event": "task_finished", "trajectory_id": "beed0bb9-8565-4910-982c-ef9745090137", "task_id": "task-5d8affbfbc38c6af2a55", "model_version": "scripted-engineering-only", "outcome": "completed", "task_success": true}
{"event": "task_started", "trajectory_id": "fb1388f2-0a5b-47b3-a833-2e6b943b968f", "task_id": "task-705ae2b6a38ee732fcb6", "model_version": "scripted-engineering-only"}
{"event": "task_finished", "trajectory_id": "fb1388f2-0a5b-47b3-a833-2e6b943b968f", "task_id": "task-705ae2b6a38ee732fcb6", "model_version": "scripted-engineering-only", "outcome": "refused", "task_success": true}
{"event": "task_started", "trajectory_id": "130921c9-66ef-48dd-b578-179c6f6e77fd", "task_id": "task-aacc6eab02d55411c926", "model_version": "scripted-engineering-only"}
{"event": "task_finished", "trajectory_id": "130921c9-66ef-48dd-b578-179c6f6e77fd", "task_id": "task-aacc6eab02d55411c926", "model_version": "scripted-engineering-only", "outcome": "refused", "task_success": true}
{"event": "task_started", "trajectory_id": "95f86cd1-442c-4be8-a76c-162fc66c81cb", "task_id": "task-e69eb5bbc48e257eaed9", "model_version": "scripted-engineering-only"}
{"event": "task_finished", "trajectory_id": "95f86cd1-442c-4be8-a76c-162fc66c81cb", "task_id": "task-e69eb5bbc48e257eaed9", "model_version": "scripted-engineering-only", "outcome": "refused", "task_success": true}
{"event": "task_started", "trajectory_id": "20ad89d2-4650-405a-8da2-d6529fc8a0ff", "task_id": "task-d218b76a549bb71d32a3", "model_version": "scripted-engineering-only"}
{"event": "task_finished", "trajectory_id": "20ad89d2-4650-405a-8da2-d6529fc8a0ff", "task_id": "task-d218b76a549bb71d32a3", "model_version": "scripted-engineering-only", "outcome": "escalated", "task_success": true}
{"event": "task_started", "trajectory_id": "1843f0ec-b895-4f99-b624-5d9b07de74ca", "task_id": "task-399f80239f711ea5d908", "model_version": "scripted-engineering-only"}
{"event": "task_finished", "trajectory_id": "1843f0ec-b895-4f99-b624-5d9b07de74ca", "task_id": "task-399f80239f711ea5d908", "model_version": "scripted-engineering-only", "outcome": "escalated", "task_success": true}
{"event": "task_started", "trajectory_id": "01eb1257-010a-4c75-b7e4-900537ab9a96", "task_id": "task-59a584317a710f1deb73", "model_version": "scripted-engineering-only"}
{"event": "task_finished", "trajectory_id": "01eb1257-010a-4c75-b7e4-900537ab9a96", "task_id": "task-59a584317a710f1deb73", "model_version": "scripted-engineering-only", "outcome": "escalated", "task_success": true}
{"event": "task_started", "trajectory_id": "4c167cc7-9261-4026-8952-b1f2ef4028ea", "task_id": "task-f72263adb1c1d420111e", "model_version": "scripted-engineering-only"}
{"event": "task_finished", "trajectory_id": "4c167cc7-9261-4026-8952-b1f2ef4028ea", "task_id": "task-f72263adb1c1d420111e", "model_version": "scripted-engineering-only", "outcome": "escalated", "task_success": true}
{"event": "task_started", "trajectory_id": "649ac60f-11f2-4107-a766-c91b3f10fed6", "task_id": "task-90c1813085f31f5299b3", "model_version": "scripted-engineering-only"}
{"event": "task_finished", "trajectory_id": "649ac60f-11f2-4107-a766-c91b3f10fed6", "task_id": "task-90c1813085f31f5299b3", "model_version": "scripted-engineering-only", "outcome": "escalated", "task_success": true}
{"event": "task_started", "trajectory_id": "3fedd24b-63ad-49af-a9c5-70ab3df9bd1f", "task_id": "task-c31ed15c43fec69b21d0", "model_version": "scripted-engineering-only"}
{"event": "task_finished", "trajectory_id": "3fedd24b-63ad-49af-a9c5-70ab3df9bd1f", "task_id": "task-c31ed15c43fec69b21d0", "model_version": "scripted-engineering-only", "outcome": "escalated", "task_success": true}
{"event": "task_started", "trajectory_id": "40c6c488-044e-4149-a88d-e5f7bea1e286", "task_id": "task-c4da3551dcd0c1e6d1bc", "model_version": "scripted-engineering-only"}
{"event": "task_finished", "trajectory_id": "40c6c488-044e-4149-a88d-e5f7bea1e286", "task_id": "task-c4da3551dcd0c1e6d1bc", "model_version": "scripted-engineering-only", "outcome": "completed", "task_success": true}
{"event": "task_started", "trajectory_id": "0a9b8e89-9f1a-4d8e-8453-0672d05eac90", "task_id": "task-d573e068640729f6fc0c", "model_version": "scripted-engineering-only"}
{"event": "task_finished", "trajectory_id": "0a9b8e89-9f1a-4d8e-8453-0672d05eac90", "task_id": "task-d573e068640729f6fc0c", "model_version": "scripted-engineering-only", "outcome": "completed", "task_success": true}
{"event": "task_started", "trajectory_id": "6ae9f822-2489-40c2-863a-155fe1760aae", "task_id": "task-5451f40b657f5bfdccbc", "model_version": "scripted-engineering-only"}
{"event": "task_finished", "trajectory_id": "6ae9f822-2489-40c2-863a-155fe1760aae", "task_id": "task-5451f40b657f5bfdccbc", "model_version": "scripted-engineering-only", "outcome": "completed", "task_success": true}
{"event": "task_started", "trajectory_id": "48964a33-0923-4492-9b12-825ae6dacca7", "task_id": "task-d71f713e079ab5c2b330", "model_version": "scripted-engineering-only"}
{"event": "task_finished", "trajectory_id": "48964a33-0923-4492-9b12-825ae6dacca7", "task_id": "task-d71f713e079ab5c2b330", "model_version": "scripted-engineering-only", "outcome": "completed", "task_success": true}
{"event": "task_started", "trajectory_id": "afefc170-0d16-4b35-a2bb-27642baf7d69", "task_id": "task-aa38b5523e6289961272", "model_version": "scripted-engineering-only"}
{"event": "task_finished", "trajectory_id": "afefc170-0d16-4b35-a2bb-27642baf7d69", "task_id": "task-aa38b5523e6289961272", "model_version": "scripted-engineering-only", "outcome": "completed", "task_success": true}
{"event": "task_started", "trajectory_id": "2f796afc-9ff2-4ee3-a5c1-67a5b9e1deaf", "task_id": "task-45334e54e1889ab54a6c", "model_version": "scripted-engineering-only"}
{"event": "task_finished", "trajectory_id": "2f796afc-9ff2-4ee3-a5c1-67a5b9e1deaf", "task_id": "task-45334e54e1889ab54a6c", "model_version": "scripted-engineering-only", "outcome": "completed", "task_success": true}
{"event": "task_started", "trajectory_id": "2d2a466a-0714-41a7-95d8-5770a9719642", "task_id": "task-c50d95cdd2eabf3b7e52", "model_version": "scripted-engineering-only"}
{"event": "task_finished", "trajectory_id": "2d2a466a-0714-41a7-95d8-5770a9719642", "task_id": "task-c50d95cdd2eabf3b7e52", "model_version": "scripted-engineering-only", "outcome": "completed", "task_success": true}
{"event": "task_started", "trajectory_id": "2d760ef8-e0c0-4b4d-8b56-f7dbf09827df", "task_id": "task-e730102b9a4395aae8ee", "model_version": "scripted-engineering-only"}
{"event": "task_finished", "trajectory_id": "2d760ef8-e0c0-4b4d-8b56-f7dbf09827df", "task_id": "task-e730102b9a4395aae8ee", "model_version": "scripted-engineering-only", "outcome": "completed", "task_success": true}
{"event": "task_started", "trajectory_id": "4a149edd-935a-4d49-9c0a-0a5bb6d982b7", "task_id": "task-c1422229a8352e1cf4fc", "model_version": "scripted-engineering-only"}
{"event": "task_finished", "trajectory_id": "4a149edd-935a-4d49-9c0a-0a5bb6d982b7", "task_id": "task-c1422229a8352e1cf4fc", "model_version": "scripted-engineering-only", "outcome": "completed", "task_success": true}
{"event": "task_started", "trajectory_id": "bf84aa61-39c8-47f0-a9cd-d61807613879", "task_id": "task-f67587394339c41f909c", "model_version": "scripted-engineering-only"}
{"event": "task_finished", "trajectory_id": "bf84aa61-39c8-47f0-a9cd-d61807613879", "task_id": "task-f67587394339c41f909c", "model_version": "scripted-engineering-only", "outcome": "refused", "task_success": true}
{"event": "task_started", "trajectory_id": "9120547b-11e7-42a1-9e61-19e9fbad5e84", "task_id": "task-b2e0e6a52eb4cbe28b57", "model_version": "scripted-engineering-only"}
{"event": "task_finished", "trajectory_id": "9120547b-11e7-42a1-9e61-19e9fbad5e84", "task_id": "task-b2e0e6a52eb4cbe28b57", "model_version": "scripted-engineering-only", "outcome": "refused", "task_success": true}
{"event": "task_started", "trajectory_id": "a5d2fde8-434a-429a-87cc-b5cf7e595b69", "task_id": "task-271e4f001bfbec4ba37f", "model_version": "scripted-engineering-only"}
{"event": "task_finished", "trajectory_id": "a5d2fde8-434a-429a-87cc-b5cf7e595b69", "task_id": "task-271e4f001bfbec4ba37f", "model_version": "scripted-engineering-only", "outcome": "refused", "task_success": true}
{"event": "task_started", "trajectory_id": "4626ba2e-1b78-4920-9bb4-662f04e112e1", "task_id": "task-f476ba5bc12924d9bc6b", "model_version": "scripted-engineering-only"}
{"event": "task_finished", "trajectory_id": "4626ba2e-1b78-4920-9bb4-662f04e112e1", "task_id": "task-f476ba5bc12924d9bc6b", "model_version": "scripted-engineering-only", "outcome": "refused", "task_success": true}
{"event": "task_started", "trajectory_id": "caa3e3a5-7a80-4481-b882-e6ab6602e112", "task_id": "task-5eb647be1fe8d553a68b", "model_version": "scripted-engineering-only"}
{"event": "task_finished", "trajectory_id": "caa3e3a5-7a80-4481-b882-e6ab6602e112", "task_id": "task-5eb647be1fe8d553a68b", "model_version": "scripted-engineering-only", "outcome": "refused", "task_success": true}
{"event": "task_started", "trajectory_id": "833c4e9b-f0c3-4b00-a446-4298801ffbf0", "task_id": "task-07a2025d71ee061f3bd2", "model_version": "scripted-engineering-only"}
{"event": "task_finished", "trajectory_id": "833c4e9b-f0c3-4b00-a446-4298801ffbf0", "task_id": "task-07a2025d71ee061f3bd2", "model_version": "scripted-engineering-only", "outcome": "refused", "task_success": true}
{"event": "task_started", "trajectory_id": "4dad2b42-52c1-4a3b-a4a0-4ba9446276cd", "task_id": "task-a48da85fc162e85f19e2", "model_version": "scripted-engineering-only"}
{"event": "task_finished", "trajectory_id": "4dad2b42-52c1-4a3b-a4a0-4ba9446276cd", "task_id": "task-a48da85fc162e85f19e2", "model_version": "scripted-engineering-only", "outcome": "escalated", "task_success": true}
{"event": "task_started", "trajectory_id": "f0d3488d-1a47-41d6-98a1-307f6a91611c", "task_id": "task-06b8d71a2bcb3273229e", "model_version": "scripted-engineering-only"}
{"event": "task_finished", "trajectory_id": "f0d3488d-1a47-41d6-98a1-307f6a91611c", "task_id": "task-06b8d71a2bcb3273229e", "model_version": "scripted-engineering-only", "outcome": "escalated", "task_success": true}
{"event": "task_started", "trajectory_id": "2c762893-a896-4acf-9199-45282bb4b3e0", "task_id": "task-a54dafe4b4e3bb62483d", "model_version": "scripted-engineering-only"}
{"event": "task_finished", "trajectory_id": "2c762893-a896-4acf-9199-45282bb4b3e0", "task_id": "task-a54dafe4b4e3bb62483d", "model_version": "scripted-engineering-only", "outcome": "escalated", "task_success": true}
{"event": "task_started", "trajectory_id": "f22008e9-f98f-4070-b8d7-f1c3397df265", "task_id": "task-965bab023d996aea99f2", "model_version": "scripted-engineering-only"}
{"event": "task_finished", "trajectory_id": "f22008e9-f98f-4070-b8d7-f1c3397df265", "task_id": "task-965bab023d996aea99f2", "model_version": "scripted-engineering-only", "outcome": "completed", "task_success": true}
{"event": "task_started", "trajectory_id": "839d496b-ea29-4baa-ab7d-240e1363ffb4", "task_id": "task-eba00923d594244d8a50", "model_version": "scripted-engineering-only"}
{"event": "task_finished", "trajectory_id": "839d496b-ea29-4baa-ab7d-240e1363ffb4", "task_id": "task-eba00923d594244d8a50", "model_version": "scripted-engineering-only", "outcome": "completed", "task_success": true}
{"event": "task_started", "trajectory_id": "2926d523-b8de-4d01-be93-42c654dfc8e1", "task_id": "task-2d745d5735989f513472", "model_version": "scripted-engineering-only"}
{"event": "task_finished", "trajectory_id": "2926d523-b8de-4d01-be93-42c654dfc8e1", "task_id": "task-2d745d5735989f513472", "model_version": "scripted-engineering-only", "outcome": "completed", "task_success": true}
{"event": "task_started", "trajectory_id": "8e265aba-927e-4fa9-9477-8abe9abc8b09", "task_id": "task-adce80fcd242644af3be", "model_version": "scripted-engineering-only"}
{"event": "task_finished", "trajectory_id": "8e265aba-927e-4fa9-9477-8abe9abc8b09", "task_id": "task-adce80fcd242644af3be", "model_version": "scripted-engineering-only", "outcome": "escalated", "task_success": true}
{"event": "task_started", "trajectory_id": "17a79996-36fe-4b23-ad18-3e971d4fe10a", "task_id": "task-a3b7dfcd02ab8da95ef8", "model_version": "scripted-engineering-only"}
{"event": "task_finished", "trajectory_id": "17a79996-36fe-4b23-ad18-3e971d4fe10a", "task_id": "task-a3b7dfcd02ab8da95ef8", "model_version": "scripted-engineering-only", "outcome": "escalated", "task_success": true}
{"event": "task_started", "trajectory_id": "54911529-d941-4f0f-b87f-3e3e1b535e73", "task_id": "task-0186019e3d73611b86a1", "model_version": "scripted-engineering-only"}
{"event": "task_finished", "trajectory_id": "54911529-d941-4f0f-b87f-3e3e1b535e73", "task_id": "task-0186019e3d73611b86a1", "model_version": "scripted-engineering-only", "outcome": "escalated", "task_success": true}
{"event": "task_started", "trajectory_id": "8593a118-1732-4442-bd1a-9f06f7126ce2", "task_id": "task-734d5b0d34d0656564ee", "model_version": "scripted-engineering-only"}
{"event": "task_finished", "trajectory_id": "8593a118-1732-4442-bd1a-9f06f7126ce2", "task_id": "task-734d5b0d34d0656564ee", "model_version": "scripted-engineering-only", "outcome": "escalated", "task_success": true}
{"event": "task_started", "trajectory_id": "5f01b4f5-9496-4071-a92b-94e7fe68ac17", "task_id": "task-5dceefde9e586fb8376a", "model_version": "scripted-engineering-only"}
{"event": "task_finished", "trajectory_id": "5f01b4f5-9496-4071-a92b-94e7fe68ac17", "task_id": "task-5dceefde9e586fb8376a", "model_version": "scripted-engineering-only", "outcome": "escalated", "task_success": true}
{"event": "task_started", "trajectory_id": "911ba8eb-5e3c-4083-8aea-67c3885c9d3f", "task_id": "task-ad1e786facf608c440ac", "model_version": "scripted-engineering-only"}
{"event": "task_finished", "trajectory_id": "911ba8eb-5e3c-4083-8aea-67c3885c9d3f", "task_id": "task-ad1e786facf608c440ac", "model_version": "scripted-engineering-only", "outcome": "escalated", "task_success": true}
{"event": "task_started", "trajectory_id": "afa49c59-7676-4ae6-a4bf-6afdb758a7ef", "task_id": "task-bb68b21999ce552f5ffc", "model_version": "scripted-engineering-only"}
{"event": "task_finished", "trajectory_id": "afa49c59-7676-4ae6-a4bf-6afdb758a7ef", "task_id": "task-bb68b21999ce552f5ffc", "model_version": "scripted-engineering-only", "outcome": "completed", "task_success": true}
{"event": "task_started", "trajectory_id": "a3a85e03-16b8-4873-9670-ee397a90e675", "task_id": "task-a1d394ba1d073d7a2eaa", "model_version": "scripted-engineering-only"}
{"event": "task_finished", "trajectory_id": "a3a85e03-16b8-4873-9670-ee397a90e675", "task_id": "task-a1d394ba1d073d7a2eaa", "model_version": "scripted-engineering-only", "outcome": "completed", "task_success": true}
{"event": "task_started", "trajectory_id": "75796704-58ac-43d5-8f0c-70e3f11fa39a", "task_id": "task-edb462866dbadf5ed77c", "model_version": "scripted-engineering-only"}
{"event": "task_finished", "trajectory_id": "75796704-58ac-43d5-8f0c-70e3f11fa39a", "task_id": "task-edb462866dbadf5ed77c", "model_version": "scripted-engineering-only", "outcome": "completed", "task_success": true}
{"event": "task_started", "trajectory_id": "fcb9e7a3-df77-4f02-aa09-705d6a17a35a", "task_id": "task-6dfee218765c8a8ccb03", "model_version": "scripted-engineering-only"}
{"event": "task_finished", "trajectory_id": "fcb9e7a3-df77-4f02-aa09-705d6a17a35a", "task_id": "task-6dfee218765c8a8ccb03", "model_version": "scripted-engineering-only", "outcome": "completed", "task_success": true}
{"event": "task_started", "trajectory_id": "aaa247a1-3e7d-4520-8ec0-5f5f0bd258ad", "task_id": "task-7b7e1c638fa73fcdc0cb", "model_version": "scripted-engineering-only"}
{"event": "task_finished", "trajectory_id": "aaa247a1-3e7d-4520-8ec0-5f5f0bd258ad", "task_id": "task-7b7e1c638fa73fcdc0cb", "model_version": "scripted-engineering-only", "outcome": "completed", "task_success": true}
{"event": "task_started", "trajectory_id": "1d430ecd-061d-4732-9bd0-ec70a9fb9a40", "task_id": "task-30eeea5e7635d5b1ecb1", "model_version": "scripted-engineering-only"}
{"event": "task_finished", "trajectory_id": "1d430ecd-061d-4732-9bd0-ec70a9fb9a40", "task_id": "task-30eeea5e7635d5b1ecb1", "model_version": "scripted-engineering-only", "outcome": "completed", "task_success": true}
{"event": "task_started", "trajectory_id": "f6788c7e-573e-4089-9d4f-8ae3c8889d55", "task_id": "task-d1dddd10b1af24b04d3e", "model_version": "scripted-engineering-only"}
{"event": "task_finished", "trajectory_id": "f6788c7e-573e-4089-9d4f-8ae3c8889d55", "task_id": "task-d1dddd10b1af24b04d3e", "model_version": "scripted-engineering-only", "outcome": "escalated", "task_success": true}
{"event": "task_started", "trajectory_id": "56974ee6-ddeb-415b-bef5-357d8d21d0f2", "task_id": "task-afbdfb29b194d7db817e", "model_version": "scripted-engineering-only"}
{"event": "task_finished", "trajectory_id": "56974ee6-ddeb-415b-bef5-357d8d21d0f2", "task_id": "task-afbdfb29b194d7db817e", "model_version": "scripted-engineering-only", "outcome": "escalated", "task_success": true}
{"event": "task_started", "trajectory_id": "3c6c8004-5ea2-4588-8137-3c364836b3b3", "task_id": "task-1cb1631bb12620637a56", "model_version": "scripted-engineering-only"}
{"event": "task_finished", "trajectory_id": "3c6c8004-5ea2-4588-8137-3c364836b3b3", "task_id": "task-1cb1631bb12620637a56", "model_version": "scripted-engineering-only", "outcome": "escalated", "task_success": true}
{"event": "task_started", "trajectory_id": "165cd352-8102-4a8d-9c62-f1742e6d669f", "task_id": "task-86bd6cb9106510ea039f", "model_version": "scripted-engineering-only"}
{"event": "task_finished", "trajectory_id": "165cd352-8102-4a8d-9c62-f1742e6d669f", "task_id": "task-86bd6cb9106510ea039f", "model_version": "scripted-engineering-only", "outcome": "escalated", "task_success": true}
{"event": "task_started", "trajectory_id": "417831e6-605c-4c79-9452-c5f640274141", "task_id": "task-28acc947e09e78444ad1", "model_version": "scripted-engineering-only"}
{"event": "task_finished", "trajectory_id": "417831e6-605c-4c79-9452-c5f640274141", "task_id": "task-28acc947e09e78444ad1", "model_version": "scripted-engineering-only", "outcome": "escalated", "task_success": true}
{"event": "task_started", "trajectory_id": "571ac859-112b-4ec6-abf1-944c6052594c", "task_id": "task-398eead64c3eeb871099", "model_version": "scripted-engineering-only"}
{"event": "task_finished", "trajectory_id": "571ac859-112b-4ec6-abf1-944c6052594c", "task_id": "task-398eead64c3eeb871099", "model_version": "scripted-engineering-only", "outcome": "escalated", "task_success": true}
