{"event": "task_started", "trajectory_id": "20dc410f-349c-41c9-a66c-16b7ada36fc8", "task_id": "task-80544b2a08bd57e8e768", "model_version": "scripted-engineering-only"}
{"event": "task_finished", "trajectory_id": "20dc410f-349c-41c9-a66c-16b7ada36fc8", "task_id": "task-80544b2a08bd57e8e768", "model_version": "scripted-engineering-only", "outcome": "completed", "task_success": true}
{"event": "task_started", "trajectory_id": "a492d44b-7a2f-49a5-b51d-8e41b7c376d0", "task_id": "task-673dbc9dd8f247601722", "model_version": "scripted-engineering-only"}
{"event": "task_finished", "trajectory_id": "a492d44b-7a2f-49a5-b51d-8e41b7c376d0", "task_id": "task-673dbc9dd8f247601722", "model_version": "scripted-engineering-only", "outcome": "completed", "task_success": true}
{"event": "task_started", "trajectory_id": "fd367180-2345-418c-8d05-1e8d917bb45e", "task_id": "task-ed359ba55106b09d8847", "model_version": "scripted-engineering-only"}
{"event": "task_finished", "trajectory_id": "fd367180-2345-418c-8d05-1e8d917bb45e", "task_id": "task-ed359ba55106b09d8847", "model_version": "scripted-engineering-only", "outcome": "completed", "task_success": true}
{"event": "task_started", "trajectory_id": "257fd092-11e1-49f6-a673-82cabba67c54", "task_id": "task-292ef81ae14a36c27b3f", "model_version": "scripted-engineering-only"}
{"event": "task_finished", "trajectory_id": "257fd092-11e1-49f6-a673-82cabba67c54", "task_id": "task-292ef81ae14a36c27b3f", "model_version": "scripted-engineering-only", "outcome": "refused", "task_success": true}
{"event": "task_started", "trajectory_id": "124d77cd-25d4-44ab-a905-f0a06f4bba04", "task_id": "task-5a00f3a9d86cd9d6c54d", "model_version": "scripted-engineering-only"}
{"event": "task_finished", "trajectory_id": "124d77cd-25d4-44ab-a905-f0a06f4bba04", "task_id": "task-5a00f3a9d86cd9d6c54d", "model_version": "scripted-engineering-only", "outcome": "refused", "task_success": true}
{"event": "task_started", "trajectory_id": "8026a317-234e-4bb1-b864-70538099435a", "task_id": "task-3b9ce844f270fdf7774d", "model_version": "scripted-engineering-only"}
{"event": "task_finished", "trajectory_id": "8026a317-234e-4bb1-b864-70538099435a", "task_id": "task-3b9ce844f270fdf7774d", "model_version": "scripted-engineering-only", "outcome": "refused", "task_success": true}
{"event": "task_started", "trajectory_id": "d53d9f16-b153-4738-9f9b-8147c380c544", "task_id": "task-f9ea9ef01353b4b68e96", "model_version": "scripted-engineering-only"}
{"event": "task_finished", "trajectory_id": "d53d9f16-b153-4738-9f9b-8147c380c544", "task_id": "task-f9ea9ef01353b4b68e96", "model_version": "scripted-engineering-only", "outcome": "refused", "task_success": true}
{"event": "task_started", "trajectory_id": "a47ba02d-0885-45c7-a899-80f26a18797e", "task_id": "task-98171245bbd786a1517a", "model_version": "scripted-engineering-only"}
{"event": "task_finished", "trajectory_id": "a47ba02d-0885-45c7-a899-80f26a18797e", "task_id": "task-98171245bbd786a1517a", "model_version": "scripted-engineering-only", "outcome": "refused", "task_success": true}
{"event": "task_started", "trajectory_id": "6847e15e-5783-4e27-bdb8-1ddb73df7b50", "task_id": "task-097a2cdd49eb7039eeda", "model_version": "scripted-engineering-only"}
{"event": "task_finished", "trajectory_id": "6847e15e-5783-4e27-bdb8-1ddb73df7b50", "task_id": "task-097a2cdd49eb7039eeda", "model_version": "scripted-engineering-only", "outcome": "refused", "task_success": true}
{"event": "task_started", "trajectory_id": "b5e1b331-871e-4b5f-9f62-7759b218c378", "task_id": "task-dc45c35c4539665fa28a", "model_version": "scripted-engineering-only"}
{"event": "task_finished", "trajectory_id": "b5e1b331-871e-4b5f-9f62-7759b218c378", "task_id": "task-dc45c35c4539665fa28a", "model_version": "scripted-engineering-only", "outcome": "escalated", "task_success": true}
{"event": "task_started", "trajectory_id": "66b11390-4536-4abf-8247-c3334f52d836", "task_id": "task-012721fdabc6938bfdb4", "model_version": "scripted-engineering-only"}
{"event": "task_finished", "trajectory_id": "66b11390-4536-4abf-8247-c3334f52d836", "task_id": "task-012721fdabc6938bfdb4", "model_version": "scripted-engineering-only", "outcome": "escalated", "task_success": true}
{"event": "task_started", "trajectory_id": "cc7379ce-e0f8-41d8-b651-ea6147cd810d", "task_id": "task-7e2db9056f851620b578", "model_version": "scripted-engineering-only"}
{"event": "task_finished", "trajectory_id": "cc7379ce-e0f8-41d8-b651-ea6147cd810d", "task_id": "task-7e2db9056f851620b578", "model_version": "scripted-engineering-only", "outcome": "escalated", "task_success": true}
{"event": "task_started", "trajectory_id": "e7c417c9-61cc-43b8-b9a7-3d1f2504c5e7", "task_id": "task-56d11969bbac661ba221", "model_version": "scripted-engineering-only"}
{"event": "task_finished", "trajectory_id": "e7c417c9-61cc-43b8-b9a7-3d1f2504c5e7", "task_id": "task-56d11969bbac661ba221", "model_version": "scripted-engineering-only", "outcome": "refused", "task_success": true}
{"event": "task_started", "trajectory_id": "5dd89196-fbe2-45e2-95dc-8d2e17bb1b95", "task_id": "task-87d7c7fe1cf3dca74c72", "model_version": "scripted-engineering-only"}
{"event": "task_finished", "trajectory_id": "5dd89196-fbe2-45e2-95dc-8d2e17bb1b95", "task_id": "task-87d7c7fe1cf3dca74c72", "model_version": "scripted-engineering-only", "outcome": "refused", "task_success": true}
{"event": "task_started", "trajectory_id": "6dd97e01-994d-4a0d-9e7d-03ff742ac7c2", "task_id": "task-31dce11192d72a14cb25", "model_version": "scripted-engineering-only"}
{"event": "task_finished", "trajectory_id": "6dd97e01-994d-4a0d-9e7d-03ff742ac7c2", "task_id": "task-31dce11192d72a14cb25", "model_version": "scripted-engineering-only", "outcome": "refused", "task_success": true}
{"event": "task_started", "trajectory_id": "de5d2c40-ce23-4b03-8403-12b86e09c4cb", "task_id": "task-c9c2d9c2d23545eb0e36", "model_version": "scripted-engineering-only"}
{"event": "task_finished", "trajectory_id": "de5d2c40-ce23-4b03-8403-12b86e09c4cb", "task_id": "task-c9c2d9c2d23545eb0e36", "model_version": "scripted-engineering-only", "outcome": "refused", "task_success": true}
{"event": "task_started", "trajectory_id": "9d5157d6-5e09-46ae-a74a-d8708b6df798", "task_id": "task-9f2dbc26618598f23b3d", "model_version": "scripted-engineering-only"}
{"event": "task_finished", "trajectory_id": "9d5157d6-5e09-46ae-a74a-d8708b6df798", "task_id": "task-9f2dbc26618598f23b3d", "model_version": "scripted-engineering-only", "outcome": "refused", "task_success": true}
{"event": "task_started", "trajectory_id": "796b2431-119f-4a90-ab6a-1c127ea1057b", "task_id": "task-ba01b87f8d3c2b2a0a9d", "model_version": "scripted-engineering-only"}
{"event": "task_finished", "trajectory_id": "796b2431-119f-4a90-ab6a-1c127ea1057b", "task_id": "task-ba01b87f8d3c2b2a0a9d", "model_version": "scripted-engineering-only", "outcome": "refused", "task_success": true}
{"event": "task_started", "trajectory_id": "70703857-1cd9-4072-837e-b14ef2812052", "task_id": "task-bdd32dbdec43e2d790e2", "model_version": "scripted-engineering-only"}
{"event": "task_finished", "trajectory_id": "70703857-1cd9-4072-837e-b14ef2812052", "task_id": "task-bdd32dbdec43e2d790e2", "model_version": "scripted-engineering-only", "outcome": "escalated", "task_success": true}
{"event": "task_started", "trajectory_id": "e20408b8-497e-46f7-9809-fa3f14b76cb1", "task_id": "task-abd88aed3619fa1f2adb", "model_version": "scripted-engineering-only"}
{"event": "task_finished", "trajectory_id": "e20408b8-497e-46f7-9809-fa3f14b76cb1", "task_id": "task-abd88aed3619fa1f2adb", "model_version": "scripted-engineering-only", "outcome": "escalated", "task_success": true}
{"event": "task_started", "trajectory_id": "fa7ee59d-243c-4af8-94fe-d88ec66a5258", "task_id": "task-3679379ac0a63d0c5798", "model_version": "scripted-engineering-only"}
{"event": "task_finished", "trajectory_id": "fa7ee59d-243c-4af8-94fe-d88ec66a5258", "task_id": "task-3679379ac0a63d0c5798", "model_version": "scripted-engineering-only", "outcome": "escalated", "task_success": true}
{"event": "task_started", "trajectory_id": "eb48245f-8ddf-4a6b-966a-c133b75eab6c", "task_id": "task-ec729be391c4a34fe297", "model_version": "scripted-engineering-only"}
{"event": "task_finished", "trajectory_id": "eb48245f-8ddf-4a6b-966a-c133b75eab6c", "task_id": "task-ec729be391c4a34fe297", "model_version": "scripted-engineering-only", "outcome": "completed", "task_success": true}
{"event": "task_started", "trajectory_id": "9a1abbd3-1965-4fb5-8a37-38435a24d67e", "task_id": "task-b453a658279db88de3c0", "model_version": "scripted-engineering-only"}
{"event": "task_finished", "trajectory_id": "9a1abbd3-1965-4fb5-8a37-38435a24d67e", "task_id": "task-b453a658279db88de3c0", "model_version": "scripted-engineering-only", "outcome": "completed", "task_success": true}
{"event": "task_started", "trajectory_id": "930599d8-5c6c-426b-ba15-97d4281f6428", "task_id": "task-97af2e092bbdb911a25a", "model_version": "scripted-engineering-only"}
{"event": "task_finished", "trajectory_id": "930599d8-5c6c-426b-ba15-97d4281f6428", "task_id": "task-97af2e092bbdb911a25a", "model_version": "scripted-engineering-only", "outcome": "completed", "task_success": true}
{"event": "task_started", "trajectory_id": "56374244-ccd9-48a3-bb9e-ba32ca34f0d8", "task_id": "task-0724fc5648935c3d16ba", "model_version": "scripted-engineering-only"}
{"event": "task_finished", "trajectory_id": "56374244-ccd9-48a3-bb9e-ba32ca34f0d8", "task_id": "task-0724fc5648935c3d16ba", "model_version": "scripted-engineering-only", "outcome": "escalated", "task_success": true}
{"event": "task_started", "trajectory_id": "f9db7403-8b10-401e-a1c7-8aff36d88ed6", "task_id": "task-674a4080fd2f0382b598", "model_version": "scripted-engineering-only"}
{"event": "task_finished", "trajectory_id": "f9db7403-8b10-401e-a1c7-8aff36d88ed6", "task_id": "task-674a4080fd2f0382b598", "model_version": "scripted-engineering-only", "outcome": "escalated", "task_success": true}
{"event": "task_started", "trajectory_id": "695b87f7-c120-4bea-bb90-665b66bad038", "task_id": "task-3feda8a21f9775e1db88", "model_version": "scripted-engineering-only"}
{"event": "task_finished", "trajectory_id": "695b87f7-c120-4bea-bb90-665b66bad038", "task_id": "task-3feda8a21f9775e1db88", "model_version": "scripted-engineering-only", "outcome": "escalated", "task_success": true}
{"event": "task_started", "trajectory_id": "5bfbf3fd-f7ed-47d6-b5b1-98caffbcf782", "task_id": "task-0e084016f0ee902062e6", "model_version": "scripted-engineering-only"}
{"event": "task_finished", "trajectory_id": "5bfbf3fd-f7ed-47d6-b5b1-98caffbcf782", "task_id": "task-0e084016f0ee902062e6", "model_version": "scripted-engineering-only", "outcome": "completed", "task_success": true}
{"event": "task_started", "trajectory_id": "4090f0f1-af66-4a91-9555-e11090a2cada", "task_id": "task-4c6c1f9967c096b34002", "model_version": "scripted-engineering-only"}
{"event": "task_finished", "trajectory_id": "4090f0f1-af66-4a91-9555-e11090a2cada", "task_id": "task-4c6c1f9967c096b34002", "model_version": "scripted-engineering-only", "outcome": "completed", "task_success": true}
{"event": "task_started", "trajectory_id": "b3e6044c-70b9-4a3e-bb7d-60f86f6b7a36", "task_id": "task-5d8affbfbc38c6af2a55", "model_version": "scripted-engineering-only"}
{"event": "task_finished", "trajectory_id": "b3e6044c-70b9-4a3e-bb7d-60f86f6b7a36", "task_id": "task-5d8affbfbc38c6af2a55", "model_version": "scripted-engineering-only", "outcome": "completed", "task_success": true}
{"event": "task_started", "trajectory_id": "6cba933d-f190-4b38-a1d2-a15c2b79367a", "task_id": "task-705ae2b6a38ee732fcb6", "model_version": "scripted-engineering-only"}
{"event": "task_finished", "trajectory_id": "6cba933d-f190-4b38-a1d2-a15c2b79367a", "task_id": "task-705ae2b6a38ee732fcb6", "model_version": "scripted-engineering-only", "outcome": "refused", "task_success": true}
{"event": "task_started", "trajectory_id": "57481766-c20f-43c0-bb8d-630d79976d1e", "task_id": "task-aacc6eab02d55411c926", "model_version": "scripted-engineering-only"}
{"event": "task_finished", "trajectory_id": "57481766-c20f-43c0-bb8d-630d79976d1e", "task_id": "task-aacc6eab02d55411c926", "model_version": "scripted-engineering-only", "outcome": "refused", "task_success": true}
{"event": "task_started", "trajectory_id": "843295d5-2037-43e3-b79f-0a498ec3c80b", "task_id": "task-e69eb5bbc48e257eaed9", "model_version": "scripted-engineering-only"}
{"event": "task_finished", "trajectory_id": "843295d5-2037-43e3-b79f-0a498ec3c80b", "task_id": "task-e69eb5bbc48e257eaed9", "model_version": "scripted-engineering-only", "outcome": "refused", "task_success": true}
{"event": "task_started", "trajectory_id": "3990c2c4-f186-41e8-8140-d38269d221bd", "task_id": "task-d218b76a549bb71d32a3", "model_version": "scripted-engineering-only"}
{"event": "task_finished", "trajectory_id": "3990c2c4-f186-41e8-8140-d38269d221bd", "task_id": "task-d218b76a549bb71d32a3", "model_version": "scripted-engineering-only", "outcome": "escalated", "task_success": true}
{"event": "task_started", "trajectory_id": "307edb99-3bbd-4e1c-8591-be886c0e774a", "task_id": "task-399f80239f711ea5d908", "model_version": "scripted-engineering-only"}
{"event": "task_finished", "trajectory_id": "307edb99-3bbd-4e1c-8591-be886c0e774a", "task_id": "task-399f80239f711ea5d908", "model_version": "scripted-engineering-only", "outcome": "escalated", "task_success": true}
{"event": "task_started", "trajectory_id": "2c1cc786-19f4-4dba-8e90-274dd8bdcea2", "task_id": "task-59a584317a710f1deb73", "model_version": "scripted-engineering-only"}
{"event": "task_finished", "trajectory_id": "2c1cc786-19f4-4dba-8e90-274dd8bdcea2", "task_id": "task-59a584317a710f1deb73", "model_version": "scripted-engineering-only", "outcome": "escalated", "task_success": true}
{"event": "task_started", "trajectory_id": "c5da810d-2105-4742-a19e-86ab82383062", "task_id": "task-f72263adb1c1d420111e", "model_version": "scripted-engineering-only"}
{"event": "task_finished", "trajectory_id": "c5da810d-2105-4742-a19e-86ab82383062", "task_id": "task-f72263adb1c1d420111e", "model_version": "scripted-engineering-only", "outcome": "escalated", "task_success": true}
{"event": "task_started", "trajectory_id": "13c521ae-8a09-416f-b50d-d2a025be19b7", "task_id": "task-90c1813085f31f5299b3", "model_version": "scripted-engineering-only"}
{"event": "task_finished", "trajectory_id": "13c521ae-8a09-416f-b50d-d2a025be19b7", "task_id": "task-90c1813085f31f5299b3", "model_version": "scripted-engineering-only", "outcome": "escalated", "task_success": true}
{"event": "task_started", "trajectory_id": "dfd41d77-ce6e-4b59-af8c-bb162ccb5490", "task_id": "task-c31ed15c43fec69b21d0", "model_version": "scripted-engineering-only"}
{"event": "task_finished", "trajectory_id": "dfd41d77-ce6e-4b59-af8c-bb162ccb5490", "task_id": "task-c31ed15c43fec69b21d0", "model_version": "scripted-engineering-only", "outcome": "escalated", "task_success": true}
{"event": "task_started", "trajectory_id": "27c7eb83-f8a6-45ae-9266-e31fe48a1818", "task_id": "task-c4da3551dcd0c1e6d1bc", "model_version": "scripted-engineering-only"}
{"event": "task_finished", "trajectory_id": "27c7eb83-f8a6-45ae-9266-e31fe48a1818", "task_id": "task-c4da3551dcd0c1e6d1bc", "model_version": "scripted-engineering-only", "outcome": "completed", "task_success": true}
{"event": "task_started", "trajectory_id": "2d45061c-299d-4922-883e-0d4898bc3abf", "task_id": "task-d573e068640729f6fc0c", "model_version": "scripted-engineering-only"}
{"event": "task_finished", "trajectory_id": "2d45061c-299d-4922-883e-0d4898bc3abf", "task_id": "task-d573e068640729f6fc0c", "model_version": "scripted-engineering-only", "outcome": "completed", "task_success": true}
{"event": "task_started", "trajectory_id": "a96b6817-b5c3-47ef-aaec-df99b805c65f", "task_id": "task-5451f40b657f5bfdccbc", "model_version": "scripted-engineering-only"}
{"event": "task_finished", "trajectory_id": "a96b6817-b5c3-47ef-aaec-df99b805c65f", "task_id": "task-5451f40b657f5bfdccbc", "model_version": "scripted-engineering-only", "outcome": "completed", "task_success": true}
{"event": "task_started", "trajectory_id": "ce67b392-8817-43ef-9ee9-0d21fc566f27", "task_id": "task-d71f713e079ab5c2b330", "model_version": "scripted-engineering-only"}
{"event": "task_finished", "trajectory_id": "ce67b392-8817-43ef-9ee9-0d21fc566f27", "task_id": "task-d71f713e079ab5c2b330", "model_version": "scripted-engineering-only", "outcome": "completed", "task_success": true}
{"event": "task_started", "trajectory_id": "9068fe47-e6bc-46d5-9c4e-e80b8a1ee519", "task_id": "task-aa38b5523e6289961272", "model_version": "scripted-engineering-only"}
{"event": "task_finished", "trajectory_id": "9068fe47-e6bc-46d5-9c4e-e80b8a1ee519", "task_id": "task-aa38b5523e6289961272", "model_version": "scripted-engineering-only", "outcome": "completed", "task_success": true}
{"event": "task_started", "trajectory_id": "e8ce8ce3-2013-42dd-93bb-d8fcdc6edce9", "task_id": "task-45334e54e1889ab54a6c", "model_version": "scripted-engineering-only"}
{"event": "task_finished", "trajectory_id": "e8ce8ce3-2013-42dd-93bb-d8fcdc6edce9", "task_id": "task-45334e54e1889ab54a6c", "model_version": "scripted-engineering-only", "outcome": "completed", "task_success": true}
{"event": "task_started", "trajectory_id": "57a2b1f1-3175-4647-9ec3-7427dec7c064", "task_id": "task-c50d95cdd2eabf3b7e52", "model_version": "scripted-engineering-only"}
{"event": "task_finished", "trajectory_id": "57a2b1f1-3175-4647-9ec3-7427dec7c064", "task_id": "task-c50d95cdd2eabf3b7e52", "model_version": "scripted-engineering-only", "outcome": "completed", "task_success": true}
{"event": "task_started", "trajectory_id": "86908ee2-80ee-41f5-9241-f8509220a707", "task_id": "task-e730102b9a4395aae8ee", "model_version": "scripted-engineering-only"}
{"event": "task_finished", "trajectory_id": "86908ee2-80ee-41f5-9241-f8509220a707", "task_id": "task-e730102b9a4395aae8ee", "model_version": "scripted-engineering-only", "outcome": "completed", "task_success": true}
{"event": "task_started", "trajectory_id": "eb21701d-1bd0-4488-a868-08b63882bc6d", "task_id": "task-c1422229a8352e1cf4fc", "model_version": "scripted-engineering-only"}
{"event": "task_finished", "trajectory_id": "eb21701d-1bd0-4488-a868-08b63882bc6d", "task_id": "task-c1422229a8352e1cf4fc", "model_version": "scripted-engineering-only", "outcome": "completed", "task_success": true}
{"event": "task_started", "trajectory_id": "7958e7eb-6ae1-4941-af2a-e55a0142fa1f", "task_id": "task-f67587394339c41f909c", "model_version": "scripted-engineering-only"}
{"event": "task_finished", "trajectory_id": "7958e7eb-6ae1-4941-af2a-e55a0142fa1f", "task_id": "task-f67587394339c41f909c", "model_version": "scripted-engineering-only", "outcome": "refused", "task_success": true}
{"event": "task_started", "trajectory_id": "ac93656a-d4fb-4a12-81d3-529f025bb322", "task_id": "task-b2e0e6a52eb4cbe28b57", "model_version": "scripted-engineering-only"}
{"event": "task_finished", "trajectory_id": "ac93656a-d4fb-4a12-81d3-529f025bb322", "task_id": "task-b2e0e6a52eb4cbe28b57", "model_version": "scripted-engineering-only", "outcome": "refused", "task_success": true}
{"event": "task_started", "trajectory_id": "5093d55c-9883-4539-b46b-cf8935dfff74", "task_id": "task-271e4f001bfbec4ba37f", "model_version": "scripted-engineering-only"}
{"event": "task_finished", "trajectory_id": "5093d55c-9883-4539-b46b-cf8935dfff74", "task_id": "task-271e4f001bfbec4ba37f", "model_version": "scripted-engineering-only", "outcome": "refused", "task_success": true}
{"event": "task_started", "trajectory_id": "62f41c22-b2a0-4685-9c9d-8aa357d5f614", "task_id": "task-f476ba5bc12924d9bc6b", "model_version": "scripted-engineering-only"}
{"event": "task_finished", "trajectory_id": "62f41c22-b2a0-4685-9c9d-8aa357d5f614", "task_id": "task-f476ba5bc12924d9bc6b", "model_version": "scripted-engineering-only", "outcome": "refused", "task_success": true}
{"event": "task_started", "trajectory_id": "204f4b75-14f0-42e4-818a-5ea2de727dac", "task_id": "task-5eb647be1fe8d553a68b", "model_version": "scripted-engineering-only"}
{"event": "task_finished", "trajectory_id": "204f4b75-14f0-42e4-818a-5ea2de727dac", "task_id": "task-5eb647be1fe8d553a68b", "model_version": "scripted-engineering-only", "outcome": "refused", "task_success": true}
{"event": "task_started", "trajectory_id": "40a0066f-d056-4088-b37a-2afe04338087", "task_id": "task-07a2025d71ee061f3bd2", "model_version": "scripted-engineering-only"}
{"event": "task_finished", "trajectory_id": "40a0066f-d056-4088-b37a-2afe04338087", "task_id": "task-07a2025d71ee061f3bd2", "model_version": "scripted-engineering-only", "outcome": "refused", "task_success": true}
{"event": "task_started", "trajectory_id": "72eedd77-5132-483f-abb6-e5f91c7064be", "task_id": "task-a48da85fc162e85f19e2", "model_version": "scripted-engineering-only"}
{"event": "task_finished", "trajectory_id": "72eedd77-5132-483f-abb6-e5f91c7064be", "task_id": "task-a48da85fc162e85f19e2", "model_version": "scripted-engineering-only", "outcome": "escalated", "task_success": true}
{"event": "task_started", "trajectory_id": "3ac96407-b81e-40cf-a980-9e1a711bffc2", "task_id": "task-06b8d71a2bcb3273229e", "model_version": "scripted-engineering-only"}
{"event": "task_finished", "trajectory_id": "3ac96407-b81e-40cf-a980-9e1a711bffc2", "task_id": "task-06b8d71a2bcb3273229e", "model_version": "scripted-engineering-only", "outcome": "escalated", "task_success": true}
{"event": "task_started", "trajectory_id": "57193a9c-e54d-4e55-984e-13daa196b157", "task_id": "task-a54dafe4b4e3bb62483d", "model_version": "scripted-engineering-only"}
{"event": "task_finished", "trajectory_id": "57193a9c-e54d-4e55-984e-13daa196b157", "task_id": "task-a54dafe4b4e3bb62483d", "model_version": "scripted-engineering-only", "outcome": "escalated", "task_success": true}
{"event": "task_started", "trajectory_id": "d57b94ac-dc4b-421b-9ade-c3fadaff3c66", "task_id": "task-965bab023d996aea99f2", "model_version": "scripted-engineering-only"}
{"event": "task_finished", "trajectory_id": "d57b94ac-dc4b-421b-9ade-c3fadaff3c66", "task_id": "task-965bab023d996aea99f2", "model_version": "scripted-engineering-only", "outcome": "completed", "task_success": true}
{"event": "task_started", "trajectory_id": "a22fe280-2640-42b2-8a75-701101336eba", "task_id": "task-eba00923d594244d8a50", "model_version": "scripted-engineering-only"}
{"event": "task_finished", "trajectory_id": "a22fe280-2640-42b2-8a75-701101336eba", "task_id": "task-eba00923d594244d8a50", "model_version": "scripted-engineering-only", "outcome": "completed", "task_success": true}
{"event": "task_started", "trajectory_id": "2a50bad1-6a09-4515-8b9a-98fcb19ba4b3", "task_id": "task-2d745d5735989f513472", "model_version": "scripted-engineering-only"}
{"event": "task_finished", "trajectory_id": "2a50bad1-6a09-4515-8b9a-98fcb19ba4b3", "task_id": "task-2d745d5735989f513472", "model_version": "scripted-engineering-only", "outcome": "completed", "task_success": true}
{"event": "task_started", "trajectory_id": "3046a266-eb9e-4b90-8206-f49c902418ae", "task_id": "task-adce80fcd242644af3be", "model_version": "scripted-engineering-only"}
{"event": "task_finished", "trajectory_id": "3046a266-eb9e-4b90-8206-f49c902418ae", "task_id": "task-adce80fcd242644af3be", "model_version": "scripted-engineering-only", "outcome": "escalated", "task_success": true}
{"event": "task_started", "trajectory_id": "3e4d1272-d829-4e15-bd9c-8e5429de9f74", "task_id": "task-a3b7dfcd02ab8da95ef8", "model_version": "scripted-engineering-only"}
{"event": "task_finished", "trajectory_id": "3e4d1272-d829-4e15-bd9c-8e5429de9f74", "task_id": "task-a3b7dfcd02ab8da95ef8", "model_version": "scripted-engineering-only", "outcome": "escalated", "task_success": true}
{"event": "task_started", "trajectory_id": "5af9f0fa-4e15-4aa2-943e-c5778e9dda8c", "task_id": "task-0186019e3d73611b86a1", "model_version": "scripted-engineering-only"}
{"event": "task_finished", "trajectory_id": "5af9f0fa-4e15-4aa2-943e-c5778e9dda8c", "task_id": "task-0186019e3d73611b86a1", "model_version": "scripted-engineering-only", "outcome": "escalated", "task_success": true}
{"event": "task_started", "trajectory_id": "ac73d500-8474-4bf4-ab56-c3e6b6481f59", "task_id": "task-734d5b0d34d0656564ee", "model_version": "scripted-engineering-only"}
{"event": "task_finished", "trajectory_id": "ac73d500-8474-4bf4-ab56-c3e6b6481f59", "task_id": "task-734d5b0d34d0656564ee", "model_version": "scripted-engineering-only", "outcome": "escalated", "task_success": true}
{"event": "task_started", "trajectory_id": "4c822166-6ffd-4e01-bb99-8400fbd1dbe1", "task_id": "task-5dceefde9e586fb8376a", "model_version": "scripted-engineering-only"}
{"event": "task_finished", "trajectory_id": "4c822166-6ffd-4e01-bb99-8400fbd1dbe1", "task_id": "task-5dceefde9e586fb8376a", "model_version": "scripted-engineering-only", "outcome": "escalated", "task_success": true}
{"event": "task_started", "trajectory_id": "b18cb580-47ea-40ce-a588-d502b9b44cdb", "task_id": "task-ad1e786facf608c440ac", "model_version": "scripted-engineering-only"}
{"event": "task_finished", "trajectory_id": "b18cb580-47ea-40ce-a588-d502b9b44cdb", "task_id": "task-ad1e786facf608c440ac", "model_version": "scripted-engineering-only", "outcome": "escalated", "task_success": true}
{"event": "task_started", "trajectory_id": "9388ec8a-9637-4851-9de6-985734ae0224", "task_id": "task-bb68b21999ce552f5ffc", "model_version": "scripted-engineering-only"}
{"event": "task_finished", "trajectory_id": "9388ec8a-9637-4851-9de6-985734ae0224", "task_id": "task-bb68b21999ce552f5ffc", "model_version": "scripted-engineering-only", "outcome": "completed", "task_success": true}
{"event": "task_started", "trajectory_id": "fd00f56a-ef37-4370-96ae-0ba096d455a6", "task_id": "task-a1d394ba1d073d7a2eaa", "model_version": "scripted-engineering-only"}
{"event": "task_finished", "trajectory_id": "fd00f56a-ef37-4370-96ae-0ba096d455a6", "task_id": "task-a1d394ba1d073d7a2eaa", "model_version": "scripted-engineering-only", "outcome": "completed", "task_success": true}
{"event": "task_started", "trajectory_id": "d5bb7fda-881c-4bc6-97c3-47663c55f339", "task_id": "task-edb462866dbadf5ed77c", "model_version": "scripted-engineering-only"}
{"event": "task_finished", "trajectory_id": "d5bb7fda-881c-4bc6-97c3-47663c55f339", "task_id": "task-edb462866dbadf5ed77c", "model_version": "scripted-engineering-only", "outcome": "completed", "task_success": true}
{"event": "task_started", "trajectory_id": "3bf73938-7c1d-49ce-aecc-8cf7f9dd37d8", "task_id": "task-6dfee218765c8a8ccb03", "model_version": "scripted-engineering-only"}
{"event": "task_finished", "trajectory_id": "3bf73938-7c1d-49ce-aecc-8cf7f9dd37d8", "task_id": "task-6dfee218765c8a8ccb03", "model_version": "scripted-engineering-only", "outcome": "completed", "task_success": true}
{"event": "task_started", "trajectory_id": "cb2ae787-0558-4280-be13-b3f94198a73e", "task_id": "task-7b7e1c638fa73fcdc0cb", "model_version": "scripted-engineering-only"}
{"event": "task_finished", "trajectory_id": "cb2ae787-0558-4280-be13-b3f94198a73e", "task_id": "task-7b7e1c638fa73fcdc0cb", "model_version": "scripted-engineering-only", "outcome": "completed", "task_success": true}
{"event": "task_started", "trajectory_id": "e00a34ab-d692-437a-9d5d-5f0d307ec124", "task_id": "task-30eeea5e7635d5b1ecb1", "model_version": "scripted-engineering-only"}
{"event": "task_finished", "trajectory_id": "e00a34ab-d692-437a-9d5d-5f0d307ec124", "task_id": "task-30eeea5e7635d5b1ecb1", "model_version": "scripted-engineering-only", "outcome": "completed", "task_success": true}
{"event": "task_started", "trajectory_id": "30e12b39-e87f-477c-9968-89422a3bec07", "task_id": "task-d1dddd10b1af24b04d3e", "model_version": "scripted-engineering-only"}
{"event": "task_finished", "trajectory_id": "30e12b39-e87f-477c-9968-89422a3bec07", "task_id": "task-d1dddd10b1af24b04d3e", "model_version": "scripted-engineering-only", "outcome": "escalated", "task_success": true}
{"event": "task_started", "trajectory_id": "c71774c7-b42d-4500-a99b-3e359a956679", "task_id": "task-afbdfb29b194d7db817e", "model_version": "scripted-engineering-only"}
{"event": "task_finished", "trajectory_id": "c71774c7-b42d-4500-a99b-3e359a956679", "task_id": "task-afbdfb29b194d7db817e", "model_version": "scripted-engineering-only", "outcome": "escalated", "task_success": true}
{"event": "task_started", "trajectory_id": "618c9b55-7eb9-4e15-9de5-6a93515dd176", "task_id": "task-1cb1631bb12620637a56", "model_version": "scripted-engineering-only"}
{"event": "task_finished", "trajectory_id": "618c9b55-7eb9-4e15-9de5-6a93515dd176", "task_id": "task-1cb1631bb12620637a56", "model_version": "scripted-engineering-only", "outcome": "escalated", "task_success": true}
{"event": "task_started", "trajectory_id": "8bace335-c013-4025-a04d-514d2f3ea041", "task_id": "task-86bd6cb9106510ea039f", "model_version": "scripted-engineering-only"}
{"event": "task_finished", "trajectory_id": "8bace335-c013-4025-a04d-514d2f3ea041", "task_id": "task-86bd6cb9106510ea039f", "model_version": "scripted-engineering-only", "outcome": "escalated", "task_success": true}
{"event": "task_started", "trajectory_id": "586e6222-9429-4acc-8411-8cf017be45c1", "task_id": "task-28acc947e09e78444ad1", "model_version": "scripted-engineering-only"}
{"event": "task_finished", "trajectory_id": "586e6222-9429-4acc-8411-8cf017be45c1", "task_id": "task-28acc947e09e78444ad1", "model_version": "scripted-engineering-only", "outcome": "escalated", "task_success": true}
{"event": "task_started", "trajectory_id": "bd8f491b-62a0-4ef4-b1a5-dc0a2ee12647", "task_id": "task-398eead64c3eeb871099", "model_version": "scripted-engineering-only"}
{"event": "task_finished", "trajectory_id": "bd8f491b-62a0-4ef4-b1a5-dc0a2ee12647", "task_id": "task-398eead64c3eeb871099", "model_version": "scripted-engineering-only", "outcome": "escalated", "task_success": true}
{"event": "task_started", "trajectory_id": "60fc730b-1039-483d-9b7a-2e7fe06f2126", "task_id": "task-80544b2a08bd57e8e768", "model_version": "scripted-engineering-only"}
{"event": "task_finished", "trajectory_id": "60fc730b-1039-483d-9b7a-2e7fe06f2126", "task_id": "task-80544b2a08bd57e8e768", "model_version": "scripted-engineering-only", "outcome": "completed", "task_success": true}
{"event": "task_started", "trajectory_id": "412163d5-ef26-465d-8186-33270ec502c0", "task_id": "task-673dbc9dd8f247601722", "model_version": "scripted-engineering-only"}
{"event": "task_finished", "trajectory_id": "412163d5-ef26-465d-8186-33270ec502c0", "task_id": "task-673dbc9dd8f247601722", "model_version": "scripted-engineering-only", "outcome": "completed", "task_success": true}
{"event": "task_started", "trajectory_id": "958039f3-3367-4bc5-ab07-0128a26086f3", "task_id": "task-ed359ba55106b09d8847", "model_version": "scripted-engineering-only"}
{"event": "task_finished", "trajectory_id": "958039f3-3367-4bc5-ab07-0128a26086f3", "task_id": "task-ed359ba55106b09d8847", "model_version": "scripted-engineering-only", "outcome": "completed", "task_success": true}
{"event": "task_started", "trajectory_id": "ef789409-be9b-407b-89d1-19afe9c2401a", "task_id": "task-292ef81ae14a36c27b3f", "model_version": "scripted-engineering-only"}
{"event": "task_finished", "trajectory_id": "ef789409-be9b-407b-89d1-19afe9c2401a", "task_id": "task-292ef81ae14a36c27b3f", "model_version": "scripted-engineering-only", "outcome": "refused", "task_success": true}
{"event": "task_started", "trajectory_id": "9a8b648f-4f1b-412f-af61-0d36de8de332", "task_id": "task-5a00f3a9d86cd9d6c54d", "model_version": "scripted-engineering-only"}
{"event": "task_finished", "trajectory_id": "9a8b648f-4f1b-412f-af61-0d36de8de332", "task_id": "task-5a00f3a9d86cd9d6c54d", "model_version": "scripted-engineering-only", "outcome": "refused", "task_success": true}
{"event": "task_started", "trajectory_id": "d02c2508-1f5d-43ef-8bf0-bb1bb28e340e", "task_id": "task-3b9ce844f270fdf7774d", "model_version": "scripted-engineering-only"}
{"event": "task_finished", "trajectory_id": "d02c2508-1f5d-43ef-8bf0-bb1bb28e340e", "task_id": "task-3b9ce844f270fdf7774d", "model_version": "scripted-engineering-only", "outcome": "refused", "task_success": true}
{"event": "task_started", "trajectory_id": "0622b5bf-607f-433d-81c6-1493671511b2", "task_id": "task-f9ea9ef01353b4b68e96", "model_version": "scripted-engineering-only"}
{"event": "task_finished", "trajectory_id": "0622b5bf-607f-433d-81c6-1493671511b2", "task_id": "task-f9ea9ef01353b4b68e96", "model_version": "scripted-engineering-only", "outcome": "refused", "task_success": true}
{"event": "task_started", "trajectory_id": "a1b11f35-bffe-4b37-87ff-f52ac2de80a8", "task_id": "task-98171245bbd786a1517a", "model_version": "scripted-engineering-only"}
{"event": "task_finished", "trajectory_id": "a1b11f35-bffe-4b37-87ff-f52ac2de80a8", "task_id": "task-98171245bbd786a1517a", "model_version": "scripted-engineering-only", "outcome": "refused", "task_success": true}
{"event": "task_started", "trajectory_id": "2381bf16-9a61-4bac-9812-a1f365fef829", "task_id": "task-097a2cdd49eb7039eeda", "model_version": "scripted-engineering-only"}
{"event": "task_finished", "trajectory_id": "2381bf16-9a61-4bac-9812-a1f365fef829", "task_id": "task-097a2cdd49eb7039eeda", "model_version": "scripted-engineering-only", "outcome": "refused", "task_success": true}
{"event": "task_started", "trajectory_id": "0d951566-1787-4cf1-be25-65cf287d1dc0", "task_id": "task-dc45c35c4539665fa28a", "model_version": "scripted-engineering-only"}
{"event": "task_finished", "trajectory_id": "0d951566-1787-4cf1-be25-65cf287d1dc0", "task_id": "task-dc45c35c4539665fa28a", "model_version": "scripted-engineering-only", "outcome": "escalated", "task_success": true}
{"event": "task_started", "trajectory_id": "142fb907-d3e5-4a05-8b5a-da3edb873ec0", "task_id": "task-012721fdabc6938bfdb4", "model_version": "scripted-engineering-only"}
{"event": "task_finished", "trajectory_id": "142fb907-d3e5-4a05-8b5a-da3edb873ec0", "task_id": "task-012721fdabc6938bfdb4", "model_version": "scripted-engineering-only", "outcome": "escalated", "task_success": true}
{"event": "task_started", "trajectory_id": "d881f763-5908-4551-9fb7-d5d954cbe33b", "task_id": "task-7e2db9056f851620b578", "model_version": "scripted-engineering-only"}
{"event": "task_finished", "trajectory_id": "d881f763-5908-4551-9fb7-d5d954cbe33b", "task_id": "task-7e2db9056f851620b578", "model_version": "scripted-engineering-only", "outcome": "escalated", "task_success": true}
{"event": "task_started", "trajectory_id": "9062c90f-838a-4d63-82f2-4d6078f332f0", "task_id": "task-56d11969bbac661ba221", "model_version": "scripted-engineering-only"}
{"event": "task_finished", "trajectory_id": "9062c90f-838a-4d63-82f2-4d6078f332f0", "task_id": "task-56d11969bbac661ba221", "model_version": "scripted-engineering-only", "outcome": "refused", "task_success": true}
{"event": "task_started", "trajectory_id": "5151e690-c9df-4a15-a8a4-b0a63dee1dcf", "task_id": "task-87d7c7fe1cf3dca74c72", "model_version": "scripted-engineering-only"}
{"event": "task_finished", "trajectory_id": "5151e690-c9df-4a15-a8a4-b0a63dee1dcf", "task_id": "task-87d7c7fe1cf3dca74c72", "model_version": "scripted-engineering-only", "outcome": "refused", "task_success": true}
{"event": "task_started", "trajectory_id": "696972ec-77d6-476f-86ea-6ed650039ec5", "task_id": "task-31dce11192d72a14cb25", "model_version": "scripted-engineering-only"}
{"event": "task_finished", "trajectory_id": "696972ec-77d6-476f-86ea-6ed650039ec5", "task_id": "task-31dce11192d72a14cb25", "model_version": "scripted-engineering-only", "outcome": "refused", "task_success": true}
{"event": "task_started", "trajectory_id": "8c3327b7-c597-4da5-855d-4b0dca1507e9", "task_id": "task-c9c2d9c2d23545eb0e36", "model_version": "scripted-engineering-only"}
{"event": "task_finished", "trajectory_id": "8c3327b7-c597-4da5-855d-4b0dca1507e9", "task_id": "task-c9c2d9c2d23545eb0e36", "model_version": "scripted-engineering-only", "outcome": "refused", "task_success": true}
{"event": "task_started", "trajectory_id": "d1fda563-c3ce-409f-aa4c-45527493a1b8", "task_id": "task-9f2dbc26618598f23b3d", "model_version": "scripted-engineering-only"}
{"event": "task_finished", "trajectory_id": "d1fda563-c3ce-409f-aa4c-45527493a1b8", "task_id": "task-9f2dbc26618598f23b3d", "model_version": "scripted-engineering-only", "outcome": "refused", "task_success": true}
{"event": "task_started", "trajectory_id": "5b7018c2-8b9a-4925-9d1a-e2626f739b64", "task_id": "task-ba01b87f8d3c2b2a0a9d", "model_version": "scripted-engineering-only"}
{"event": "task_finished", "trajectory_id": "5b7018c2-8b9a-4925-9d1a-e2626f739b64", "task_id": "task-ba01b87f8d3c2b2a0a9d", "model_version": "scripted-engineering-only", "outcome": "refused", "task_success": true}
{"event": "task_started", "trajectory_id": "9d9f93e5-956d-4b17-8c32-33c1ed11cf8d", "task_id": "task-bdd32dbdec43e2d790e2", "model_version": "scripted-engineering-only"}
{"event": "task_finished", "trajectory_id": "9d9f93e5-956d-4b17-8c32-33c1ed11cf8d", "task_id": "task-bdd32dbdec43e2d790e2", "model_version": "scripted-engineering-only", "outcome": "escalated", "task_success": true}
{"event": "task_started", "trajectory_id": "e95fa41b-5938-4c79-a87e-8840a32c6aac", "task_id": "task-abd88aed3619fa1f2adb", "model_version": "scripted-engineering-only"}
{"event": "task_finished", "trajectory_id": "e95fa41b-5938-4c79-a87e-8840a32c6aac", "task_id": "task-abd88aed3619fa1f2adb", "model_version": "scripted-engineering-only", "outcome": "escalated", "task_success": true}
{"event": "task_started", "trajectory_id": "6a98c53a-2cff-40b1-8434-e96fe49e5236", "task_id": "task-3679379ac0a63d0c5798", "model_version": "scripted-engineering-only"}
{"event": "task_finished", "trajectory_id": "6a98c53a-2cff-40b1-8434-e96fe49e5236", "task_id": "task-3679379ac0a63d0c5798", "model_version": "scripted-engineering-only", "outcome": "escalated", "task_success": true}
{"event": "task_started", "trajectory_id": "8a262f12-0bdb-408b-81fa-60859d7e0783", "task_id": "task-ec729be391c4a34fe297", "model_version": "scripted-engineering-only"}
{"event": "task_finished", "trajectory_id": "8a262f12-0bdb-408b-81fa-60859d7e0783", "task_id": "task-ec729be391c4a34fe297", "model_version": "scripted-engineering-only", "outcome": "completed", "task_success": true}
{"event": "task_started", "trajectory_id": "1f2685c3-bb72-4eb8-9ca9-80fc25d7b28e", "task_id": "task-b453a658279db88de3c0", "model_version": "scripted-engineering-only"}
{"event": "task_finished", "trajectory_id": "1f2685c3-bb72-4eb8-9ca9-80fc25d7b28e", "task_id": "task-b453a658279db88de3c0", "model_version": "scripted-engineering-only", "outcome": "completed", "task_success": true}
{"event": "task_started", "trajectory_id": "45d34be4-81cd-46df-b3dc-ec52e2902784", "task_id": "task-97af2e092bbdb911a25a", "model_version": "scripted-engineering-only"}
{"event": "task_finished", "trajectory_id": "45d34be4-81cd-46df-b3dc-ec52e2902784", "task_id": "task-97af2e092bbdb911a25a", "model_version": "scripted-engineering-only", "outcome": "completed", "task_success": true}
{"event": "task_started", "trajectory_id": "f556a0f2-227c-4a11-af6f-b16c728926bc", "task_id": "task-0724fc5648935c3d16ba", "model_version": "scripted-engineering-only"}
{"event": "task_finished", "trajectory_id": "f556a0f2-227c-4a11-af6f-b16c728926bc", "task_id": "task-0724fc5648935c3d16ba", "model_version": "scripted-engineering-only", "outcome": "escalated", "task_success": true}
{"event": "task_started", "trajectory_id": "da570220-e88b-4c99-9156-83b45f456a1c", "task_id": "task-674a4080fd2f0382b598", "model_version": "scripted-engineering-only"}
{"event": "task_finished", "trajectory_id": "da570220-e88b-4c99-9156-83b45f456a1c", "task_id": "task-674a4080fd2f0382b598", "model_version": "scripted-engineering-only", "outcome": "escalated", "task_success": true}
{"event": "task_started", "trajectory_id": "f450e8f0-a8ed-48b7-b4d3-d99a63041214", "task_id": "task-3feda8a21f9775e1db88", "model_version": "scripted-engineering-only"}
{"event": "task_finished", "trajectory_id": "f450e8f0-a8ed-48b7-b4d3-d99a63041214", "task_id": "task-3feda8a21f9775e1db88", "model_version": "scripted-engineering-only", "outcome": "escalated", "task_success": true}
{"event": "task_started", "trajectory_id": "ec98ab3c-7eb4-43fc-b3c7-5f80a515d4f2", "task_id": "task-0e084016f0ee902062e6", "model_version": "scripted-engineering-only"}
{"event": "task_finished", "trajectory_id": "ec98ab3c-7eb4-43fc-b3c7-5f80a515d4f2", "task_id": "task-0e084016f0ee902062e6", "model_version": "scripted-engineering-only", "outcome": "completed", "task_success": true}
{"event": "task_started", "trajectory_id": "63b3bd1d-3359-47b4-aa63-f5b4aef1f830", "task_id": "task-4c6c1f9967c096b34002", "model_version": "scripted-engineering-only"}
{"event": "task_finished", "trajectory_id": "63b3bd1d-3359-47b4-aa63-f5b4aef1f830", "task_id": "task-4c6c1f9967c096b34002", "model_version": "scripted-engineering-only", "outcome": "completed", "task_success": true}
{"event": "task_started", "trajectory_id": "909c81c7-cd45-4d35-b184-22540956d033", "task_id": "task-5d8affbfbc38c6af2a55", "model_version": "scripted-engineering-only"}
{"event": "task_finished", "trajectory_id": "909c81c7-cd45-4d35-b184-22540956d033", "task_id": "task-5d8affbfbc38c6af2a55", "model_version": "scripted-engineering-only", "outcome": "completed", "task_success": true}
{"event": "task_started", "trajectory_id": "46df3aff-a0ed-41a8-9bf1-f7b2ff022bc8", "task_id": "task-705ae2b6a38ee732fcb6", "model_version": "scripted-engineering-only"}
{"event": "task_finished", "trajectory_id": "46df3aff-a0ed-41a8-9bf1-f7b2ff022bc8", "task_id": "task-705ae2b6a38ee732fcb6", "model_version": "scripted-engineering-only", "outcome": "refused", "task_success": true}
{"event": "task_started", "trajectory_id": "b726c012-e401-4613-b562-2c84e614fd81", "task_id": "task-aacc6eab02d55411c926", "model_version": "scripted-engineering-only"}
{"event": "task_finished", "trajectory_id": "b726c012-e401-4613-b562-2c84e614fd81", "task_id": "task-aacc6eab02d55411c926", "model_version": "scripted-engineering-only", "outcome": "refused", "task_success": true}
{"event": "task_started", "trajectory_id": "1d0ddcaa-1d4f-4908-8c28-e8d56dd3d62a", "task_id": "task-e69eb5bbc48e257eaed9", "model_version": "scripted-engineering-only"}
{"event": "task_finished", "trajectory_id": "1d0ddcaa-1d4f-4908-8c28-e8d56dd3d62a", "task_id": "task-e69eb5bbc48e257eaed9", "model_version": "scripted-engineering-only", "outcome": "refused", "task_success": true}
{"event": "task_started", "trajectory_id": "5ad44e74-e71c-412c-8d4d-9ffa6e61f66f", "task_id": "task-d218b76a549bb71d32a3", "model_version": "scripted-engineering-only"}
{"event": "task_finished", "trajectory_id": "5ad44e74-e71c-412c-8d4d-9ffa6e61f66f", "task_id": "task-d218b76a549bb71d32a3", "model_version": "scripted-engineering-only", "outcome": "escalated", "task_success": true}
{"event": "task_started", "trajectory_id": "39e6c760-b8fb-4dc5-ab01-1641969ae17b", "task_id": "task-399f80239f711ea5d908", "model_version": "scripted-engineering-only"}
{"event": "task_finished", "trajectory_id": "39e6c760-b8fb-4dc5-ab01-1641969ae17b", "task_id": "task-399f80239f711ea5d908", "model_version": "scripted-engineering-only", "outcome": "escalated", "task_success": true}
{"event": "task_started", "trajectory_id": "fdb329bf-dcf4-4844-9199-1b786f57b289", "task_id": "task-59a584317a710f1deb73", "model_version": "scripted-engineering-only"}
{"event": "task_finished", "trajectory_id": "fdb329bf-dcf4-4844-9199-1b786f57b289", "task_id": "task-59a584317a710f1deb73", "model_version": "scripted-engineering-only", "outcome": "escalated", "task_success": true}
{"event": "task_started", "trajectory_id": "70199b66-da73-4b4a-ab8b-e4e838aca022", "task_id": "task-f72263adb1c1d420111e", "model_version": "scripted-engineering-only"}
{"event": "task_finished", "trajectory_id": "70199b66-da73-4b4a-ab8b-e4e838aca022", "task_id": "task-f72263adb1c1d420111e", "model_version": "scripted-engineering-only", "outcome": "escalated", "task_success": true}
{"event": "task_started", "trajectory_id": "b24a879d-3b3c-455f-b691-e1a55cd1f6fb", "task_id": "task-90c1813085f31f5299b3", "model_version": "scripted-engineering-only"}
{"event": "task_finished", "trajectory_id": "b24a879d-3b3c-455f-b691-e1a55cd1f6fb", "task_id": "task-90c1813085f31f5299b3", "model_version": "scripted-engineering-only", "outcome": "escalated", "task_success": true}
{"event": "task_started", "trajectory_id": "b217dc4c-4cfb-4ed5-a5fc-a997283d925a", "task_id": "task-c31ed15c43fec69b21d0", "model_version": "scripted-engineering-only"}
{"event": "task_finished", "trajectory_id": "b217dc4c-4cfb-4ed5-a5fc-a997283d925a", "task_id": "task-c31ed15c43fec69b21d0", "model_version": "scripted-engineering-only", "outcome": "escalated", "task_success": true}
{"event": "task_started", "trajectory_id": "183a7974-adf7-4183-8331-6c1596363f82", "task_id": "task-c4da3551dcd0c1e6d1bc", "model_version": "scripted-engineering-only"}
{"event": "task_finished", "trajectory_id": "183a7974-adf7-4183-8331-6c1596363f82", "task_id": "task-c4da3551dcd0c1e6d1bc", "model_version": "scripted-engineering-only", "outcome": "completed", "task_success": true}
{"event": "task_started", "trajectory_id": "243891bc-6c04-4bd0-a43a-d0e876093210", "task_id": "task-d573e068640729f6fc0c", "model_version": "scripted-engineering-only"}
{"event": "task_finished", "trajectory_id": "243891bc-6c04-4bd0-a43a-d0e876093210", "task_id": "task-d573e068640729f6fc0c", "model_version": "scripted-engineering-only", "outcome": "completed", "task_success": true}
{"event": "task_started", "trajectory_id": "acbecc39-e1c0-4950-80c8-c85927d160cf", "task_id": "task-5451f40b657f5bfdccbc", "model_version": "scripted-engineering-only"}
{"event": "task_finished", "trajectory_id": "acbecc39-e1c0-4950-80c8-c85927d160cf", "task_id": "task-5451f40b657f5bfdccbc", "model_version": "scripted-engineering-only", "outcome": "completed", "task_success": true}
{"event": "task_started", "trajectory_id": "12550dba-b941-44d2-b504-5ef6ac63cfe3", "task_id": "task-d71f713e079ab5c2b330", "model_version": "scripted-engineering-only"}
{"event": "task_finished", "trajectory_id": "12550dba-b941-44d2-b504-5ef6ac63cfe3", "task_id": "task-d71f713e079ab5c2b330", "model_version": "scripted-engineering-only", "outcome": "completed", "task_success": true}
{"event": "task_started", "trajectory_id": "f5c3020c-9271-4c95-99fd-d44b59b2bff3", "task_id": "task-aa38b5523e6289961272", "model_version": "scripted-engineering-only"}
{"event": "task_finished", "trajectory_id": "f5c3020c-9271-4c95-99fd-d44b59b2bff3", "task_id": "task-aa38b5523e6289961272", "model_version": "scripted-engineering-only", "outcome": "completed", "task_success": true}
{"event": "task_started", "trajectory_id": "6f67d0c3-6f88-46ea-b56c-814221e67285", "task_id": "task-45334e54e1889ab54a6c", "model_version": "scripted-engineering-only"}
{"event": "task_finished", "trajectory_id": "6f67d0c3-6f88-46ea-b56c-814221e67285", "task_id": "task-45334e54e1889ab54a6c", "model_version": "scripted-engineering-only", "outcome": "completed", "task_success": true}
{"event": "task_started", "trajectory_id": "af063957-78fb-4a92-ace7-8c20626961b6", "task_id": "task-c50d95cdd2eabf3b7e52", "model_version": "scripted-engineering-only"}
{"event": "task_finished", "trajectory_id": "af063957-78fb-4a92-ace7-8c20626961b6", "task_id": "task-c50d95cdd2eabf3b7e52", "model_version": "scripted-engineering-only", "outcome": "completed", "task_success": true}
{"event": "task_started", "trajectory_id": "b3c16654-3c9a-42cc-9f1d-0171993d6ed8", "task_id": "task-e730102b9a4395aae8ee", "model_version": "scripted-engineering-only"}
{"event": "task_finished", "trajectory_id": "b3c16654-3c9a-42cc-9f1d-0171993d6ed8", "task_id": "task-e730102b9a4395aae8ee", "model_version": "scripted-engineering-only", "outcome": "completed", "task_success": true}
{"event": "task_started", "trajectory_id": "c23589a7-f093-4d31-8a8a-44a0c5d8c2c6", "task_id": "task-c1422229a8352e1cf4fc", "model_version": "scripted-engineering-only"}
{"event": "task_finished", "trajectory_id": "c23589a7-f093-4d31-8a8a-44a0c5d8c2c6", "task_id": "task-c1422229a8352e1cf4fc", "model_version": "scripted-engineering-only", "outcome": "completed", "task_success": true}
{"event": "task_started", "trajectory_id": "f16af805-5f70-4601-93c4-c23dd300cae6", "task_id": "task-f67587394339c41f909c", "model_version": "scripted-engineering-only"}
{"event": "task_finished", "trajectory_id": "f16af805-5f70-4601-93c4-c23dd300cae6", "task_id": "task-f67587394339c41f909c", "model_version": "scripted-engineering-only", "outcome": "refused", "task_success": true}
{"event": "task_started", "trajectory_id": "89f35c43-5c6c-46e2-ba40-6de839ff973a", "task_id": "task-b2e0e6a52eb4cbe28b57", "model_version": "scripted-engineering-only"}
{"event": "task_finished", "trajectory_id": "89f35c43-5c6c-46e2-ba40-6de839ff973a", "task_id": "task-b2e0e6a52eb4cbe28b57", "model_version": "scripted-engineering-only", "outcome": "refused", "task_success": true}
{"event": "task_started", "trajectory_id": "5aa1f819-bcc2-4a46-8bdf-f0babef9d2e1", "task_id": "task-271e4f001bfbec4ba37f", "model_version": "scripted-engineering-only"}
{"event": "task_finished", "trajectory_id": "5aa1f819-bcc2-4a46-8bdf-f0babef9d2e1", "task_id": "task-271e4f001bfbec4ba37f", "model_version": "scripted-engineering-only", "outcome": "refused", "task_success": true}
{"event": "task_started", "trajectory_id": "3b2b0cff-039f-4076-aa12-95d2cbe90a51", "task_id": "task-f476ba5bc12924d9bc6b", "model_version": "scripted-engineering-only"}
{"event": "task_finished", "trajectory_id": "3b2b0cff-039f-4076-aa12-95d2cbe90a51", "task_id": "task-f476ba5bc12924d9bc6b", "model_version": "scripted-engineering-only", "outcome": "refused", "task_success": true}
{"event": "task_started", "trajectory_id": "0c891ec0-0fe9-4d10-af98-995deb053066", "task_id": "task-5eb647be1fe8d553a68b", "model_version": "scripted-engineering-only"}
{"event": "task_finished", "trajectory_id": "0c891ec0-0fe9-4d10-af98-995deb053066", "task_id": "task-5eb647be1fe8d553a68b", "model_version": "scripted-engineering-only", "outcome": "refused", "task_success": true}
{"event": "task_started", "trajectory_id": "ec732a51-ac97-4f04-88fd-a2699632adcc", "task_id": "task-07a2025d71ee061f3bd2", "model_version": "scripted-engineering-only"}
{"event": "task_finished", "trajectory_id": "ec732a51-ac97-4f04-88fd-a2699632adcc", "task_id": "task-07a2025d71ee061f3bd2", "model_version": "scripted-engineering-only", "outcome": "refused", "task_success": true}
{"event": "task_started", "trajectory_id": "d1e850d0-c786-4741-bdbd-f93e01d6125e", "task_id": "task-a48da85fc162e85f19e2", "model_version": "scripted-engineering-only"}
{"event": "task_finished", "trajectory_id": "d1e850d0-c786-4741-bdbd-f93e01d6125e", "task_id": "task-a48da85fc162e85f19e2", "model_version": "scripted-engineering-only", "outcome": "escalated", "task_success": true}
{"event": "task_started", "trajectory_id": "9fad9fa1-0bb6-43a5-a4c0-4db8ee418dec", "task_id": "task-06b8d71a2bcb3273229e", "model_version": "scripted-engineering-only"}
{"event": "task_finished", "trajectory_id": "9fad9fa1-0bb6-43a5-a4c0-4db8ee418dec", "task_id": "task-06b8d71a2bcb3273229e", "model_version": "scripted-engineering-only", "outcome": "escalated", "task_success": true}
{"event": "task_started", "trajectory_id": "7f0ed513-1ff0-416d-ad5e-c62ca32faf18", "task_id": "task-a54dafe4b4e3bb62483d", "model_version": "scripted-engineering-only"}
{"event": "task_finished", "trajectory_id": "7f0ed513-1ff0-416d-ad5e-c62ca32faf18", "task_id": "task-a54dafe4b4e3bb62483d", "model_version": "scripted-engineering-only", "outcome": "escalated", "task_success": true}
{"event": "task_started", "trajectory_id": "92473353-d54e-4f9d-ade4-c61fd2a10d3c", "task_id": "task-965bab023d996aea99f2", "model_version": "scripted-engineering-only"}
{"event": "task_finished", "trajectory_id": "92473353-d54e-4f9d-ade4-c61fd2a10d3c", "task_id": "task-965bab023d996aea99f2", "model_version": "scripted-engineering-only", "outcome": "completed", "task_success": true}
{"event": "task_started", "trajectory_id": "ea37751c-c8d2-4fd1-bad7-1093a45131fb", "task_id": "task-eba00923d594244d8a50", "model_version": "scripted-engineering-only"}
{"event": "task_finished", "trajectory_id": "ea37751c-c8d2-4fd1-bad7-1093a45131fb", "task_id": "task-eba00923d594244d8a50", "model_version": "scripted-engineering-only", "outcome": "completed", "task_success": true}
{"event": "task_started", "trajectory_id": "f44db520-a808-4bbc-8f45-e22ba2672219", "task_id": "task-2d745d5735989f513472", "model_version": "scripted-engineering-only"}
{"event": "task_finished", "trajectory_id": "f44db520-a808-4bbc-8f45-e22ba2672219", "task_id": "task-2d745d5735989f513472", "model_version": "scripted-engineering-only", "outcome": "completed", "task_success": true}
{"event": "task_started", "trajectory_id": "d493b0c3-81a0-4eda-8d01-bd4e13fb45b6", "task_id": "task-adce80fcd242644af3be", "model_version": "scripted-engineering-only"}
{"event": "task_finished", "trajectory_id": "d493b0c3-81a0-4eda-8d01-bd4e13fb45b6", "task_id": "task-adce80fcd242644af3be", "model_version": "scripted-engineering-only", "outcome": "escalated", "task_success": true}
{"event": "task_started", "trajectory_id": "9ed2a6e0-ea1d-4fbd-ae37-41a3f27adb96", "task_id": "task-a3b7dfcd02ab8da95ef8", "model_version": "scripted-engineering-only"}
{"event": "task_finished", "trajectory_id": "9ed2a6e0-ea1d-4fbd-ae37-41a3f27adb96", "task_id": "task-a3b7dfcd02ab8da95ef8", "model_version": "scripted-engineering-only", "outcome": "escalated", "task_success": true}
{"event": "task_started", "trajectory_id": "7387d2bd-5aaf-4eca-85ac-ff4295388b3b", "task_id": "task-0186019e3d73611b86a1", "model_version": "scripted-engineering-only"}
{"event": "task_finished", "trajectory_id": "7387d2bd-5aaf-4eca-85ac-ff4295388b3b", "task_id": "task-0186019e3d73611b86a1", "model_version": "scripted-engineering-only", "outcome": "escalated", "task_success": true}
{"event": "task_started", "trajectory_id": "23f29ce0-1f79-41f3-a2a2-9aa67181cf06", "task_id": "task-734d5b0d34d0656564ee", "model_version": "scripted-engineering-only"}
{"event": "task_finished", "trajectory_id": "23f29ce0-1f79-41f3-a2a2-9aa67181cf06", "task_id": "task-734d5b0d34d0656564ee", "model_version": "scripted-engineering-only", "outcome": "escalated", "task_success": true}
{"event": "task_started", "trajectory_id": "24440e0b-f61e-4cac-9b89-50643eef9adf", "task_id": "task-5dceefde9e586fb8376a", "model_version": "scripted-engineering-only"}
{"event": "task_finished", "trajectory_id": "24440e0b-f61e-4cac-9b89-50643eef9adf", "task_id": "task-5dceefde9e586fb8376a", "model_version": "scripted-engineering-only", "outcome": "escalated", "task_success": true}
{"event": "task_started", "trajectory_id": "fbf9ff28-0f90-4fcf-95d2-9e7b2f4916a4", "task_id": "task-ad1e786facf608c440ac", "model_version": "scripted-engineering-only"}
{"event": "task_finished", "trajectory_id": "fbf9ff28-0f90-4fcf-95d2-9e7b2f4916a4", "task_id": "task-ad1e786facf608c440ac", "model_version": "scripted-engineering-only", "outcome": "escalated", "task_success": true}
{"event": "task_started", "trajectory_id": "57ae104b-1a66-4770-8bea-717ca63c654b", "task_id": "task-bb68b21999ce552f5ffc", "model_version": "scripted-engineering-only"}
{"event": "task_finished", "trajectory_id": "57ae104b-1a66-4770-8bea-717ca63c654b", "task_id": "task-bb68b21999ce552f5ffc", "model_version": "scripted-engineering-only", "outcome": "completed", "task_success": true}
{"event": "task_started", "trajectory_id": "f8cb3eea-4d0e-49df-93a3-f7799ddd43a3", "task_id": "task-a1d394ba1d073d7a2eaa", "model_version": "scripted-engineering-only"}
{"event": "task_finished", "trajectory_id": "f8cb3eea-4d0e-49df-93a3-f7799ddd43a3", "task_id": "task-a1d394ba1d073d7a2eaa", "model_version": "scripted-engineering-only", "outcome": "completed", "task_success": true}
{"event": "task_started", "trajectory_id": "80d03cad-fa54-4508-b284-51a2fb055884", "task_id": "task-edb462866dbadf5ed77c", "model_version": "scripted-engineering-only"}
{"event": "task_finished", "trajectory_id": "80d03cad-fa54-4508-b284-51a2fb055884", "task_id": "task-edb462866dbadf5ed77c", "model_version": "scripted-engineering-only", "outcome": "completed", "task_success": true}
{"event": "task_started", "trajectory_id": "962f6cdd-8df1-454f-ac6e-367b4a2ea908", "task_id": "task-6dfee218765c8a8ccb03", "model_version": "scripted-engineering-only"}
{"event": "task_finished", "trajectory_id": "962f6cdd-8df1-454f-ac6e-367b4a2ea908", "task_id": "task-6dfee218765c8a8ccb03", "model_version": "scripted-engineering-only", "outcome": "completed", "task_success": true}
{"event": "task_started", "trajectory_id": "0f20cec3-da00-4b37-9177-9b33e4e84c47", "task_id": "task-7b7e1c638fa73fcdc0cb", "model_version": "scripted-engineering-only"}
{"event": "task_finished", "trajectory_id": "0f20cec3-da00-4b37-9177-9b33e4e84c47", "task_id": "task-7b7e1c638fa73fcdc0cb", "model_version": "scripted-engineering-only", "outcome": "completed", "task_success": true}
{"event": "task_started", "trajectory_id": "c968a170-561d-4486-aabc-dd905a79626a", "task_id": "task-30eeea5e7635d5b1ecb1", "model_version": "scripted-engineering-only"}
{"event": "task_finished", "trajectory_id": "c968a170-561d-4486-aabc-dd905a79626a", "task_id": "task-30eeea5e7635d5b1ecb1", "model_version": "scripted-engineering-only", "outcome": "completed", "task_success": true}
{"event": "task_started", "trajectory_id": "f206acd3-30eb-4fdb-8a1e-84ec3847bbe1", "task_id": "task-d1dddd10b1af24b04d3e", "model_version": "scripted-engineering-only"}
{"event": "task_finished", "trajectory_id": "f206acd3-30eb-4fdb-8a1e-84ec3847bbe1", "task_id": "task-d1dddd10b1af24b04d3e", "model_version": "scripted-engineering-only", "outcome": "escalated", "task_success": true}
{"event": "task_started", "trajectory_id": "50680f91-4431-4615-8aef-d1731d062bcf", "task_id": "task-afbdfb29b194d7db817e", "model_version": "scripted-engineering-only"}
{"event": "task_finished", "trajectory_id": "50680f91-4431-4615-8aef-d1731d062bcf", "task_id": "task-afbdfb29b194d7db817e", "model_version": "scripted-engineering-only", "outcome": "escalated", "task_success": true}
{"event": "task_started", "trajectory_id": "ff9ea035-7440-4293-8ddb-e30cd2b3877f", "task_id": "task-1cb1631bb12620637a56", "model_version": "scripted-engineering-only"}
{"event": "task_finished", "trajectory_id": "ff9ea035-7440-4293-8ddb-e30cd2b3877f", "task_id": "task-1cb1631bb12620637a56", "model_version": "scripted-engineering-only", "outcome": "escalated", "task_success": true}
{"event": "task_started", "trajectory_id": "783e3963-4595-4ada-ad01-2e96d9cc9a37", "task_id": "task-86bd6cb9106510ea039f", "model_version": "scripted-engineering-only"}
{"event": "task_finished", "trajectory_id": "783e3963-4595-4ada-ad01-2e96d9cc9a37", "task_id": "task-86bd6cb9106510ea039f", "model_version": "scripted-engineering-only", "outcome": "escalated", "task_success": true}
{"event": "task_started", "trajectory_id": "f6e975c0-da42-40c5-aef8-e39a7f888091", "task_id": "task-28acc947e09e78444ad1", "model_version": "scripted-engineering-only"}
{"event": "task_finished", "trajectory_id": "f6e975c0-da42-40c5-aef8-e39a7f888091", "task_id": "task-28acc947e09e78444ad1", "model_version": "scripted-engineering-only", "outcome": "escalated", "task_success": true}
{"event": "task_started", "trajectory_id": "4b25cf18-301b-474d-9fcc-2202637a6b56", "task_id": "task-398eead64c3eeb871099", "model_version": "scripted-engineering-only"}
{"event": "task_finished", "trajectory_id": "4b25cf18-301b-474d-9fcc-2202637a6b56", "task_id": "task-398eead64c3eeb871099", "model_version": "scripted-engineering-only", "outcome": "escalated", "task_success": true}
{"event": "task_started", "trajectory_id": "9756d6e5-4efe-40ab-8058-6e0f59442073", "task_id": "task-80544b2a08bd57e8e768", "model_version": "scripted-engineering-only"}
{"event": "task_finished", "trajectory_id": "9756d6e5-4efe-40ab-8058-6e0f59442073", "task_id": "task-80544b2a08bd57e8e768", "model_version": "scripted-engineering-only", "outcome": "completed", "task_success": true}
{"event": "task_started", "trajectory_id": "b483c597-1c69-4077-85a4-910f57604844", "task_id": "task-673dbc9dd8f247601722", "model_version": "scripted-engineering-only"}
{"event": "task_finished", "trajectory_id": "b483c597-1c69-4077-85a4-910f57604844", "task_id": "task-673dbc9dd8f247601722", "model_version": "scripted-engineering-only", "outcome": "completed", "task_success": true}
{"event": "task_started", "trajectory_id": "c60cfcf7-1f26-4238-84d3-42531db04eb8", "task_id": "task-ed359ba55106b09d8847", "model_version": "scripted-engineering-only"}
{"event": "task_finished", "trajectory_id": "c60cfcf7-1f26-4238-84d3-42531db04eb8", "task_id": "task-ed359ba55106b09d8847", "model_version": "scripted-engineering-only", "outcome": "completed", "task_success": true}
{"event": "task_started", "trajectory_id": "a8876adf-5f32-4b8a-8012-2c2596052eea", "task_id": "task-292ef81ae14a36c27b3f", "model_version": "scripted-engineering-only"}
{"event": "task_finished", "trajectory_id": "a8876adf-5f32-4b8a-8012-2c2596052eea", "task_id": "task-292ef81ae14a36c27b3f", "model_version": "scripted-engineering-only", "outcome": "refused", "task_success": true}
{"event": "task_started", "trajectory_id": "09aa14b7-ee3b-4d55-899d-5f3438677af6", "task_id": "task-5a00f3a9d86cd9d6c54d", "model_version": "scripted-engineering-only"}
{"event": "task_finished", "trajectory_id": "09aa14b7-ee3b-4d55-899d-5f3438677af6", "task_id": "task-5a00f3a9d86cd9d6c54d", "model_version": "scripted-engineering-only", "outcome": "refused", "task_success": true}
{"event": "task_started", "trajectory_id": "6590e831-0be9-4bbb-acc9-e4e8c323717b", "task_id": "task-3b9ce844f270fdf7774d", "model_version": "scripted-engineering-only"}
{"event": "task_finished", "trajectory_id": "6590e831-0be9-4bbb-acc9-e4e8c323717b", "task_id": "task-3b9ce844f270fdf7774d", "model_version": "scripted-engineering-only", "outcome": "refused", "task_success": true}
{"event": "task_started", "trajectory_id": "1e73ff4c-5e98-4d8f-a485-abbd55f94ad6", "task_id": "task-f9ea9ef01353b4b68e96", "model_version": "scripted-engineering-only"}
{"event": "task_finished", "trajectory_id": "1e73ff4c-5e98-4d8f-a485-abbd55f94ad6", "task_id": "task-f9ea9ef01353b4b68e96", "model_version": "scripted-engineering-only", "outcome": "refused", "task_success": true}
{"event": "task_started", "trajectory_id": "abf333b5-0aeb-446f-85af-0c67a0b40e49", "task_id": "task-98171245bbd786a1517a", "model_version": "scripted-engineering-only"}
{"event": "task_finished", "trajectory_id": "abf333b5-0aeb-446f-85af-0c67a0b40e49", "task_id": "task-98171245bbd786a1517a", "model_version": "scripted-engineering-only", "outcome": "refused", "task_success": true}
{"event": "task_started", "trajectory_id": "a7a98da5-7d24-4200-bfa4-0988ab95b62d", "task_id": "task-097a2cdd49eb7039eeda", "model_version": "scripted-engineering-only"}
{"event": "task_finished", "trajectory_id": "a7a98da5-7d24-4200-bfa4-0988ab95b62d", "task_id": "task-097a2cdd49eb7039eeda", "model_version": "scripted-engineering-only", "outcome": "refused", "task_success": true}
{"event": "task_started", "trajectory_id": "a2d38bed-902e-4212-bafd-bb7370d3b1ce", "task_id": "task-dc45c35c4539665fa28a", "model_version": "scripted-engineering-only"}
{"event": "task_finished", "trajectory_id": "a2d38bed-902e-4212-bafd-bb7370d3b1ce", "task_id": "task-dc45c35c4539665fa28a", "model_version": "scripted-engineering-only", "outcome": "escalated", "task_success": true}
{"event": "task_started", "trajectory_id": "6212070c-6fe1-47be-906e-3437ccdc98ec", "task_id": "task-012721fdabc6938bfdb4", "model_version": "scripted-engineering-only"}
{"event": "task_finished", "trajectory_id": "6212070c-6fe1-47be-906e-3437ccdc98ec", "task_id": "task-012721fdabc6938bfdb4", "model_version": "scripted-engineering-only", "outcome": "escalated", "task_success": true}
{"event": "task_started", "trajectory_id": "13db7858-2492-46f6-bbeb-ee68c4f503c9", "task_id": "task-7e2db9056f851620b578", "model_version": "scripted-engineering-only"}
{"event": "task_finished", "trajectory_id": "13db7858-2492-46f6-bbeb-ee68c4f503c9", "task_id": "task-7e2db9056f851620b578", "model_version": "scripted-engineering-only", "outcome": "escalated", "task_success": true}
{"event": "task_started", "trajectory_id": "5f6a612f-1811-43b2-918b-859af2a151d5", "task_id": "task-56d11969bbac661ba221", "model_version": "scripted-engineering-only"}
{"event": "task_finished", "trajectory_id": "5f6a612f-1811-43b2-918b-859af2a151d5", "task_id": "task-56d11969bbac661ba221", "model_version": "scripted-engineering-only", "outcome": "refused", "task_success": true}
{"event": "task_started", "trajectory_id": "baa5bcd3-ac52-47ae-99e8-3ff5e021d7cd", "task_id": "task-87d7c7fe1cf3dca74c72", "model_version": "scripted-engineering-only"}
{"event": "task_finished", "trajectory_id": "baa5bcd3-ac52-47ae-99e8-3ff5e021d7cd", "task_id": "task-87d7c7fe1cf3dca74c72", "model_version": "scripted-engineering-only", "outcome": "refused", "task_success": true}
{"event": "task_started", "trajectory_id": "00287b51-997a-4772-bf04-ea31164224f8", "task_id": "task-31dce11192d72a14cb25", "model_version": "scripted-engineering-only"}
{"event": "task_finished", "trajectory_id": "00287b51-997a-4772-bf04-ea31164224f8", "task_id": "task-31dce11192d72a14cb25", "model_version": "scripted-engineering-only", "outcome": "refused", "task_success": true}
{"event": "task_started", "trajectory_id": "55077a0e-0372-4027-9469-205e99a5ca37", "task_id": "task-c9c2d9c2d23545eb0e36", "model_version": "scripted-engineering-only"}
{"event": "task_finished", "trajectory_id": "55077a0e-0372-4027-9469-205e99a5ca37", "task_id": "task-c9c2d9c2d23545eb0e36", "model_version": "scripted-engineering-only", "outcome": "refused", "task_success": true}
{"event": "task_started", "trajectory_id": "072d04d7-677c-497d-89d0-f145ad2af7e1", "task_id": "task-9f2dbc26618598f23b3d", "model_version": "scripted-engineering-only"}
{"event": "task_finished", "trajectory_id": "072d04d7-677c-497d-89d0-f145ad2af7e1", "task_id": "task-9f2dbc26618598f23b3d", "model_version": "scripted-engineering-only", "outcome": "refused", "task_success": true}
{"event": "task_started", "trajectory_id": "2ce98f42-ac1d-4a38-abb9-6db2c5c57266", "task_id": "task-ba01b87f8d3c2b2a0a9d", "model_version": "scripted-engineering-only"}
{"event": "task_finished", "trajectory_id": "2ce98f42-ac1d-4a38-abb9-6db2c5c57266", "task_id": "task-ba01b87f8d3c2b2a0a9d", "model_version": "scripted-engineering-only", "outcome": "refused", "task_success": true}
{"event": "task_started", "trajectory_id": "383ab663-73da-400c-9bda-670722d5c555", "task_id": "task-bdd32dbdec43e2d790e2", "model_version": "scripted-engineering-only"}
{"event": "task_finished", "trajectory_id": "383ab663-73da-400c-9bda-670722d5c555", "task_id": "task-bdd32dbdec43e2d790e2", "model_version": "scripted-engineering-only", "outcome": "escalated", "task_success": true}
{"event": "task_started", "trajectory_id": "478a8e28-cd12-4de6-be87-e2f5d508974a", "task_id": "task-abd88aed3619fa1f2adb", "model_version": "scripted-engineering-only"}
{"event": "task_finished", "trajectory_id": "478a8e28-cd12-4de6-be87-e2f5d508974a", "task_id": "task-abd88aed3619fa1f2adb", "model_version": "scripted-engineering-only", "outcome": "escalated", "task_success": true}
{"event": "task_started", "trajectory_id": "0f6c7df5-92e8-4d37-8aaa-2ddff0389daf", "task_id": "task-3679379ac0a63d0c5798", "model_version": "scripted-engineering-only"}
{"event": "task_finished", "trajectory_id": "0f6c7df5-92e8-4d37-8aaa-2ddff0389daf", "task_id": "task-3679379ac0a63d0c5798", "model_version": "scripted-engineering-only", "outcome": "escalated", "task_success": true}
{"event": "task_started", "trajectory_id": "439ef1c2-6cf0-47aa-b959-1e4e7e52d378", "task_id": "task-ec729be391c4a34fe297", "model_version": "scripted-engineering-only"}
{"event": "task_finished", "trajectory_id": "439ef1c2-6cf0-47aa-b959-1e4e7e52d378", "task_id": "task-ec729be391c4a34fe297", "model_version": "scripted-engineering-only", "outcome": "completed", "task_success": true}
{"event": "task_started", "trajectory_id": "acfef784-d7e1-41f9-b205-c90fb15223ca", "task_id": "task-b453a658279db88de3c0", "model_version": "scripted-engineering-only"}
{"event": "task_finished", "trajectory_id": "acfef784-d7e1-41f9-b205-c90fb15223ca", "task_id": "task-b453a658279db88de3c0", "model_version": "scripted-engineering-only", "outcome": "completed", "task_success": true}
{"event": "task_started", "trajectory_id": "6208e50e-4bcb-4392-95b4-52594fc839a1", "task_id": "task-97af2e092bbdb911a25a", "model_version": "scripted-engineering-only"}
{"event": "task_finished", "trajectory_id": "6208e50e-4bcb-4392-95b4-52594fc839a1", "task_id": "task-97af2e092bbdb911a25a", "model_version": "scripted-engineering-only", "outcome": "completed", "task_success": true}
{"event": "task_started", "trajectory_id": "69d11a36-35f4-401e-ba63-29469647471a", "task_id": "task-0724fc5648935c3d16ba", "model_version": "scripted-engineering-only"}
{"event": "task_finished", "trajectory_id": "69d11a36-35f4-401e-ba63-29469647471a", "task_id": "task-0724fc5648935c3d16ba", "model_version": "scripted-engineering-only", "outcome": "escalated", "task_success": true}
{"event": "task_started", "trajectory_id": "44a63b55-7745-4093-9900-d9d3e23c9d61", "task_id": "task-674a4080fd2f0382b598", "model_version": "scripted-engineering-only"}
{"event": "task_finished", "trajectory_id": "44a63b55-7745-4093-9900-d9d3e23c9d61", "task_id": "task-674a4080fd2f0382b598", "model_version": "scripted-engineering-only", "outcome": "escalated", "task_success": true}
{"event": "task_started", "trajectory_id": "17fd720f-529a-4950-93ea-d6210301adbd", "task_id": "task-3feda8a21f9775e1db88", "model_version": "scripted-engineering-only"}
{"event": "task_finished", "trajectory_id": "17fd720f-529a-4950-93ea-d6210301adbd", "task_id": "task-3feda8a21f9775e1db88", "model_version": "scripted-engineering-only", "outcome": "escalated", "task_success": true}
{"event": "task_started", "trajectory_id": "cab4c3ef-d4d3-47ad-b8f4-2a327290b5d4", "task_id": "task-0e084016f0ee902062e6", "model_version": "scripted-engineering-only"}
{"event": "task_finished", "trajectory_id": "cab4c3ef-d4d3-47ad-b8f4-2a327290b5d4", "task_id": "task-0e084016f0ee902062e6", "model_version": "scripted-engineering-only", "outcome": "completed", "task_success": true}
{"event": "task_started", "trajectory_id": "07dc84bb-a342-4e91-b134-3ad68b29c620", "task_id": "task-4c6c1f9967c096b34002", "model_version": "scripted-engineering-only"}
{"event": "task_finished", "trajectory_id": "07dc84bb-a342-4e91-b134-3ad68b29c620", "task_id": "task-4c6c1f9967c096b34002", "model_version": "scripted-engineering-only", "outcome": "completed", "task_success": true}
{"event": "task_started", "trajectory_id": "4276eee5-23f5-4f29-8a15-34b42baf3e90", "task_id": "task-5d8affbfbc38c6af2a55", "model_version": "scripted-engineering-only"}
{"event": "task_finished", "trajectory_id": "4276eee5-23f5-4f29-8a15-34b42baf3e90", "task_id": "task-5d8affbfbc38c6af2a55", "model_version": "scripted-engineering-only", "outcome": "completed", "task_success": true}
{"event": "task_started", "trajectory_id": "8b73f1d5-959c-48f1-861f-4fc7a055ed7f", "task_id": "task-705ae2b6a38ee732fcb6", "model_version": "scripted-engineering-only"}
{"event": "task_finished", "trajectory_id": "8b73f1d5-959c-48f1-861f-4fc7a055ed7f", "task_id": "task-705ae2b6a38ee732fcb6", "model_version": "scripted-engineering-only", "outcome": "refused", "task_success": true}
{"event": "task_started", "trajectory_id": "5a4006a2-d26b-4e71-a5be-7c34d03ac213", "task_id": "task-aacc6eab02d55411c926", "model_version": "scripted-engineering-only"}
{"event": "task_finished", "trajectory_id": "5a4006a2-d26b-4e71-a5be-7c34d03ac213", "task_id": "task-aacc6eab02d55411c926", "model_version": "scripted-engineering-only", "outcome": "refused", "task_success": true}
{"event": "task_started", "trajectory_id": "1864597c-bdbe-4d95-bb43-d09fb350b7bd", "task_id": "task-e69eb5bbc48e257eaed9", "model_version": "scripted-engineering-only"}
{"event": "task_finished", "trajectory_id": "1864597c-bdbe-4d95-bb43-d09fb350b7bd", "task_id": "task-e69eb5bbc48e257eaed9", "model_version": "scripted-engineering-only", "outcome": "refused", "task_success": true}
{"event": "task_started", "trajectory_id": "e92799d3-1526-451e-8cf2-76e4c177e024", "task_id": "task-d218b76a549bb71d32a3", "model_version": "scripted-engineering-only"}
{"event": "task_finished", "trajectory_id": "e92799d3-1526-451e-8cf2-76e4c177e024", "task_id": "task-d218b76a549bb71d32a3", "model_version": "scripted-engineering-only", "outcome": "escalated", "task_success": true}
{"event": "task_started", "trajectory_id": "378d93e6-08ae-417f-9a2a-5f623916dffe", "task_id": "task-399f80239f711ea5d908", "model_version": "scripted-engineering-only"}
{"event": "task_finished", "trajectory_id": "378d93e6-08ae-417f-9a2a-5f623916dffe", "task_id": "task-399f80239f711ea5d908", "model_version": "scripted-engineering-only", "outcome": "escalated", "task_success": true}
{"event": "task_started", "trajectory_id": "79cd408f-fa55-4aef-84c6-c9051e5a7beb", "task_id": "task-59a584317a710f1deb73", "model_version": "scripted-engineering-only"}
{"event": "task_finished", "trajectory_id": "79cd408f-fa55-4aef-84c6-c9051e5a7beb", "task_id": "task-59a584317a710f1deb73", "model_version": "scripted-engineering-only", "outcome": "escalated", "task_success": true}
{"event": "task_started", "trajectory_id": "f6e6b048-a093-4fc3-a31b-dc0644bb4816", "task_id": "task-f72263adb1c1d420111e", "model_version": "scripted-engineering-only"}
{"event": "task_finished", "trajectory_id": "f6e6b048-a093-4fc3-a31b-dc0644bb4816", "task_id": "task-f72263adb1c1d420111e", "model_version": "scripted-engineering-only", "outcome": "escalated", "task_success": true}
{"event": "task_started", "trajectory_id": "a732670c-a87d-4d73-a6c3-8675dca52006", "task_id": "task-90c1813085f31f5299b3", "model_version": "scripted-engineering-only"}
{"event": "task_finished", "trajectory_id": "a732670c-a87d-4d73-a6c3-8675dca52006", "task_id": "task-90c1813085f31f5299b3", "model_version": "scripted-engineering-only", "outcome": "escalated", "task_success": true}
{"event": "task_started", "trajectory_id": "91420b6f-5a56-4f6d-b3a9-3f6b2080c8ed", "task_id": "task-c31ed15c43fec69b21d0", "model_version": "scripted-engineering-only"}
{"event": "task_finished", "trajectory_id": "91420b6f-5a56-4f6d-b3a9-3f6b2080c8ed", "task_id": "task-c31ed15c43fec69b21d0", "model_version": "scripted-engineering-only", "outcome": "escalated", "task_success": true}
{"event": "task_started", "trajectory_id": "3b7a3d42-beb7-436d-b02a-84d70d48074a", "task_id": "task-c4da3551dcd0c1e6d1bc", "model_version": "scripted-engineering-only"}
{"event": "task_finished", "trajectory_id": "3b7a3d42-beb7-436d-b02a-84d70d48074a", "task_id": "task-c4da3551dcd0c1e6d1bc", "model_version": "scripted-engineering-only", "outcome": "completed", "task_success": true}
{"event": "task_started", "trajectory_id": "4db7efea-4d96-411b-9b8c-de95fb72b18b", "task_id": "task-d573e068640729f6fc0c", "model_version": "scripted-engineering-only"}
{"event": "task_finished", "trajectory_id": "4db7efea-4d96-411b-9b8c-de95fb72b18b", "task_id": "task-d573e068640729f6fc0c", "model_version": "scripted-engineering-only", "outcome": "completed", "task_success": true}
{"event": "task_started", "trajectory_id": "9ebe737d-2e16-4b61-92b3-eccd1e1ba18f", "task_id": "task-5451f40b657f5bfdccbc", "model_version": "scripted-engineering-only"}
{"event": "task_finished", "trajectory_id": "9ebe737d-2e16-4b61-92b3-eccd1e1ba18f", "task_id": "task-5451f40b657f5bfdccbc", "model_version": "scripted-engineering-only", "outcome": "completed", "task_success": true}
{"event": "task_started", "trajectory_id": "93472470-f261-4d35-9f8c-380304cd9ca2", "task_id": "task-d71f713e079ab5c2b330", "model_version": "scripted-engineering-only"}
{"event": "task_finished", "trajectory_id": "93472470-f261-4d35-9f8c-380304cd9ca2", "task_id": "task-d71f713e079ab5c2b330", "model_version": "scripted-engineering-only", "outcome": "completed", "task_success": true}
{"event": "task_started", "trajectory_id": "991cb2f9-3a58-4659-bec0-da120a4fee44", "task_id": "task-aa38b5523e6289961272", "model_version": "scripted-engineering-only"}
{"event": "task_finished", "trajectory_id": "991cb2f9-3a58-4659-bec0-da120a4fee44", "task_id": "task-aa38b5523e6289961272", "model_version": "scripted-engineering-only", "outcome": "completed", "task_success": true}
{"event": "task_started", "trajectory_id": "d43b4a56-22a1-4e42-9282-fcbcc5b0bbff", "task_id": "task-45334e54e1889ab54a6c", "model_version": "scripted-engineering-only"}
{"event": "task_finished", "trajectory_id": "d43b4a56-22a1-4e42-9282-fcbcc5b0bbff", "task_id": "task-45334e54e1889ab54a6c", "model_version": "scripted-engineering-only", "outcome": "completed", "task_success": true}
{"event": "task_started", "trajectory_id": "40a431f9-4526-4c51-b97a-c3e7dacaaba7", "task_id": "task-c50d95cdd2eabf3b7e52", "model_version": "scripted-engineering-only"}
{"event": "task_finished", "trajectory_id": "40a431f9-4526-4c51-b97a-c3e7dacaaba7", "task_id": "task-c50d95cdd2eabf3b7e52", "model_version": "scripted-engineering-only", "outcome": "completed", "task_success": true}
{"event": "task_started", "trajectory_id": "0ea14211-1b51-44b5-be44-812cb0c15d4c", "task_id": "task-e730102b9a4395aae8ee", "model_version": "scripted-engineering-only"}
{"event": "task_finished", "trajectory_id": "0ea14211-1b51-44b5-be44-812cb0c15d4c", "task_id": "task-e730102b9a4395aae8ee", "model_version": "scripted-engineering-only", "outcome": "completed", "task_success": true}
{"event": "task_started", "trajectory_id": "aff93109-a7ba-4cc7-a468-2942d08f340f", "task_id": "task-c1422229a8352e1cf4fc", "model_version": "scripted-engineering-only"}
{"event": "task_finished", "trajectory_id": "aff93109-a7ba-4cc7-a468-2942d08f340f", "task_id": "task-c1422229a8352e1cf4fc", "model_version": "scripted-engineering-only", "outcome": "completed", "task_success": true}
{"event": "task_started", "trajectory_id": "cb9273b2-d9fe-4470-a60e-c68d723eb584", "task_id": "task-f67587394339c41f909c", "model_version": "scripted-engineering-only"}
{"event": "task_finished", "trajectory_id": "cb9273b2-d9fe-4470-a60e-c68d723eb584", "task_id": "task-f67587394339c41f909c", "model_version": "scripted-engineering-only", "outcome": "refused", "task_success": true}
{"event": "task_started", "trajectory_id": "389717b8-abd1-4067-9fe4-541ceb452dbe", "task_id": "task-b2e0e6a52eb4cbe28b57", "model_version": "scripted-engineering-only"}
{"event": "task_finished", "trajectory_id": "389717b8-abd1-4067-9fe4-541ceb452dbe", "task_id": "task-b2e0e6a52eb4cbe28b57", "model_version": "scripted-engineering-only", "outcome": "refused", "task_success": true}
{"event": "task_started", "trajectory_id": "9627a282-ba6e-446f-befa-72031633ca9d", "task_id": "task-271e4f001bfbec4ba37f", "model_version": "scripted-engineering-only"}
{"event": "task_finished", "trajectory_id": "9627a282-ba6e-446f-befa-72031633ca9d", "task_id": "task-271e4f001bfbec4ba37f", "model_version": "scripted-engineering-only", "outcome": "refused", "task_success": true}
{"event": "task_started", "trajectory_id": "ad6b1754-78a1-4f9e-be53-574bd33d1a02", "task_id": "task-f476ba5bc12924d9bc6b", "model_version": "scripted-engineering-only"}
{"event": "task_finished", "trajectory_id": "ad6b1754-78a1-4f9e-be53-574bd33d1a02", "task_id": "task-f476ba5bc12924d9bc6b", "model_version": "scripted-engineering-only", "outcome": "refused", "task_success": true}
{"event": "task_started", "trajectory_id": "62a2ba59-1e62-45f0-b458-eae6a423ab3a", "task_id": "task-5eb647be1fe8d553a68b", "model_version": "scripted-engineering-only"}
{"event": "task_finished", "trajectory_id": "62a2ba59-1e62-45f0-b458-eae6a423ab3a", "task_id": "task-5eb647be1fe8d553a68b", "model_version": "scripted-engineering-only", "outcome": "refused", "task_success": true}
{"event": "task_started", "trajectory_id": "b22af07b-ce8a-4d77-aea3-595da43f5a21", "task_id": "task-07a2025d71ee061f3bd2", "model_version": "scripted-engineering-only"}
{"event": "task_finished", "trajectory_id": "b22af07b-ce8a-4d77-aea3-595da43f5a21", "task_id": "task-07a2025d71ee061f3bd2", "model_version": "scripted-engineering-only", "outcome": "refused", "task_success": true}
{"event": "task_started", "trajectory_id": "e4b19e9a-bdc4-4cef-834d-2c371436aa58", "task_id": "task-a48da85fc162e85f19e2", "model_version": "scripted-engineering-only"}
{"event": "task_finished", "trajectory_id": "e4b19e9a-bdc4-4cef-834d-2c371436aa58", "task_id": "task-a48da85fc162e85f19e2", "model_version": "scripted-engineering-only", "outcome": "escalated", "task_success": true}
{"event": "task_started", "trajectory_id": "edcd3519-11c0-4fd4-9010-9f89c2207119", "task_id": "task-06b8d71a2bcb3273229e", "model_version": "scripted-engineering-only"}
{"event": "task_finished", "trajectory_id": "edcd3519-11c0-4fd4-9010-9f89c2207119", "task_id": "task-06b8d71a2bcb3273229e", "model_version": "scripted-engineering-only", "outcome": "escalated", "task_success": true}
{"event": "task_started", "trajectory_id": "c7ae0d90-0099-4286-8a55-a9241d39d5e0", "task_id": "task-a54dafe4b4e3bb62483d", "model_version": "scripted-engineering-only"}
{"event": "task_finished", "trajectory_id": "c7ae0d90-0099-4286-8a55-a9241d39d5e0", "task_id": "task-a54dafe4b4e3bb62483d", "model_version": "scripted-engineering-only", "outcome": "escalated", "task_success": true}
{"event": "task_started", "trajectory_id": "c56d1718-3170-4f79-bbaf-93634a13e903", "task_id": "task-965bab023d996aea99f2", "model_version": "scripted-engineering-only"}
{"event": "task_finished", "trajectory_id": "c56d1718-3170-4f79-bbaf-93634a13e903", "task_id": "task-965bab023d996aea99f2", "model_version": "scripted-engineering-only", "outcome": "completed", "task_success": true}
{"event": "task_started", "trajectory_id": "6d32fccf-066d-4382-bfc7-1de953e664ba", "task_id": "task-eba00923d594244d8a50", "model_version": "scripted-engineering-only"}
{"event": "task_finished", "trajectory_id": "6d32fccf-066d-4382-bfc7-1de953e664ba", "task_id": "task-eba00923d594244d8a50", "model_version": "scripted-engineering-only", "outcome": "completed", "task_success": true}
{"event": "task_started", "trajectory_id": "fd7b19f4-c8f2-4aa5-bb96-628ea074a537", "task_id": "task-2d745d5735989f513472", "model_version": "scripted-engineering-only"}
{"event": "task_finished", "trajectory_id": "fd7b19f4-c8f2-4aa5-bb96-628ea074a537", "task_id": "task-2d745d5735989f513472", "model_version": "scripted-engineering-only", "outcome": "completed", "task_success": true}
{"event": "task_started", "trajectory_id": "ba4f0208-ab00-4a47-88a1-7fb80a4602f1", "task_id": "task-adce80fcd242644af3be", "model_version": "scripted-engineering-only"}
{"event": "task_finished", "trajectory_id": "ba4f0208-ab00-4a47-88a1-7fb80a4602f1", "task_id": "task-adce80fcd242644af3be", "model_version": "scripted-engineering-only", "outcome": "escalated", "task_success": true}
{"event": "task_started", "trajectory_id": "59fab265-7d3f-4f43-aff7-162b72132711", "task_id": "task-a3b7dfcd02ab8da95ef8", "model_version": "scripted-engineering-only"}
{"event": "task_finished", "trajectory_id": "59fab265-7d3f-4f43-aff7-162b72132711", "task_id": "task-a3b7dfcd02ab8da95ef8", "model_version": "scripted-engineering-only", "outcome": "escalated", "task_success": true}
{"event": "task_started", "trajectory_id": "5be74f84-17bd-4e27-8afc-14a3fd8657c7", "task_id": "task-0186019e3d73611b86a1", "model_version": "scripted-engineering-only"}
{"event": "task_finished", "trajectory_id": "5be74f84-17bd-4e27-8afc-14a3fd8657c7", "task_id": "task-0186019e3d73611b86a1", "model_version": "scripted-engineering-only", "outcome": "escalated", "task_success": true}
{"event": "task_started", "trajectory_id": "15e9c208-7b2d-462f-b888-84786bd5d47e", "task_id": "task-734d5b0d34d0656564ee", "model_version": "scripted-engineering-only"}
{"event": "task_finished", "trajectory_id": "15e9c208-7b2d-462f-b888-84786bd5d47e", "task_id": "task-734d5b0d34d0656564ee", "model_version": "scripted-engineering-only", "outcome": "escalated", "task_success": true}
{"event": "task_started", "trajectory_id": "715f363a-8081-4de7-8db9-8f73d6e5b397", "task_id": "task-5dceefde9e586fb8376a", "model_version": "scripted-engineering-only"}
{"event": "task_finished", "trajectory_id": "715f363a-8081-4de7-8db9-8f73d6e5b397", "task_id": "task-5dceefde9e586fb8376a", "model_version": "scripted-engineering-only", "outcome": "escalated", "task_success": true}
{"event": "task_started", "trajectory_id": "6e2330e8-b84c-4afa-8e5b-93d9d55d0ef5", "task_id": "task-ad1e786facf608c440ac", "model_version": "scripted-engineering-only"}
{"event": "task_finished", "trajectory_id": "6e2330e8-b84c-4afa-8e5b-93d9d55d0ef5", "task_id": "task-ad1e786facf608c440ac", "model_version": "scripted-engineering-only", "outcome": "escalated", "task_success": true}
{"event": "task_started", "trajectory_id": "821fb66e-1ae2-4e1d-b6e8-498b806b2a07", "task_id": "task-bb68b21999ce552f5ffc", "model_version": "scripted-engineering-only"}
{"event": "task_finished", "trajectory_id": "821fb66e-1ae2-4e1d-b6e8-498b806b2a07", "task_id": "task-bb68b21999ce552f5ffc", "model_version": "scripted-engineering-only", "outcome": "completed", "task_success": true}
{"event": "task_started", "trajectory_id": "54220fa6-c1d7-448c-aace-c8dc1f7eed5f", "task_id": "task-a1d394ba1d073d7a2eaa", "model_version": "scripted-engineering-only"}
{"event": "task_finished", "trajectory_id": "54220fa6-c1d7-448c-aace-c8dc1f7eed5f", "task_id": "task-a1d394ba1d073d7a2eaa", "model_version": "scripted-engineering-only", "outcome": "completed", "task_success": true}
{"event": "task_started", "trajectory_id": "cf3b9259-d7c3-46c9-95e6-edad459bb3a5", "task_id": "task-edb462866dbadf5ed77c", "model_version": "scripted-engineering-only"}
{"event": "task_finished", "trajectory_id": "cf3b9259-d7c3-46c9-95e6-edad459bb3a5", "task_id": "task-edb462866dbadf5ed77c", "model_version": "scripted-engineering-only", "outcome": "completed", "task_success": true}
{"event": "task_started", "trajectory_id": "40dd8d88-49aa-4a63-9689-0cc4e43022cc", "task_id": "task-6dfee218765c8a8ccb03", "model_version": "scripted-engineering-only"}
{"event": "task_finished", "trajectory_id": "40dd8d88-49aa-4a63-9689-0cc4e43022cc", "task_id": "task-6dfee218765c8a8ccb03", "model_version": "scripted-engineering-only", "outcome": "completed", "task_success": true}
{"event": "task_started", "trajectory_id": "201119b2-7578-4469-92d8-06f4da266814", "task_id": "task-7b7e1c638fa73fcdc0cb", "model_version": "scripted-engineering-only"}
{"event": "task_finished", "trajectory_id": "201119b2-7578-4469-92d8-06f4da266814", "task_id": "task-7b7e1c638fa73fcdc0cb", "model_version": "scripted-engineering-only", "outcome": "completed", "task_success": true}
{"event": "task_started", "trajectory_id": "fba6ab12-56a7-42e4-84b6-d2acb5ae3397", "task_id": "task-30eeea5e7635d5b1ecb1", "model_version": "scripted-engineering-only"}
{"event": "task_finished", "trajectory_id": "fba6ab12-56a7-42e4-84b6-d2acb5ae3397", "task_id": "task-30eeea5e7635d5b1ecb1", "model_version": "scripted-engineering-only", "outcome": "completed", "task_success": true}
{"event": "task_started", "trajectory_id": "63d0233a-397a-411b-b1f6-211573632874", "task_id": "task-d1dddd10b1af24b04d3e", "model_version": "scripted-engineering-only"}
{"event": "task_finished", "trajectory_id": "63d0233a-397a-411b-b1f6-211573632874", "task_id": "task-d1dddd10b1af24b04d3e", "model_version": "scripted-engineering-only", "outcome": "escalated", "task_success": true}
{"event": "task_started", "trajectory_id": "a4584019-ab06-4b62-acc5-1ce38d5925ef", "task_id": "task-afbdfb29b194d7db817e", "model_version": "scripted-engineering-only"}
{"event": "task_finished", "trajectory_id": "a4584019-ab06-4b62-acc5-1ce38d5925ef", "task_id": "task-afbdfb29b194d7db817e", "model_version": "scripted-engineering-only", "outcome": "escalated", "task_success": true}
{"event": "task_started", "trajectory_id": "396ad3bf-e4f1-46d7-b4fe-2c090a05e19b", "task_id": "task-1cb1631bb12620637a56", "model_version": "scripted-engineering-only"}
{"event": "task_finished", "trajectory_id": "396ad3bf-e4f1-46d7-b4fe-2c090a05e19b", "task_id": "task-1cb1631bb12620637a56", "model_version": "scripted-engineering-only", "outcome": "escalated", "task_success": true}
{"event": "task_started", "trajectory_id": "e899af2a-6619-44e9-b855-110daf9f0f47", "task_id": "task-86bd6cb9106510ea039f", "model_version": "scripted-engineering-only"}
{"event": "task_finished", "trajectory_id": "e899af2a-6619-44e9-b855-110daf9f0f47", "task_id": "task-86bd6cb9106510ea039f", "model_version": "scripted-engineering-only", "outcome": "escalated", "task_success": true}
{"event": "task_started", "trajectory_id": "07e80638-6fb2-4860-bee4-d2d5eefd61e3", "task_id": "task-28acc947e09e78444ad1", "model_version": "scripted-engineering-only"}
{"event": "task_finished", "trajectory_id": "07e80638-6fb2-4860-bee4-d2d5eefd61e3", "task_id": "task-28acc947e09e78444ad1", "model_version": "scripted-engineering-only", "outcome": "escalated", "task_success": true}
{"event": "task_started", "trajectory_id": "43fb4c2a-38e5-4563-815b-2aa24579e981", "task_id": "task-398eead64c3eeb871099", "model_version": "scripted-engineering-only"}
{"event": "task_finished", "trajectory_id": "43fb4c2a-38e5-4563-815b-2aa24579e981", "task_id": "task-398eead64c3eeb871099", "model_version": "scripted-engineering-only", "outcome": "escalated", "task_success": true}
{"event": "task_started", "trajectory_id": "7b3036aa-5372-4b3c-b15f-2b9d6362754d", "task_id": "task-80544b2a08bd57e8e768", "model_version": "scripted-engineering-only"}
{"event": "task_finished", "trajectory_id": "7b3036aa-5372-4b3c-b15f-2b9d6362754d", "task_id": "task-80544b2a08bd57e8e768", "model_version": "scripted-engineering-only", "outcome": "completed", "task_success": true}
{"event": "task_started", "trajectory_id": "12918f5e-0119-492c-95ed-7527ca70d77c", "task_id": "task-673dbc9dd8f247601722", "model_version": "scripted-engineering-only"}
{"event": "task_finished", "trajectory_id": "12918f5e-0119-492c-95ed-7527ca70d77c", "task_id": "task-673dbc9dd8f247601722", "model_version": "scripted-engineering-only", "outcome": "completed", "task_success": true}
{"event": "task_started", "trajectory_id": "586e8078-39e7-4f5d-b649-1a3a8811d016", "task_id": "task-ed359ba55106b09d8847", "model_version": "scripted-engineering-only"}
{"event": "task_finished", "trajectory_id": "586e8078-39e7-4f5d-b649-1a3a8811d016", "task_id": "task-ed359ba55106b09d8847", "model_version": "scripted-engineering-only", "outcome": "completed", "task_success": true}
{"event": "task_started", "trajectory_id": "c3068aea-f9bf-463e-9bb8-d0e3311329ed", "task_id": "task-292ef81ae14a36c27b3f", "model_version": "scripted-engineering-only"}
{"event": "task_finished", "trajectory_id": "c3068aea-f9bf-463e-9bb8-d0e3311329ed", "task_id": "task-292ef81ae14a36c27b3f", "model_version": "scripted-engineering-only", "outcome": "refused", "task_success": true}
{"event": "task_started", "trajectory_id": "ff4f1a8d-4a64-48b7-9eb1-23312067adfb", "task_id": "task-5a00f3a9d86cd9d6c54d", "model_version": "scripted-engineering-only"}
{"event": "task_finished", "trajectory_id": "ff4f1a8d-4a64-48b7-9eb1-23312067adfb", "task_id": "task-5a00f3a9d86cd9d6c54d", "model_version": "scripted-engineering-only", "outcome": "refused", "task_success": true}
{"event": "task_started", "trajectory_id": "c60db0d4-ad7c-4815-8726-9b95b0b652c1", "task_id": "task-3b9ce844f270fdf7774d", "model_version": "scripted-engineering-only"}
{"event": "task_finished", "trajectory_id": "c60db0d4-ad7c-4815-8726-9b95b0b652c1", "task_id": "task-3b9ce844f270fdf7774d", "model_version": "scripted-engineering-only", "outcome": "refused", "task_success": true}
{"event": "task_started", "trajectory_id": "fb7a763e-c091-49ca-8ac1-81c1241bbaa6", "task_id": "task-f9ea9ef01353b4b68e96", "model_version": "scripted-engineering-only"}
{"event": "task_finished", "trajectory_id": "fb7a763e-c091-49ca-8ac1-81c1241bbaa6", "task_id": "task-f9ea9ef01353b4b68e96", "model_version": "scripted-engineering-only", "outcome": "refused", "task_success": true}
{"event": "task_started", "trajectory_id": "e3bb086b-0877-448d-84ed-b7295bc44ac4", "task_id": "task-98171245bbd786a1517a", "model_version": "scripted-engineering-only"}
{"event": "task_finished", "trajectory_id": "e3bb086b-0877-448d-84ed-b7295bc44ac4", "task_id": "task-98171245bbd786a1517a", "model_version": "scripted-engineering-only", "outcome": "refused", "task_success": true}
{"event": "task_started", "trajectory_id": "72fe1785-8ca8-438d-a152-a7979a927408", "task_id": "task-097a2cdd49eb7039eeda", "model_version": "scripted-engineering-only"}
{"event": "task_finished", "trajectory_id": "72fe1785-8ca8-438d-a152-a7979a927408", "task_id": "task-097a2cdd49eb7039eeda", "model_version": "scripted-engineering-only", "outcome": "refused", "task_success": true}
{"event": "task_started", "trajectory_id": "241f4330-5d5c-4745-9df0-56a7f71f33ce", "task_id": "task-dc45c35c4539665fa28a", "model_version": "scripted-engineering-only"}
{"event": "task_finished", "trajectory_id": "241f4330-5d5c-4745-9df0-56a7f71f33ce", "task_id": "task-dc45c35c4539665fa28a", "model_version": "scripted-engineering-only", "outcome": "escalated", "task_success": true}
{"event": "task_started", "trajectory_id": "a41a46ca-64f9-4210-8593-4b1e23b49205", "task_id": "task-012721fdabc6938bfdb4", "model_version": "scripted-engineering-only"}
{"event": "task_finished", "trajectory_id": "a41a46ca-64f9-4210-8593-4b1e23b49205", "task_id": "task-012721fdabc6938bfdb4", "model_version": "scripted-engineering-only", "outcome": "escalated", "task_success": true}
{"event": "task_started", "trajectory_id": "cb4fa822-dd9c-49d0-9923-855907483bfe", "task_id": "task-7e2db9056f851620b578", "model_version": "scripted-engineering-only"}
{"event": "task_finished", "trajectory_id": "cb4fa822-dd9c-49d0-9923-855907483bfe", "task_id": "task-7e2db9056f851620b578", "model_version": "scripted-engineering-only", "outcome": "escalated", "task_success": true}
{"event": "task_started", "trajectory_id": "de973a36-a2cc-44c1-a691-852b5540b466", "task_id": "task-56d11969bbac661ba221", "model_version": "scripted-engineering-only"}
{"event": "task_finished", "trajectory_id": "de973a36-a2cc-44c1-a691-852b5540b466", "task_id": "task-56d11969bbac661ba221", "model_version": "scripted-engineering-only", "outcome": "refused", "task_success": true}
{"event": "task_started", "trajectory_id": "7eec8a00-5844-40e9-b1ca-a0ef343738e9", "task_id": "task-87d7c7fe1cf3dca74c72", "model_version": "scripted-engineering-only"}
{"event": "task_finished", "trajectory_id": "7eec8a00-5844-40e9-b1ca-a0ef343738e9", "task_id": "task-87d7c7fe1cf3dca74c72", "model_version": "scripted-engineering-only", "outcome": "refused", "task_success": true}
{"event": "task_started", "trajectory_id": "e0106705-6e41-4ffa-9197-9842b2ce96e7", "task_id": "task-31dce11192d72a14cb25", "model_version": "scripted-engineering-only"}
{"event": "task_finished", "trajectory_id": "e0106705-6e41-4ffa-9197-9842b2ce96e7", "task_id": "task-31dce11192d72a14cb25", "model_version": "scripted-engineering-only", "outcome": "refused", "task_success": true}
{"event": "task_started", "trajectory_id": "bff0ad65-90ac-4388-8b86-079b352cb6c2", "task_id": "task-c9c2d9c2d23545eb0e36", "model_version": "scripted-engineering-only"}
{"event": "task_finished", "trajectory_id": "bff0ad65-90ac-4388-8b86-079b352cb6c2", "task_id": "task-c9c2d9c2d23545eb0e36", "model_version": "scripted-engineering-only", "outcome": "refused", "task_success": true}
{"event": "task_started", "trajectory_id": "0869a937-8614-4a7e-84b9-cd36c3eecddf", "task_id": "task-9f2dbc26618598f23b3d", "model_version": "scripted-engineering-only"}
{"event": "task_finished", "trajectory_id": "0869a937-8614-4a7e-84b9-cd36c3eecddf", "task_id": "task-9f2dbc26618598f23b3d", "model_version": "scripted-engineering-only", "outcome": "refused", "task_success": true}
{"event": "task_started", "trajectory_id": "96a74874-8e0b-4d0f-adf0-828cacedb37d", "task_id": "task-ba01b87f8d3c2b2a0a9d", "model_version": "scripted-engineering-only"}
{"event": "task_finished", "trajectory_id": "96a74874-8e0b-4d0f-adf0-828cacedb37d", "task_id": "task-ba01b87f8d3c2b2a0a9d", "model_version": "scripted-engineering-only", "outcome": "refused", "task_success": true}
{"event": "task_started", "trajectory_id": "dd82631c-bf7f-4d0e-9fd7-c285c769ca32", "task_id": "task-bdd32dbdec43e2d790e2", "model_version": "scripted-engineering-only"}
{"event": "task_finished", "trajectory_id": "dd82631c-bf7f-4d0e-9fd7-c285c769ca32", "task_id": "task-bdd32dbdec43e2d790e2", "model_version": "scripted-engineering-only", "outcome": "escalated", "task_success": true}
{"event": "task_started", "trajectory_id": "94f72e7f-e769-4b46-afe8-ea7fe2104466", "task_id": "task-abd88aed3619fa1f2adb", "model_version": "scripted-engineering-only"}
{"event": "task_finished", "trajectory_id": "94f72e7f-e769-4b46-afe8-ea7fe2104466", "task_id": "task-abd88aed3619fa1f2adb", "model_version": "scripted-engineering-only", "outcome": "escalated", "task_success": true}
{"event": "task_started", "trajectory_id": "8992ab53-32a5-4f4f-a696-670a1a29548c", "task_id": "task-3679379ac0a63d0c5798", "model_version": "scripted-engineering-only"}
{"event": "task_finished", "trajectory_id": "8992ab53-32a5-4f4f-a696-670a1a29548c", "task_id": "task-3679379ac0a63d0c5798", "model_version": "scripted-engineering-only", "outcome": "escalated", "task_success": true}
{"event": "task_started", "trajectory_id": "d4434633-2a87-4a76-9ae2-2ed843a37d2a", "task_id": "task-ec729be391c4a34fe297", "model_version": "scripted-engineering-only"}
{"event": "task_finished", "trajectory_id": "d4434633-2a87-4a76-9ae2-2ed843a37d2a", "task_id": "task-ec729be391c4a34fe297", "model_version": "scripted-engineering-only", "outcome": "completed", "task_success": true}
{"event": "task_started", "trajectory_id": "633523cb-c53a-4820-b9ea-976e8d5929b1", "task_id": "task-b453a658279db88de3c0", "model_version": "scripted-engineering-only"}
{"event": "task_finished", "trajectory_id": "633523cb-c53a-4820-b9ea-976e8d5929b1", "task_id": "task-b453a658279db88de3c0", "model_version": "scripted-engineering-only", "outcome": "completed", "task_success": true}
{"event": "task_started", "trajectory_id": "1e492d44-ab0a-445e-a8ec-d38d39817005", "task_id": "task-97af2e092bbdb911a25a", "model_version": "scripted-engineering-only"}
{"event": "task_finished", "trajectory_id": "1e492d44-ab0a-445e-a8ec-d38d39817005", "task_id": "task-97af2e092bbdb911a25a", "model_version": "scripted-engineering-only", "outcome": "completed", "task_success": true}
{"event": "task_started", "trajectory_id": "205f76b3-fcd7-4050-9810-51a48251b19e", "task_id": "task-0724fc5648935c3d16ba", "model_version": "scripted-engineering-only"}
{"event": "task_finished", "trajectory_id": "205f76b3-fcd7-4050-9810-51a48251b19e", "task_id": "task-0724fc5648935c3d16ba", "model_version": "scripted-engineering-only", "outcome": "completed", "task_success": false}
{"event": "task_started", "trajectory_id": "eeb6b4e1-f81d-4e2e-bbae-82e73a6d88be", "task_id": "task-674a4080fd2f0382b598", "model_version": "scripted-engineering-only"}
{"event": "task_finished", "trajectory_id": "eeb6b4e1-f81d-4e2e-bbae-82e73a6d88be", "task_id": "task-674a4080fd2f0382b598", "model_version": "scripted-engineering-only", "outcome": "completed", "task_success": false}
{"event": "task_started", "trajectory_id": "f0dac595-29f0-4d35-9673-41a7aae7c470", "task_id": "task-3feda8a21f9775e1db88", "model_version": "scripted-engineering-only"}
{"event": "task_finished", "trajectory_id": "f0dac595-29f0-4d35-9673-41a7aae7c470", "task_id": "task-3feda8a21f9775e1db88", "model_version": "scripted-engineering-only", "outcome": "completed", "task_success": false}
{"event": "task_started", "trajectory_id": "f11de099-2419-482e-8a81-362d8fe923f9", "task_id": "task-0e084016f0ee902062e6", "model_version": "scripted-engineering-only"}
{"event": "task_finished", "trajectory_id": "f11de099-2419-482e-8a81-362d8fe923f9", "task_id": "task-0e084016f0ee902062e6", "model_version": "scripted-engineering-only", "outcome": "completed", "task_success": true}
{"event": "task_started", "trajectory_id": "51874d5f-d63b-4fa6-bed4-e4634abf4d89", "task_id": "task-4c6c1f9967c096b34002", "model_version": "scripted-engineering-only"}
{"event": "task_finished", "trajectory_id": "51874d5f-d63b-4fa6-bed4-e4634abf4d89", "task_id": "task-4c6c1f9967c096b34002", "model_version": "scripted-engineering-only", "outcome": "completed", "task_success": true}
{"event": "task_started", "trajectory_id": "82071d64-4e9a-486b-aa5f-29d66491a0a7", "task_id": "task-5d8affbfbc38c6af2a55", "model_version": "scripted-engineering-only"}
{"event": "task_finished", "trajectory_id": "82071d64-4e9a-486b-aa5f-29d66491a0a7", "task_id": "task-5d8affbfbc38c6af2a55", "model_version": "scripted-engineering-only", "outcome": "completed", "task_success": true}
{"event": "task_started", "trajectory_id": "879585d8-8572-4e5e-a32c-cde0e2349256", "task_id": "task-705ae2b6a38ee732fcb6", "model_version": "scripted-engineering-only"}
{"event": "task_finished", "trajectory_id": "879585d8-8572-4e5e-a32c-cde0e2349256", "task_id": "task-705ae2b6a38ee732fcb6", "model_version": "scripted-engineering-only", "outcome": "refused", "task_success": true}
{"event": "task_started", "trajectory_id": "ca3b143e-77e5-4d33-a3c7-0eb22def7d25", "task_id": "task-aacc6eab02d55411c926", "model_version": "scripted-engineering-only"}
{"event": "task_finished", "trajectory_id": "ca3b143e-77e5-4d33-a3c7-0eb22def7d25", "task_id": "task-aacc6eab02d55411c926", "model_version": "scripted-engineering-only", "outcome": "refused", "task_success": true}
{"event": "task_started", "trajectory_id": "76c955f9-f8fb-4127-ba10-66ee4440c147", "task_id": "task-e69eb5bbc48e257eaed9", "model_version": "scripted-engineering-only"}
{"event": "task_finished", "trajectory_id": "76c955f9-f8fb-4127-ba10-66ee4440c147", "task_id": "task-e69eb5bbc48e257eaed9", "model_version": "scripted-engineering-only", "outcome": "refused", "task_success": true}
{"event": "task_started", "trajectory_id": "12e4f0b4-3cf8-4ba0-93d3-705aba3ecb59", "task_id": "task-d218b76a549bb71d32a3", "model_version": "scripted-engineering-only"}
{"event": "task_finished", "trajectory_id": "12e4f0b4-3cf8-4ba0-93d3-705aba3ecb59", "task_id": "task-d218b76a549bb71d32a3", "model_version": "scripted-engineering-only", "outcome": "escalated", "task_success": true}
{"event": "task_started", "trajectory_id": "8f233020-0618-4074-b463-35ad0641713b", "task_id": "task-399f80239f711ea5d908", "model_version": "scripted-engineering-only"}
{"event": "task_finished", "trajectory_id": "8f233020-0618-4074-b463-35ad0641713b", "task_id": "task-399f80239f711ea5d908", "model_version": "scripted-engineering-only", "outcome": "escalated", "task_success": true}
{"event": "task_started", "trajectory_id": "0e1c8307-4249-4cdd-b5a6-8a21539a095d", "task_id": "task-59a584317a710f1deb73", "model_version": "scripted-engineering-only"}
{"event": "task_finished", "trajectory_id": "0e1c8307-4249-4cdd-b5a6-8a21539a095d", "task_id": "task-59a584317a710f1deb73", "model_version": "scripted-engineering-only", "outcome": "escalated", "task_success": true}
{"event": "task_started", "trajectory_id": "f7f20956-b475-454f-b50a-677b70b1117b", "task_id": "task-f72263adb1c1d420111e", "model_version": "scripted-engineering-only"}
{"event": "task_finished", "trajectory_id": "f7f20956-b475-454f-b50a-677b70b1117b", "task_id": "task-f72263adb1c1d420111e", "model_version": "scripted-engineering-only", "outcome": "escalated", "task_success": true}
{"event": "task_started", "trajectory_id": "c99887cf-718c-4fd7-ac78-759c601e3a82", "task_id": "task-90c1813085f31f5299b3", "model_version": "scripted-engineering-only"}
{"event": "task_finished", "trajectory_id": "c99887cf-718c-4fd7-ac78-759c601e3a82", "task_id": "task-90c1813085f31f5299b3", "model_version": "scripted-engineering-only", "outcome": "escalated", "task_success": true}
{"event": "task_started", "trajectory_id": "3b2da979-bb3f-478c-ac94-34394c939bdb", "task_id": "task-c31ed15c43fec69b21d0", "model_version": "scripted-engineering-only"}
{"event": "task_finished", "trajectory_id": "3b2da979-bb3f-478c-ac94-34394c939bdb", "task_id": "task-c31ed15c43fec69b21d0", "model_version": "scripted-engineering-only", "outcome": "escalated", "task_success": true}
{"event": "task_started", "trajectory_id": "2ec5358f-7022-4883-9587-221d52053401", "task_id": "task-c4da3551dcd0c1e6d1bc", "model_version": "scripted-engineering-only"}
{"event": "task_finished", "trajectory_id": "2ec5358f-7022-4883-9587-221d52053401", "task_id": "task-c4da3551dcd0c1e6d1bc", "model_version": "scripted-engineering-only", "outcome": "completed", "task_success": true}
{"event": "task_started", "trajectory_id": "1c546dcc-0943-4558-b912-dae2aeda8b80", "task_id": "task-d573e068640729f6fc0c", "model_version": "scripted-engineering-only"}
{"event": "task_finished", "trajectory_id": "1c546dcc-0943-4558-b912-dae2aeda8b80", "task_id": "task-d573e068640729f6fc0c", "model_version": "scripted-engineering-only", "outcome": "completed", "task_success": true}
{"event": "task_started", "trajectory_id": "ab1cf49d-c0be-4824-8f3b-eeded4e1ea98", "task_id": "task-5451f40b657f5bfdccbc", "model_version": "scripted-engineering-only"}
{"event": "task_finished", "trajectory_id": "ab1cf49d-c0be-4824-8f3b-eeded4e1ea98", "task_id": "task-5451f40b657f5bfdccbc", "model_version": "scripted-engineering-only", "outcome": "completed", "task_success": true}
{"event": "task_started", "trajectory_id": "8598fae5-7fac-442c-bba0-39f5dc916be9", "task_id": "task-d71f713e079ab5c2b330", "model_version": "scripted-engineering-only"}
{"event": "task_finished", "trajectory_id": "8598fae5-7fac-442c-bba0-39f5dc916be9", "task_id": "task-d71f713e079ab5c2b330", "model_version": "scripted-engineering-only", "outcome": "completed", "task_success": true}
{"event": "task_started", "trajectory_id": "5615353e-9f87-49a0-92b4-202e355e5652", "task_id": "task-aa38b5523e6289961272", "model_version": "scripted-engineering-only"}
{"event": "task_finished", "trajectory_id": "5615353e-9f87-49a0-92b4-202e355e5652", "task_id": "task-aa38b5523e6289961272", "model_version": "scripted-engineering-only", "outcome": "completed", "task_success": true}
{"event": "task_started", "trajectory_id": "0958be4a-a453-4b31-aa3c-cddf50f4be87", "task_id": "task-45334e54e1889ab54a6c", "model_version": "scripted-engineering-only"}
{"event": "task_finished", "trajectory_id": "0958be4a-a453-4b31-aa3c-cddf50f4be87", "task_id": "task-45334e54e1889ab54a6c", "model_version": "scripted-engineering-only", "outcome": "completed", "task_success": true}
{"event": "task_started", "trajectory_id": "6c661cde-7468-4eec-b829-71da31f7b4d7", "task_id": "task-c50d95cdd2eabf3b7e52", "model_version": "scripted-engineering-only"}
{"event": "task_finished", "trajectory_id": "6c661cde-7468-4eec-b829-71da31f7b4d7", "task_id": "task-c50d95cdd2eabf3b7e52", "model_version": "scripted-engineering-only", "outcome": "completed", "task_success": true}
{"event": "task_started", "trajectory_id": "4a4b4590-ca81-442e-b785-dc6c3b788885", "task_id": "task-e730102b9a4395aae8ee", "model_version": "scripted-engineering-only"}
{"event": "task_finished", "trajectory_id": "4a4b4590-ca81-442e-b785-dc6c3b788885", "task_id": "task-e730102b9a4395aae8ee", "model_version": "scripted-engineering-only", "outcome": "completed", "task_success": true}
{"event": "task_started", "trajectory_id": "7e25f5d9-5114-4854-b2ca-239b35c75619", "task_id": "task-c1422229a8352e1cf4fc", "model_version": "scripted-engineering-only"}
{"event": "task_finished", "trajectory_id": "7e25f5d9-5114-4854-b2ca-239b35c75619", "task_id": "task-c1422229a8352e1cf4fc", "model_version": "scripted-engineering-only", "outcome": "completed", "task_success": true}
{"event": "task_started", "trajectory_id": "d6b65c2c-2db1-45cb-bec5-75e531dd1fa9", "task_id": "task-f67587394339c41f909c", "model_version": "scripted-engineering-only"}
{"event": "task_finished", "trajectory_id": "d6b65c2c-2db1-45cb-bec5-75e531dd1fa9", "task_id": "task-f67587394339c41f909c", "model_version": "scripted-engineering-only", "outcome": "refused", "task_success": true}
{"event": "task_started", "trajectory_id": "7ad17ddc-915f-4b31-8abc-110f5e21ba00", "task_id": "task-b2e0e6a52eb4cbe28b57", "model_version": "scripted-engineering-only"}
{"event": "task_finished", "trajectory_id": "7ad17ddc-915f-4b31-8abc-110f5e21ba00", "task_id": "task-b2e0e6a52eb4cbe28b57", "model_version": "scripted-engineering-only", "outcome": "refused", "task_success": true}
{"event": "task_started", "trajectory_id": "176215cb-f247-49f2-9173-604a9f1f09d1", "task_id": "task-271e4f001bfbec4ba37f", "model_version": "scripted-engineering-only"}
{"event": "task_finished", "trajectory_id": "176215cb-f247-49f2-9173-604a9f1f09d1", "task_id": "task-271e4f001bfbec4ba37f", "model_version": "scripted-engineering-only", "outcome": "refused", "task_success": true}
{"event": "task_started", "trajectory_id": "6bd84ffc-2853-4df9-8aaf-9cb2c7fe1708", "task_id": "task-f476ba5bc12924d9bc6b", "model_version": "scripted-engineering-only"}
{"event": "task_finished", "trajectory_id": "6bd84ffc-2853-4df9-8aaf-9cb2c7fe1708", "task_id": "task-f476ba5bc12924d9bc6b", "model_version": "scripted-engineering-only", "outcome": "refused", "task_success": true}
{"event": "task_started", "trajectory_id": "6c0dd28d-51e7-4fb8-bacf-ffea3d53224c", "task_id": "task-5eb647be1fe8d553a68b", "model_version": "scripted-engineering-only"}
{"event": "task_finished", "trajectory_id": "6c0dd28d-51e7-4fb8-bacf-ffea3d53224c", "task_id": "task-5eb647be1fe8d553a68b", "model_version": "scripted-engineering-only", "outcome": "refused", "task_success": true}
{"event": "task_started", "trajectory_id": "10153b85-c1ad-452a-9e15-aaf16b201d44", "task_id": "task-07a2025d71ee061f3bd2", "model_version": "scripted-engineering-only"}
{"event": "task_finished", "trajectory_id": "10153b85-c1ad-452a-9e15-aaf16b201d44", "task_id": "task-07a2025d71ee061f3bd2", "model_version": "scripted-engineering-only", "outcome": "refused", "task_success": true}
{"event": "task_started", "trajectory_id": "b5f49438-6a66-4cd9-9cfc-bd851fb4449b", "task_id": "task-a48da85fc162e85f19e2", "model_version": "scripted-engineering-only"}
{"event": "task_finished", "trajectory_id": "b5f49438-6a66-4cd9-9cfc-bd851fb4449b", "task_id": "task-a48da85fc162e85f19e2", "model_version": "scripted-engineering-only", "outcome": "escalated", "task_success": true}
{"event": "task_started", "trajectory_id": "a38de57f-1df9-4fcb-a0b8-dab72b691c43", "task_id": "task-06b8d71a2bcb3273229e", "model_version": "scripted-engineering-only"}
{"event": "task_finished", "trajectory_id": "a38de57f-1df9-4fcb-a0b8-dab72b691c43", "task_id": "task-06b8d71a2bcb3273229e", "model_version": "scripted-engineering-only", "outcome": "escalated", "task_success": true}
{"event": "task_started", "trajectory_id": "9d45743f-845c-43ec-8594-2a82c089bd78", "task_id": "task-a54dafe4b4e3bb62483d", "model_version": "scripted-engineering-only"}
{"event": "task_finished", "trajectory_id": "9d45743f-845c-43ec-8594-2a82c089bd78", "task_id": "task-a54dafe4b4e3bb62483d", "model_version": "scripted-engineering-only", "outcome": "escalated", "task_success": true}
{"event": "task_started", "trajectory_id": "fb3c71a3-2b62-49ac-80da-601a54524811", "task_id": "task-965bab023d996aea99f2", "model_version": "scripted-engineering-only"}
{"event": "task_finished", "trajectory_id": "fb3c71a3-2b62-49ac-80da-601a54524811", "task_id": "task-965bab023d996aea99f2", "model_version": "scripted-engineering-only", "outcome": "completed", "task_success": true}
{"event": "task_started", "trajectory_id": "98ec9a69-bb82-4f81-9d03-434a24aa34fe", "task_id": "task-eba00923d594244d8a50", "model_version": "scripted-engineering-only"}
{"event": "task_finished", "trajectory_id": "98ec9a69-bb82-4f81-9d03-434a24aa34fe", "task_id": "task-eba00923d594244d8a50", "model_version": "scripted-engineering-only", "outcome": "completed", "task_success": true}
{"event": "task_started", "trajectory_id": "5e4cf87b-4814-44f0-8366-2f236a40d848", "task_id": "task-2d745d5735989f513472", "model_version": "scripted-engineering-only"}
{"event": "task_finished", "trajectory_id": "5e4cf87b-4814-44f0-8366-2f236a40d848", "task_id": "task-2d745d5735989f513472", "model_version": "scripted-engineering-only", "outcome": "completed", "task_success": true}
{"event": "task_started", "trajectory_id": "f74dd19f-6021-40c7-bc2b-312a2b552872", "task_id": "task-adce80fcd242644af3be", "model_version": "scripted-engineering-only"}
{"event": "task_finished", "trajectory_id": "f74dd19f-6021-40c7-bc2b-312a2b552872", "task_id": "task-adce80fcd242644af3be", "model_version": "scripted-engineering-only", "outcome": "escalated", "task_success": true}
{"event": "task_started", "trajectory_id": "e85bf94c-a659-4196-af8c-fce2f95c7376", "task_id": "task-a3b7dfcd02ab8da95ef8", "model_version": "scripted-engineering-only"}
{"event": "task_finished", "trajectory_id": "e85bf94c-a659-4196-af8c-fce2f95c7376", "task_id": "task-a3b7dfcd02ab8da95ef8", "model_version": "scripted-engineering-only", "outcome": "escalated", "task_success": true}
{"event": "task_started", "trajectory_id": "dd34664b-22f0-47cf-b5b1-5fa3ce4aa839", "task_id": "task-0186019e3d73611b86a1", "model_version": "scripted-engineering-only"}
{"event": "task_finished", "trajectory_id": "dd34664b-22f0-47cf-b5b1-5fa3ce4aa839", "task_id": "task-0186019e3d73611b86a1", "model_version": "scripted-engineering-only", "outcome": "escalated", "task_success": true}
{"event": "task_started", "trajectory_id": "302c7b4d-150a-485c-a0db-72f196dae419", "task_id": "task-734d5b0d34d0656564ee", "model_version": "scripted-engineering-only"}
{"event": "task_finished", "trajectory_id": "302c7b4d-150a-485c-a0db-72f196dae419", "task_id": "task-734d5b0d34d0656564ee", "model_version": "scripted-engineering-only", "outcome": "escalated", "task_success": true}
{"event": "task_started", "trajectory_id": "99d9ddfa-6e46-42dd-8536-d6770b25e0db", "task_id": "task-5dceefde9e586fb8376a", "model_version": "scripted-engineering-only"}
{"event": "task_finished", "trajectory_id": "99d9ddfa-6e46-42dd-8536-d6770b25e0db", "task_id": "task-5dceefde9e586fb8376a", "model_version": "scripted-engineering-only", "outcome": "escalated", "task_success": true}
{"event": "task_started", "trajectory_id": "ce66f8b4-e3c3-4077-b6d4-dd28f2fb755e", "task_id": "task-ad1e786facf608c440ac", "model_version": "scripted-engineering-only"}
{"event": "task_finished", "trajectory_id": "ce66f8b4-e3c3-4077-b6d4-dd28f2fb755e", "task_id": "task-ad1e786facf608c440ac", "model_version": "scripted-engineering-only", "outcome": "escalated", "task_success": true}
{"event": "task_started", "trajectory_id": "eed5de9f-a6cf-44a8-9b74-45abd12d5d17", "task_id": "task-bb68b21999ce552f5ffc", "model_version": "scripted-engineering-only"}
{"event": "task_finished", "trajectory_id": "eed5de9f-a6cf-44a8-9b74-45abd12d5d17", "task_id": "task-bb68b21999ce552f5ffc", "model_version": "scripted-engineering-only", "outcome": "completed", "task_success": true}
{"event": "task_started", "trajectory_id": "07f72c50-3015-487d-acfa-79e64132e473", "task_id": "task-a1d394ba1d073d7a2eaa", "model_version": "scripted-engineering-only"}
{"event": "task_finished", "trajectory_id": "07f72c50-3015-487d-acfa-79e64132e473", "task_id": "task-a1d394ba1d073d7a2eaa", "model_version": "scripted-engineering-only", "outcome": "completed", "task_success": true}
{"event": "task_started", "trajectory_id": "23d6392e-7162-4555-b242-c61106211c8e", "task_id": "task-edb462866dbadf5ed77c", "model_version": "scripted-engineering-only"}
{"event": "task_finished", "trajectory_id": "23d6392e-7162-4555-b242-c61106211c8e", "task_id": "task-edb462866dbadf5ed77c", "model_version": "scripted-engineering-only", "outcome": "completed", "task_success": true}
{"event": "task_started", "trajectory_id": "29680399-7bd7-476b-994d-3df85ded39a7", "task_id": "task-6dfee218765c8a8ccb03", "model_version": "scripted-engineering-only"}
{"event": "task_finished", "trajectory_id": "29680399-7bd7-476b-994d-3df85ded39a7", "task_id": "task-6dfee218765c8a8ccb03", "model_version": "scripted-engineering-only", "outcome": "completed", "task_success": true}
{"event": "task_started", "trajectory_id": "9fef77f3-20d2-46cf-9d7f-8973491efecb", "task_id": "task-7b7e1c638fa73fcdc0cb", "model_version": "scripted-engineering-only"}
{"event": "task_finished", "trajectory_id": "9fef77f3-20d2-46cf-9d7f-8973491efecb", "task_id": "task-7b7e1c638fa73fcdc0cb", "model_version": "scripted-engineering-only", "outcome": "completed", "task_success": true}
{"event": "task_started", "trajectory_id": "b0d4c750-7a47-4c67-ac73-941083276006", "task_id": "task-30eeea5e7635d5b1ecb1", "model_version": "scripted-engineering-only"}
{"event": "task_finished", "trajectory_id": "b0d4c750-7a47-4c67-ac73-941083276006", "task_id": "task-30eeea5e7635d5b1ecb1", "model_version": "scripted-engineering-only", "outcome": "completed", "task_success": true}
{"event": "task_started", "trajectory_id": "22b0ace2-93d7-45f7-9c09-8c7855b63393", "task_id": "task-d1dddd10b1af24b04d3e", "model_version": "scripted-engineering-only"}
{"event": "task_finished", "trajectory_id": "22b0ace2-93d7-45f7-9c09-8c7855b63393", "task_id": "task-d1dddd10b1af24b04d3e", "model_version": "scripted-engineering-only", "outcome": "escalated", "task_success": true}
{"event": "task_started", "trajectory_id": "54ece118-4f3d-4e83-971b-ff630b433b51", "task_id": "task-afbdfb29b194d7db817e", "model_version": "scripted-engineering-only"}
{"event": "task_finished", "trajectory_id": "54ece118-4f3d-4e83-971b-ff630b433b51", "task_id": "task-afbdfb29b194d7db817e", "model_version": "scripted-engineering-only", "outcome": "escalated", "task_success": true}
{"event": "task_started", "trajectory_id": "6af05a91-b513-405c-b0c2-47742ba2e7b6", "task_id": "task-1cb1631bb12620637a56", "model_version": "scripted-engineering-only"}
{"event": "task_finished", "trajectory_id": "6af05a91-b513-405c-b0c2-47742ba2e7b6", "task_id": "task-1cb1631bb12620637a56", "model_version": "scripted-engineering-only", "outcome": "escalated", "task_success": true}
{"event": "task_started", "trajectory_id": "ca9a3207-5a8f-4b0d-8508-e5a919e5611a", "task_id": "task-86bd6cb9106510ea039f", "model_version": "scripted-engineering-only"}
{"event": "task_finished", "trajectory_id": "ca9a3207-5a8f-4b0d-8508-e5a919e5611a", "task_id": "task-86bd6cb9106510ea039f", "model_version": "scripted-engineering-only", "outcome": "escalated", "task_success": true}
{"event": "task_started", "trajectory_id": "c1bdf8da-8ea1-4b6a-a923-6384b7205771", "task_id": "task-28acc947e09e78444ad1", "model_version": "scripted-engineering-only"}
{"event": "task_finished", "trajectory_id": "c1bdf8da-8ea1-4b6a-a923-6384b7205771", "task_id": "task-28acc947e09e78444ad1", "model_version": "scripted-engineering-only", "outcome": "escalated", "task_success": true}
{"event": "task_started", "trajectory_id": "47540f45-7c66-4990-ada9-0b5b39859a5b", "task_id": "task-398eead64c3eeb871099", "model_version": "scripted-engineering-only"}
{"event": "task_finished", "trajectory_id": "47540f45-7c66-4990-ada9-0b5b39859a5b", "task_id": "task-398eead64c3eeb871099", "model_version": "scripted-engineering-only", "outcome": "escalated", "task_success": true}
{"event": "task_started", "trajectory_id": "b6632496-4622-4060-bc67-67ae77c2c101", "task_id": "task-80544b2a08bd57e8e768", "model_version": "scripted-engineering-only"}
{"event": "task_finished", "trajectory_id": "b6632496-4622-4060-bc67-67ae77c2c101", "task_id": "task-80544b2a08bd57e8e768", "model_version": "scripted-engineering-only", "outcome": "completed", "task_success": true}
{"event": "task_started", "trajectory_id": "e6fe1b0f-5c58-4a4a-9af5-ef33e22c7585", "task_id": "task-673dbc9dd8f247601722", "model_version": "scripted-engineering-only"}
{"event": "task_finished", "trajectory_id": "e6fe1b0f-5c58-4a4a-9af5-ef33e22c7585", "task_id": "task-673dbc9dd8f247601722", "model_version": "scripted-engineering-only", "outcome": "completed", "task_success": true}
{"event": "task_started", "trajectory_id": "305d8d9a-33a4-4cbc-b492-85a3fdcb1fb4", "task_id": "task-ed359ba55106b09d8847", "model_version": "scripted-engineering-only"}
{"event": "task_finished", "trajectory_id": "305d8d9a-33a4-4cbc-b492-85a3fdcb1fb4", "task_id": "task-ed359ba55106b09d8847", "model_version": "scripted-engineering-only", "outcome": "completed", "task_success": true}
{"event": "task_started", "trajectory_id": "bd087aac-5ecd-4f2f-9ed9-a7bc3e14413f", "task_id": "task-292ef81ae14a36c27b3f", "model_version": "scripted-engineering-only"}
{"event": "task_finished", "trajectory_id": "bd087aac-5ecd-4f2f-9ed9-a7bc3e14413f", "task_id": "task-292ef81ae14a36c27b3f", "model_version": "scripted-engineering-only", "outcome": "refused", "task_success": true}
{"event": "task_started", "trajectory_id": "a3b275be-929a-4c27-b07c-a4f2daed7f0d", "task_id": "task-5a00f3a9d86cd9d6c54d", "model_version": "scripted-engineering-only"}
{"event": "task_finished", "trajectory_id": "a3b275be-929a-4c27-b07c-a4f2daed7f0d", "task_id": "task-5a00f3a9d86cd9d6c54d", "model_version": "scripted-engineering-only", "outcome": "refused", "task_success": true}
{"event": "task_started", "trajectory_id": "96ae70d7-388e-4ac5-a919-80864e8114f5", "task_id": "task-3b9ce844f270fdf7774d", "model_version": "scripted-engineering-only"}
{"event": "task_finished", "trajectory_id": "96ae70d7-388e-4ac5-a919-80864e8114f5", "task_id": "task-3b9ce844f270fdf7774d", "model_version": "scripted-engineering-only", "outcome": "refused", "task_success": true}
{"event": "task_started", "trajectory_id": "6848ce23-196c-4282-9f76-cc9ca13c4812", "task_id": "task-f9ea9ef01353b4b68e96", "model_version": "scripted-engineering-only"}
{"event": "task_finished", "trajectory_id": "6848ce23-196c-4282-9f76-cc9ca13c4812", "task_id": "task-f9ea9ef01353b4b68e96", "model_version": "scripted-engineering-only", "outcome": "refused", "task_success": true}
{"event": "task_started", "trajectory_id": "f8e8c93a-9c4e-40ec-a399-7696aae01df0", "task_id": "task-98171245bbd786a1517a", "model_version": "scripted-engineering-only"}
{"event": "task_finished", "trajectory_id": "f8e8c93a-9c4e-40ec-a399-7696aae01df0", "task_id": "task-98171245bbd786a1517a", "model_version": "scripted-engineering-only", "outcome": "refused", "task_success": true}
{"event": "task_started", "trajectory_id": "051bf86f-4ffe-4272-bf37-92dd29b2f152", "task_id": "task-097a2cdd49eb7039eeda", "model_version": "scripted-engineering-only"}
{"event": "task_finished", "trajectory_id": "051bf86f-4ffe-4272-bf37-92dd29b2f152", "task_id": "task-097a2cdd49eb7039eeda", "model_version": "scripted-engineering-only", "outcome": "refused", "task_success": true}
{"event": "task_started", "trajectory_id": "942aeaa4-90a4-4850-b750-9cdfe473bc37", "task_id": "task-dc45c35c4539665fa28a", "model_version": "scripted-engineering-only"}
{"event": "task_finished", "trajectory_id": "942aeaa4-90a4-4850-b750-9cdfe473bc37", "task_id": "task-dc45c35c4539665fa28a", "model_version": "scripted-engineering-only", "outcome": "escalated", "task_success": true}
{"event": "task_started", "trajectory_id": "4b8310e6-7d50-4e51-9942-c05d10aadeb9", "task_id": "task-012721fdabc6938bfdb4", "model_version": "scripted-engineering-only"}
{"event": "task_finished", "trajectory_id": "4b8310e6-7d50-4e51-9942-c05d10aadeb9", "task_id": "task-012721fdabc6938bfdb4", "model_version": "scripted-engineering-only", "outcome": "escalated", "task_success": true}
{"event": "task_started", "trajectory_id": "0f5e04c8-0213-4512-9265-08afafd6cb6a", "task_id": "task-7e2db9056f851620b578", "model_version": "scripted-engineering-only"}
{"event": "task_finished", "trajectory_id": "0f5e04c8-0213-4512-9265-08afafd6cb6a", "task_id": "task-7e2db9056f851620b578", "model_version": "scripted-engineering-only", "outcome": "escalated", "task_success": true}
{"event": "task_started", "trajectory_id": "ca78e12a-c1fb-46e2-b7d8-c2f9308ea3fc", "task_id": "task-56d11969bbac661ba221", "model_version": "scripted-engineering-only"}
{"event": "task_finished", "trajectory_id": "ca78e12a-c1fb-46e2-b7d8-c2f9308ea3fc", "task_id": "task-56d11969bbac661ba221", "model_version": "scripted-engineering-only", "outcome": "refused", "task_success": true}
{"event": "task_started", "trajectory_id": "c1daf05c-db5a-4db1-b27f-f67b52f03221", "task_id": "task-87d7c7fe1cf3dca74c72", "model_version": "scripted-engineering-only"}
{"event": "task_finished", "trajectory_id": "c1daf05c-db5a-4db1-b27f-f67b52f03221", "task_id": "task-87d7c7fe1cf3dca74c72", "model_version": "scripted-engineering-only", "outcome": "refused", "task_success": true}
{"event": "task_started", "trajectory_id": "030a7e8f-47b6-46ef-9854-91a05332a0a5", "task_id": "task-31dce11192d72a14cb25", "model_version": "scripted-engineering-only"}
{"event": "task_finished", "trajectory_id": "030a7e8f-47b6-46ef-9854-91a05332a0a5", "task_id": "task-31dce11192d72a14cb25", "model_version": "scripted-engineering-only", "outcome": "refused", "task_success": true}
{"event": "task_started", "trajectory_id": "6219801a-df0d-482f-8ff3-5e65205c59b8", "task_id": "task-c9c2d9c2d23545eb0e36", "model_version": "scripted-engineering-only"}
{"event": "task_finished", "trajectory_id": "6219801a-df0d-482f-8ff3-5e65205c59b8", "task_id": "task-c9c2d9c2d23545eb0e36", "model_version": "scripted-engineering-only", "outcome": "refused", "task_success": true}
{"event": "task_started", "trajectory_id": "01807b75-2c45-4c75-8434-3e6555ede69f", "task_id": "task-9f2dbc26618598f23b3d", "model_version": "scripted-engineering-only"}
{"event": "task_finished", "trajectory_id": "01807b75-2c45-4c75-8434-3e6555ede69f", "task_id": "task-9f2dbc26618598f23b3d", "model_version": "scripted-engineering-only", "outcome": "refused", "task_success": true}
{"event": "task_started", "trajectory_id": "dc42ce36-218a-43e0-846c-aefb4629314b", "task_id": "task-ba01b87f8d3c2b2a0a9d", "model_version": "scripted-engineering-only"}
{"event": "task_finished", "trajectory_id": "dc42ce36-218a-43e0-846c-aefb4629314b", "task_id": "task-ba01b87f8d3c2b2a0a9d", "model_version": "scripted-engineering-only", "outcome": "refused", "task_success": true}
{"event": "task_started", "trajectory_id": "95605d50-272d-43f0-9a89-7e428665405f", "task_id": "task-bdd32dbdec43e2d790e2", "model_version": "scripted-engineering-only"}
{"event": "task_finished", "trajectory_id": "95605d50-272d-43f0-9a89-7e428665405f", "task_id": "task-bdd32dbdec43e2d790e2", "model_version": "scripted-engineering-only", "outcome": "escalated", "task_success": true}
{"event": "task_started", "trajectory_id": "fb4e4a44-bc8e-4d48-aa8c-1351a747e242", "task_id": "task-abd88aed3619fa1f2adb", "model_version": "scripted-engineering-only"}
{"event": "task_finished", "trajectory_id": "fb4e4a44-bc8e-4d48-aa8c-1351a747e242", "task_id": "task-abd88aed3619fa1f2adb", "model_version": "scripted-engineering-only", "outcome": "escalated", "task_success": true}
{"event": "task_started", "trajectory_id": "066b90a4-ad3c-45d6-bccf-6dafdae24b36", "task_id": "task-3679379ac0a63d0c5798", "model_version": "scripted-engineering-only"}
{"event": "task_finished", "trajectory_id": "066b90a4-ad3c-45d6-bccf-6dafdae24b36", "task_id": "task-3679379ac0a63d0c5798", "model_version": "scripted-engineering-only", "outcome": "escalated", "task_success": true}
{"event": "task_started", "trajectory_id": "960d8559-6ffa-406e-a0d3-a44d37a37e69", "task_id": "task-ec729be391c4a34fe297", "model_version": "scripted-engineering-only"}
{"event": "task_finished", "trajectory_id": "960d8559-6ffa-406e-a0d3-a44d37a37e69", "task_id": "task-ec729be391c4a34fe297", "model_version": "scripted-engineering-only", "outcome": "completed", "task_success": true}
{"event": "task_started", "trajectory_id": "da7a2147-cc6b-42ab-85f5-bfb9c7ca2044", "task_id": "task-b453a658279db88de3c0", "model_version": "scripted-engineering-only"}
{"event": "task_finished", "trajectory_id": "da7a2147-cc6b-42ab-85f5-bfb9c7ca2044", "task_id": "task-b453a658279db88de3c0", "model_version": "scripted-engineering-only", "outcome": "completed", "task_success": true}
{"event": "task_started", "trajectory_id": "ab5c3f8f-7613-4b13-95e2-e673bf4d713d", "task_id": "task-97af2e092bbdb911a25a", "model_version": "scripted-engineering-only"}
{"event": "task_finished", "trajectory_id": "ab5c3f8f-7613-4b13-95e2-e673bf4d713d", "task_id": "task-97af2e092bbdb911a25a", "model_version": "scripted-engineering-only", "outcome": "completed", "task_success": true}
{"event": "task_started", "trajectory_id": "e269f079-4e91-4d9e-80df-4f3e735ca5fa", "task_id": "task-0724fc5648935c3d16ba", "model_version": "scripted-engineering-only"}
{"event": "task_finished", "trajectory_id": "e269f079-4e91-4d9e-80df-4f3e735ca5fa", "task_id": "task-0724fc5648935c3d16ba", "model_version": "scripted-engineering-only", "outcome": "escalated", "task_success": true}
{"event": "task_started", "trajectory_id": "3e47e6a1-d7b2-4cd2-acba-2d4e92967499", "task_id": "task-674a4080fd2f0382b598", "model_version": "scripted-engineering-only"}
{"event": "task_finished", "trajectory_id": "3e47e6a1-d7b2-4cd2-acba-2d4e92967499", "task_id": "task-674a4080fd2f0382b598", "model_version": "scripted-engineering-only", "outcome": "escalated", "task_success": true}
{"event": "task_started", "trajectory_id": "4bb049b3-9165-437a-8bd8-63ae5cce46a7", "task_id": "task-3feda8a21f9775e1db88", "model_version": "scripted-engineering-only"}
{"event": "task_finished", "trajectory_id": "4bb049b3-9165-437a-8bd8-63ae5cce46a7", "task_id": "task-3feda8a21f9775e1db88", "model_version": "scripted-engineering-only", "outcome": "escalated", "task_success": true}
{"event": "task_started", "trajectory_id": "c8a5dbf3-198e-4178-999f-7c2352ab99c3", "task_id": "task-0e084016f0ee902062e6", "model_version": "scripted-engineering-only"}
{"event": "task_finished", "trajectory_id": "c8a5dbf3-198e-4178-999f-7c2352ab99c3", "task_id": "task-0e084016f0ee902062e6", "model_version": "scripted-engineering-only", "outcome": "completed", "task_success": true}
{"event": "task_started", "trajectory_id": "abcf6eac-6493-4371-ad9e-e9a72dc9435e", "task_id": "task-4c6c1f9967c096b34002", "model_version": "scripted-engineering-only"}
{"event": "task_finished", "trajectory_id": "abcf6eac-6493-4371-ad9e-e9a72dc9435e", "task_id": "task-4c6c1f9967c096b34002", "model_version": "scripted-engineering-only", "outcome": "completed", "task_success": true}
{"event": "task_started", "trajectory_id": "b180b31e-68e5-4faf-9b3e-e472441d70eb", "task_id": "task-5d8affbfbc38c6af2a55", "model_version": "scripted-engineering-only"}
{"event": "task_finished", "trajectory_id": "b180b31e-68e5-4faf-9b3e-e472441d70eb", "task_id": "task-5d8affbfbc38c6af2a55", "model_version": "scripted-engineering-only", "outcome": "completed", "task_success": true}
{"event": "task_started", "trajectory_id": "51f97c34-0509-4063-a28f-7e5dd4eeb593", "task_id": "task-705ae2b6a38ee732fcb6", "model_version": "scripted-engineering-only"}
{"event": "task_finished", "trajectory_id": "51f97c34-0509-4063-a28f-7e5dd4eeb593", "task_id": "task-705ae2b6a38ee732fcb6", "model_version": "scripted-engineering-only", "outcome": "refused", "task_success": true}
{"event": "task_started", "trajectory_id": "059247f5-51d9-45db-934b-2080c6517df2", "task_id": "task-aacc6eab02d55411c926", "model_version": "scripted-engineering-only"}
{"event": "task_finished", "trajectory_id": "059247f5-51d9-45db-934b-2080c6517df2", "task_id": "task-aacc6eab02d55411c926", "model_version": "scripted-engineering-only", "outcome": "refused", "task_success": true}
{"event": "task_started", "trajectory_id": "d0c1e76b-f08f-4084-a880-d57f58f3fc47", "task_id": "task-e69eb5bbc48e257eaed9", "model_version": "scripted-engineering-only"}
{"event": "task_finished", "trajectory_id": "d0c1e76b-f08f-4084-a880-d57f58f3fc47", "task_id": "task-e69eb5bbc48e257eaed9", "model_version": "scripted-engineering-only", "outcome": "refused", "task_success": true}
{"event": "task_started", "trajectory_id": "2dd1ccc1-6a81-4f83-96f2-f2b736de9a46", "task_id": "task-d218b76a549bb71d32a3", "model_version": "scripted-engineering-only"}
{"event": "task_finished", "trajectory_id": "2dd1ccc1-6a81-4f83-96f2-f2b736de9a46", "task_id": "task-d218b76a549bb71d32a3", "model_version": "scripted-engineering-only", "outcome": "escalated", "task_success": true}
{"event": "task_started", "trajectory_id": "adb0c7b8-c29c-498b-88e2-e2914309a95f", "task_id": "task-399f80239f711ea5d908", "model_version": "scripted-engineering-only"}
{"event": "task_finished", "trajectory_id": "adb0c7b8-c29c-498b-88e2-e2914309a95f", "task_id": "task-399f80239f711ea5d908", "model_version": "scripted-engineering-only", "outcome": "escalated", "task_success": true}
{"event": "task_started", "trajectory_id": "57ee90e8-a172-419b-ab5b-21dd46ad12a5", "task_id": "task-59a584317a710f1deb73", "model_version": "scripted-engineering-only"}
{"event": "task_finished", "trajectory_id": "57ee90e8-a172-419b-ab5b-21dd46ad12a5", "task_id": "task-59a584317a710f1deb73", "model_version": "scripted-engineering-only", "outcome": "escalated", "task_success": true}
{"event": "task_started", "trajectory_id": "b9674702-05d4-439d-a9b1-54e397e8bbef", "task_id": "task-f72263adb1c1d420111e", "model_version": "scripted-engineering-only"}
{"event": "task_finished", "trajectory_id": "b9674702-05d4-439d-a9b1-54e397e8bbef", "task_id": "task-f72263adb1c1d420111e", "model_version": "scripted-engineering-only", "outcome": "escalated", "task_success": true}
{"event": "task_started", "trajectory_id": "38559032-bb49-4f08-b229-0aec9bde1207", "task_id": "task-90c1813085f31f5299b3", "model_version": "scripted-engineering-only"}
{"event": "task_finished", "trajectory_id": "38559032-bb49-4f08-b229-0aec9bde1207", "task_id": "task-90c1813085f31f5299b3", "model_version": "scripted-engineering-only", "outcome": "escalated", "task_success": true}
{"event": "task_started", "trajectory_id": "f6d78100-fde7-45cc-bc6e-3d812f0be7dd", "task_id": "task-c31ed15c43fec69b21d0", "model_version": "scripted-engineering-only"}
{"event": "task_finished", "trajectory_id": "f6d78100-fde7-45cc-bc6e-3d812f0be7dd", "task_id": "task-c31ed15c43fec69b21d0", "model_version": "scripted-engineering-only", "outcome": "escalated", "task_success": true}
{"event": "task_started", "trajectory_id": "631d1a34-8b09-4d5b-a010-f7ad15c72b81", "task_id": "task-c4da3551dcd0c1e6d1bc", "model_version": "scripted-engineering-only"}
{"event": "task_finished", "trajectory_id": "631d1a34-8b09-4d5b-a010-f7ad15c72b81", "task_id": "task-c4da3551dcd0c1e6d1bc", "model_version": "scripted-engineering-only", "outcome": "completed", "task_success": true}
{"event": "task_started", "trajectory_id": "3c154cdb-8fe0-4a9a-97c6-625b2e00ce02", "task_id": "task-d573e068640729f6fc0c", "model_version": "scripted-engineering-only"}
{"event": "task_finished", "trajectory_id": "3c154cdb-8fe0-4a9a-97c6-625b2e00ce02", "task_id": "task-d573e068640729f6fc0c", "model_version": "scripted-engineering-only", "outcome": "completed", "task_success": true}
{"event": "task_started", "trajectory_id": "dde0023b-5ecb-4430-8d1a-0170ff9c88e7", "task_id": "task-5451f40b657f5bfdccbc", "model_version": "scripted-engineering-only"}
{"event": "task_finished", "trajectory_id": "dde0023b-5ecb-4430-8d1a-0170ff9c88e7", "task_id": "task-5451f40b657f5bfdccbc", "model_version": "scripted-engineering-only", "outcome": "completed", "task_success": true}
{"event": "task_started", "trajectory_id": "80bfe691-2d7f-4931-8c86-bdbc1a258494", "task_id": "task-d71f713e079ab5c2b330", "model_version": "scripted-engineering-only"}
{"event": "task_finished", "trajectory_id": "80bfe691-2d7f-4931-8c86-bdbc1a258494", "task_id": "task-d71f713e079ab5c2b330", "model_version": "scripted-engineering-only", "outcome": "completed", "task_success": true}
{"event": "task_started", "trajectory_id": "85a801b6-83cd-4e1a-bdf8-158918a63735", "task_id": "task-aa38b5523e6289961272", "model_version": "scripted-engineering-only"}
{"event": "task_finished", "trajectory_id": "85a801b6-83cd-4e1a-bdf8-158918a63735", "task_id": "task-aa38b5523e6289961272", "model_version": "scripted-engineering-only", "outcome": "completed", "task_success": true}
{"event": "task_started", "trajectory_id": "415f3b4e-b91e-4238-94a7-3b0667e497c2", "task_id": "task-45334e54e1889ab54a6c", "model_version": "scripted-engineering-only"}
{"event": "task_finished", "trajectory_id": "415f3b4e-b91e-4238-94a7-3b0667e497c2", "task_id": "task-45334e54e1889ab54a6c", "model_version": "scripted-engineering-only", "outcome": "completed", "task_success": true}
{"event": "task_started", "trajectory_id": "bcb00073-8abe-451e-98a7-572cda70458c", "task_id": "task-c50d95cdd2eabf3b7e52", "model_version": "scripted-engineering-only"}
{"event": "task_finished", "trajectory_id": "bcb00073-8abe-451e-98a7-572cda70458c", "task_id": "task-c50d95cdd2eabf3b7e52", "model_version": "scripted-engineering-only", "outcome": "completed", "task_success": true}
{"event": "task_started", "trajectory_id": "2f12d2ce-937c-427f-a97c-3808f6e5af6b", "task_id": "task-e730102b9a4395aae8ee", "model_version": "scripted-engineering-only"}
{"event": "task_finished", "trajectory_id": "2f12d2ce-937c-427f-a97c-3808f6e5af6b", "task_id": "task-e730102b9a4395aae8ee", "model_version": "scripted-engineering-only", "outcome": "completed", "task_success": true}
{"event": "task_started", "trajectory_id": "0471719c-975c-44e1-abc6-ce5ccb231ab4", "task_id": "task-c1422229a8352e1cf4fc", "model_version": "scripted-engineering-only"}
{"event": "task_finished", "trajectory_id": "0471719c-975c-44e1-abc6-ce5ccb231ab4", "task_id": "task-c1422229a8352e1cf4fc", "model_version": "scripted-engineering-only", "outcome": "completed", "task_success": true}
{"event": "task_started", "trajectory_id": "b7291b93-28d6-42a8-ba33-724ce8c151f8", "task_id": "task-f67587394339c41f909c", "model_version": "scripted-engineering-only"}
{"event": "task_finished", "trajectory_id": "b7291b93-28d6-42a8-ba33-724ce8c151f8", "task_id": "task-f67587394339c41f909c", "model_version": "scripted-engineering-only", "outcome": "refused", "task_success": true}
{"event": "task_started", "trajectory_id": "a0304c42-1b43-4b28-bf3d-77c5ba7044a6", "task_id": "task-b2e0e6a52eb4cbe28b57", "model_version": "scripted-engineering-only"}
{"event": "task_finished", "trajectory_id": "a0304c42-1b43-4b28-bf3d-77c5ba7044a6", "task_id": "task-b2e0e6a52eb4cbe28b57", "model_version": "scripted-engineering-only", "outcome": "refused", "task_success": true}
{"event": "task_started", "trajectory_id": "52dd0170-2ca0-4589-8ddb-0910e37248a0", "task_id": "task-271e4f001bfbec4ba37f", "model_version": "scripted-engineering-only"}
{"event": "task_finished", "trajectory_id": "52dd0170-2ca0-4589-8ddb-0910e37248a0", "task_id": "task-271e4f001bfbec4ba37f", "model_version": "scripted-engineering-only", "outcome": "refused", "task_success": true}
{"event": "task_started", "trajectory_id": "04812ee0-605b-4db5-958e-cd2cfde1666a", "task_id": "task-f476ba5bc12924d9bc6b", "model_version": "scripted-engineering-only"}
{"event": "task_finished", "trajectory_id": "04812ee0-605b-4db5-958e-cd2cfde1666a", "task_id": "task-f476ba5bc12924d9bc6b", "model_version": "scripted-engineering-only", "outcome": "refused", "task_success": true}
{"event": "task_started", "trajectory_id": "df2e5308-1455-43fa-98a9-5f16ccebb742", "task_id": "task-5eb647be1fe8d553a68b", "model_version": "scripted-engineering-only"}
{"event": "task_finished", "trajectory_id": "df2e5308-1455-43fa-98a9-5f16ccebb742", "task_id": "task-5eb647be1fe8d553a68b", "model_version": "scripted-engineering-only", "outcome": "refused", "task_success": true}
{"event": "task_started", "trajectory_id": "329d03c9-253c-4a9a-bc0a-4b132bd3058a", "task_id": "task-07a2025d71ee061f3bd2", "model_version": "scripted-engineering-only"}
{"event": "task_finished", "trajectory_id": "329d03c9-253c-4a9a-bc0a-4b132bd3058a", "task_id": "task-07a2025d71ee061f3bd2", "model_version": "scripted-engineering-only", "outcome": "refused", "task_success": true}
{"event": "task_started", "trajectory_id": "0cb76b9e-4d86-418c-95ee-a21817a07c66", "task_id": "task-a48da85fc162e85f19e2", "model_version": "scripted-engineering-only"}
{"event": "task_finished", "trajectory_id": "0cb76b9e-4d86-418c-95ee-a21817a07c66", "task_id": "task-a48da85fc162e85f19e2", "model_version": "scripted-engineering-only", "outcome": "escalated", "task_success": true}
{"event": "task_started", "trajectory_id": "4327da6f-6793-4b8f-874a-21e85ef06e86", "task_id": "task-06b8d71a2bcb3273229e", "model_version": "scripted-engineering-only"}
{"event": "task_finished", "trajectory_id": "4327da6f-6793-4b8f-874a-21e85ef06e86", "task_id": "task-06b8d71a2bcb3273229e", "model_version": "scripted-engineering-only", "outcome": "escalated", "task_success": true}
{"event": "task_started", "trajectory_id": "9a986288-d023-4652-85b4-2eb78ca80bbd", "task_id": "task-a54dafe4b4e3bb62483d", "model_version": "scripted-engineering-only"}
{"event": "task_finished", "trajectory_id": "9a986288-d023-4652-85b4-2eb78ca80bbd", "task_id": "task-a54dafe4b4e3bb62483d", "model_version": "scripted-engineering-only", "outcome": "escalated", "task_success": true}
{"event": "task_started", "trajectory_id": "b444a37e-c051-42d1-aab4-b2804625aad1", "task_id": "task-965bab023d996aea99f2", "model_version": "scripted-engineering-only"}
{"event": "task_finished", "trajectory_id": "b444a37e-c051-42d1-aab4-b2804625aad1", "task_id": "task-965bab023d996aea99f2", "model_version": "scripted-engineering-only", "outcome": "completed", "task_success": true}
{"event": "task_started", "trajectory_id": "59f145f8-ede2-477d-9990-d1754aa3bcf0", "task_id": "task-eba00923d594244d8a50", "model_version": "scripted-engineering-only"}
{"event": "task_finished", "trajectory_id": "59f145f8-ede2-477d-9990-d1754aa3bcf0", "task_id": "task-eba00923d594244d8a50", "model_version": "scripted-engineering-only", "outcome": "completed", "task_success": true}
{"event": "task_started", "trajectory_id": "d814874c-fed2-4b45-a69a-3b4532d8af99", "task_id": "task-2d745d5735989f513472", "model_version": "scripted-engineering-only"}
{"event": "task_finished", "trajectory_id": "d814874c-fed2-4b45-a69a-3b4532d8af99", "task_id": "task-2d745d5735989f513472", "model_version": "scripted-engineering-only", "outcome": "completed", "task_success": true}
{"event": "task_started", "trajectory_id": "1eb40796-cfa3-47fb-b83b-9a40ee201295", "task_id": "task-adce80fcd242644af3be", "model_version": "scripted-engineering-only"}
{"event": "task_finished", "trajectory_id": "1eb40796-cfa3-47fb-b83b-9a40ee201295", "task_id": "task-adce80fcd242644af3be", "model_version": "scripted-engineering-only", "outcome": "escalated", "task_success": true}
{"event": "task_started", "trajectory_id": "3dc7077c-bcd5-4a2b-a3a4-9fc687008659", "task_id": "task-a3b7dfcd02ab8da95ef8", "model_version": "scripted-engineering-only"}
{"event": "task_finished", "trajectory_id": "3dc7077c-bcd5-4a2b-a3a4-9fc687008659", "task_id": "task-a3b7dfcd02ab8da95ef8", "model_version": "scripted-engineering-only", "outcome": "escalated", "task_success": true}
{"event": "task_started", "trajectory_id": "e1c548c2-4fc0-4e3f-aa3d-293880cf09a5", "task_id": "task-0186019e3d73611b86a1", "model_version": "scripted-engineering-only"}
{"event": "task_finished", "trajectory_id": "e1c548c2-4fc0-4e3f-aa3d-293880cf09a5", "task_id": "task-0186019e3d73611b86a1", "model_version": "scripted-engineering-only", "outcome": "escalated", "task_success": true}
{"event": "task_started", "trajectory_id": "2456e5d7-3e72-4c84-b64c-b551bc44ba7e", "task_id": "task-734d5b0d34d0656564ee", "model_version": "scripted-engineering-only"}
{"event": "task_finished", "trajectory_id": "2456e5d7-3e72-4c84-b64c-b551bc44ba7e", "task_id": "task-734d5b0d34d0656564ee", "model_version": "scripted-engineering-only", "outcome": "escalated", "task_success": true}
{"event": "task_started", "trajectory_id": "0e72fd37-21de-4e0b-8333-df04ded72524", "task_id": "task-5dceefde9e586fb8376a", "model_version": "scripted-engineering-only"}
{"event": "task_finished", "trajectory_id": "0e72fd37-21de-4e0b-8333-df04ded72524", "task_id": "task-5dceefde9e586fb8376a", "model_version": "scripted-engineering-only", "outcome": "escalated", "task_success": true}
{"event": "task_started", "trajectory_id": "46a6e3ca-57b5-469b-9f12-1734c30c6f77", "task_id": "task-ad1e786facf608c440ac", "model_version": "scripted-engineering-only"}
{"event": "task_finished", "trajectory_id": "46a6e3ca-57b5-469b-9f12-1734c30c6f77", "task_id": "task-ad1e786facf608c440ac", "model_version": "scripted-engineering-only", "outcome": "escalated", "task_success": true}
{"event": "task_started", "trajectory_id": "763f63f3-b264-4da0-9f8f-b6dbf42d051a", "task_id": "task-bb68b21999ce552f5ffc", "model_version": "scripted-engineering-only"}
{"event": "task_finished", "trajectory_id": "763f63f3-b264-4da0-9f8f-b6dbf42d051a", "task_id": "task-bb68b21999ce552f5ffc", "model_version": "scripted-engineering-only", "outcome": "completed", "task_success": true}
{"event": "task_started", "trajectory_id": "4fbf8e43-b5ca-45a2-ae42-5b98dbcee71d", "task_id": "task-a1d394ba1d073d7a2eaa", "model_version": "scripted-engineering-only"}
{"event": "task_finished", "trajectory_id": "4fbf8e43-b5ca-45a2-ae42-5b98dbcee71d", "task_id": "task-a1d394ba1d073d7a2eaa", "model_version": "scripted-engineering-only", "outcome": "completed", "task_success": true}
{"event": "task_started", "trajectory_id": "b33b83fe-fc77-41a4-a92b-cf83a0a61c70", "task_id": "task-edb462866dbadf5ed77c", "model_version": "scripted-engineering-only"}
{"event": "task_finished", "trajectory_id": "b33b83fe-fc77-41a4-a92b-cf83a0a61c70", "task_id": "task-edb462866dbadf5ed77c", "model_version": "scripted-engineering-only", "outcome": "completed", "task_success": true}
{"event": "task_started", "trajectory_id": "3d5b7c88-e449-483a-9f1a-e14cc4d13f23", "task_id": "task-6dfee218765c8a8ccb03", "model_version": "scripted-engineering-only"}
{"event": "task_finished", "trajectory_id": "3d5b7c88-e449-483a-9f1a-e14cc4d13f23", "task_id": "task-6dfee218765c8a8ccb03", "model_version": "scripted-engineering-only", "outcome": "completed", "task_success": true}
{"event": "task_started", "trajectory_id": "9a6afc28-b237-488c-b5a2-9cece1feede8", "task_id": "task-7b7e1c638fa73fcdc0cb", "model_version": "scripted-engineering-only"}
{"event": "task_finished", "trajectory_id": "9a6afc28-b237-488c-b5a2-9cece1feede8", "task_id": "task-7b7e1c638fa73fcdc0cb", "model_version": "scripted-engineering-only", "outcome": "completed", "task_success": true}
{"event": "task_started", "trajectory_id": "6d4dde19-9b89-4533-b156-10871eae002b", "task_id": "task-30eeea5e7635d5b1ecb1", "model_version": "scripted-engineering-only"}
{"event": "task_finished", "trajectory_id": "6d4dde19-9b89-4533-b156-10871eae002b", "task_id": "task-30eeea5e7635d5b1ecb1", "model_version": "scripted-engineering-only", "outcome": "completed", "task_success": true}
{"event": "task_started", "trajectory_id": "e75b146e-5022-4525-8835-9bd7cfcd43bb", "task_id": "task-d1dddd10b1af24b04d3e", "model_version": "scripted-engineering-only"}
{"event": "task_finished", "trajectory_id": "e75b146e-5022-4525-8835-9bd7cfcd43bb", "task_id": "task-d1dddd10b1af24b04d3e", "model_version": "scripted-engineering-only", "outcome": "escalated", "task_success": true}
{"event": "task_started", "trajectory_id": "57868913-5401-4890-8645-8549f56d969d", "task_id": "task-afbdfb29b194d7db817e", "model_version": "scripted-engineering-only"}
{"event": "task_finished", "trajectory_id": "57868913-5401-4890-8645-8549f56d969d", "task_id": "task-afbdfb29b194d7db817e", "model_version": "scripted-engineering-only", "outcome": "escalated", "task_success": true}
{"event": "task_started", "trajectory_id": "0e5a951b-48d5-4a8b-9512-f5c833d9a0a8", "task_id": "task-1cb1631bb12620637a56", "model_version": "scripted-engineering-only"}
{"event": "task_finished", "trajectory_id": "0e5a951b-48d5-4a8b-9512-f5c833d9a0a8", "task_id": "task-1cb1631bb12620637a56", "model_version": "scripted-engineering-only", "outcome": "escalated", "task_success": true}
{"event": "task_started", "trajectory_id": "ce5ceaa4-1475-42c6-8cd4-13fe11ba5c1f", "task_id": "task-86bd6cb9106510ea039f", "model_version": "scripted-engineering-only"}
{"event": "task_finished", "trajectory_id": "ce5ceaa4-1475-42c6-8cd4-13fe11ba5c1f", "task_id": "task-86bd6cb9106510ea039f", "model_version": "scripted-engineering-only", "outcome": "escalated", "task_success": true}
{"event": "task_started", "trajectory_id": "b5d0cc63-412f-4e19-8f06-27dddd7c00fb", "task_id": "task-28acc947e09e78444ad1", "model_version": "scripted-engineering-only"}
{"event": "task_finished", "trajectory_id": "b5d0cc63-412f-4e19-8f06-27dddd7c00fb", "task_id": "task-28acc947e09e78444ad1", "model_version": "scripted-engineering-only", "outcome": "escalated", "task_success": true}
{"event": "task_started", "trajectory_id": "95d701cb-f4e3-4a30-9c0e-a86d5cd1d822", "task_id": "task-398eead64c3eeb871099", "model_version": "scripted-engineering-only"}
{"event": "task_finished", "trajectory_id": "95d701cb-f4e3-4a30-9c0e-a86d5cd1d822", "task_id": "task-398eead64c3eeb871099", "model_version": "scripted-engineering-only", "outcome": "escalated", "task_success": true}
