{"event": "task_started", "trajectory_id": "a616ee66-82b1-44bf-8c3b-de333062f32c", "task_id": "task-80544b2a08bd57e8e768", "model_version": "scripted-engineering-only"}
{"event": "task_finished", "trajectory_id": "a616ee66-82b1-44bf-8c3b-de333062f32c", "task_id": "task-80544b2a08bd57e8e768", "model_version": "scripted-engineering-only", "outcome": "completed", "task_success": true}
{"event": "task_started", "trajectory_id": "8b7c57f5-d193-4892-9bdd-e3cb1099cc52", "task_id": "task-673dbc9dd8f247601722", "model_version": "scripted-engineering-only"}
{"event": "task_finished", "trajectory_id": "8b7c57f5-d193-4892-9bdd-e3cb1099cc52", "task_id": "task-673dbc9dd8f247601722", "model_version": "scripted-engineering-only", "outcome": "completed", "task_success": true}
{"event": "task_started", "trajectory_id": "10c91663-f03d-47bf-aa27-3cd6ea6b76ee", "task_id": "task-ed359ba55106b09d8847", "model_version": "scripted-engineering-only"}
{"event": "task_finished", "trajectory_id": "10c91663-f03d-47bf-aa27-3cd6ea6b76ee", "task_id": "task-ed359ba55106b09d8847", "model_version": "scripted-engineering-only", "outcome": "completed", "task_success": true}
{"event": "task_started", "trajectory_id": "c541c6ed-9ad2-4f49-8076-e75066d0dbff", "task_id": "task-292ef81ae14a36c27b3f", "model_version": "scripted-engineering-only"}
{"event": "task_finished", "trajectory_id": "c541c6ed-9ad2-4f49-8076-e75066d0dbff", "task_id": "task-292ef81ae14a36c27b3f", "model_version": "scripted-engineering-only", "outcome": "refused", "task_success": true}
{"event": "task_started", "trajectory_id": "bcab087e-ff20-43da-8d69-821856540626", "task_id": "task-5a00f3a9d86cd9d6c54d", "model_version": "scripted-engineering-only"}
{"event": "task_finished", "trajectory_id": "bcab087e-ff20-43da-8d69-821856540626", "task_id": "task-5a00f3a9d86cd9d6c54d", "model_version": "scripted-engineering-only", "outcome": "refused", "task_success": true}
{"event": "task_started", "trajectory_id": "686f5a06-7222-448a-a63f-695ca9f2a0bf", "task_id": "task-3b9ce844f270fdf7774d", "model_version": "scripted-engineering-only"}
{"event": "task_finished", "trajectory_id": "686f5a06-7222-448a-a63f-695ca9f2a0bf", "task_id": "task-3b9ce844f270fdf7774d", "model_version": "scripted-engineering-only", "outcome": "refused", "task_success": true}
{"event": "task_started", "trajectory_id": "f1fb869e-f4fb-4f86-b25b-c6462762721f", "task_id": "task-f9ea9ef01353b4b68e96", "model_version": "scripted-engineering-only"}
{"event": "task_finished", "trajectory_id": "f1fb869e-f4fb-4f86-b25b-c6462762721f", "task_id": "task-f9ea9ef01353b4b68e96", "model_version": "scripted-engineering-only", "outcome": "refused", "task_success": true}
{"event": "task_started", "trajectory_id": "0f7d4d26-0478-4b68-835d-3014198632e7", "task_id": "task-98171245bbd786a1517a", "model_version": "scripted-engineering-only"}
{"event": "task_finished", "trajectory_id": "0f7d4d26-0478-4b68-835d-3014198632e7", "task_id": "task-98171245bbd786a1517a", "model_version": "scripted-engineering-only", "outcome": "refused", "task_success": true}
{"event": "task_started", "trajectory_id": "f0a505dd-537e-4cf5-8f3e-34e9897cbc18", "task_id": "task-097a2cdd49eb7039eeda", "model_version": "scripted-engineering-only"}
{"event": "task_finished", "trajectory_id": "f0a505dd-537e-4cf5-8f3e-34e9897cbc18", "task_id": "task-097a2cdd49eb7039eeda", "model_version": "scripted-engineering-only", "outcome": "refused", "task_success": true}
{"event": "task_started", "trajectory_id": "ade294de-09b5-4ff0-880b-c513091d920b", "task_id": "task-dc45c35c4539665fa28a", "model_version": "scripted-engineering-only"}
{"event": "task_finished", "trajectory_id": "ade294de-09b5-4ff0-880b-c513091d920b", "task_id": "task-dc45c35c4539665fa28a", "model_version": "scripted-engineering-only", "outcome": "escalated", "task_success": true}
{"event": "task_started", "trajectory_id": "4d9ca6e4-c6d2-4457-b262-93074f7c765f", "task_id": "task-012721fdabc6938bfdb4", "model_version": "scripted-engineering-only"}
{"event": "task_finished", "trajectory_id": "4d9ca6e4-c6d2-4457-b262-93074f7c765f", "task_id": "task-012721fdabc6938bfdb4", "model_version": "scripted-engineering-only", "outcome": "escalated", "task_success": true}
{"event": "task_started", "trajectory_id": "c4ed7ee5-f7ca-41d6-be99-63c4346853c8", "task_id": "task-7e2db9056f851620b578", "model_version": "scripted-engineering-only"}
{"event": "task_finished", "trajectory_id": "c4ed7ee5-f7ca-41d6-be99-63c4346853c8", "task_id": "task-7e2db9056f851620b578", "model_version": "scripted-engineering-only", "outcome": "escalated", "task_success": true}
{"event": "task_started", "trajectory_id": "0aee99b4-07d1-4c0c-a148-208af64b4f10", "task_id": "task-56d11969bbac661ba221", "model_version": "scripted-engineering-only"}
{"event": "task_finished", "trajectory_id": "0aee99b4-07d1-4c0c-a148-208af64b4f10", "task_id": "task-56d11969bbac661ba221", "model_version": "scripted-engineering-only", "outcome": "refused", "task_success": true}
{"event": "task_started", "trajectory_id": "253c0c13-3d3a-4e0c-a030-3120aa2f7475", "task_id": "task-87d7c7fe1cf3dca74c72", "model_version": "scripted-engineering-only"}
{"event": "task_finished", "trajectory_id": "253c0c13-3d3a-4e0c-a030-3120aa2f7475", "task_id": "task-87d7c7fe1cf3dca74c72", "model_version": "scripted-engineering-only", "outcome": "refused", "task_success": true}
{"event": "task_started", "trajectory_id": "50a65b08-a549-4b3e-9c82-8c076ff15b70", "task_id": "task-31dce11192d72a14cb25", "model_version": "scripted-engineering-only"}
{"event": "task_finished", "trajectory_id": "50a65b08-a549-4b3e-9c82-8c076ff15b70", "task_id": "task-31dce11192d72a14cb25", "model_version": "scripted-engineering-only", "outcome": "refused", "task_success": true}
{"event": "task_started", "trajectory_id": "f101ec68-ffa8-4095-b4eb-7416649585b6", "task_id": "task-c9c2d9c2d23545eb0e36", "model_version": "scripted-engineering-only"}
{"event": "task_finished", "trajectory_id": "f101ec68-ffa8-4095-b4eb-7416649585b6", "task_id": "task-c9c2d9c2d23545eb0e36", "model_version": "scripted-engineering-only", "outcome": "refused", "task_success": true}
{"event": "task_started", "trajectory_id": "ec552095-16d5-4d7f-8a43-f75c2d204e4a", "task_id": "task-9f2dbc26618598f23b3d", "model_version": "scripted-engineering-only"}
{"event": "task_finished", "trajectory_id": "ec552095-16d5-4d7f-8a43-f75c2d204e4a", "task_id": "task-9f2dbc26618598f23b3d", "model_version": "scripted-engineering-only", "outcome": "refused", "task_success": true}
{"event": "task_started", "trajectory_id": "d81cb420-1e5a-4982-a1e6-d3ff9e3bb750", "task_id": "task-ba01b87f8d3c2b2a0a9d", "model_version": "scripted-engineering-only"}
{"event": "task_finished", "trajectory_id": "d81cb420-1e5a-4982-a1e6-d3ff9e3bb750", "task_id": "task-ba01b87f8d3c2b2a0a9d", "model_version": "scripted-engineering-only", "outcome": "refused", "task_success": true}
{"event": "task_started", "trajectory_id": "d56a966e-d14a-41cc-ae1d-1a6e9bd064d1", "task_id": "task-bdd32dbdec43e2d790e2", "model_version": "scripted-engineering-only"}
{"event": "task_finished", "trajectory_id": "d56a966e-d14a-41cc-ae1d-1a6e9bd064d1", "task_id": "task-bdd32dbdec43e2d790e2", "model_version": "scripted-engineering-only", "outcome": "escalated", "task_success": true}
{"event": "task_started", "trajectory_id": "e21d3ee8-4f7e-44ac-adc1-55ff4a06b645", "task_id": "task-abd88aed3619fa1f2adb", "model_version": "scripted-engineering-only"}
{"event": "task_finished", "trajectory_id": "e21d3ee8-4f7e-44ac-adc1-55ff4a06b645", "task_id": "task-abd88aed3619fa1f2adb", "model_version": "scripted-engineering-only", "outcome": "escalated", "task_success": true}
{"event": "task_started", "trajectory_id": "209a6f35-9352-4c4d-85c6-fa869d14feed", "task_id": "task-3679379ac0a63d0c5798", "model_version": "scripted-engineering-only"}
{"event": "task_finished", "trajectory_id": "209a6f35-9352-4c4d-85c6-fa869d14feed", "task_id": "task-3679379ac0a63d0c5798", "model_version": "scripted-engineering-only", "outcome": "escalated", "task_success": true}
{"event": "task_started", "trajectory_id": "11546e3c-e82d-4bbd-8660-5a51c90e0e98", "task_id": "task-ec729be391c4a34fe297", "model_version": "scripted-engineering-only"}
{"event": "task_finished", "trajectory_id": "11546e3c-e82d-4bbd-8660-5a51c90e0e98", "task_id": "task-ec729be391c4a34fe297", "model_version": "scripted-engineering-only", "outcome": "completed", "task_success": true}
{"event": "task_started", "trajectory_id": "f00d6411-c731-48aa-934f-6f5f7a74cee2", "task_id": "task-b453a658279db88de3c0", "model_version": "scripted-engineering-only"}
{"event": "task_finished", "trajectory_id": "f00d6411-c731-48aa-934f-6f5f7a74cee2", "task_id": "task-b453a658279db88de3c0", "model_version": "scripted-engineering-only", "outcome": "completed", "task_success": true}
{"event": "task_started", "trajectory_id": "9bbf4d76-0d88-4051-84b7-5d6ba9212c9c", "task_id": "task-97af2e092bbdb911a25a", "model_version": "scripted-engineering-only"}
{"event": "task_finished", "trajectory_id": "9bbf4d76-0d88-4051-84b7-5d6ba9212c9c", "task_id": "task-97af2e092bbdb911a25a", "model_version": "scripted-engineering-only", "outcome": "completed", "task_success": true}
{"event": "task_started", "trajectory_id": "56b8a70f-0bc9-40d9-af26-c4b2ed07737e", "task_id": "task-0724fc5648935c3d16ba", "model_version": "scripted-engineering-only"}
{"event": "task_finished", "trajectory_id": "56b8a70f-0bc9-40d9-af26-c4b2ed07737e", "task_id": "task-0724fc5648935c3d16ba", "model_version": "scripted-engineering-only", "outcome": "escalated", "task_success": true}
{"event": "task_started", "trajectory_id": "46f37c6a-4d7a-4f37-8307-12420e0a25e5", "task_id": "task-674a4080fd2f0382b598", "model_version": "scripted-engineering-only"}
{"event": "task_finished", "trajectory_id": "46f37c6a-4d7a-4f37-8307-12420e0a25e5", "task_id": "task-674a4080fd2f0382b598", "model_version": "scripted-engineering-only", "outcome": "escalated", "task_success": true}
{"event": "task_started", "trajectory_id": "b65eb20f-0471-4ff8-ac9e-4189efca03f6", "task_id": "task-3feda8a21f9775e1db88", "model_version": "scripted-engineering-only"}
{"event": "task_finished", "trajectory_id": "b65eb20f-0471-4ff8-ac9e-4189efca03f6", "task_id": "task-3feda8a21f9775e1db88", "model_version": "scripted-engineering-only", "outcome": "escalated", "task_success": true}
{"event": "task_started", "trajectory_id": "ecedbf3c-0774-4ce0-b2d6-3150c04e1f55", "task_id": "task-0e084016f0ee902062e6", "model_version": "scripted-engineering-only"}
{"event": "task_finished", "trajectory_id": "ecedbf3c-0774-4ce0-b2d6-3150c04e1f55", "task_id": "task-0e084016f0ee902062e6", "model_version": "scripted-engineering-only", "outcome": "completed", "task_success": true}
{"event": "task_started", "trajectory_id": "16382285-76c0-4154-a879-620fef183491", "task_id": "task-4c6c1f9967c096b34002", "model_version": "scripted-engineering-only"}
{"event": "task_finished", "trajectory_id": "16382285-76c0-4154-a879-620fef183491", "task_id": "task-4c6c1f9967c096b34002", "model_version": "scripted-engineering-only", "outcome": "completed", "task_success": true}
{"event": "task_started", "trajectory_id": "03a82dfb-dfa9-4782-aee6-95b4d56e682f", "task_id": "task-5d8affbfbc38c6af2a55", "model_version": "scripted-engineering-only"}
{"event": "task_finished", "trajectory_id": "03a82dfb-dfa9-4782-aee6-95b4d56e682f", "task_id": "task-5d8affbfbc38c6af2a55", "model_version": "scripted-engineering-only", "outcome": "completed", "task_success": true}
{"event": "task_started", "trajectory_id": "6c4c11c6-1538-407a-8503-cf80fd09518f", "task_id": "task-705ae2b6a38ee732fcb6", "model_version": "scripted-engineering-only"}
{"event": "task_finished", "trajectory_id": "6c4c11c6-1538-407a-8503-cf80fd09518f", "task_id": "task-705ae2b6a38ee732fcb6", "model_version": "scripted-engineering-only", "outcome": "refused", "task_success": true}
{"event": "task_started", "trajectory_id": "c1f0fb65-be4e-4da7-bf86-fbb7c175b1f5", "task_id": "task-aacc6eab02d55411c926", "model_version": "scripted-engineering-only"}
{"event": "task_finished", "trajectory_id": "c1f0fb65-be4e-4da7-bf86-fbb7c175b1f5", "task_id": "task-aacc6eab02d55411c926", "model_version": "scripted-engineering-only", "outcome": "refused", "task_success": true}
{"event": "task_started", "trajectory_id": "99521e67-a53f-4307-bbda-754e72118ee1", "task_id": "task-e69eb5bbc48e257eaed9", "model_version": "scripted-engineering-only"}
{"event": "task_finished", "trajectory_id": "99521e67-a53f-4307-bbda-754e72118ee1", "task_id": "task-e69eb5bbc48e257eaed9", "model_version": "scripted-engineering-only", "outcome": "refused", "task_success": true}
{"event": "task_started", "trajectory_id": "8ae36d13-b1ba-43d6-9ccb-faa28d052187", "task_id": "task-d218b76a549bb71d32a3", "model_version": "scripted-engineering-only"}
{"event": "task_finished", "trajectory_id": "8ae36d13-b1ba-43d6-9ccb-faa28d052187", "task_id": "task-d218b76a549bb71d32a3", "model_version": "scripted-engineering-only", "outcome": "escalated", "task_success": true}
{"event": "task_started", "trajectory_id": "a0129a90-239f-4af1-b1cb-fc539dc1c96a", "task_id": "task-399f80239f711ea5d908", "model_version": "scripted-engineering-only"}
{"event": "task_finished", "trajectory_id": "a0129a90-239f-4af1-b1cb-fc539dc1c96a", "task_id": "task-399f80239f711ea5d908", "model_version": "scripted-engineering-only", "outcome": "escalated", "task_success": true}
{"event": "task_started", "trajectory_id": "81d8c297-8adc-42ad-baa2-dabd359024a3", "task_id": "task-59a584317a710f1deb73", "model_version": "scripted-engineering-only"}
{"event": "task_finished", "trajectory_id": "81d8c297-8adc-42ad-baa2-dabd359024a3", "task_id": "task-59a584317a710f1deb73", "model_version": "scripted-engineering-only", "outcome": "escalated", "task_success": true}
{"event": "task_started", "trajectory_id": "434cb207-8e51-48d5-8f47-edde037a5998", "task_id": "task-f72263adb1c1d420111e", "model_version": "scripted-engineering-only"}
{"event": "task_finished", "trajectory_id": "434cb207-8e51-48d5-8f47-edde037a5998", "task_id": "task-f72263adb1c1d420111e", "model_version": "scripted-engineering-only", "outcome": "escalated", "task_success": true}
{"event": "task_started", "trajectory_id": "cdad2583-97fa-4f4f-a3e2-fc0d88ff4d1e", "task_id": "task-90c1813085f31f5299b3", "model_version": "scripted-engineering-only"}
{"event": "task_finished", "trajectory_id": "cdad2583-97fa-4f4f-a3e2-fc0d88ff4d1e", "task_id": "task-90c1813085f31f5299b3", "model_version": "scripted-engineering-only", "outcome": "escalated", "task_success": true}
{"event": "task_started", "trajectory_id": "50853294-980e-44ce-9b1d-df5aade0a1ab", "task_id": "task-c31ed15c43fec69b21d0", "model_version": "scripted-engineering-only"}
{"event": "task_finished", "trajectory_id": "50853294-980e-44ce-9b1d-df5aade0a1ab", "task_id": "task-c31ed15c43fec69b21d0", "model_version": "scripted-engineering-only", "outcome": "escalated", "task_success": true}
{"event": "task_started", "trajectory_id": "7a52e6fb-66ad-4303-b828-731352beece8", "task_id": "task-c4da3551dcd0c1e6d1bc", "model_version": "scripted-engineering-only"}
{"event": "task_finished", "trajectory_id": "7a52e6fb-66ad-4303-b828-731352beece8", "task_id": "task-c4da3551dcd0c1e6d1bc", "model_version": "scripted-engineering-only", "outcome": "completed", "task_success": true}
{"event": "task_started", "trajectory_id": "dd2262fa-f45f-4798-abca-ac4f0872d249", "task_id": "task-d573e068640729f6fc0c", "model_version": "scripted-engineering-only"}
{"event": "task_finished", "trajectory_id": "dd2262fa-f45f-4798-abca-ac4f0872d249", "task_id": "task-d573e068640729f6fc0c", "model_version": "scripted-engineering-only", "outcome": "completed", "task_success": true}
{"event": "task_started", "trajectory_id": "e3205647-cf3f-4db0-ac18-d536cf25b067", "task_id": "task-5451f40b657f5bfdccbc", "model_version": "scripted-engineering-only"}
{"event": "task_finished", "trajectory_id": "e3205647-cf3f-4db0-ac18-d536cf25b067", "task_id": "task-5451f40b657f5bfdccbc", "model_version": "scripted-engineering-only", "outcome": "completed", "task_success": true}
{"event": "task_started", "trajectory_id": "abd3053a-f3f7-485c-9f4a-2989f22b5117", "task_id": "task-d71f713e079ab5c2b330", "model_version": "scripted-engineering-only"}
{"event": "task_finished", "trajectory_id": "abd3053a-f3f7-485c-9f4a-2989f22b5117", "task_id": "task-d71f713e079ab5c2b330", "model_version": "scripted-engineering-only", "outcome": "completed", "task_success": true}
{"event": "task_started", "trajectory_id": "9de9a353-dd30-4174-8ab2-94b12902e040", "task_id": "task-aa38b5523e6289961272", "model_version": "scripted-engineering-only"}
{"event": "task_finished", "trajectory_id": "9de9a353-dd30-4174-8ab2-94b12902e040", "task_id": "task-aa38b5523e6289961272", "model_version": "scripted-engineering-only", "outcome": "completed", "task_success": true}
{"event": "task_started", "trajectory_id": "2ca36b1e-18fa-4653-b8a1-16247165277e", "task_id": "task-45334e54e1889ab54a6c", "model_version": "scripted-engineering-only"}
{"event": "task_finished", "trajectory_id": "2ca36b1e-18fa-4653-b8a1-16247165277e", "task_id": "task-45334e54e1889ab54a6c", "model_version": "scripted-engineering-only", "outcome": "completed", "task_success": true}
{"event": "task_started", "trajectory_id": "1ee1fa87-3296-4053-95c4-624a1d2a5e28", "task_id": "task-c50d95cdd2eabf3b7e52", "model_version": "scripted-engineering-only"}
{"event": "task_finished", "trajectory_id": "1ee1fa87-3296-4053-95c4-624a1d2a5e28", "task_id": "task-c50d95cdd2eabf3b7e52", "model_version": "scripted-engineering-only", "outcome": "completed", "task_success": true}
{"event": "task_started", "trajectory_id": "c5c367e1-3350-4a84-88a6-c43a1d5508e3", "task_id": "task-e730102b9a4395aae8ee", "model_version": "scripted-engineering-only"}
{"event": "task_finished", "trajectory_id": "c5c367e1-3350-4a84-88a6-c43a1d5508e3", "task_id": "task-e730102b9a4395aae8ee", "model_version": "scripted-engineering-only", "outcome": "completed", "task_success": true}
{"event": "task_started", "trajectory_id": "ea6de201-8be5-4533-be75-df873985214f", "task_id": "task-c1422229a8352e1cf4fc", "model_version": "scripted-engineering-only"}
{"event": "task_finished", "trajectory_id": "ea6de201-8be5-4533-be75-df873985214f", "task_id": "task-c1422229a8352e1cf4fc", "model_version": "scripted-engineering-only", "outcome": "completed", "task_success": true}
{"event": "task_started", "trajectory_id": "a025998d-375a-40e2-9f11-0d4a4094ca2f", "task_id": "task-f67587394339c41f909c", "model_version": "scripted-engineering-only"}
{"event": "task_finished", "trajectory_id": "a025998d-375a-40e2-9f11-0d4a4094ca2f", "task_id": "task-f67587394339c41f909c", "model_version": "scripted-engineering-only", "outcome": "refused", "task_success": true}
{"event": "task_started", "trajectory_id": "96b0bccf-ae16-4565-8e3c-68bb9a24698c", "task_id": "task-b2e0e6a52eb4cbe28b57", "model_version": "scripted-engineering-only"}
{"event": "task_finished", "trajectory_id": "96b0bccf-ae16-4565-8e3c-68bb9a24698c", "task_id": "task-b2e0e6a52eb4cbe28b57", "model_version": "scripted-engineering-only", "outcome": "refused", "task_success": true}
{"event": "task_started", "trajectory_id": "1aaf558b-7018-4ff3-876d-8f2df006d337", "task_id": "task-271e4f001bfbec4ba37f", "model_version": "scripted-engineering-only"}
{"event": "task_finished", "trajectory_id": "1aaf558b-7018-4ff3-876d-8f2df006d337", "task_id": "task-271e4f001bfbec4ba37f", "model_version": "scripted-engineering-only", "outcome": "refused", "task_success": true}
{"event": "task_started", "trajectory_id": "7aed32ce-9b0e-407c-a0b2-6fd844c10ed4", "task_id": "task-f476ba5bc12924d9bc6b", "model_version": "scripted-engineering-only"}
{"event": "task_finished", "trajectory_id": "7aed32ce-9b0e-407c-a0b2-6fd844c10ed4", "task_id": "task-f476ba5bc12924d9bc6b", "model_version": "scripted-engineering-only", "outcome": "refused", "task_success": true}
{"event": "task_started", "trajectory_id": "35650e89-1674-410e-8ac1-ab35a086ab9b", "task_id": "task-5eb647be1fe8d553a68b", "model_version": "scripted-engineering-only"}
{"event": "task_finished", "trajectory_id": "35650e89-1674-410e-8ac1-ab35a086ab9b", "task_id": "task-5eb647be1fe8d553a68b", "model_version": "scripted-engineering-only", "outcome": "refused", "task_success": true}
{"event": "task_started", "trajectory_id": "bde65fba-15f1-489a-9643-3a32085aa598", "task_id": "task-07a2025d71ee061f3bd2", "model_version": "scripted-engineering-only"}
{"event": "task_finished", "trajectory_id": "bde65fba-15f1-489a-9643-3a32085aa598", "task_id": "task-07a2025d71ee061f3bd2", "model_version": "scripted-engineering-only", "outcome": "refused", "task_success": true}
{"event": "task_started", "trajectory_id": "16da6535-9abe-4c1d-b418-161a65af68ee", "task_id": "task-a48da85fc162e85f19e2", "model_version": "scripted-engineering-only"}
{"event": "task_finished", "trajectory_id": "16da6535-9abe-4c1d-b418-161a65af68ee", "task_id": "task-a48da85fc162e85f19e2", "model_version": "scripted-engineering-only", "outcome": "escalated", "task_success": true}
{"event": "task_started", "trajectory_id": "0f7e30aa-9b62-40fc-aeb9-09548de59ee1", "task_id": "task-06b8d71a2bcb3273229e", "model_version": "scripted-engineering-only"}
{"event": "task_finished", "trajectory_id": "0f7e30aa-9b62-40fc-aeb9-09548de59ee1", "task_id": "task-06b8d71a2bcb3273229e", "model_version": "scripted-engineering-only", "outcome": "escalated", "task_success": true}
{"event": "task_started", "trajectory_id": "78db6d09-f43d-4b62-bbbc-7b5167dca04e", "task_id": "task-a54dafe4b4e3bb62483d", "model_version": "scripted-engineering-only"}
{"event": "task_finished", "trajectory_id": "78db6d09-f43d-4b62-bbbc-7b5167dca04e", "task_id": "task-a54dafe4b4e3bb62483d", "model_version": "scripted-engineering-only", "outcome": "escalated", "task_success": true}
{"event": "task_started", "trajectory_id": "eda23440-ff66-431c-95ee-9ece3c865b95", "task_id": "task-965bab023d996aea99f2", "model_version": "scripted-engineering-only"}
{"event": "task_finished", "trajectory_id": "eda23440-ff66-431c-95ee-9ece3c865b95", "task_id": "task-965bab023d996aea99f2", "model_version": "scripted-engineering-only", "outcome": "completed", "task_success": true}
{"event": "task_started", "trajectory_id": "56d61605-0fee-43e3-9224-993bb42e4358", "task_id": "task-eba00923d594244d8a50", "model_version": "scripted-engineering-only"}
{"event": "task_finished", "trajectory_id": "56d61605-0fee-43e3-9224-993bb42e4358", "task_id": "task-eba00923d594244d8a50", "model_version": "scripted-engineering-only", "outcome": "completed", "task_success": true}
{"event": "task_started", "trajectory_id": "36a9f86b-9fe5-4f4f-badc-8dcc27b082dc", "task_id": "task-2d745d5735989f513472", "model_version": "scripted-engineering-only"}
{"event": "task_finished", "trajectory_id": "36a9f86b-9fe5-4f4f-badc-8dcc27b082dc", "task_id": "task-2d745d5735989f513472", "model_version": "scripted-engineering-only", "outcome": "completed", "task_success": true}
{"event": "task_started", "trajectory_id": "8bad2cea-95bf-4f33-abe9-c910416900c2", "task_id": "task-adce80fcd242644af3be", "model_version": "scripted-engineering-only"}
{"event": "task_finished", "trajectory_id": "8bad2cea-95bf-4f33-abe9-c910416900c2", "task_id": "task-adce80fcd242644af3be", "model_version": "scripted-engineering-only", "outcome": "escalated", "task_success": true}
{"event": "task_started", "trajectory_id": "b247af5f-e313-427b-b618-a6fd5dbb027c", "task_id": "task-a3b7dfcd02ab8da95ef8", "model_version": "scripted-engineering-only"}
{"event": "task_finished", "trajectory_id": "b247af5f-e313-427b-b618-a6fd5dbb027c", "task_id": "task-a3b7dfcd02ab8da95ef8", "model_version": "scripted-engineering-only", "outcome": "escalated", "task_success": true}
{"event": "task_started", "trajectory_id": "47c78578-621f-4824-9622-704ce34273b7", "task_id": "task-0186019e3d73611b86a1", "model_version": "scripted-engineering-only"}
{"event": "task_finished", "trajectory_id": "47c78578-621f-4824-9622-704ce34273b7", "task_id": "task-0186019e3d73611b86a1", "model_version": "scripted-engineering-only", "outcome": "escalated", "task_success": true}
{"event": "task_started", "trajectory_id": "c430f4f7-4fe3-4c3e-89a0-de1c9c86609f", "task_id": "task-734d5b0d34d0656564ee", "model_version": "scripted-engineering-only"}
{"event": "task_finished", "trajectory_id": "c430f4f7-4fe3-4c3e-89a0-de1c9c86609f", "task_id": "task-734d5b0d34d0656564ee", "model_version": "scripted-engineering-only", "outcome": "escalated", "task_success": true}
{"event": "task_started", "trajectory_id": "ee2e8a79-6fd1-4c7b-a334-8d09023a98d6", "task_id": "task-5dceefde9e586fb8376a", "model_version": "scripted-engineering-only"}
{"event": "task_finished", "trajectory_id": "ee2e8a79-6fd1-4c7b-a334-8d09023a98d6", "task_id": "task-5dceefde9e586fb8376a", "model_version": "scripted-engineering-only", "outcome": "escalated", "task_success": true}
{"event": "task_started", "trajectory_id": "0aebacea-d5d5-4fa3-b927-78f5f502e946", "task_id": "task-ad1e786facf608c440ac", "model_version": "scripted-engineering-only"}
{"event": "task_finished", "trajectory_id": "0aebacea-d5d5-4fa3-b927-78f5f502e946", "task_id": "task-ad1e786facf608c440ac", "model_version": "scripted-engineering-only", "outcome": "escalated", "task_success": true}
{"event": "task_started", "trajectory_id": "1e7c212b-e072-4696-97ef-b5b28b878593", "task_id": "task-bb68b21999ce552f5ffc", "model_version": "scripted-engineering-only"}
{"event": "task_finished", "trajectory_id": "1e7c212b-e072-4696-97ef-b5b28b878593", "task_id": "task-bb68b21999ce552f5ffc", "model_version": "scripted-engineering-only", "outcome": "completed", "task_success": true}
{"event": "task_started", "trajectory_id": "6a6458f7-49fd-44bf-b3ed-90853b52c20b", "task_id": "task-a1d394ba1d073d7a2eaa", "model_version": "scripted-engineering-only"}
{"event": "task_finished", "trajectory_id": "6a6458f7-49fd-44bf-b3ed-90853b52c20b", "task_id": "task-a1d394ba1d073d7a2eaa", "model_version": "scripted-engineering-only", "outcome": "completed", "task_success": true}
{"event": "task_started", "trajectory_id": "778f7170-e433-4b27-92ab-525ece272cd6", "task_id": "task-edb462866dbadf5ed77c", "model_version": "scripted-engineering-only"}
{"event": "task_finished", "trajectory_id": "778f7170-e433-4b27-92ab-525ece272cd6", "task_id": "task-edb462866dbadf5ed77c", "model_version": "scripted-engineering-only", "outcome": "completed", "task_success": true}
{"event": "task_started", "trajectory_id": "fe883a93-6b80-473b-9ce2-66e9dae83597", "task_id": "task-6dfee218765c8a8ccb03", "model_version": "scripted-engineering-only"}
{"event": "task_finished", "trajectory_id": "fe883a93-6b80-473b-9ce2-66e9dae83597", "task_id": "task-6dfee218765c8a8ccb03", "model_version": "scripted-engineering-only", "outcome": "completed", "task_success": true}
{"event": "task_started", "trajectory_id": "6be26c10-ae07-495d-ab19-3f7b2be44825", "task_id": "task-7b7e1c638fa73fcdc0cb", "model_version": "scripted-engineering-only"}
{"event": "task_finished", "trajectory_id": "6be26c10-ae07-495d-ab19-3f7b2be44825", "task_id": "task-7b7e1c638fa73fcdc0cb", "model_version": "scripted-engineering-only", "outcome": "completed", "task_success": true}
{"event": "task_started", "trajectory_id": "e4eea5a9-1085-4e4c-9bd8-9fb3bd1d3d90", "task_id": "task-30eeea5e7635d5b1ecb1", "model_version": "scripted-engineering-only"}
{"event": "task_finished", "trajectory_id": "e4eea5a9-1085-4e4c-9bd8-9fb3bd1d3d90", "task_id": "task-30eeea5e7635d5b1ecb1", "model_version": "scripted-engineering-only", "outcome": "completed", "task_success": true}
{"event": "task_started", "trajectory_id": "fa00bbca-e8ed-45a8-b2b5-4c14df6ad49c", "task_id": "task-d1dddd10b1af24b04d3e", "model_version": "scripted-engineering-only"}
{"event": "task_finished", "trajectory_id": "fa00bbca-e8ed-45a8-b2b5-4c14df6ad49c", "task_id": "task-d1dddd10b1af24b04d3e", "model_version": "scripted-engineering-only", "outcome": "escalated", "task_success": true}
{"event": "task_started", "trajectory_id": "58d37ec7-4315-4a72-af65-b2238e912950", "task_id": "task-afbdfb29b194d7db817e", "model_version": "scripted-engineering-only"}
{"event": "task_finished", "trajectory_id": "58d37ec7-4315-4a72-af65-b2238e912950", "task_id": "task-afbdfb29b194d7db817e", "model_version": "scripted-engineering-only", "outcome": "escalated", "task_success": true}
{"event": "task_started", "trajectory_id": "7cd837e3-3355-42c6-baa2-33c801ca2299", "task_id": "task-1cb1631bb12620637a56", "model_version": "scripted-engineering-only"}
{"event": "task_finished", "trajectory_id": "7cd837e3-3355-42c6-baa2-33c801ca2299", "task_id": "task-1cb1631bb12620637a56", "model_version": "scripted-engineering-only", "outcome": "escalated", "task_success": true}
{"event": "task_started", "trajectory_id": "cec89871-ef1b-4478-8a8f-967b427872da", "task_id": "task-86bd6cb9106510ea039f", "model_version": "scripted-engineering-only"}
{"event": "task_finished", "trajectory_id": "cec89871-ef1b-4478-8a8f-967b427872da", "task_id": "task-86bd6cb9106510ea039f", "model_version": "scripted-engineering-only", "outcome": "escalated", "task_success": true}
{"event": "task_started", "trajectory_id": "39564333-b4cc-47b5-bd9c-74f5c4b4127f", "task_id": "task-28acc947e09e78444ad1", "model_version": "scripted-engineering-only"}
{"event": "task_finished", "trajectory_id": "39564333-b4cc-47b5-bd9c-74f5c4b4127f", "task_id": "task-28acc947e09e78444ad1", "model_version": "scripted-engineering-only", "outcome": "escalated", "task_success": true}
{"event": "task_started", "trajectory_id": "ace1121f-96c9-497b-8ddd-901695ef5083", "task_id": "task-398eead64c3eeb871099", "model_version": "scripted-engineering-only"}
{"event": "task_finished", "trajectory_id": "ace1121f-96c9-497b-8ddd-901695ef5083", "task_id": "task-398eead64c3eeb871099", "model_version": "scripted-engineering-only", "outcome": "escalated", "task_success": true}
{"event": "task_started", "trajectory_id": "985f3c15-f769-419f-a481-30b5b0b2e4c6", "task_id": "task-80544b2a08bd57e8e768", "model_version": "scripted-engineering-only"}
{"event": "task_finished", "trajectory_id": "985f3c15-f769-419f-a481-30b5b0b2e4c6", "task_id": "task-80544b2a08bd57e8e768", "model_version": "scripted-engineering-only", "outcome": "completed", "task_success": true}
{"event": "task_started", "trajectory_id": "c77afa70-48c8-497e-96a8-eb223515dec2", "task_id": "task-673dbc9dd8f247601722", "model_version": "scripted-engineering-only"}
{"event": "task_finished", "trajectory_id": "c77afa70-48c8-497e-96a8-eb223515dec2", "task_id": "task-673dbc9dd8f247601722", "model_version": "scripted-engineering-only", "outcome": "completed", "task_success": true}
{"event": "task_started", "trajectory_id": "f8e8e413-ca51-4aab-914b-00e3215feb05", "task_id": "task-ed359ba55106b09d8847", "model_version": "scripted-engineering-only"}
{"event": "task_finished", "trajectory_id": "f8e8e413-ca51-4aab-914b-00e3215feb05", "task_id": "task-ed359ba55106b09d8847", "model_version": "scripted-engineering-only", "outcome": "completed", "task_success": true}
{"event": "task_started", "trajectory_id": "31bf2b21-aecf-4a90-9364-d6ca583128dc", "task_id": "task-292ef81ae14a36c27b3f", "model_version": "scripted-engineering-only"}
{"event": "task_finished", "trajectory_id": "31bf2b21-aecf-4a90-9364-d6ca583128dc", "task_id": "task-292ef81ae14a36c27b3f", "model_version": "scripted-engineering-only", "outcome": "refused", "task_success": true}
{"event": "task_started", "trajectory_id": "745ba8b9-1073-44b2-8cc7-8544ecc7b823", "task_id": "task-5a00f3a9d86cd9d6c54d", "model_version": "scripted-engineering-only"}
{"event": "task_finished", "trajectory_id": "745ba8b9-1073-44b2-8cc7-8544ecc7b823", "task_id": "task-5a00f3a9d86cd9d6c54d", "model_version": "scripted-engineering-only", "outcome": "refused", "task_success": true}
{"event": "task_started", "trajectory_id": "b8210576-9ee4-4de1-a7c9-b51444eeb2ea", "task_id": "task-3b9ce844f270fdf7774d", "model_version": "scripted-engineering-only"}
{"event": "task_finished", "trajectory_id": "b8210576-9ee4-4de1-a7c9-b51444eeb2ea", "task_id": "task-3b9ce844f270fdf7774d", "model_version": "scripted-engineering-only", "outcome": "refused", "task_success": true}
{"event": "task_started", "trajectory_id": "fde2160e-70ca-4181-8993-1affef616a37", "task_id": "task-f9ea9ef01353b4b68e96", "model_version": "scripted-engineering-only"}
{"event": "task_finished", "trajectory_id": "fde2160e-70ca-4181-8993-1affef616a37", "task_id": "task-f9ea9ef01353b4b68e96", "model_version": "scripted-engineering-only", "outcome": "refused", "task_success": true}
{"event": "task_started", "trajectory_id": "cc776895-b1a7-4ee3-a025-eb2c697601b4", "task_id": "task-98171245bbd786a1517a", "model_version": "scripted-engineering-only"}
{"event": "task_finished", "trajectory_id": "cc776895-b1a7-4ee3-a025-eb2c697601b4", "task_id": "task-98171245bbd786a1517a", "model_version": "scripted-engineering-only", "outcome": "refused", "task_success": true}
{"event": "task_started", "trajectory_id": "34598287-69ae-4252-a8c4-1c4c6f0afbeb", "task_id": "task-097a2cdd49eb7039eeda", "model_version": "scripted-engineering-only"}
{"event": "task_finished", "trajectory_id": "34598287-69ae-4252-a8c4-1c4c6f0afbeb", "task_id": "task-097a2cdd49eb7039eeda", "model_version": "scripted-engineering-only", "outcome": "refused", "task_success": true}
{"event": "task_started", "trajectory_id": "52459ec7-5223-4e8f-ae83-4461b02da2df", "task_id": "task-dc45c35c4539665fa28a", "model_version": "scripted-engineering-only"}
{"event": "task_finished", "trajectory_id": "52459ec7-5223-4e8f-ae83-4461b02da2df", "task_id": "task-dc45c35c4539665fa28a", "model_version": "scripted-engineering-only", "outcome": "escalated", "task_success": true}
{"event": "task_started", "trajectory_id": "07dfc2b0-6444-489a-b3ef-eb9403c04857", "task_id": "task-012721fdabc6938bfdb4", "model_version": "scripted-engineering-only"}
{"event": "task_finished", "trajectory_id": "07dfc2b0-6444-489a-b3ef-eb9403c04857", "task_id": "task-012721fdabc6938bfdb4", "model_version": "scripted-engineering-only", "outcome": "escalated", "task_success": true}
{"event": "task_started", "trajectory_id": "14296e80-47a0-498e-a933-2b397838dccb", "task_id": "task-7e2db9056f851620b578", "model_version": "scripted-engineering-only"}
{"event": "task_finished", "trajectory_id": "14296e80-47a0-498e-a933-2b397838dccb", "task_id": "task-7e2db9056f851620b578", "model_version": "scripted-engineering-only", "outcome": "escalated", "task_success": true}
{"event": "task_started", "trajectory_id": "2586c9a2-ee7c-4c12-9c28-a4690a9a7f6c", "task_id": "task-56d11969bbac661ba221", "model_version": "scripted-engineering-only"}
{"event": "task_finished", "trajectory_id": "2586c9a2-ee7c-4c12-9c28-a4690a9a7f6c", "task_id": "task-56d11969bbac661ba221", "model_version": "scripted-engineering-only", "outcome": "refused", "task_success": true}
{"event": "task_started", "trajectory_id": "016ae933-27f4-417d-9a39-58f2d7f1e707", "task_id": "task-87d7c7fe1cf3dca74c72", "model_version": "scripted-engineering-only"}
{"event": "task_finished", "trajectory_id": "016ae933-27f4-417d-9a39-58f2d7f1e707", "task_id": "task-87d7c7fe1cf3dca74c72", "model_version": "scripted-engineering-only", "outcome": "refused", "task_success": true}
{"event": "task_started", "trajectory_id": "c63c5b0f-ee8b-4190-b468-d22a4f61c1d5", "task_id": "task-31dce11192d72a14cb25", "model_version": "scripted-engineering-only"}
{"event": "task_finished", "trajectory_id": "c63c5b0f-ee8b-4190-b468-d22a4f61c1d5", "task_id": "task-31dce11192d72a14cb25", "model_version": "scripted-engineering-only", "outcome": "refused", "task_success": true}
{"event": "task_started", "trajectory_id": "626b287f-d27d-4b1d-b528-491e6a379b86", "task_id": "task-c9c2d9c2d23545eb0e36", "model_version": "scripted-engineering-only"}
{"event": "task_finished", "trajectory_id": "626b287f-d27d-4b1d-b528-491e6a379b86", "task_id": "task-c9c2d9c2d23545eb0e36", "model_version": "scripted-engineering-only", "outcome": "refused", "task_success": true}
{"event": "task_started", "trajectory_id": "4564da32-5fcb-42e1-9e45-ba63b594c72b", "task_id": "task-9f2dbc26618598f23b3d", "model_version": "scripted-engineering-only"}
{"event": "task_finished", "trajectory_id": "4564da32-5fcb-42e1-9e45-ba63b594c72b", "task_id": "task-9f2dbc26618598f23b3d", "model_version": "scripted-engineering-only", "outcome": "refused", "task_success": true}
{"event": "task_started", "trajectory_id": "b14fe26d-4d91-4040-9dfc-7a1134d82754", "task_id": "task-ba01b87f8d3c2b2a0a9d", "model_version": "scripted-engineering-only"}
{"event": "task_finished", "trajectory_id": "b14fe26d-4d91-4040-9dfc-7a1134d82754", "task_id": "task-ba01b87f8d3c2b2a0a9d", "model_version": "scripted-engineering-only", "outcome": "refused", "task_success": true}
{"event": "task_started", "trajectory_id": "e07ea24f-7b33-4d4f-8a0f-a93e7be2110c", "task_id": "task-bdd32dbdec43e2d790e2", "model_version": "scripted-engineering-only"}
{"event": "task_finished", "trajectory_id": "e07ea24f-7b33-4d4f-8a0f-a93e7be2110c", "task_id": "task-bdd32dbdec43e2d790e2", "model_version": "scripted-engineering-only", "outcome": "escalated", "task_success": true}
{"event": "task_started", "trajectory_id": "e929d0eb-0511-4eae-a2f7-5079a6e803c1", "task_id": "task-abd88aed3619fa1f2adb", "model_version": "scripted-engineering-only"}
{"event": "task_finished", "trajectory_id": "e929d0eb-0511-4eae-a2f7-5079a6e803c1", "task_id": "task-abd88aed3619fa1f2adb", "model_version": "scripted-engineering-only", "outcome": "escalated", "task_success": true}
{"event": "task_started", "trajectory_id": "9bbc34a8-2ffe-4186-bac2-4913e1ed34ac", "task_id": "task-3679379ac0a63d0c5798", "model_version": "scripted-engineering-only"}
{"event": "task_finished", "trajectory_id": "9bbc34a8-2ffe-4186-bac2-4913e1ed34ac", "task_id": "task-3679379ac0a63d0c5798", "model_version": "scripted-engineering-only", "outcome": "escalated", "task_success": true}
{"event": "task_started", "trajectory_id": "bb927b08-60b5-4785-9825-e207a876a277", "task_id": "task-ec729be391c4a34fe297", "model_version": "scripted-engineering-only"}
{"event": "task_finished", "trajectory_id": "bb927b08-60b5-4785-9825-e207a876a277", "task_id": "task-ec729be391c4a34fe297", "model_version": "scripted-engineering-only", "outcome": "completed", "task_success": true}
{"event": "task_started", "trajectory_id": "31b0ace4-934c-4130-bc3e-f3b885a9f6d3", "task_id": "task-b453a658279db88de3c0", "model_version": "scripted-engineering-only"}
{"event": "task_finished", "trajectory_id": "31b0ace4-934c-4130-bc3e-f3b885a9f6d3", "task_id": "task-b453a658279db88de3c0", "model_version": "scripted-engineering-only", "outcome": "completed", "task_success": true}
{"event": "task_started", "trajectory_id": "50b39f1d-1b54-48cb-b4b4-fadb8bd54de2", "task_id": "task-97af2e092bbdb911a25a", "model_version": "scripted-engineering-only"}
{"event": "task_finished", "trajectory_id": "50b39f1d-1b54-48cb-b4b4-fadb8bd54de2", "task_id": "task-97af2e092bbdb911a25a", "model_version": "scripted-engineering-only", "outcome": "completed", "task_success": true}
{"event": "task_started", "trajectory_id": "5a1bd0ce-2357-4a0a-add8-06a8a3364369", "task_id": "task-0724fc5648935c3d16ba", "model_version": "scripted-engineering-only"}
{"event": "task_finished", "trajectory_id": "5a1bd0ce-2357-4a0a-add8-06a8a3364369", "task_id": "task-0724fc5648935c3d16ba", "model_version": "scripted-engineering-only", "outcome": "escalated", "task_success": true}
{"event": "task_started", "trajectory_id": "f350df40-28d1-449f-849a-6fe029f0cd03", "task_id": "task-674a4080fd2f0382b598", "model_version": "scripted-engineering-only"}
{"event": "task_finished", "trajectory_id": "f350df40-28d1-449f-849a-6fe029f0cd03", "task_id": "task-674a4080fd2f0382b598", "model_version": "scripted-engineering-only", "outcome": "escalated", "task_success": true}
{"event": "task_started", "trajectory_id": "5267ddd3-a4ee-4d4d-85dc-d225e54bec43", "task_id": "task-3feda8a21f9775e1db88", "model_version": "scripted-engineering-only"}
{"event": "task_finished", "trajectory_id": "5267ddd3-a4ee-4d4d-85dc-d225e54bec43", "task_id": "task-3feda8a21f9775e1db88", "model_version": "scripted-engineering-only", "outcome": "escalated", "task_success": true}
{"event": "task_started", "trajectory_id": "28762412-f2bf-46df-b551-f845a2032796", "task_id": "task-0e084016f0ee902062e6", "model_version": "scripted-engineering-only"}
{"event": "task_finished", "trajectory_id": "28762412-f2bf-46df-b551-f845a2032796", "task_id": "task-0e084016f0ee902062e6", "model_version": "scripted-engineering-only", "outcome": "completed", "task_success": true}
{"event": "task_started", "trajectory_id": "9a796a4e-97ea-4167-a1cd-93d0a9030b00", "task_id": "task-4c6c1f9967c096b34002", "model_version": "scripted-engineering-only"}
{"event": "task_finished", "trajectory_id": "9a796a4e-97ea-4167-a1cd-93d0a9030b00", "task_id": "task-4c6c1f9967c096b34002", "model_version": "scripted-engineering-only", "outcome": "completed", "task_success": true}
{"event": "task_started", "trajectory_id": "d90c1d2c-6601-4a0b-b413-a6272e5e69cf", "task_id": "task-5d8affbfbc38c6af2a55", "model_version": "scripted-engineering-only"}
{"event": "task_finished", "trajectory_id": "d90c1d2c-6601-4a0b-b413-a6272e5e69cf", "task_id": "task-5d8affbfbc38c6af2a55", "model_version": "scripted-engineering-only", "outcome": "completed", "task_success": true}
{"event": "task_started", "trajectory_id": "9ce80ed6-31ca-4be2-bd1c-0dcac51e1317", "task_id": "task-705ae2b6a38ee732fcb6", "model_version": "scripted-engineering-only"}
{"event": "task_finished", "trajectory_id": "9ce80ed6-31ca-4be2-bd1c-0dcac51e1317", "task_id": "task-705ae2b6a38ee732fcb6", "model_version": "scripted-engineering-only", "outcome": "refused", "task_success": true}
{"event": "task_started", "trajectory_id": "b14b39fe-4e6c-4b8e-87dd-5d77e0c1391a", "task_id": "task-aacc6eab02d55411c926", "model_version": "scripted-engineering-only"}
{"event": "task_finished", "trajectory_id": "b14b39fe-4e6c-4b8e-87dd-5d77e0c1391a", "task_id": "task-aacc6eab02d55411c926", "model_version": "scripted-engineering-only", "outcome": "refused", "task_success": true}
{"event": "task_started", "trajectory_id": "35bef559-853b-4aab-9465-d8e2f199476b", "task_id": "task-e69eb5bbc48e257eaed9", "model_version": "scripted-engineering-only"}
{"event": "task_finished", "trajectory_id": "35bef559-853b-4aab-9465-d8e2f199476b", "task_id": "task-e69eb5bbc48e257eaed9", "model_version": "scripted-engineering-only", "outcome": "refused", "task_success": true}
{"event": "task_started", "trajectory_id": "0e9a52d8-698d-46cf-850e-f7a0128c69fe", "task_id": "task-d218b76a549bb71d32a3", "model_version": "scripted-engineering-only"}
{"event": "task_finished", "trajectory_id": "0e9a52d8-698d-46cf-850e-f7a0128c69fe", "task_id": "task-d218b76a549bb71d32a3", "model_version": "scripted-engineering-only", "outcome": "escalated", "task_success": true}
{"event": "task_started", "trajectory_id": "91a89053-23cc-4b7f-b8d2-f61a98a228bf", "task_id": "task-399f80239f711ea5d908", "model_version": "scripted-engineering-only"}
{"event": "task_finished", "trajectory_id": "91a89053-23cc-4b7f-b8d2-f61a98a228bf", "task_id": "task-399f80239f711ea5d908", "model_version": "scripted-engineering-only", "outcome": "escalated", "task_success": true}
{"event": "task_started", "trajectory_id": "cfa30f7c-3a51-422d-b962-322bd415d232", "task_id": "task-59a584317a710f1deb73", "model_version": "scripted-engineering-only"}
{"event": "task_finished", "trajectory_id": "cfa30f7c-3a51-422d-b962-322bd415d232", "task_id": "task-59a584317a710f1deb73", "model_version": "scripted-engineering-only", "outcome": "escalated", "task_success": true}
{"event": "task_started", "trajectory_id": "031563d8-893f-4ff0-918b-0e6082328556", "task_id": "task-f72263adb1c1d420111e", "model_version": "scripted-engineering-only"}
{"event": "task_finished", "trajectory_id": "031563d8-893f-4ff0-918b-0e6082328556", "task_id": "task-f72263adb1c1d420111e", "model_version": "scripted-engineering-only", "outcome": "escalated", "task_success": true}
{"event": "task_started", "trajectory_id": "834a048b-e65e-4748-b8f1-d8d49fd33b4d", "task_id": "task-90c1813085f31f5299b3", "model_version": "scripted-engineering-only"}
{"event": "task_finished", "trajectory_id": "834a048b-e65e-4748-b8f1-d8d49fd33b4d", "task_id": "task-90c1813085f31f5299b3", "model_version": "scripted-engineering-only", "outcome": "escalated", "task_success": true}
{"event": "task_started", "trajectory_id": "22468920-1766-4cc3-ac93-c69eeb79b536", "task_id": "task-c31ed15c43fec69b21d0", "model_version": "scripted-engineering-only"}
{"event": "task_finished", "trajectory_id": "22468920-1766-4cc3-ac93-c69eeb79b536", "task_id": "task-c31ed15c43fec69b21d0", "model_version": "scripted-engineering-only", "outcome": "escalated", "task_success": true}
{"event": "task_started", "trajectory_id": "fd98de6b-d841-4336-8376-536b4c01b670", "task_id": "task-c4da3551dcd0c1e6d1bc", "model_version": "scripted-engineering-only"}
{"event": "task_finished", "trajectory_id": "fd98de6b-d841-4336-8376-536b4c01b670", "task_id": "task-c4da3551dcd0c1e6d1bc", "model_version": "scripted-engineering-only", "outcome": "completed", "task_success": true}
{"event": "task_started", "trajectory_id": "9c2872a8-cee0-4fb3-a2de-9918a210b810", "task_id": "task-d573e068640729f6fc0c", "model_version": "scripted-engineering-only"}
{"event": "task_finished", "trajectory_id": "9c2872a8-cee0-4fb3-a2de-9918a210b810", "task_id": "task-d573e068640729f6fc0c", "model_version": "scripted-engineering-only", "outcome": "completed", "task_success": true}
{"event": "task_started", "trajectory_id": "e39eab74-cd50-45ba-a57e-c2613c6dfe1b", "task_id": "task-5451f40b657f5bfdccbc", "model_version": "scripted-engineering-only"}
{"event": "task_finished", "trajectory_id": "e39eab74-cd50-45ba-a57e-c2613c6dfe1b", "task_id": "task-5451f40b657f5bfdccbc", "model_version": "scripted-engineering-only", "outcome": "completed", "task_success": true}
{"event": "task_started", "trajectory_id": "1d12d2fa-1e51-42aa-9ff5-93a84ef6fea3", "task_id": "task-d71f713e079ab5c2b330", "model_version": "scripted-engineering-only"}
{"event": "task_finished", "trajectory_id": "1d12d2fa-1e51-42aa-9ff5-93a84ef6fea3", "task_id": "task-d71f713e079ab5c2b330", "model_version": "scripted-engineering-only", "outcome": "completed", "task_success": true}
{"event": "task_started", "trajectory_id": "48becff6-40cc-4c59-afa0-ffdd92637437", "task_id": "task-aa38b5523e6289961272", "model_version": "scripted-engineering-only"}
{"event": "task_finished", "trajectory_id": "48becff6-40cc-4c59-afa0-ffdd92637437", "task_id": "task-aa38b5523e6289961272", "model_version": "scripted-engineering-only", "outcome": "completed", "task_success": true}
{"event": "task_started", "trajectory_id": "a5fe7aee-59ec-4a35-a863-3b345a36050e", "task_id": "task-45334e54e1889ab54a6c", "model_version": "scripted-engineering-only"}
{"event": "task_finished", "trajectory_id": "a5fe7aee-59ec-4a35-a863-3b345a36050e", "task_id": "task-45334e54e1889ab54a6c", "model_version": "scripted-engineering-only", "outcome": "completed", "task_success": true}
{"event": "task_started", "trajectory_id": "936131f2-80fd-408a-8545-9a2f22c843e6", "task_id": "task-c50d95cdd2eabf3b7e52", "model_version": "scripted-engineering-only"}
{"event": "task_finished", "trajectory_id": "936131f2-80fd-408a-8545-9a2f22c843e6", "task_id": "task-c50d95cdd2eabf3b7e52", "model_version": "scripted-engineering-only", "outcome": "completed", "task_success": true}
{"event": "task_started", "trajectory_id": "e991d93f-be48-461b-ad59-25db9ebbf0a6", "task_id": "task-e730102b9a4395aae8ee", "model_version": "scripted-engineering-only"}
{"event": "task_finished", "trajectory_id": "e991d93f-be48-461b-ad59-25db9ebbf0a6", "task_id": "task-e730102b9a4395aae8ee", "model_version": "scripted-engineering-only", "outcome": "completed", "task_success": true}
{"event": "task_started", "trajectory_id": "975a048d-3f2c-4a22-8d6e-a6ead23dd89b", "task_id": "task-c1422229a8352e1cf4fc", "model_version": "scripted-engineering-only"}
{"event": "task_finished", "trajectory_id": "975a048d-3f2c-4a22-8d6e-a6ead23dd89b", "task_id": "task-c1422229a8352e1cf4fc", "model_version": "scripted-engineering-only", "outcome": "completed", "task_success": true}
{"event": "task_started", "trajectory_id": "f33f75a5-a920-41d6-8c53-efba3cae2918", "task_id": "task-f67587394339c41f909c", "model_version": "scripted-engineering-only"}
{"event": "task_finished", "trajectory_id": "f33f75a5-a920-41d6-8c53-efba3cae2918", "task_id": "task-f67587394339c41f909c", "model_version": "scripted-engineering-only", "outcome": "refused", "task_success": true}
{"event": "task_started", "trajectory_id": "94be9c33-8d61-4a4a-978a-600a2e862f43", "task_id": "task-b2e0e6a52eb4cbe28b57", "model_version": "scripted-engineering-only"}
{"event": "task_finished", "trajectory_id": "94be9c33-8d61-4a4a-978a-600a2e862f43", "task_id": "task-b2e0e6a52eb4cbe28b57", "model_version": "scripted-engineering-only", "outcome": "refused", "task_success": true}
{"event": "task_started", "trajectory_id": "729fc24f-2ee7-4a33-b9c2-a23cf3c7472c", "task_id": "task-271e4f001bfbec4ba37f", "model_version": "scripted-engineering-only"}
{"event": "task_finished", "trajectory_id": "729fc24f-2ee7-4a33-b9c2-a23cf3c7472c", "task_id": "task-271e4f001bfbec4ba37f", "model_version": "scripted-engineering-only", "outcome": "refused", "task_success": true}
{"event": "task_started", "trajectory_id": "32576173-4f7b-4e8b-84d8-da3e4cb1ed07", "task_id": "task-f476ba5bc12924d9bc6b", "model_version": "scripted-engineering-only"}
{"event": "task_finished", "trajectory_id": "32576173-4f7b-4e8b-84d8-da3e4cb1ed07", "task_id": "task-f476ba5bc12924d9bc6b", "model_version": "scripted-engineering-only", "outcome": "refused", "task_success": true}
{"event": "task_started", "trajectory_id": "773f20c6-7997-4476-ba81-f91b5021f7ff", "task_id": "task-5eb647be1fe8d553a68b", "model_version": "scripted-engineering-only"}
{"event": "task_finished", "trajectory_id": "773f20c6-7997-4476-ba81-f91b5021f7ff", "task_id": "task-5eb647be1fe8d553a68b", "model_version": "scripted-engineering-only", "outcome": "refused", "task_success": true}
{"event": "task_started", "trajectory_id": "6d67565a-9455-4afe-8a79-317d4f2130b9", "task_id": "task-07a2025d71ee061f3bd2", "model_version": "scripted-engineering-only"}
{"event": "task_finished", "trajectory_id": "6d67565a-9455-4afe-8a79-317d4f2130b9", "task_id": "task-07a2025d71ee061f3bd2", "model_version": "scripted-engineering-only", "outcome": "refused", "task_success": true}
{"event": "task_started", "trajectory_id": "3e9a9fe2-4565-4aa6-9f11-c346c8a665cd", "task_id": "task-a48da85fc162e85f19e2", "model_version": "scripted-engineering-only"}
{"event": "task_finished", "trajectory_id": "3e9a9fe2-4565-4aa6-9f11-c346c8a665cd", "task_id": "task-a48da85fc162e85f19e2", "model_version": "scripted-engineering-only", "outcome": "escalated", "task_success": true}
{"event": "task_started", "trajectory_id": "1f9ce437-a37a-46c9-a9a4-d8708da89139", "task_id": "task-06b8d71a2bcb3273229e", "model_version": "scripted-engineering-only"}
{"event": "task_finished", "trajectory_id": "1f9ce437-a37a-46c9-a9a4-d8708da89139", "task_id": "task-06b8d71a2bcb3273229e", "model_version": "scripted-engineering-only", "outcome": "escalated", "task_success": true}
{"event": "task_started", "trajectory_id": "3e5f3137-b5dc-4d1d-9e96-c2b5fb5e3674", "task_id": "task-a54dafe4b4e3bb62483d", "model_version": "scripted-engineering-only"}
{"event": "task_finished", "trajectory_id": "3e5f3137-b5dc-4d1d-9e96-c2b5fb5e3674", "task_id": "task-a54dafe4b4e3bb62483d", "model_version": "scripted-engineering-only", "outcome": "escalated", "task_success": true}
{"event": "task_started", "trajectory_id": "7c6a829f-5fa0-4d21-a3c3-2fc711e9559c", "task_id": "task-965bab023d996aea99f2", "model_version": "scripted-engineering-only"}
{"event": "task_finished", "trajectory_id": "7c6a829f-5fa0-4d21-a3c3-2fc711e9559c", "task_id": "task-965bab023d996aea99f2", "model_version": "scripted-engineering-only", "outcome": "completed", "task_success": true}
{"event": "task_started", "trajectory_id": "7f55c2c2-ea6e-4d5a-922d-1c9fbd71efeb", "task_id": "task-eba00923d594244d8a50", "model_version": "scripted-engineering-only"}
{"event": "task_finished", "trajectory_id": "7f55c2c2-ea6e-4d5a-922d-1c9fbd71efeb", "task_id": "task-eba00923d594244d8a50", "model_version": "scripted-engineering-only", "outcome": "completed", "task_success": true}
{"event": "task_started", "trajectory_id": "80f6ce64-0524-46a7-8618-d50de416d584", "task_id": "task-2d745d5735989f513472", "model_version": "scripted-engineering-only"}
{"event": "task_finished", "trajectory_id": "80f6ce64-0524-46a7-8618-d50de416d584", "task_id": "task-2d745d5735989f513472", "model_version": "scripted-engineering-only", "outcome": "completed", "task_success": true}
{"event": "task_started", "trajectory_id": "99377712-9442-4139-ad7b-89bc87331e55", "task_id": "task-adce80fcd242644af3be", "model_version": "scripted-engineering-only"}
{"event": "task_finished", "trajectory_id": "99377712-9442-4139-ad7b-89bc87331e55", "task_id": "task-adce80fcd242644af3be", "model_version": "scripted-engineering-only", "outcome": "escalated", "task_success": true}
{"event": "task_started", "trajectory_id": "3351a3f9-567b-4a94-9ce5-8ac5683e75b0", "task_id": "task-a3b7dfcd02ab8da95ef8", "model_version": "scripted-engineering-only"}
{"event": "task_finished", "trajectory_id": "3351a3f9-567b-4a94-9ce5-8ac5683e75b0", "task_id": "task-a3b7dfcd02ab8da95ef8", "model_version": "scripted-engineering-only", "outcome": "escalated", "task_success": true}
{"event": "task_started", "trajectory_id": "4952c1eb-edc5-48be-9570-0b1ab888ff80", "task_id": "task-0186019e3d73611b86a1", "model_version": "scripted-engineering-only"}
{"event": "task_finished", "trajectory_id": "4952c1eb-edc5-48be-9570-0b1ab888ff80", "task_id": "task-0186019e3d73611b86a1", "model_version": "scripted-engineering-only", "outcome": "escalated", "task_success": true}
{"event": "task_started", "trajectory_id": "3e6f2822-44e7-4286-b120-d380dca53dcf", "task_id": "task-734d5b0d34d0656564ee", "model_version": "scripted-engineering-only"}
{"event": "task_finished", "trajectory_id": "3e6f2822-44e7-4286-b120-d380dca53dcf", "task_id": "task-734d5b0d34d0656564ee", "model_version": "scripted-engineering-only", "outcome": "escalated", "task_success": true}
{"event": "task_started", "trajectory_id": "e98c290e-9df3-4e47-9095-1babb296dae6", "task_id": "task-5dceefde9e586fb8376a", "model_version": "scripted-engineering-only"}
{"event": "task_finished", "trajectory_id": "e98c290e-9df3-4e47-9095-1babb296dae6", "task_id": "task-5dceefde9e586fb8376a", "model_version": "scripted-engineering-only", "outcome": "escalated", "task_success": true}
{"event": "task_started", "trajectory_id": "821bd66e-55d3-4fd4-9034-5ce8f9ff1349", "task_id": "task-ad1e786facf608c440ac", "model_version": "scripted-engineering-only"}
{"event": "task_finished", "trajectory_id": "821bd66e-55d3-4fd4-9034-5ce8f9ff1349", "task_id": "task-ad1e786facf608c440ac", "model_version": "scripted-engineering-only", "outcome": "escalated", "task_success": true}
{"event": "task_started", "trajectory_id": "469d0f2f-5bb6-4237-955f-82403e7f2278", "task_id": "task-bb68b21999ce552f5ffc", "model_version": "scripted-engineering-only"}
{"event": "task_finished", "trajectory_id": "469d0f2f-5bb6-4237-955f-82403e7f2278", "task_id": "task-bb68b21999ce552f5ffc", "model_version": "scripted-engineering-only", "outcome": "completed", "task_success": true}
{"event": "task_started", "trajectory_id": "0a6f934f-56d2-4f68-acf0-4a4713bf13e5", "task_id": "task-a1d394ba1d073d7a2eaa", "model_version": "scripted-engineering-only"}
{"event": "task_finished", "trajectory_id": "0a6f934f-56d2-4f68-acf0-4a4713bf13e5", "task_id": "task-a1d394ba1d073d7a2eaa", "model_version": "scripted-engineering-only", "outcome": "completed", "task_success": true}
{"event": "task_started", "trajectory_id": "f34e1642-3114-4287-8d75-aafc0cb728de", "task_id": "task-edb462866dbadf5ed77c", "model_version": "scripted-engineering-only"}
{"event": "task_finished", "trajectory_id": "f34e1642-3114-4287-8d75-aafc0cb728de", "task_id": "task-edb462866dbadf5ed77c", "model_version": "scripted-engineering-only", "outcome": "completed", "task_success": true}
{"event": "task_started", "trajectory_id": "aa811e3c-4d34-4911-a468-f8ea20979e26", "task_id": "task-6dfee218765c8a8ccb03", "model_version": "scripted-engineering-only"}
{"event": "task_finished", "trajectory_id": "aa811e3c-4d34-4911-a468-f8ea20979e26", "task_id": "task-6dfee218765c8a8ccb03", "model_version": "scripted-engineering-only", "outcome": "completed", "task_success": true}
{"event": "task_started", "trajectory_id": "174b0534-7c55-4fed-b882-b68fd2802bff", "task_id": "task-7b7e1c638fa73fcdc0cb", "model_version": "scripted-engineering-only"}
{"event": "task_finished", "trajectory_id": "174b0534-7c55-4fed-b882-b68fd2802bff", "task_id": "task-7b7e1c638fa73fcdc0cb", "model_version": "scripted-engineering-only", "outcome": "completed", "task_success": true}
{"event": "task_started", "trajectory_id": "6647443e-6c10-4343-b50b-08dbe926d1e0", "task_id": "task-30eeea5e7635d5b1ecb1", "model_version": "scripted-engineering-only"}
{"event": "task_finished", "trajectory_id": "6647443e-6c10-4343-b50b-08dbe926d1e0", "task_id": "task-30eeea5e7635d5b1ecb1", "model_version": "scripted-engineering-only", "outcome": "completed", "task_success": true}
{"event": "task_started", "trajectory_id": "f99c8dc5-1ccb-4c26-89f9-7287f82bc9d9", "task_id": "task-d1dddd10b1af24b04d3e", "model_version": "scripted-engineering-only"}
{"event": "task_finished", "trajectory_id": "f99c8dc5-1ccb-4c26-89f9-7287f82bc9d9", "task_id": "task-d1dddd10b1af24b04d3e", "model_version": "scripted-engineering-only", "outcome": "escalated", "task_success": true}
{"event": "task_started", "trajectory_id": "cb9e4b6c-6555-4dc9-bd88-60b0cc3e3df8", "task_id": "task-afbdfb29b194d7db817e", "model_version": "scripted-engineering-only"}
{"event": "task_finished", "trajectory_id": "cb9e4b6c-6555-4dc9-bd88-60b0cc3e3df8", "task_id": "task-afbdfb29b194d7db817e", "model_version": "scripted-engineering-only", "outcome": "escalated", "task_success": true}
{"event": "task_started", "trajectory_id": "00f4334e-5956-4eee-b836-2f4a19922f9e", "task_id": "task-1cb1631bb12620637a56", "model_version": "scripted-engineering-only"}
{"event": "task_finished", "trajectory_id": "00f4334e-5956-4eee-b836-2f4a19922f9e", "task_id": "task-1cb1631bb12620637a56", "model_version": "scripted-engineering-only", "outcome": "escalated", "task_success": true}
{"event": "task_started", "trajectory_id": "bf34d004-ad18-46c8-b898-d35ecc25351e", "task_id": "task-86bd6cb9106510ea039f", "model_version": "scripted-engineering-only"}
{"event": "task_finished", "trajectory_id": "bf34d004-ad18-46c8-b898-d35ecc25351e", "task_id": "task-86bd6cb9106510ea039f", "model_version": "scripted-engineering-only", "outcome": "escalated", "task_success": true}
{"event": "task_started", "trajectory_id": "a42dbb00-195a-4159-bfd8-eb549912c524", "task_id": "task-28acc947e09e78444ad1", "model_version": "scripted-engineering-only"}
{"event": "task_finished", "trajectory_id": "a42dbb00-195a-4159-bfd8-eb549912c524", "task_id": "task-28acc947e09e78444ad1", "model_version": "scripted-engineering-only", "outcome": "escalated", "task_success": true}
{"event": "task_started", "trajectory_id": "6077601f-c531-4e63-bb4b-a7bea2baa830", "task_id": "task-398eead64c3eeb871099", "model_version": "scripted-engineering-only"}
{"event": "task_finished", "trajectory_id": "6077601f-c531-4e63-bb4b-a7bea2baa830", "task_id": "task-398eead64c3eeb871099", "model_version": "scripted-engineering-only", "outcome": "escalated", "task_success": true}
{"event": "task_started", "trajectory_id": "c60d8b80-0dd5-4928-968f-4949f384988d", "task_id": "task-80544b2a08bd57e8e768", "model_version": "scripted-engineering-only"}
{"event": "task_finished", "trajectory_id": "c60d8b80-0dd5-4928-968f-4949f384988d", "task_id": "task-80544b2a08bd57e8e768", "model_version": "scripted-engineering-only", "outcome": "completed", "task_success": true}
{"event": "task_started", "trajectory_id": "ef094698-b5f8-4107-bea5-db4a5a5b4c06", "task_id": "task-673dbc9dd8f247601722", "model_version": "scripted-engineering-only"}
{"event": "task_finished", "trajectory_id": "ef094698-b5f8-4107-bea5-db4a5a5b4c06", "task_id": "task-673dbc9dd8f247601722", "model_version": "scripted-engineering-only", "outcome": "completed", "task_success": true}
{"event": "task_started", "trajectory_id": "e8c62901-bc8d-4d7c-9ed2-5573cee77505", "task_id": "task-ed359ba55106b09d8847", "model_version": "scripted-engineering-only"}
{"event": "task_finished", "trajectory_id": "e8c62901-bc8d-4d7c-9ed2-5573cee77505", "task_id": "task-ed359ba55106b09d8847", "model_version": "scripted-engineering-only", "outcome": "completed", "task_success": true}
{"event": "task_started", "trajectory_id": "94979694-4c75-416b-9694-9a18d5aaa6ae", "task_id": "task-292ef81ae14a36c27b3f", "model_version": "scripted-engineering-only"}
{"event": "task_finished", "trajectory_id": "94979694-4c75-416b-9694-9a18d5aaa6ae", "task_id": "task-292ef81ae14a36c27b3f", "model_version": "scripted-engineering-only", "outcome": "refused", "task_success": true}
{"event": "task_started", "trajectory_id": "81296906-3156-493d-aa6b-5c4dc8705f8e", "task_id": "task-5a00f3a9d86cd9d6c54d", "model_version": "scripted-engineering-only"}
{"event": "task_finished", "trajectory_id": "81296906-3156-493d-aa6b-5c4dc8705f8e", "task_id": "task-5a00f3a9d86cd9d6c54d", "model_version": "scripted-engineering-only", "outcome": "refused", "task_success": true}
{"event": "task_started", "trajectory_id": "9edcb04e-2fe1-46ca-9e70-83ad0a2943c6", "task_id": "task-3b9ce844f270fdf7774d", "model_version": "scripted-engineering-only"}
{"event": "task_finished", "trajectory_id": "9edcb04e-2fe1-46ca-9e70-83ad0a2943c6", "task_id": "task-3b9ce844f270fdf7774d", "model_version": "scripted-engineering-only", "outcome": "refused", "task_success": true}
{"event": "task_started", "trajectory_id": "99a74d1c-1ecc-4414-8d64-a5cb8b6cb5e6", "task_id": "task-f9ea9ef01353b4b68e96", "model_version": "scripted-engineering-only"}
{"event": "task_finished", "trajectory_id": "99a74d1c-1ecc-4414-8d64-a5cb8b6cb5e6", "task_id": "task-f9ea9ef01353b4b68e96", "model_version": "scripted-engineering-only", "outcome": "refused", "task_success": true}
{"event": "task_started", "trajectory_id": "da1dd8ca-27ed-4d38-bd5a-0523e62ccfde", "task_id": "task-98171245bbd786a1517a", "model_version": "scripted-engineering-only"}
{"event": "task_finished", "trajectory_id": "da1dd8ca-27ed-4d38-bd5a-0523e62ccfde", "task_id": "task-98171245bbd786a1517a", "model_version": "scripted-engineering-only", "outcome": "refused", "task_success": true}
{"event": "task_started", "trajectory_id": "c155f714-3d90-424c-b6a9-9e4565ee011e", "task_id": "task-097a2cdd49eb7039eeda", "model_version": "scripted-engineering-only"}
{"event": "task_finished", "trajectory_id": "c155f714-3d90-424c-b6a9-9e4565ee011e", "task_id": "task-097a2cdd49eb7039eeda", "model_version": "scripted-engineering-only", "outcome": "refused", "task_success": true}
{"event": "task_started", "trajectory_id": "296389a7-e3c9-4def-9d5e-62af1a3e2257", "task_id": "task-dc45c35c4539665fa28a", "model_version": "scripted-engineering-only"}
{"event": "task_finished", "trajectory_id": "296389a7-e3c9-4def-9d5e-62af1a3e2257", "task_id": "task-dc45c35c4539665fa28a", "model_version": "scripted-engineering-only", "outcome": "escalated", "task_success": true}
{"event": "task_started", "trajectory_id": "e952e44f-da7b-413a-a1be-02b81b1d0804", "task_id": "task-012721fdabc6938bfdb4", "model_version": "scripted-engineering-only"}
{"event": "task_finished", "trajectory_id": "e952e44f-da7b-413a-a1be-02b81b1d0804", "task_id": "task-012721fdabc6938bfdb4", "model_version": "scripted-engineering-only", "outcome": "escalated", "task_success": true}
{"event": "task_started", "trajectory_id": "cf0d27ba-3ccf-44ff-a950-14562352a61d", "task_id": "task-7e2db9056f851620b578", "model_version": "scripted-engineering-only"}
{"event": "task_finished", "trajectory_id": "cf0d27ba-3ccf-44ff-a950-14562352a61d", "task_id": "task-7e2db9056f851620b578", "model_version": "scripted-engineering-only", "outcome": "escalated", "task_success": true}
{"event": "task_started", "trajectory_id": "c0798a5d-9f21-4188-878e-df57de5eed14", "task_id": "task-56d11969bbac661ba221", "model_version": "scripted-engineering-only"}
{"event": "task_finished", "trajectory_id": "c0798a5d-9f21-4188-878e-df57de5eed14", "task_id": "task-56d11969bbac661ba221", "model_version": "scripted-engineering-only", "outcome": "refused", "task_success": true}
{"event": "task_started", "trajectory_id": "c216ff5a-5137-40ca-ab34-12ab74627818", "task_id": "task-87d7c7fe1cf3dca74c72", "model_version": "scripted-engineering-only"}
{"event": "task_finished", "trajectory_id": "c216ff5a-5137-40ca-ab34-12ab74627818", "task_id": "task-87d7c7fe1cf3dca74c72", "model_version": "scripted-engineering-only", "outcome": "refused", "task_success": true}
{"event": "task_started", "trajectory_id": "647f2213-2723-4a13-b8ea-d166e2f98667", "task_id": "task-31dce11192d72a14cb25", "model_version": "scripted-engineering-only"}
{"event": "task_finished", "trajectory_id": "647f2213-2723-4a13-b8ea-d166e2f98667", "task_id": "task-31dce11192d72a14cb25", "model_version": "scripted-engineering-only", "outcome": "refused", "task_success": true}
{"event": "task_started", "trajectory_id": "130d99e8-9623-43a0-826c-00ed33b6e284", "task_id": "task-c9c2d9c2d23545eb0e36", "model_version": "scripted-engineering-only"}
{"event": "task_finished", "trajectory_id": "130d99e8-9623-43a0-826c-00ed33b6e284", "task_id": "task-c9c2d9c2d23545eb0e36", "model_version": "scripted-engineering-only", "outcome": "refused", "task_success": true}
{"event": "task_started", "trajectory_id": "2d6b5de5-bc99-4a19-9a78-bece7b6564a8", "task_id": "task-9f2dbc26618598f23b3d", "model_version": "scripted-engineering-only"}
{"event": "task_finished", "trajectory_id": "2d6b5de5-bc99-4a19-9a78-bece7b6564a8", "task_id": "task-9f2dbc26618598f23b3d", "model_version": "scripted-engineering-only", "outcome": "refused", "task_success": true}
{"event": "task_started", "trajectory_id": "b697334d-29c2-48b1-9b6c-0d0f9f934df1", "task_id": "task-ba01b87f8d3c2b2a0a9d", "model_version": "scripted-engineering-only"}
{"event": "task_finished", "trajectory_id": "b697334d-29c2-48b1-9b6c-0d0f9f934df1", "task_id": "task-ba01b87f8d3c2b2a0a9d", "model_version": "scripted-engineering-only", "outcome": "refused", "task_success": true}
{"event": "task_started", "trajectory_id": "6150f06d-5d87-47a6-b193-d48734fb90b1", "task_id": "task-bdd32dbdec43e2d790e2", "model_version": "scripted-engineering-only"}
{"event": "task_finished", "trajectory_id": "6150f06d-5d87-47a6-b193-d48734fb90b1", "task_id": "task-bdd32dbdec43e2d790e2", "model_version": "scripted-engineering-only", "outcome": "escalated", "task_success": true}
{"event": "task_started", "trajectory_id": "8b8c7a6c-f965-4025-83d6-fbeef071aef6", "task_id": "task-abd88aed3619fa1f2adb", "model_version": "scripted-engineering-only"}
{"event": "task_finished", "trajectory_id": "8b8c7a6c-f965-4025-83d6-fbeef071aef6", "task_id": "task-abd88aed3619fa1f2adb", "model_version": "scripted-engineering-only", "outcome": "escalated", "task_success": true}
{"event": "task_started", "trajectory_id": "9b0d85e6-af6c-411f-85b6-50f11d8b9201", "task_id": "task-3679379ac0a63d0c5798", "model_version": "scripted-engineering-only"}
{"event": "task_finished", "trajectory_id": "9b0d85e6-af6c-411f-85b6-50f11d8b9201", "task_id": "task-3679379ac0a63d0c5798", "model_version": "scripted-engineering-only", "outcome": "escalated", "task_success": true}
{"event": "task_started", "trajectory_id": "4fd58856-451a-4570-ac49-bffc06e9f409", "task_id": "task-ec729be391c4a34fe297", "model_version": "scripted-engineering-only"}
{"event": "task_finished", "trajectory_id": "4fd58856-451a-4570-ac49-bffc06e9f409", "task_id": "task-ec729be391c4a34fe297", "model_version": "scripted-engineering-only", "outcome": "completed", "task_success": true}
{"event": "task_started", "trajectory_id": "807692b6-b848-456d-a32d-a7738e7d31a2", "task_id": "task-b453a658279db88de3c0", "model_version": "scripted-engineering-only"}
{"event": "task_finished", "trajectory_id": "807692b6-b848-456d-a32d-a7738e7d31a2", "task_id": "task-b453a658279db88de3c0", "model_version": "scripted-engineering-only", "outcome": "completed", "task_success": true}
{"event": "task_started", "trajectory_id": "a8900230-62f6-4763-91b7-869a491fecf3", "task_id": "task-97af2e092bbdb911a25a", "model_version": "scripted-engineering-only"}
{"event": "task_finished", "trajectory_id": "a8900230-62f6-4763-91b7-869a491fecf3", "task_id": "task-97af2e092bbdb911a25a", "model_version": "scripted-engineering-only", "outcome": "completed", "task_success": true}
{"event": "task_started", "trajectory_id": "8b8d792a-e966-42d0-9654-d429e29a0337", "task_id": "task-0724fc5648935c3d16ba", "model_version": "scripted-engineering-only"}
{"event": "task_finished", "trajectory_id": "8b8d792a-e966-42d0-9654-d429e29a0337", "task_id": "task-0724fc5648935c3d16ba", "model_version": "scripted-engineering-only", "outcome": "escalated", "task_success": true}
{"event": "task_started", "trajectory_id": "078256a4-397f-4f19-8a6d-a364d355f91c", "task_id": "task-674a4080fd2f0382b598", "model_version": "scripted-engineering-only"}
{"event": "task_finished", "trajectory_id": "078256a4-397f-4f19-8a6d-a364d355f91c", "task_id": "task-674a4080fd2f0382b598", "model_version": "scripted-engineering-only", "outcome": "escalated", "task_success": true}
{"event": "task_started", "trajectory_id": "aa1b10b2-e040-475b-860f-4a7dcd65d64c", "task_id": "task-3feda8a21f9775e1db88", "model_version": "scripted-engineering-only"}
{"event": "task_finished", "trajectory_id": "aa1b10b2-e040-475b-860f-4a7dcd65d64c", "task_id": "task-3feda8a21f9775e1db88", "model_version": "scripted-engineering-only", "outcome": "escalated", "task_success": true}
{"event": "task_started", "trajectory_id": "3aa0e661-5ce5-4938-996d-22ccb996575c", "task_id": "task-0e084016f0ee902062e6", "model_version": "scripted-engineering-only"}
{"event": "task_finished", "trajectory_id": "3aa0e661-5ce5-4938-996d-22ccb996575c", "task_id": "task-0e084016f0ee902062e6", "model_version": "scripted-engineering-only", "outcome": "completed", "task_success": true}
{"event": "task_started", "trajectory_id": "cbccfaa3-425d-4ac9-beb3-9dc656a7f42c", "task_id": "task-4c6c1f9967c096b34002", "model_version": "scripted-engineering-only"}
{"event": "task_finished", "trajectory_id": "cbccfaa3-425d-4ac9-beb3-9dc656a7f42c", "task_id": "task-4c6c1f9967c096b34002", "model_version": "scripted-engineering-only", "outcome": "completed", "task_success": true}
{"event": "task_started", "trajectory_id": "3f76d141-a726-4d34-b6b6-c518863260f7", "task_id": "task-5d8affbfbc38c6af2a55", "model_version": "scripted-engineering-only"}
{"event": "task_finished", "trajectory_id": "3f76d141-a726-4d34-b6b6-c518863260f7", "task_id": "task-5d8affbfbc38c6af2a55", "model_version": "scripted-engineering-only", "outcome": "completed", "task_success": true}
{"event": "task_started", "trajectory_id": "1cf558f6-be54-446f-9d22-7c2266f92126", "task_id": "task-705ae2b6a38ee732fcb6", "model_version": "scripted-engineering-only"}
{"event": "task_finished", "trajectory_id": "1cf558f6-be54-446f-9d22-7c2266f92126", "task_id": "task-705ae2b6a38ee732fcb6", "model_version": "scripted-engineering-only", "outcome": "refused", "task_success": true}
{"event": "task_started", "trajectory_id": "66f5d71d-d0cf-4ea7-821b-76999d46e7bc", "task_id": "task-aacc6eab02d55411c926", "model_version": "scripted-engineering-only"}
{"event": "task_finished", "trajectory_id": "66f5d71d-d0cf-4ea7-821b-76999d46e7bc", "task_id": "task-aacc6eab02d55411c926", "model_version": "scripted-engineering-only", "outcome": "refused", "task_success": true}
{"event": "task_started", "trajectory_id": "8d9efea6-ea4b-482e-9c26-a0a235317d09", "task_id": "task-e69eb5bbc48e257eaed9", "model_version": "scripted-engineering-only"}
{"event": "task_finished", "trajectory_id": "8d9efea6-ea4b-482e-9c26-a0a235317d09", "task_id": "task-e69eb5bbc48e257eaed9", "model_version": "scripted-engineering-only", "outcome": "refused", "task_success": true}
{"event": "task_started", "trajectory_id": "a1bf1d5e-aacd-4616-824a-30f5c3e57799", "task_id": "task-d218b76a549bb71d32a3", "model_version": "scripted-engineering-only"}
{"event": "task_finished", "trajectory_id": "a1bf1d5e-aacd-4616-824a-30f5c3e57799", "task_id": "task-d218b76a549bb71d32a3", "model_version": "scripted-engineering-only", "outcome": "escalated", "task_success": true}
{"event": "task_started", "trajectory_id": "9e6e3a39-26a8-4ea9-9870-18d4d31ae423", "task_id": "task-399f80239f711ea5d908", "model_version": "scripted-engineering-only"}
{"event": "task_finished", "trajectory_id": "9e6e3a39-26a8-4ea9-9870-18d4d31ae423", "task_id": "task-399f80239f711ea5d908", "model_version": "scripted-engineering-only", "outcome": "escalated", "task_success": true}
{"event": "task_started", "trajectory_id": "e21b995d-75c0-4f4b-a454-5aa40685dbbd", "task_id": "task-59a584317a710f1deb73", "model_version": "scripted-engineering-only"}
{"event": "task_finished", "trajectory_id": "e21b995d-75c0-4f4b-a454-5aa40685dbbd", "task_id": "task-59a584317a710f1deb73", "model_version": "scripted-engineering-only", "outcome": "escalated", "task_success": true}
{"event": "task_started", "trajectory_id": "484749e2-3756-4a33-ad46-8659ce403974", "task_id": "task-f72263adb1c1d420111e", "model_version": "scripted-engineering-only"}
{"event": "task_finished", "trajectory_id": "484749e2-3756-4a33-ad46-8659ce403974", "task_id": "task-f72263adb1c1d420111e", "model_version": "scripted-engineering-only", "outcome": "escalated", "task_success": true}
{"event": "task_started", "trajectory_id": "49876d3e-a2eb-42dd-8d57-75cde63c1b7a", "task_id": "task-90c1813085f31f5299b3", "model_version": "scripted-engineering-only"}
{"event": "task_finished", "trajectory_id": "49876d3e-a2eb-42dd-8d57-75cde63c1b7a", "task_id": "task-90c1813085f31f5299b3", "model_version": "scripted-engineering-only", "outcome": "escalated", "task_success": true}
{"event": "task_started", "trajectory_id": "28e0bf2d-4958-434d-8037-702ae86cf9aa", "task_id": "task-c31ed15c43fec69b21d0", "model_version": "scripted-engineering-only"}
{"event": "task_finished", "trajectory_id": "28e0bf2d-4958-434d-8037-702ae86cf9aa", "task_id": "task-c31ed15c43fec69b21d0", "model_version": "scripted-engineering-only", "outcome": "escalated", "task_success": true}
{"event": "task_started", "trajectory_id": "02e9a528-7b24-4670-af50-5a3a8a4602cc", "task_id": "task-c4da3551dcd0c1e6d1bc", "model_version": "scripted-engineering-only"}
{"event": "task_finished", "trajectory_id": "02e9a528-7b24-4670-af50-5a3a8a4602cc", "task_id": "task-c4da3551dcd0c1e6d1bc", "model_version": "scripted-engineering-only", "outcome": "completed", "task_success": true}
{"event": "task_started", "trajectory_id": "503480a5-56e2-4ab5-8e5c-d717088c8acf", "task_id": "task-d573e068640729f6fc0c", "model_version": "scripted-engineering-only"}
{"event": "task_finished", "trajectory_id": "503480a5-56e2-4ab5-8e5c-d717088c8acf", "task_id": "task-d573e068640729f6fc0c", "model_version": "scripted-engineering-only", "outcome": "completed", "task_success": true}
{"event": "task_started", "trajectory_id": "e4fd3272-c2ac-4e3b-877c-ab60ac837857", "task_id": "task-5451f40b657f5bfdccbc", "model_version": "scripted-engineering-only"}
{"event": "task_finished", "trajectory_id": "e4fd3272-c2ac-4e3b-877c-ab60ac837857", "task_id": "task-5451f40b657f5bfdccbc", "model_version": "scripted-engineering-only", "outcome": "completed", "task_success": true}
{"event": "task_started", "trajectory_id": "e4082974-3720-4737-93cf-cff08e20ff9c", "task_id": "task-d71f713e079ab5c2b330", "model_version": "scripted-engineering-only"}
{"event": "task_finished", "trajectory_id": "e4082974-3720-4737-93cf-cff08e20ff9c", "task_id": "task-d71f713e079ab5c2b330", "model_version": "scripted-engineering-only", "outcome": "completed", "task_success": true}
{"event": "task_started", "trajectory_id": "3fde6005-4d92-4cf9-adad-24ba21730693", "task_id": "task-aa38b5523e6289961272", "model_version": "scripted-engineering-only"}
{"event": "task_finished", "trajectory_id": "3fde6005-4d92-4cf9-adad-24ba21730693", "task_id": "task-aa38b5523e6289961272", "model_version": "scripted-engineering-only", "outcome": "completed", "task_success": true}
{"event": "task_started", "trajectory_id": "d8208b89-5ba4-4eca-9c58-bb817a07ddf7", "task_id": "task-45334e54e1889ab54a6c", "model_version": "scripted-engineering-only"}
{"event": "task_finished", "trajectory_id": "d8208b89-5ba4-4eca-9c58-bb817a07ddf7", "task_id": "task-45334e54e1889ab54a6c", "model_version": "scripted-engineering-only", "outcome": "completed", "task_success": true}
{"event": "task_started", "trajectory_id": "556c5c8f-391a-4f8f-ad5e-392c54cead20", "task_id": "task-c50d95cdd2eabf3b7e52", "model_version": "scripted-engineering-only"}
{"event": "task_finished", "trajectory_id": "556c5c8f-391a-4f8f-ad5e-392c54cead20", "task_id": "task-c50d95cdd2eabf3b7e52", "model_version": "scripted-engineering-only", "outcome": "completed", "task_success": true}
{"event": "task_started", "trajectory_id": "f3a85622-d14d-4dca-9aac-49f5f439fc0e", "task_id": "task-e730102b9a4395aae8ee", "model_version": "scripted-engineering-only"}
{"event": "task_finished", "trajectory_id": "f3a85622-d14d-4dca-9aac-49f5f439fc0e", "task_id": "task-e730102b9a4395aae8ee", "model_version": "scripted-engineering-only", "outcome": "completed", "task_success": true}
{"event": "task_started", "trajectory_id": "edfc995a-8396-4494-9e1d-3402a3ad0852", "task_id": "task-c1422229a8352e1cf4fc", "model_version": "scripted-engineering-only"}
{"event": "task_finished", "trajectory_id": "edfc995a-8396-4494-9e1d-3402a3ad0852", "task_id": "task-c1422229a8352e1cf4fc", "model_version": "scripted-engineering-only", "outcome": "completed", "task_success": true}
{"event": "task_started", "trajectory_id": "00af8e50-bac0-4a7c-afd0-92aa988e7bea", "task_id": "task-f67587394339c41f909c", "model_version": "scripted-engineering-only"}
{"event": "task_finished", "trajectory_id": "00af8e50-bac0-4a7c-afd0-92aa988e7bea", "task_id": "task-f67587394339c41f909c", "model_version": "scripted-engineering-only", "outcome": "refused", "task_success": true}
{"event": "task_started", "trajectory_id": "17a4e2b7-96d3-4443-b8aa-8da0cb84964f", "task_id": "task-b2e0e6a52eb4cbe28b57", "model_version": "scripted-engineering-only"}
{"event": "task_finished", "trajectory_id": "17a4e2b7-96d3-4443-b8aa-8da0cb84964f", "task_id": "task-b2e0e6a52eb4cbe28b57", "model_version": "scripted-engineering-only", "outcome": "refused", "task_success": true}
{"event": "task_started", "trajectory_id": "a6d0d359-7bc8-4bf1-935a-d16577d93d9c", "task_id": "task-271e4f001bfbec4ba37f", "model_version": "scripted-engineering-only"}
{"event": "task_finished", "trajectory_id": "a6d0d359-7bc8-4bf1-935a-d16577d93d9c", "task_id": "task-271e4f001bfbec4ba37f", "model_version": "scripted-engineering-only", "outcome": "refused", "task_success": true}
{"event": "task_started", "trajectory_id": "46d8b7d9-0835-4068-b3ce-fe326e4b3ed3", "task_id": "task-f476ba5bc12924d9bc6b", "model_version": "scripted-engineering-only"}
{"event": "task_finished", "trajectory_id": "46d8b7d9-0835-4068-b3ce-fe326e4b3ed3", "task_id": "task-f476ba5bc12924d9bc6b", "model_version": "scripted-engineering-only", "outcome": "refused", "task_success": true}
{"event": "task_started", "trajectory_id": "c069302c-c171-4105-9ea6-4083dedc9f86", "task_id": "task-5eb647be1fe8d553a68b", "model_version": "scripted-engineering-only"}
{"event": "task_finished", "trajectory_id": "c069302c-c171-4105-9ea6-4083dedc9f86", "task_id": "task-5eb647be1fe8d553a68b", "model_version": "scripted-engineering-only", "outcome": "refused", "task_success": true}
{"event": "task_started", "trajectory_id": "f5f7f82e-0603-43d9-9f74-a4bd6d4ec18c", "task_id": "task-07a2025d71ee061f3bd2", "model_version": "scripted-engineering-only"}
{"event": "task_finished", "trajectory_id": "f5f7f82e-0603-43d9-9f74-a4bd6d4ec18c", "task_id": "task-07a2025d71ee061f3bd2", "model_version": "scripted-engineering-only", "outcome": "refused", "task_success": true}
{"event": "task_started", "trajectory_id": "e481126d-d1df-43f3-a1f7-79fd68d4ebb4", "task_id": "task-a48da85fc162e85f19e2", "model_version": "scripted-engineering-only"}
{"event": "task_finished", "trajectory_id": "e481126d-d1df-43f3-a1f7-79fd68d4ebb4", "task_id": "task-a48da85fc162e85f19e2", "model_version": "scripted-engineering-only", "outcome": "escalated", "task_success": true}
{"event": "task_started", "trajectory_id": "0527eb6d-2eab-4bc1-a482-6ae61a5e8067", "task_id": "task-06b8d71a2bcb3273229e", "model_version": "scripted-engineering-only"}
{"event": "task_finished", "trajectory_id": "0527eb6d-2eab-4bc1-a482-6ae61a5e8067", "task_id": "task-06b8d71a2bcb3273229e", "model_version": "scripted-engineering-only", "outcome": "escalated", "task_success": true}
{"event": "task_started", "trajectory_id": "deee5939-e4ab-436d-9b17-5bcd431a46f7", "task_id": "task-a54dafe4b4e3bb62483d", "model_version": "scripted-engineering-only"}
{"event": "task_finished", "trajectory_id": "deee5939-e4ab-436d-9b17-5bcd431a46f7", "task_id": "task-a54dafe4b4e3bb62483d", "model_version": "scripted-engineering-only", "outcome": "escalated", "task_success": true}
{"event": "task_started", "trajectory_id": "62c32520-8f61-4e2e-86a5-5e77376910c8", "task_id": "task-965bab023d996aea99f2", "model_version": "scripted-engineering-only"}
{"event": "task_finished", "trajectory_id": "62c32520-8f61-4e2e-86a5-5e77376910c8", "task_id": "task-965bab023d996aea99f2", "model_version": "scripted-engineering-only", "outcome": "completed", "task_success": true}
{"event": "task_started", "trajectory_id": "cd103bea-7ec4-4c10-b581-63733c52eb25", "task_id": "task-eba00923d594244d8a50", "model_version": "scripted-engineering-only"}
{"event": "task_finished", "trajectory_id": "cd103bea-7ec4-4c10-b581-63733c52eb25", "task_id": "task-eba00923d594244d8a50", "model_version": "scripted-engineering-only", "outcome": "completed", "task_success": true}
{"event": "task_started", "trajectory_id": "e3208a13-6119-4a82-9e06-d741872ac74a", "task_id": "task-2d745d5735989f513472", "model_version": "scripted-engineering-only"}
{"event": "task_finished", "trajectory_id": "e3208a13-6119-4a82-9e06-d741872ac74a", "task_id": "task-2d745d5735989f513472", "model_version": "scripted-engineering-only", "outcome": "completed", "task_success": true}
{"event": "task_started", "trajectory_id": "535f8636-3da3-43f5-a302-41c3031ebd72", "task_id": "task-adce80fcd242644af3be", "model_version": "scripted-engineering-only"}
{"event": "task_finished", "trajectory_id": "535f8636-3da3-43f5-a302-41c3031ebd72", "task_id": "task-adce80fcd242644af3be", "model_version": "scripted-engineering-only", "outcome": "escalated", "task_success": true}
{"event": "task_started", "trajectory_id": "1fce73ae-c223-438f-ab89-d8645f1c493a", "task_id": "task-a3b7dfcd02ab8da95ef8", "model_version": "scripted-engineering-only"}
{"event": "task_finished", "trajectory_id": "1fce73ae-c223-438f-ab89-d8645f1c493a", "task_id": "task-a3b7dfcd02ab8da95ef8", "model_version": "scripted-engineering-only", "outcome": "escalated", "task_success": true}
{"event": "task_started", "trajectory_id": "213fb07e-e1ac-4e92-bd90-e7c974d74481", "task_id": "task-0186019e3d73611b86a1", "model_version": "scripted-engineering-only"}
{"event": "task_finished", "trajectory_id": "213fb07e-e1ac-4e92-bd90-e7c974d74481", "task_id": "task-0186019e3d73611b86a1", "model_version": "scripted-engineering-only", "outcome": "escalated", "task_success": true}
{"event": "task_started", "trajectory_id": "35c1809a-3dd0-4fbf-813c-e11a4b649846", "task_id": "task-734d5b0d34d0656564ee", "model_version": "scripted-engineering-only"}
{"event": "task_finished", "trajectory_id": "35c1809a-3dd0-4fbf-813c-e11a4b649846", "task_id": "task-734d5b0d34d0656564ee", "model_version": "scripted-engineering-only", "outcome": "escalated", "task_success": true}
{"event": "task_started", "trajectory_id": "875b0c36-dab8-46c7-bd4b-8f66b6e8792a", "task_id": "task-5dceefde9e586fb8376a", "model_version": "scripted-engineering-only"}
{"event": "task_finished", "trajectory_id": "875b0c36-dab8-46c7-bd4b-8f66b6e8792a", "task_id": "task-5dceefde9e586fb8376a", "model_version": "scripted-engineering-only", "outcome": "escalated", "task_success": true}
{"event": "task_started", "trajectory_id": "62a9ed69-b91c-4012-b907-845837fefdee", "task_id": "task-ad1e786facf608c440ac", "model_version": "scripted-engineering-only"}
{"event": "task_finished", "trajectory_id": "62a9ed69-b91c-4012-b907-845837fefdee", "task_id": "task-ad1e786facf608c440ac", "model_version": "scripted-engineering-only", "outcome": "escalated", "task_success": true}
{"event": "task_started", "trajectory_id": "23f6be19-210c-44c2-9b03-051658fc442d", "task_id": "task-bb68b21999ce552f5ffc", "model_version": "scripted-engineering-only"}
{"event": "task_finished", "trajectory_id": "23f6be19-210c-44c2-9b03-051658fc442d", "task_id": "task-bb68b21999ce552f5ffc", "model_version": "scripted-engineering-only", "outcome": "completed", "task_success": true}
{"event": "task_started", "trajectory_id": "4aa2392d-92a3-4848-a555-a05d967453a1", "task_id": "task-a1d394ba1d073d7a2eaa", "model_version": "scripted-engineering-only"}
{"event": "task_finished", "trajectory_id": "4aa2392d-92a3-4848-a555-a05d967453a1", "task_id": "task-a1d394ba1d073d7a2eaa", "model_version": "scripted-engineering-only", "outcome": "completed", "task_success": true}
{"event": "task_started", "trajectory_id": "89530f09-e9bf-4481-b1bc-c573fc238e55", "task_id": "task-edb462866dbadf5ed77c", "model_version": "scripted-engineering-only"}
{"event": "task_finished", "trajectory_id": "89530f09-e9bf-4481-b1bc-c573fc238e55", "task_id": "task-edb462866dbadf5ed77c", "model_version": "scripted-engineering-only", "outcome": "completed", "task_success": true}
{"event": "task_started", "trajectory_id": "f0dfee77-ccec-4f58-a895-95be8f6e44cc", "task_id": "task-6dfee218765c8a8ccb03", "model_version": "scripted-engineering-only"}
{"event": "task_finished", "trajectory_id": "f0dfee77-ccec-4f58-a895-95be8f6e44cc", "task_id": "task-6dfee218765c8a8ccb03", "model_version": "scripted-engineering-only", "outcome": "completed", "task_success": true}
{"event": "task_started", "trajectory_id": "9ea47fc5-4808-4010-9d2d-e16288033ce2", "task_id": "task-7b7e1c638fa73fcdc0cb", "model_version": "scripted-engineering-only"}
{"event": "task_finished", "trajectory_id": "9ea47fc5-4808-4010-9d2d-e16288033ce2", "task_id": "task-7b7e1c638fa73fcdc0cb", "model_version": "scripted-engineering-only", "outcome": "completed", "task_success": true}
{"event": "task_started", "trajectory_id": "eae782b4-1639-41fd-91e3-06548994517f", "task_id": "task-30eeea5e7635d5b1ecb1", "model_version": "scripted-engineering-only"}
{"event": "task_finished", "trajectory_id": "eae782b4-1639-41fd-91e3-06548994517f", "task_id": "task-30eeea5e7635d5b1ecb1", "model_version": "scripted-engineering-only", "outcome": "completed", "task_success": true}
{"event": "task_started", "trajectory_id": "7c856720-1d43-460f-bbf1-988404c1c44d", "task_id": "task-d1dddd10b1af24b04d3e", "model_version": "scripted-engineering-only"}
{"event": "task_finished", "trajectory_id": "7c856720-1d43-460f-bbf1-988404c1c44d", "task_id": "task-d1dddd10b1af24b04d3e", "model_version": "scripted-engineering-only", "outcome": "escalated", "task_success": true}
{"event": "task_started", "trajectory_id": "72391952-5991-4748-96ff-492aa1f332e0", "task_id": "task-afbdfb29b194d7db817e", "model_version": "scripted-engineering-only"}
{"event": "task_finished", "trajectory_id": "72391952-5991-4748-96ff-492aa1f332e0", "task_id": "task-afbdfb29b194d7db817e", "model_version": "scripted-engineering-only", "outcome": "escalated", "task_success": true}
{"event": "task_started", "trajectory_id": "717a36fd-ef83-4440-9d97-f478b3f3d148", "task_id": "task-1cb1631bb12620637a56", "model_version": "scripted-engineering-only"}
{"event": "task_finished", "trajectory_id": "717a36fd-ef83-4440-9d97-f478b3f3d148", "task_id": "task-1cb1631bb12620637a56", "model_version": "scripted-engineering-only", "outcome": "escalated", "task_success": true}
{"event": "task_started", "trajectory_id": "405955f3-5956-40fe-bcea-8596ed3bd9c2", "task_id": "task-86bd6cb9106510ea039f", "model_version": "scripted-engineering-only"}
{"event": "task_finished", "trajectory_id": "405955f3-5956-40fe-bcea-8596ed3bd9c2", "task_id": "task-86bd6cb9106510ea039f", "model_version": "scripted-engineering-only", "outcome": "escalated", "task_success": true}
{"event": "task_started", "trajectory_id": "05a1799c-5c45-46b6-b664-c67bcccb68fb", "task_id": "task-28acc947e09e78444ad1", "model_version": "scripted-engineering-only"}
{"event": "task_finished", "trajectory_id": "05a1799c-5c45-46b6-b664-c67bcccb68fb", "task_id": "task-28acc947e09e78444ad1", "model_version": "scripted-engineering-only", "outcome": "escalated", "task_success": true}
{"event": "task_started", "trajectory_id": "c2dd4449-a383-48f3-9a34-3ed40d6cff25", "task_id": "task-398eead64c3eeb871099", "model_version": "scripted-engineering-only"}
{"event": "task_finished", "trajectory_id": "c2dd4449-a383-48f3-9a34-3ed40d6cff25", "task_id": "task-398eead64c3eeb871099", "model_version": "scripted-engineering-only", "outcome": "escalated", "task_success": true}
{"event": "task_started", "trajectory_id": "c8bba829-3131-409b-9cea-6bf052ed9b26", "task_id": "task-80544b2a08bd57e8e768", "model_version": "scripted-engineering-only"}
{"event": "task_finished", "trajectory_id": "c8bba829-3131-409b-9cea-6bf052ed9b26", "task_id": "task-80544b2a08bd57e8e768", "model_version": "scripted-engineering-only", "outcome": "completed", "task_success": true}
{"event": "task_started", "trajectory_id": "0ea31537-0248-4ef8-8d77-8d7187b3ce0a", "task_id": "task-673dbc9dd8f247601722", "model_version": "scripted-engineering-only"}
{"event": "task_finished", "trajectory_id": "0ea31537-0248-4ef8-8d77-8d7187b3ce0a", "task_id": "task-673dbc9dd8f247601722", "model_version": "scripted-engineering-only", "outcome": "completed", "task_success": true}
{"event": "task_started", "trajectory_id": "1b147bb8-c93c-4514-a579-ba713b36ce7a", "task_id": "task-ed359ba55106b09d8847", "model_version": "scripted-engineering-only"}
{"event": "task_finished", "trajectory_id": "1b147bb8-c93c-4514-a579-ba713b36ce7a", "task_id": "task-ed359ba55106b09d8847", "model_version": "scripted-engineering-only", "outcome": "completed", "task_success": true}
{"event": "task_started", "trajectory_id": "1c627771-f15c-4982-aa86-1bd53740b517", "task_id": "task-292ef81ae14a36c27b3f", "model_version": "scripted-engineering-only"}
{"event": "task_finished", "trajectory_id": "1c627771-f15c-4982-aa86-1bd53740b517", "task_id": "task-292ef81ae14a36c27b3f", "model_version": "scripted-engineering-only", "outcome": "refused", "task_success": true}
{"event": "task_started", "trajectory_id": "9c85d958-2256-44d1-a342-10407c81af10", "task_id": "task-5a00f3a9d86cd9d6c54d", "model_version": "scripted-engineering-only"}
{"event": "task_finished", "trajectory_id": "9c85d958-2256-44d1-a342-10407c81af10", "task_id": "task-5a00f3a9d86cd9d6c54d", "model_version": "scripted-engineering-only", "outcome": "refused", "task_success": true}
{"event": "task_started", "trajectory_id": "37d9b3a5-c591-4dd8-b5ee-8f65b2b349b7", "task_id": "task-3b9ce844f270fdf7774d", "model_version": "scripted-engineering-only"}
{"event": "task_finished", "trajectory_id": "37d9b3a5-c591-4dd8-b5ee-8f65b2b349b7", "task_id": "task-3b9ce844f270fdf7774d", "model_version": "scripted-engineering-only", "outcome": "refused", "task_success": true}
{"event": "task_started", "trajectory_id": "04f49d82-df61-4499-9a65-b06ad40475ba", "task_id": "task-f9ea9ef01353b4b68e96", "model_version": "scripted-engineering-only"}
{"event": "task_finished", "trajectory_id": "04f49d82-df61-4499-9a65-b06ad40475ba", "task_id": "task-f9ea9ef01353b4b68e96", "model_version": "scripted-engineering-only", "outcome": "refused", "task_success": true}
{"event": "task_started", "trajectory_id": "a809bedc-738e-45d5-8266-10bd7f61679a", "task_id": "task-98171245bbd786a1517a", "model_version": "scripted-engineering-only"}
{"event": "task_finished", "trajectory_id": "a809bedc-738e-45d5-8266-10bd7f61679a", "task_id": "task-98171245bbd786a1517a", "model_version": "scripted-engineering-only", "outcome": "refused", "task_success": true}
{"event": "task_started", "trajectory_id": "72af3fd4-f746-4468-9e91-e25a574721b3", "task_id": "task-097a2cdd49eb7039eeda", "model_version": "scripted-engineering-only"}
{"event": "task_finished", "trajectory_id": "72af3fd4-f746-4468-9e91-e25a574721b3", "task_id": "task-097a2cdd49eb7039eeda", "model_version": "scripted-engineering-only", "outcome": "refused", "task_success": true}
{"event": "task_started", "trajectory_id": "f80a3441-652a-47e1-bf9e-d38e8c903a03", "task_id": "task-dc45c35c4539665fa28a", "model_version": "scripted-engineering-only"}
{"event": "task_finished", "trajectory_id": "f80a3441-652a-47e1-bf9e-d38e8c903a03", "task_id": "task-dc45c35c4539665fa28a", "model_version": "scripted-engineering-only", "outcome": "escalated", "task_success": true}
{"event": "task_started", "trajectory_id": "415ce282-7459-4934-b369-b6d14e27a0ee", "task_id": "task-012721fdabc6938bfdb4", "model_version": "scripted-engineering-only"}
{"event": "task_finished", "trajectory_id": "415ce282-7459-4934-b369-b6d14e27a0ee", "task_id": "task-012721fdabc6938bfdb4", "model_version": "scripted-engineering-only", "outcome": "escalated", "task_success": true}
{"event": "task_started", "trajectory_id": "33373dce-2fba-45e2-bf19-335cc05f5126", "task_id": "task-7e2db9056f851620b578", "model_version": "scripted-engineering-only"}
{"event": "task_finished", "trajectory_id": "33373dce-2fba-45e2-bf19-335cc05f5126", "task_id": "task-7e2db9056f851620b578", "model_version": "scripted-engineering-only", "outcome": "escalated", "task_success": true}
{"event": "task_started", "trajectory_id": "9d06bd46-ac37-4061-adb3-9164a614ddd9", "task_id": "task-56d11969bbac661ba221", "model_version": "scripted-engineering-only"}
{"event": "task_finished", "trajectory_id": "9d06bd46-ac37-4061-adb3-9164a614ddd9", "task_id": "task-56d11969bbac661ba221", "model_version": "scripted-engineering-only", "outcome": "refused", "task_success": true}
{"event": "task_started", "trajectory_id": "59bf347b-194d-4251-9da9-b58a8a131dba", "task_id": "task-87d7c7fe1cf3dca74c72", "model_version": "scripted-engineering-only"}
{"event": "task_finished", "trajectory_id": "59bf347b-194d-4251-9da9-b58a8a131dba", "task_id": "task-87d7c7fe1cf3dca74c72", "model_version": "scripted-engineering-only", "outcome": "refused", "task_success": true}
{"event": "task_started", "trajectory_id": "f332ae8a-af5b-4fda-ae22-1bb35f31370f", "task_id": "task-31dce11192d72a14cb25", "model_version": "scripted-engineering-only"}
{"event": "task_finished", "trajectory_id": "f332ae8a-af5b-4fda-ae22-1bb35f31370f", "task_id": "task-31dce11192d72a14cb25", "model_version": "scripted-engineering-only", "outcome": "refused", "task_success": true}
{"event": "task_started", "trajectory_id": "995e96ec-4a77-49ee-9182-66f5f7fd8125", "task_id": "task-c9c2d9c2d23545eb0e36", "model_version": "scripted-engineering-only"}
{"event": "task_finished", "trajectory_id": "995e96ec-4a77-49ee-9182-66f5f7fd8125", "task_id": "task-c9c2d9c2d23545eb0e36", "model_version": "scripted-engineering-only", "outcome": "refused", "task_success": true}
{"event": "task_started", "trajectory_id": "cbbb2d18-8c82-408d-be23-decb14362c1c", "task_id": "task-9f2dbc26618598f23b3d", "model_version": "scripted-engineering-only"}
{"event": "task_finished", "trajectory_id": "cbbb2d18-8c82-408d-be23-decb14362c1c", "task_id": "task-9f2dbc26618598f23b3d", "model_version": "scripted-engineering-only", "outcome": "refused", "task_success": true}
{"event": "task_started", "trajectory_id": "e114a283-02f2-4286-b3cf-e1cbd071e0e8", "task_id": "task-ba01b87f8d3c2b2a0a9d", "model_version": "scripted-engineering-only"}
{"event": "task_finished", "trajectory_id": "e114a283-02f2-4286-b3cf-e1cbd071e0e8", "task_id": "task-ba01b87f8d3c2b2a0a9d", "model_version": "scripted-engineering-only", "outcome": "refused", "task_success": true}
{"event": "task_started", "trajectory_id": "76f142c4-c610-49e2-be6c-95381e9c6927", "task_id": "task-bdd32dbdec43e2d790e2", "model_version": "scripted-engineering-only"}
{"event": "task_finished", "trajectory_id": "76f142c4-c610-49e2-be6c-95381e9c6927", "task_id": "task-bdd32dbdec43e2d790e2", "model_version": "scripted-engineering-only", "outcome": "escalated", "task_success": true}
{"event": "task_started", "trajectory_id": "e09f72db-a640-4a25-a6f6-3eec6c3f0d83", "task_id": "task-abd88aed3619fa1f2adb", "model_version": "scripted-engineering-only"}
{"event": "task_finished", "trajectory_id": "e09f72db-a640-4a25-a6f6-3eec6c3f0d83", "task_id": "task-abd88aed3619fa1f2adb", "model_version": "scripted-engineering-only", "outcome": "escalated", "task_success": true}
{"event": "task_started", "trajectory_id": "b12a322b-7126-483c-b955-ef689fa4ae43", "task_id": "task-3679379ac0a63d0c5798", "model_version": "scripted-engineering-only"}
{"event": "task_finished", "trajectory_id": "b12a322b-7126-483c-b955-ef689fa4ae43", "task_id": "task-3679379ac0a63d0c5798", "model_version": "scripted-engineering-only", "outcome": "escalated", "task_success": true}
{"event": "task_started", "trajectory_id": "1fb5e107-7739-4495-8bed-3019147c0775", "task_id": "task-ec729be391c4a34fe297", "model_version": "scripted-engineering-only"}
{"event": "task_finished", "trajectory_id": "1fb5e107-7739-4495-8bed-3019147c0775", "task_id": "task-ec729be391c4a34fe297", "model_version": "scripted-engineering-only", "outcome": "completed", "task_success": true}
{"event": "task_started", "trajectory_id": "0737133e-6bcf-4b22-b87d-c26477508cdf", "task_id": "task-b453a658279db88de3c0", "model_version": "scripted-engineering-only"}
{"event": "task_finished", "trajectory_id": "0737133e-6bcf-4b22-b87d-c26477508cdf", "task_id": "task-b453a658279db88de3c0", "model_version": "scripted-engineering-only", "outcome": "completed", "task_success": true}
{"event": "task_started", "trajectory_id": "feaed052-dfc4-4e21-91a0-59e1f9cfce8a", "task_id": "task-97af2e092bbdb911a25a", "model_version": "scripted-engineering-only"}
{"event": "task_finished", "trajectory_id": "feaed052-dfc4-4e21-91a0-59e1f9cfce8a", "task_id": "task-97af2e092bbdb911a25a", "model_version": "scripted-engineering-only", "outcome": "completed", "task_success": true}
{"event": "task_started", "trajectory_id": "9b38a5e4-19b0-4053-90c1-eb73f1a2fb06", "task_id": "task-0724fc5648935c3d16ba", "model_version": "scripted-engineering-only"}
{"event": "task_finished", "trajectory_id": "9b38a5e4-19b0-4053-90c1-eb73f1a2fb06", "task_id": "task-0724fc5648935c3d16ba", "model_version": "scripted-engineering-only", "outcome": "escalated", "task_success": true}
{"event": "task_started", "trajectory_id": "d084bc26-cd2d-480f-8aa6-df7b57af654f", "task_id": "task-674a4080fd2f0382b598", "model_version": "scripted-engineering-only"}
{"event": "task_finished", "trajectory_id": "d084bc26-cd2d-480f-8aa6-df7b57af654f", "task_id": "task-674a4080fd2f0382b598", "model_version": "scripted-engineering-only", "outcome": "escalated", "task_success": true}
{"event": "task_started", "trajectory_id": "b2564a4d-39d2-469c-956d-80c26c473861", "task_id": "task-3feda8a21f9775e1db88", "model_version": "scripted-engineering-only"}
{"event": "task_finished", "trajectory_id": "b2564a4d-39d2-469c-956d-80c26c473861", "task_id": "task-3feda8a21f9775e1db88", "model_version": "scripted-engineering-only", "outcome": "escalated", "task_success": true}
{"event": "task_started", "trajectory_id": "fc8b0d18-acb6-4f99-968a-210844d7665f", "task_id": "task-0e084016f0ee902062e6", "model_version": "scripted-engineering-only"}
{"event": "task_finished", "trajectory_id": "fc8b0d18-acb6-4f99-968a-210844d7665f", "task_id": "task-0e084016f0ee902062e6", "model_version": "scripted-engineering-only", "outcome": "completed", "task_success": true}
{"event": "task_started", "trajectory_id": "e560dd42-8bfa-4d77-afe7-509bde9a1f40", "task_id": "task-4c6c1f9967c096b34002", "model_version": "scripted-engineering-only"}
{"event": "task_finished", "trajectory_id": "e560dd42-8bfa-4d77-afe7-509bde9a1f40", "task_id": "task-4c6c1f9967c096b34002", "model_version": "scripted-engineering-only", "outcome": "completed", "task_success": true}
{"event": "task_started", "trajectory_id": "fc2ff973-671c-41b3-8fe3-f0076a621810", "task_id": "task-5d8affbfbc38c6af2a55", "model_version": "scripted-engineering-only"}
{"event": "task_finished", "trajectory_id": "fc2ff973-671c-41b3-8fe3-f0076a621810", "task_id": "task-5d8affbfbc38c6af2a55", "model_version": "scripted-engineering-only", "outcome": "completed", "task_success": true}
{"event": "task_started", "trajectory_id": "89afa428-5962-44ba-aede-d8eb5f3be2f6", "task_id": "task-705ae2b6a38ee732fcb6", "model_version": "scripted-engineering-only"}
{"event": "task_finished", "trajectory_id": "89afa428-5962-44ba-aede-d8eb5f3be2f6", "task_id": "task-705ae2b6a38ee732fcb6", "model_version": "scripted-engineering-only", "outcome": "refused", "task_success": true}
{"event": "task_started", "trajectory_id": "31c0b920-a1e7-4b77-8198-e62c22c25c77", "task_id": "task-aacc6eab02d55411c926", "model_version": "scripted-engineering-only"}
{"event": "task_finished", "trajectory_id": "31c0b920-a1e7-4b77-8198-e62c22c25c77", "task_id": "task-aacc6eab02d55411c926", "model_version": "scripted-engineering-only", "outcome": "refused", "task_success": true}
{"event": "task_started", "trajectory_id": "cbec80c7-049a-4214-86be-b68c56ddc94a", "task_id": "task-e69eb5bbc48e257eaed9", "model_version": "scripted-engineering-only"}
{"event": "task_finished", "trajectory_id": "cbec80c7-049a-4214-86be-b68c56ddc94a", "task_id": "task-e69eb5bbc48e257eaed9", "model_version": "scripted-engineering-only", "outcome": "refused", "task_success": true}
{"event": "task_started", "trajectory_id": "d01d5049-9cce-4643-bab6-cce8926bc6f7", "task_id": "task-d218b76a549bb71d32a3", "model_version": "scripted-engineering-only"}
{"event": "task_finished", "trajectory_id": "d01d5049-9cce-4643-bab6-cce8926bc6f7", "task_id": "task-d218b76a549bb71d32a3", "model_version": "scripted-engineering-only", "outcome": "escalated", "task_success": true}
{"event": "task_started", "trajectory_id": "9a5e9eb9-2cd9-466f-ab7a-4c469f726189", "task_id": "task-399f80239f711ea5d908", "model_version": "scripted-engineering-only"}
{"event": "task_finished", "trajectory_id": "9a5e9eb9-2cd9-466f-ab7a-4c469f726189", "task_id": "task-399f80239f711ea5d908", "model_version": "scripted-engineering-only", "outcome": "escalated", "task_success": true}
{"event": "task_started", "trajectory_id": "bbf2c2aa-1eef-42de-a1bf-15c337973569", "task_id": "task-59a584317a710f1deb73", "model_version": "scripted-engineering-only"}
{"event": "task_finished", "trajectory_id": "bbf2c2aa-1eef-42de-a1bf-15c337973569", "task_id": "task-59a584317a710f1deb73", "model_version": "scripted-engineering-only", "outcome": "escalated", "task_success": true}
{"event": "task_started", "trajectory_id": "3a1c379e-964a-4b47-b671-aa9c34f59c90", "task_id": "task-f72263adb1c1d420111e", "model_version": "scripted-engineering-only"}
{"event": "task_finished", "trajectory_id": "3a1c379e-964a-4b47-b671-aa9c34f59c90", "task_id": "task-f72263adb1c1d420111e", "model_version": "scripted-engineering-only", "outcome": "escalated", "task_success": true}
{"event": "task_started", "trajectory_id": "9acd1845-c239-469e-a92d-16cf39c00753", "task_id": "task-90c1813085f31f5299b3", "model_version": "scripted-engineering-only"}
{"event": "task_finished", "trajectory_id": "9acd1845-c239-469e-a92d-16cf39c00753", "task_id": "task-90c1813085f31f5299b3", "model_version": "scripted-engineering-only", "outcome": "escalated", "task_success": true}
{"event": "task_started", "trajectory_id": "833d7b26-8a3e-4743-acad-666d5e12bbcc", "task_id": "task-c31ed15c43fec69b21d0", "model_version": "scripted-engineering-only"}
{"event": "task_finished", "trajectory_id": "833d7b26-8a3e-4743-acad-666d5e12bbcc", "task_id": "task-c31ed15c43fec69b21d0", "model_version": "scripted-engineering-only", "outcome": "escalated", "task_success": true}
{"event": "task_started", "trajectory_id": "34cb20d7-05c8-4c66-88fb-273ef271be8d", "task_id": "task-c4da3551dcd0c1e6d1bc", "model_version": "scripted-engineering-only"}
{"event": "task_finished", "trajectory_id": "34cb20d7-05c8-4c66-88fb-273ef271be8d", "task_id": "task-c4da3551dcd0c1e6d1bc", "model_version": "scripted-engineering-only", "outcome": "completed", "task_success": true}
{"event": "task_started", "trajectory_id": "2ec68b3d-a70f-43b2-a2d5-a27fd97b2bf7", "task_id": "task-d573e068640729f6fc0c", "model_version": "scripted-engineering-only"}
{"event": "task_finished", "trajectory_id": "2ec68b3d-a70f-43b2-a2d5-a27fd97b2bf7", "task_id": "task-d573e068640729f6fc0c", "model_version": "scripted-engineering-only", "outcome": "completed", "task_success": true}
{"event": "task_started", "trajectory_id": "b47c6d81-96e0-4b18-995a-96e25940fc92", "task_id": "task-5451f40b657f5bfdccbc", "model_version": "scripted-engineering-only"}
{"event": "task_finished", "trajectory_id": "b47c6d81-96e0-4b18-995a-96e25940fc92", "task_id": "task-5451f40b657f5bfdccbc", "model_version": "scripted-engineering-only", "outcome": "completed", "task_success": true}
{"event": "task_started", "trajectory_id": "a6f829b2-24df-4c90-9725-c0f682c92758", "task_id": "task-d71f713e079ab5c2b330", "model_version": "scripted-engineering-only"}
{"event": "task_finished", "trajectory_id": "a6f829b2-24df-4c90-9725-c0f682c92758", "task_id": "task-d71f713e079ab5c2b330", "model_version": "scripted-engineering-only", "outcome": "completed", "task_success": true}
{"event": "task_started", "trajectory_id": "dee64a99-9cea-485e-9ce9-ee54888b99cf", "task_id": "task-aa38b5523e6289961272", "model_version": "scripted-engineering-only"}
{"event": "task_finished", "trajectory_id": "dee64a99-9cea-485e-9ce9-ee54888b99cf", "task_id": "task-aa38b5523e6289961272", "model_version": "scripted-engineering-only", "outcome": "completed", "task_success": true}
{"event": "task_started", "trajectory_id": "81a0b96d-3e28-4fbc-9f82-4502d53055e3", "task_id": "task-45334e54e1889ab54a6c", "model_version": "scripted-engineering-only"}
{"event": "task_finished", "trajectory_id": "81a0b96d-3e28-4fbc-9f82-4502d53055e3", "task_id": "task-45334e54e1889ab54a6c", "model_version": "scripted-engineering-only", "outcome": "completed", "task_success": true}
{"event": "task_started", "trajectory_id": "ee01507b-855d-43ea-88f9-4b0d727ae826", "task_id": "task-c50d95cdd2eabf3b7e52", "model_version": "scripted-engineering-only"}
{"event": "task_finished", "trajectory_id": "ee01507b-855d-43ea-88f9-4b0d727ae826", "task_id": "task-c50d95cdd2eabf3b7e52", "model_version": "scripted-engineering-only", "outcome": "completed", "task_success": true}
{"event": "task_started", "trajectory_id": "1c7b8d56-3733-4e73-ab56-373ccf0c6cbe", "task_id": "task-e730102b9a4395aae8ee", "model_version": "scripted-engineering-only"}
{"event": "task_finished", "trajectory_id": "1c7b8d56-3733-4e73-ab56-373ccf0c6cbe", "task_id": "task-e730102b9a4395aae8ee", "model_version": "scripted-engineering-only", "outcome": "completed", "task_success": true}
{"event": "task_started", "trajectory_id": "31ae1212-bc71-4f94-84a0-6aa7d1430de7", "task_id": "task-c1422229a8352e1cf4fc", "model_version": "scripted-engineering-only"}
{"event": "task_finished", "trajectory_id": "31ae1212-bc71-4f94-84a0-6aa7d1430de7", "task_id": "task-c1422229a8352e1cf4fc", "model_version": "scripted-engineering-only", "outcome": "completed", "task_success": true}
{"event": "task_started", "trajectory_id": "342ac0bb-a7b4-48e8-8249-ac15a70964a4", "task_id": "task-f67587394339c41f909c", "model_version": "scripted-engineering-only"}
{"event": "task_finished", "trajectory_id": "342ac0bb-a7b4-48e8-8249-ac15a70964a4", "task_id": "task-f67587394339c41f909c", "model_version": "scripted-engineering-only", "outcome": "refused", "task_success": true}
{"event": "task_started", "trajectory_id": "529befe7-14c8-4f92-9482-56d3f18459f3", "task_id": "task-b2e0e6a52eb4cbe28b57", "model_version": "scripted-engineering-only"}
{"event": "task_finished", "trajectory_id": "529befe7-14c8-4f92-9482-56d3f18459f3", "task_id": "task-b2e0e6a52eb4cbe28b57", "model_version": "scripted-engineering-only", "outcome": "refused", "task_success": true}
{"event": "task_started", "trajectory_id": "7cb026f4-cba3-41ef-ba5e-095ae41bdded", "task_id": "task-271e4f001bfbec4ba37f", "model_version": "scripted-engineering-only"}
{"event": "task_finished", "trajectory_id": "7cb026f4-cba3-41ef-ba5e-095ae41bdded", "task_id": "task-271e4f001bfbec4ba37f", "model_version": "scripted-engineering-only", "outcome": "refused", "task_success": true}
{"event": "task_started", "trajectory_id": "3602e803-3ee8-4c55-b065-dcaf767118e5", "task_id": "task-f476ba5bc12924d9bc6b", "model_version": "scripted-engineering-only"}
{"event": "task_finished", "trajectory_id": "3602e803-3ee8-4c55-b065-dcaf767118e5", "task_id": "task-f476ba5bc12924d9bc6b", "model_version": "scripted-engineering-only", "outcome": "refused", "task_success": true}
{"event": "task_started", "trajectory_id": "688d99af-94c3-4d45-977f-77b95a3971d9", "task_id": "task-5eb647be1fe8d553a68b", "model_version": "scripted-engineering-only"}
{"event": "task_finished", "trajectory_id": "688d99af-94c3-4d45-977f-77b95a3971d9", "task_id": "task-5eb647be1fe8d553a68b", "model_version": "scripted-engineering-only", "outcome": "refused", "task_success": true}
{"event": "task_started", "trajectory_id": "2b970b8c-1345-4fb8-9184-c79fad000520", "task_id": "task-07a2025d71ee061f3bd2", "model_version": "scripted-engineering-only"}
{"event": "task_finished", "trajectory_id": "2b970b8c-1345-4fb8-9184-c79fad000520", "task_id": "task-07a2025d71ee061f3bd2", "model_version": "scripted-engineering-only", "outcome": "refused", "task_success": true}
{"event": "task_started", "trajectory_id": "4ed13b5c-60d7-4875-a8a7-ab5db4cf875b", "task_id": "task-a48da85fc162e85f19e2", "model_version": "scripted-engineering-only"}
{"event": "task_finished", "trajectory_id": "4ed13b5c-60d7-4875-a8a7-ab5db4cf875b", "task_id": "task-a48da85fc162e85f19e2", "model_version": "scripted-engineering-only", "outcome": "escalated", "task_success": true}
{"event": "task_started", "trajectory_id": "c14d6f63-8ca6-408b-be3b-b8b112a202da", "task_id": "task-06b8d71a2bcb3273229e", "model_version": "scripted-engineering-only"}
{"event": "task_finished", "trajectory_id": "c14d6f63-8ca6-408b-be3b-b8b112a202da", "task_id": "task-06b8d71a2bcb3273229e", "model_version": "scripted-engineering-only", "outcome": "escalated", "task_success": true}
{"event": "task_started", "trajectory_id": "f8d8e569-b6dc-4b4a-b3d6-e757c1971d63", "task_id": "task-a54dafe4b4e3bb62483d", "model_version": "scripted-engineering-only"}
{"event": "task_finished", "trajectory_id": "f8d8e569-b6dc-4b4a-b3d6-e757c1971d63", "task_id": "task-a54dafe4b4e3bb62483d", "model_version": "scripted-engineering-only", "outcome": "escalated", "task_success": true}
{"event": "task_started", "trajectory_id": "05f9cddb-eba8-4548-8c05-ed16d81c4708", "task_id": "task-965bab023d996aea99f2", "model_version": "scripted-engineering-only"}
{"event": "task_finished", "trajectory_id": "05f9cddb-eba8-4548-8c05-ed16d81c4708", "task_id": "task-965bab023d996aea99f2", "model_version": "scripted-engineering-only", "outcome": "completed", "task_success": true}
{"event": "task_started", "trajectory_id": "49c68e32-91aa-48c1-86e6-11ba6d0bc992", "task_id": "task-eba00923d594244d8a50", "model_version": "scripted-engineering-only"}
{"event": "task_finished", "trajectory_id": "49c68e32-91aa-48c1-86e6-11ba6d0bc992", "task_id": "task-eba00923d594244d8a50", "model_version": "scripted-engineering-only", "outcome": "completed", "task_success": true}
{"event": "task_started", "trajectory_id": "d1984158-a5ef-4863-93bb-5bcb59dbbc14", "task_id": "task-2d745d5735989f513472", "model_version": "scripted-engineering-only"}
{"event": "task_finished", "trajectory_id": "d1984158-a5ef-4863-93bb-5bcb59dbbc14", "task_id": "task-2d745d5735989f513472", "model_version": "scripted-engineering-only", "outcome": "completed", "task_success": true}
{"event": "task_started", "trajectory_id": "412002cb-d915-432d-8244-ea287830c5b5", "task_id": "task-adce80fcd242644af3be", "model_version": "scripted-engineering-only"}
{"event": "task_finished", "trajectory_id": "412002cb-d915-432d-8244-ea287830c5b5", "task_id": "task-adce80fcd242644af3be", "model_version": "scripted-engineering-only", "outcome": "escalated", "task_success": true}
{"event": "task_started", "trajectory_id": "ef0583d5-0d5d-4eef-9a34-453b4442d35b", "task_id": "task-a3b7dfcd02ab8da95ef8", "model_version": "scripted-engineering-only"}
{"event": "task_finished", "trajectory_id": "ef0583d5-0d5d-4eef-9a34-453b4442d35b", "task_id": "task-a3b7dfcd02ab8da95ef8", "model_version": "scripted-engineering-only", "outcome": "escalated", "task_success": true}
{"event": "task_started", "trajectory_id": "2be6466a-c971-4f73-85e0-bf6bbf19e48f", "task_id": "task-0186019e3d73611b86a1", "model_version": "scripted-engineering-only"}
{"event": "task_finished", "trajectory_id": "2be6466a-c971-4f73-85e0-bf6bbf19e48f", "task_id": "task-0186019e3d73611b86a1", "model_version": "scripted-engineering-only", "outcome": "escalated", "task_success": true}
{"event": "task_started", "trajectory_id": "f68bbcbd-f488-4aad-a711-be4ec6d3b72c", "task_id": "task-734d5b0d34d0656564ee", "model_version": "scripted-engineering-only"}
{"event": "task_finished", "trajectory_id": "f68bbcbd-f488-4aad-a711-be4ec6d3b72c", "task_id": "task-734d5b0d34d0656564ee", "model_version": "scripted-engineering-only", "outcome": "escalated", "task_success": true}
{"event": "task_started", "trajectory_id": "451c99da-e7d7-4c07-9272-3ffca776255d", "task_id": "task-5dceefde9e586fb8376a", "model_version": "scripted-engineering-only"}
{"event": "task_finished", "trajectory_id": "451c99da-e7d7-4c07-9272-3ffca776255d", "task_id": "task-5dceefde9e586fb8376a", "model_version": "scripted-engineering-only", "outcome": "escalated", "task_success": true}
{"event": "task_started", "trajectory_id": "bddfd2d5-1b7b-4922-a45a-b539e0d4d015", "task_id": "task-ad1e786facf608c440ac", "model_version": "scripted-engineering-only"}
{"event": "task_finished", "trajectory_id": "bddfd2d5-1b7b-4922-a45a-b539e0d4d015", "task_id": "task-ad1e786facf608c440ac", "model_version": "scripted-engineering-only", "outcome": "escalated", "task_success": true}
{"event": "task_started", "trajectory_id": "3353aaef-f60d-4f42-bffc-da107c376d23", "task_id": "task-bb68b21999ce552f5ffc", "model_version": "scripted-engineering-only"}
{"event": "task_finished", "trajectory_id": "3353aaef-f60d-4f42-bffc-da107c376d23", "task_id": "task-bb68b21999ce552f5ffc", "model_version": "scripted-engineering-only", "outcome": "completed", "task_success": true}
{"event": "task_started", "trajectory_id": "fe674fd4-d45e-4f52-88ee-e66dc15154b0", "task_id": "task-a1d394ba1d073d7a2eaa", "model_version": "scripted-engineering-only"}
{"event": "task_finished", "trajectory_id": "fe674fd4-d45e-4f52-88ee-e66dc15154b0", "task_id": "task-a1d394ba1d073d7a2eaa", "model_version": "scripted-engineering-only", "outcome": "completed", "task_success": true}
{"event": "task_started", "trajectory_id": "2cb4b390-fc13-4b0b-bac2-0c2da9d93f68", "task_id": "task-edb462866dbadf5ed77c", "model_version": "scripted-engineering-only"}
{"event": "task_finished", "trajectory_id": "2cb4b390-fc13-4b0b-bac2-0c2da9d93f68", "task_id": "task-edb462866dbadf5ed77c", "model_version": "scripted-engineering-only", "outcome": "completed", "task_success": true}
{"event": "task_started", "trajectory_id": "5ce0eda7-e7a3-4ddb-af5b-19695a03c0b6", "task_id": "task-6dfee218765c8a8ccb03", "model_version": "scripted-engineering-only"}
{"event": "task_finished", "trajectory_id": "5ce0eda7-e7a3-4ddb-af5b-19695a03c0b6", "task_id": "task-6dfee218765c8a8ccb03", "model_version": "scripted-engineering-only", "outcome": "completed", "task_success": true}
{"event": "task_started", "trajectory_id": "599d8b24-f8c2-42dd-8f4d-f942272a6bc6", "task_id": "task-7b7e1c638fa73fcdc0cb", "model_version": "scripted-engineering-only"}
{"event": "task_finished", "trajectory_id": "599d8b24-f8c2-42dd-8f4d-f942272a6bc6", "task_id": "task-7b7e1c638fa73fcdc0cb", "model_version": "scripted-engineering-only", "outcome": "completed", "task_success": true}
{"event": "task_started", "trajectory_id": "d82f0cec-61ac-4e6c-b54e-d3751c8414d2", "task_id": "task-30eeea5e7635d5b1ecb1", "model_version": "scripted-engineering-only"}
{"event": "task_finished", "trajectory_id": "d82f0cec-61ac-4e6c-b54e-d3751c8414d2", "task_id": "task-30eeea5e7635d5b1ecb1", "model_version": "scripted-engineering-only", "outcome": "completed", "task_success": true}
{"event": "task_started", "trajectory_id": "1d5af035-cae3-45bb-99ab-c9a90858ad02", "task_id": "task-d1dddd10b1af24b04d3e", "model_version": "scripted-engineering-only"}
{"event": "task_finished", "trajectory_id": "1d5af035-cae3-45bb-99ab-c9a90858ad02", "task_id": "task-d1dddd10b1af24b04d3e", "model_version": "scripted-engineering-only", "outcome": "escalated", "task_success": true}
{"event": "task_started", "trajectory_id": "245e4520-addf-4358-bc97-1800df7c383c", "task_id": "task-afbdfb29b194d7db817e", "model_version": "scripted-engineering-only"}
{"event": "task_finished", "trajectory_id": "245e4520-addf-4358-bc97-1800df7c383c", "task_id": "task-afbdfb29b194d7db817e", "model_version": "scripted-engineering-only", "outcome": "escalated", "task_success": true}
{"event": "task_started", "trajectory_id": "49bdacfd-3e57-421b-9b55-31e11c7e55c7", "task_id": "task-1cb1631bb12620637a56", "model_version": "scripted-engineering-only"}
{"event": "task_finished", "trajectory_id": "49bdacfd-3e57-421b-9b55-31e11c7e55c7", "task_id": "task-1cb1631bb12620637a56", "model_version": "scripted-engineering-only", "outcome": "escalated", "task_success": true}
{"event": "task_started", "trajectory_id": "d0b19ad1-9023-4f20-b3b6-0ff5feeebf74", "task_id": "task-86bd6cb9106510ea039f", "model_version": "scripted-engineering-only"}
{"event": "task_finished", "trajectory_id": "d0b19ad1-9023-4f20-b3b6-0ff5feeebf74", "task_id": "task-86bd6cb9106510ea039f", "model_version": "scripted-engineering-only", "outcome": "escalated", "task_success": true}
{"event": "task_started", "trajectory_id": "9528de1d-d6b9-491a-a6ab-384daa98a80a", "task_id": "task-28acc947e09e78444ad1", "model_version": "scripted-engineering-only"}
{"event": "task_finished", "trajectory_id": "9528de1d-d6b9-491a-a6ab-384daa98a80a", "task_id": "task-28acc947e09e78444ad1", "model_version": "scripted-engineering-only", "outcome": "escalated", "task_success": true}
{"event": "task_started", "trajectory_id": "9ab3a0c6-4d8d-4b07-a436-bc9d2a651850", "task_id": "task-398eead64c3eeb871099", "model_version": "scripted-engineering-only"}
{"event": "task_finished", "trajectory_id": "9ab3a0c6-4d8d-4b07-a436-bc9d2a651850", "task_id": "task-398eead64c3eeb871099", "model_version": "scripted-engineering-only", "outcome": "escalated", "task_success": true}
{"event": "task_started", "trajectory_id": "bebe7266-1bad-4e29-84fc-51dc1d5b3cee", "task_id": "task-80544b2a08bd57e8e768", "model_version": "scripted-engineering-only"}
{"event": "task_finished", "trajectory_id": "bebe7266-1bad-4e29-84fc-51dc1d5b3cee", "task_id": "task-80544b2a08bd57e8e768", "model_version": "scripted-engineering-only", "outcome": "completed", "task_success": true}
{"event": "task_started", "trajectory_id": "e5d0168d-7091-43c8-93d0-ecb67f96ef30", "task_id": "task-673dbc9dd8f247601722", "model_version": "scripted-engineering-only"}
{"event": "task_finished", "trajectory_id": "e5d0168d-7091-43c8-93d0-ecb67f96ef30", "task_id": "task-673dbc9dd8f247601722", "model_version": "scripted-engineering-only", "outcome": "completed", "task_success": true}
{"event": "task_started", "trajectory_id": "c3e84db0-c814-4f6b-b76e-5394a81100e1", "task_id": "task-ed359ba55106b09d8847", "model_version": "scripted-engineering-only"}
{"event": "task_finished", "trajectory_id": "c3e84db0-c814-4f6b-b76e-5394a81100e1", "task_id": "task-ed359ba55106b09d8847", "model_version": "scripted-engineering-only", "outcome": "completed", "task_success": true}
{"event": "task_started", "trajectory_id": "4948b4ff-90d7-495d-8682-10b596f5f23d", "task_id": "task-292ef81ae14a36c27b3f", "model_version": "scripted-engineering-only"}
{"event": "task_finished", "trajectory_id": "4948b4ff-90d7-495d-8682-10b596f5f23d", "task_id": "task-292ef81ae14a36c27b3f", "model_version": "scripted-engineering-only", "outcome": "refused", "task_success": true}
{"event": "task_started", "trajectory_id": "3ef4ac99-451d-4344-abd8-d5d0b18b2b52", "task_id": "task-5a00f3a9d86cd9d6c54d", "model_version": "scripted-engineering-only"}
{"event": "task_finished", "trajectory_id": "3ef4ac99-451d-4344-abd8-d5d0b18b2b52", "task_id": "task-5a00f3a9d86cd9d6c54d", "model_version": "scripted-engineering-only", "outcome": "refused", "task_success": true}
{"event": "task_started", "trajectory_id": "a6bf81d6-6683-42fc-832e-280cd8722c85", "task_id": "task-3b9ce844f270fdf7774d", "model_version": "scripted-engineering-only"}
{"event": "task_finished", "trajectory_id": "a6bf81d6-6683-42fc-832e-280cd8722c85", "task_id": "task-3b9ce844f270fdf7774d", "model_version": "scripted-engineering-only", "outcome": "refused", "task_success": true}
{"event": "task_started", "trajectory_id": "fae260c8-56e2-4cd8-86d4-f7c2d4d20477", "task_id": "task-f9ea9ef01353b4b68e96", "model_version": "scripted-engineering-only"}
{"event": "task_finished", "trajectory_id": "fae260c8-56e2-4cd8-86d4-f7c2d4d20477", "task_id": "task-f9ea9ef01353b4b68e96", "model_version": "scripted-engineering-only", "outcome": "refused", "task_success": true}
{"event": "task_started", "trajectory_id": "07cc042a-a1b0-4102-a0bd-790c634c11d1", "task_id": "task-98171245bbd786a1517a", "model_version": "scripted-engineering-only"}
{"event": "task_finished", "trajectory_id": "07cc042a-a1b0-4102-a0bd-790c634c11d1", "task_id": "task-98171245bbd786a1517a", "model_version": "scripted-engineering-only", "outcome": "refused", "task_success": true}
{"event": "task_started", "trajectory_id": "acccc3df-c8a0-408b-97ee-6187de626ab4", "task_id": "task-097a2cdd49eb7039eeda", "model_version": "scripted-engineering-only"}
{"event": "task_finished", "trajectory_id": "acccc3df-c8a0-408b-97ee-6187de626ab4", "task_id": "task-097a2cdd49eb7039eeda", "model_version": "scripted-engineering-only", "outcome": "refused", "task_success": true}
{"event": "task_started", "trajectory_id": "d7ad86fe-11a0-4942-8207-e855a9afbb78", "task_id": "task-dc45c35c4539665fa28a", "model_version": "scripted-engineering-only"}
{"event": "task_finished", "trajectory_id": "d7ad86fe-11a0-4942-8207-e855a9afbb78", "task_id": "task-dc45c35c4539665fa28a", "model_version": "scripted-engineering-only", "outcome": "escalated", "task_success": true}
{"event": "task_started", "trajectory_id": "9f21e91e-f4e6-4de4-9bd2-e9cfa0ad504f", "task_id": "task-012721fdabc6938bfdb4", "model_version": "scripted-engineering-only"}
{"event": "task_finished", "trajectory_id": "9f21e91e-f4e6-4de4-9bd2-e9cfa0ad504f", "task_id": "task-012721fdabc6938bfdb4", "model_version": "scripted-engineering-only", "outcome": "escalated", "task_success": true}
{"event": "task_started", "trajectory_id": "184b5df7-6cd9-403d-9ef7-b0a2cab7d74e", "task_id": "task-7e2db9056f851620b578", "model_version": "scripted-engineering-only"}
{"event": "task_finished", "trajectory_id": "184b5df7-6cd9-403d-9ef7-b0a2cab7d74e", "task_id": "task-7e2db9056f851620b578", "model_version": "scripted-engineering-only", "outcome": "escalated", "task_success": true}
{"event": "task_started", "trajectory_id": "0eec60a5-bd61-42da-b8a5-05c03bc86f74", "task_id": "task-56d11969bbac661ba221", "model_version": "scripted-engineering-only"}
{"event": "task_finished", "trajectory_id": "0eec60a5-bd61-42da-b8a5-05c03bc86f74", "task_id": "task-56d11969bbac661ba221", "model_version": "scripted-engineering-only", "outcome": "refused", "task_success": true}
{"event": "task_started", "trajectory_id": "41a77ba0-55e3-4adb-a8ec-1cc2a369a54e", "task_id": "task-87d7c7fe1cf3dca74c72", "model_version": "scripted-engineering-only"}
{"event": "task_finished", "trajectory_id": "41a77ba0-55e3-4adb-a8ec-1cc2a369a54e", "task_id": "task-87d7c7fe1cf3dca74c72", "model_version": "scripted-engineering-only", "outcome": "refused", "task_success": true}
{"event": "task_started", "trajectory_id": "1bbc4f38-139d-4abb-8ee5-e6d98d7c9150", "task_id": "task-31dce11192d72a14cb25", "model_version": "scripted-engineering-only"}
{"event": "task_finished", "trajectory_id": "1bbc4f38-139d-4abb-8ee5-e6d98d7c9150", "task_id": "task-31dce11192d72a14cb25", "model_version": "scripted-engineering-only", "outcome": "refused", "task_success": true}
{"event": "task_started", "trajectory_id": "1575f0b6-f3dc-41eb-8909-799465ca5623", "task_id": "task-c9c2d9c2d23545eb0e36", "model_version": "scripted-engineering-only"}
{"event": "task_finished", "trajectory_id": "1575f0b6-f3dc-41eb-8909-799465ca5623", "task_id": "task-c9c2d9c2d23545eb0e36", "model_version": "scripted-engineering-only", "outcome": "refused", "task_success": true}
{"event": "task_started", "trajectory_id": "96620555-20b8-4dac-a09c-7342f09c22df", "task_id": "task-9f2dbc26618598f23b3d", "model_version": "scripted-engineering-only"}
{"event": "task_finished", "trajectory_id": "96620555-20b8-4dac-a09c-7342f09c22df", "task_id": "task-9f2dbc26618598f23b3d", "model_version": "scripted-engineering-only", "outcome": "refused", "task_success": true}
{"event": "task_started", "trajectory_id": "017e96f3-24f6-4eb8-901d-2e994f04ce92", "task_id": "task-ba01b87f8d3c2b2a0a9d", "model_version": "scripted-engineering-only"}
{"event": "task_finished", "trajectory_id": "017e96f3-24f6-4eb8-901d-2e994f04ce92", "task_id": "task-ba01b87f8d3c2b2a0a9d", "model_version": "scripted-engineering-only", "outcome": "refused", "task_success": true}
{"event": "task_started", "trajectory_id": "d72e7be8-07d2-48eb-a941-70d0cf288e53", "task_id": "task-bdd32dbdec43e2d790e2", "model_version": "scripted-engineering-only"}
{"event": "task_finished", "trajectory_id": "d72e7be8-07d2-48eb-a941-70d0cf288e53", "task_id": "task-bdd32dbdec43e2d790e2", "model_version": "scripted-engineering-only", "outcome": "escalated", "task_success": true}
{"event": "task_started", "trajectory_id": "88ecab51-5144-433b-ae18-86deca880726", "task_id": "task-abd88aed3619fa1f2adb", "model_version": "scripted-engineering-only"}
{"event": "task_finished", "trajectory_id": "88ecab51-5144-433b-ae18-86deca880726", "task_id": "task-abd88aed3619fa1f2adb", "model_version": "scripted-engineering-only", "outcome": "escalated", "task_success": true}
{"event": "task_started", "trajectory_id": "cbc642b1-f762-446f-ba96-89d264a5b561", "task_id": "task-3679379ac0a63d0c5798", "model_version": "scripted-engineering-only"}
{"event": "task_finished", "trajectory_id": "cbc642b1-f762-446f-ba96-89d264a5b561", "task_id": "task-3679379ac0a63d0c5798", "model_version": "scripted-engineering-only", "outcome": "escalated", "task_success": true}
{"event": "task_started", "trajectory_id": "8e739151-c166-481a-a7ff-5dbe3127be25", "task_id": "task-ec729be391c4a34fe297", "model_version": "scripted-engineering-only"}
{"event": "task_finished", "trajectory_id": "8e739151-c166-481a-a7ff-5dbe3127be25", "task_id": "task-ec729be391c4a34fe297", "model_version": "scripted-engineering-only", "outcome": "completed", "task_success": true}
{"event": "task_started", "trajectory_id": "40e951fa-e10a-454c-9650-a55643e699e5", "task_id": "task-b453a658279db88de3c0", "model_version": "scripted-engineering-only"}
{"event": "task_finished", "trajectory_id": "40e951fa-e10a-454c-9650-a55643e699e5", "task_id": "task-b453a658279db88de3c0", "model_version": "scripted-engineering-only", "outcome": "completed", "task_success": true}
{"event": "task_started", "trajectory_id": "874424fc-6c2f-46cb-8dde-a7f1a69b2db0", "task_id": "task-97af2e092bbdb911a25a", "model_version": "scripted-engineering-only"}
{"event": "task_finished", "trajectory_id": "874424fc-6c2f-46cb-8dde-a7f1a69b2db0", "task_id": "task-97af2e092bbdb911a25a", "model_version": "scripted-engineering-only", "outcome": "completed", "task_success": true}
{"event": "task_started", "trajectory_id": "44201f4e-98ef-4181-9ac9-56a93c8feccd", "task_id": "task-0724fc5648935c3d16ba", "model_version": "scripted-engineering-only"}
{"event": "task_finished", "trajectory_id": "44201f4e-98ef-4181-9ac9-56a93c8feccd", "task_id": "task-0724fc5648935c3d16ba", "model_version": "scripted-engineering-only", "outcome": "escalated", "task_success": true}
{"event": "task_started", "trajectory_id": "90829184-91a1-44f6-97fb-354df0054f30", "task_id": "task-674a4080fd2f0382b598", "model_version": "scripted-engineering-only"}
{"event": "task_finished", "trajectory_id": "90829184-91a1-44f6-97fb-354df0054f30", "task_id": "task-674a4080fd2f0382b598", "model_version": "scripted-engineering-only", "outcome": "escalated", "task_success": true}
{"event": "task_started", "trajectory_id": "22e81e7a-04ab-496a-aa6e-97450bc98dec", "task_id": "task-3feda8a21f9775e1db88", "model_version": "scripted-engineering-only"}
{"event": "task_finished", "trajectory_id": "22e81e7a-04ab-496a-aa6e-97450bc98dec", "task_id": "task-3feda8a21f9775e1db88", "model_version": "scripted-engineering-only", "outcome": "escalated", "task_success": true}
{"event": "task_started", "trajectory_id": "add2c9e7-2a21-43f9-8793-25d0cced817b", "task_id": "task-0e084016f0ee902062e6", "model_version": "scripted-engineering-only"}
{"event": "task_finished", "trajectory_id": "add2c9e7-2a21-43f9-8793-25d0cced817b", "task_id": "task-0e084016f0ee902062e6", "model_version": "scripted-engineering-only", "outcome": "completed", "task_success": true}
{"event": "task_started", "trajectory_id": "cf736a04-fd34-49c2-a392-0464db9d43c4", "task_id": "task-4c6c1f9967c096b34002", "model_version": "scripted-engineering-only"}
{"event": "task_finished", "trajectory_id": "cf736a04-fd34-49c2-a392-0464db9d43c4", "task_id": "task-4c6c1f9967c096b34002", "model_version": "scripted-engineering-only", "outcome": "completed", "task_success": true}
{"event": "task_started", "trajectory_id": "0093d51d-f81f-4d61-bc3e-8de943ca96ab", "task_id": "task-5d8affbfbc38c6af2a55", "model_version": "scripted-engineering-only"}
{"event": "task_finished", "trajectory_id": "0093d51d-f81f-4d61-bc3e-8de943ca96ab", "task_id": "task-5d8affbfbc38c6af2a55", "model_version": "scripted-engineering-only", "outcome": "completed", "task_success": true}
{"event": "task_started", "trajectory_id": "e5964d10-6bb1-472c-a403-3e1c341f5a65", "task_id": "task-705ae2b6a38ee732fcb6", "model_version": "scripted-engineering-only"}
{"event": "task_finished", "trajectory_id": "e5964d10-6bb1-472c-a403-3e1c341f5a65", "task_id": "task-705ae2b6a38ee732fcb6", "model_version": "scripted-engineering-only", "outcome": "refused", "task_success": true}
{"event": "task_started", "trajectory_id": "3e499054-7a4f-48ae-9e81-035a86f6b315", "task_id": "task-aacc6eab02d55411c926", "model_version": "scripted-engineering-only"}
{"event": "task_finished", "trajectory_id": "3e499054-7a4f-48ae-9e81-035a86f6b315", "task_id": "task-aacc6eab02d55411c926", "model_version": "scripted-engineering-only", "outcome": "refused", "task_success": true}
{"event": "task_started", "trajectory_id": "c2f1fff9-fffc-4c45-8086-e68d843e4c2d", "task_id": "task-e69eb5bbc48e257eaed9", "model_version": "scripted-engineering-only"}
{"event": "task_finished", "trajectory_id": "c2f1fff9-fffc-4c45-8086-e68d843e4c2d", "task_id": "task-e69eb5bbc48e257eaed9", "model_version": "scripted-engineering-only", "outcome": "refused", "task_success": true}
{"event": "task_started", "trajectory_id": "f9630134-4354-401c-8852-31246b746ee6", "task_id": "task-d218b76a549bb71d32a3", "model_version": "scripted-engineering-only"}
{"event": "task_finished", "trajectory_id": "f9630134-4354-401c-8852-31246b746ee6", "task_id": "task-d218b76a549bb71d32a3", "model_version": "scripted-engineering-only", "outcome": "escalated", "task_success": true}
{"event": "task_started", "trajectory_id": "36a68a28-6de1-48e2-ac36-602ddb667e24", "task_id": "task-399f80239f711ea5d908", "model_version": "scripted-engineering-only"}
{"event": "task_finished", "trajectory_id": "36a68a28-6de1-48e2-ac36-602ddb667e24", "task_id": "task-399f80239f711ea5d908", "model_version": "scripted-engineering-only", "outcome": "escalated", "task_success": true}
{"event": "task_started", "trajectory_id": "07f7f52f-0292-4084-9e97-af643db987fa", "task_id": "task-59a584317a710f1deb73", "model_version": "scripted-engineering-only"}
{"event": "task_finished", "trajectory_id": "07f7f52f-0292-4084-9e97-af643db987fa", "task_id": "task-59a584317a710f1deb73", "model_version": "scripted-engineering-only", "outcome": "escalated", "task_success": true}
{"event": "task_started", "trajectory_id": "b13d8005-aabc-441a-80f7-5b25a9238832", "task_id": "task-f72263adb1c1d420111e", "model_version": "scripted-engineering-only"}
{"event": "task_finished", "trajectory_id": "b13d8005-aabc-441a-80f7-5b25a9238832", "task_id": "task-f72263adb1c1d420111e", "model_version": "scripted-engineering-only", "outcome": "escalated", "task_success": true}
{"event": "task_started", "trajectory_id": "db2aff35-e6b9-46f5-9ae4-2150560d8a67", "task_id": "task-90c1813085f31f5299b3", "model_version": "scripted-engineering-only"}
{"event": "task_finished", "trajectory_id": "db2aff35-e6b9-46f5-9ae4-2150560d8a67", "task_id": "task-90c1813085f31f5299b3", "model_version": "scripted-engineering-only", "outcome": "escalated", "task_success": true}
{"event": "task_started", "trajectory_id": "78d3c3b2-31e4-4be5-9122-517fb80e334e", "task_id": "task-c31ed15c43fec69b21d0", "model_version": "scripted-engineering-only"}
{"event": "task_finished", "trajectory_id": "78d3c3b2-31e4-4be5-9122-517fb80e334e", "task_id": "task-c31ed15c43fec69b21d0", "model_version": "scripted-engineering-only", "outcome": "escalated", "task_success": true}
{"event": "task_started", "trajectory_id": "bc83db24-a3f1-47c4-9a3d-491357bead45", "task_id": "task-c4da3551dcd0c1e6d1bc", "model_version": "scripted-engineering-only"}
{"event": "task_finished", "trajectory_id": "bc83db24-a3f1-47c4-9a3d-491357bead45", "task_id": "task-c4da3551dcd0c1e6d1bc", "model_version": "scripted-engineering-only", "outcome": "completed", "task_success": true}
{"event": "task_started", "trajectory_id": "99818f00-6e45-43bb-b860-5b02aa9ac5ab", "task_id": "task-d573e068640729f6fc0c", "model_version": "scripted-engineering-only"}
{"event": "task_finished", "trajectory_id": "99818f00-6e45-43bb-b860-5b02aa9ac5ab", "task_id": "task-d573e068640729f6fc0c", "model_version": "scripted-engineering-only", "outcome": "completed", "task_success": true}
{"event": "task_started", "trajectory_id": "34b35fa2-a6d3-4a38-a575-25fd3b4ba463", "task_id": "task-5451f40b657f5bfdccbc", "model_version": "scripted-engineering-only"}
{"event": "task_finished", "trajectory_id": "34b35fa2-a6d3-4a38-a575-25fd3b4ba463", "task_id": "task-5451f40b657f5bfdccbc", "model_version": "scripted-engineering-only", "outcome": "completed", "task_success": true}
{"event": "task_started", "trajectory_id": "0be433c4-1824-46ca-ae74-6ad4a030701f", "task_id": "task-d71f713e079ab5c2b330", "model_version": "scripted-engineering-only"}
{"event": "task_finished", "trajectory_id": "0be433c4-1824-46ca-ae74-6ad4a030701f", "task_id": "task-d71f713e079ab5c2b330", "model_version": "scripted-engineering-only", "outcome": "completed", "task_success": true}
{"event": "task_started", "trajectory_id": "97c92e75-5a77-4e9d-9dc7-a3a4bf3a3b9f", "task_id": "task-aa38b5523e6289961272", "model_version": "scripted-engineering-only"}
{"event": "task_finished", "trajectory_id": "97c92e75-5a77-4e9d-9dc7-a3a4bf3a3b9f", "task_id": "task-aa38b5523e6289961272", "model_version": "scripted-engineering-only", "outcome": "completed", "task_success": true}
{"event": "task_started", "trajectory_id": "14af3270-fa53-4f98-b305-0bdb4697c7f7", "task_id": "task-45334e54e1889ab54a6c", "model_version": "scripted-engineering-only"}
{"event": "task_finished", "trajectory_id": "14af3270-fa53-4f98-b305-0bdb4697c7f7", "task_id": "task-45334e54e1889ab54a6c", "model_version": "scripted-engineering-only", "outcome": "completed", "task_success": true}
{"event": "task_started", "trajectory_id": "911ec194-b52f-4d1f-97bc-4adbc207407d", "task_id": "task-c50d95cdd2eabf3b7e52", "model_version": "scripted-engineering-only"}
{"event": "task_finished", "trajectory_id": "911ec194-b52f-4d1f-97bc-4adbc207407d", "task_id": "task-c50d95cdd2eabf3b7e52", "model_version": "scripted-engineering-only", "outcome": "completed", "task_success": true}
{"event": "task_started", "trajectory_id": "7d5dba26-5797-4819-ae78-065643bf09df", "task_id": "task-e730102b9a4395aae8ee", "model_version": "scripted-engineering-only"}
{"event": "task_finished", "trajectory_id": "7d5dba26-5797-4819-ae78-065643bf09df", "task_id": "task-e730102b9a4395aae8ee", "model_version": "scripted-engineering-only", "outcome": "completed", "task_success": true}
{"event": "task_started", "trajectory_id": "a97bc11b-caf1-48ed-be42-dca82fb3690a", "task_id": "task-c1422229a8352e1cf4fc", "model_version": "scripted-engineering-only"}
{"event": "task_finished", "trajectory_id": "a97bc11b-caf1-48ed-be42-dca82fb3690a", "task_id": "task-c1422229a8352e1cf4fc", "model_version": "scripted-engineering-only", "outcome": "completed", "task_success": true}
{"event": "task_started", "trajectory_id": "83bc7603-8031-4152-96c6-253899ddfb13", "task_id": "task-f67587394339c41f909c", "model_version": "scripted-engineering-only"}
{"event": "task_finished", "trajectory_id": "83bc7603-8031-4152-96c6-253899ddfb13", "task_id": "task-f67587394339c41f909c", "model_version": "scripted-engineering-only", "outcome": "refused", "task_success": true}
{"event": "task_started", "trajectory_id": "88c3f82b-12aa-4943-a541-0c8a6ca8288e", "task_id": "task-b2e0e6a52eb4cbe28b57", "model_version": "scripted-engineering-only"}
{"event": "task_finished", "trajectory_id": "88c3f82b-12aa-4943-a541-0c8a6ca8288e", "task_id": "task-b2e0e6a52eb4cbe28b57", "model_version": "scripted-engineering-only", "outcome": "refused", "task_success": true}
{"event": "task_started", "trajectory_id": "a6e193a7-834f-4689-802d-eacca45081a7", "task_id": "task-271e4f001bfbec4ba37f", "model_version": "scripted-engineering-only"}
{"event": "task_finished", "trajectory_id": "a6e193a7-834f-4689-802d-eacca45081a7", "task_id": "task-271e4f001bfbec4ba37f", "model_version": "scripted-engineering-only", "outcome": "refused", "task_success": true}
{"event": "task_started", "trajectory_id": "aa3a54f4-432b-4600-a912-9fa47a848673", "task_id": "task-f476ba5bc12924d9bc6b", "model_version": "scripted-engineering-only"}
{"event": "task_finished", "trajectory_id": "aa3a54f4-432b-4600-a912-9fa47a848673", "task_id": "task-f476ba5bc12924d9bc6b", "model_version": "scripted-engineering-only", "outcome": "refused", "task_success": true}
{"event": "task_started", "trajectory_id": "cdb69c6d-2b3d-4290-b7ee-2cbb99429e82", "task_id": "task-5eb647be1fe8d553a68b", "model_version": "scripted-engineering-only"}
{"event": "task_finished", "trajectory_id": "cdb69c6d-2b3d-4290-b7ee-2cbb99429e82", "task_id": "task-5eb647be1fe8d553a68b", "model_version": "scripted-engineering-only", "outcome": "refused", "task_success": true}
{"event": "task_started", "trajectory_id": "9702747f-7751-4c02-af7f-27647a60aa73", "task_id": "task-07a2025d71ee061f3bd2", "model_version": "scripted-engineering-only"}
{"event": "task_finished", "trajectory_id": "9702747f-7751-4c02-af7f-27647a60aa73", "task_id": "task-07a2025d71ee061f3bd2", "model_version": "scripted-engineering-only", "outcome": "refused", "task_success": true}
{"event": "task_started", "trajectory_id": "0ef0d6fb-6787-4b34-a445-5285005dee50", "task_id": "task-a48da85fc162e85f19e2", "model_version": "scripted-engineering-only"}
{"event": "task_finished", "trajectory_id": "0ef0d6fb-6787-4b34-a445-5285005dee50", "task_id": "task-a48da85fc162e85f19e2", "model_version": "scripted-engineering-only", "outcome": "escalated", "task_success": true}
{"event": "task_started", "trajectory_id": "7b85bd3c-452e-400c-b5ad-1bf46bb9745a", "task_id": "task-06b8d71a2bcb3273229e", "model_version": "scripted-engineering-only"}
{"event": "task_finished", "trajectory_id": "7b85bd3c-452e-400c-b5ad-1bf46bb9745a", "task_id": "task-06b8d71a2bcb3273229e", "model_version": "scripted-engineering-only", "outcome": "escalated", "task_success": true}
{"event": "task_started", "trajectory_id": "dd5cbfb6-1eb0-4800-a7e5-2d7a74bdaa43", "task_id": "task-a54dafe4b4e3bb62483d", "model_version": "scripted-engineering-only"}
{"event": "task_finished", "trajectory_id": "dd5cbfb6-1eb0-4800-a7e5-2d7a74bdaa43", "task_id": "task-a54dafe4b4e3bb62483d", "model_version": "scripted-engineering-only", "outcome": "escalated", "task_success": true}
{"event": "task_started", "trajectory_id": "6faf14d7-ef03-43a7-93dd-d33871b93ea9", "task_id": "task-965bab023d996aea99f2", "model_version": "scripted-engineering-only"}
{"event": "task_finished", "trajectory_id": "6faf14d7-ef03-43a7-93dd-d33871b93ea9", "task_id": "task-965bab023d996aea99f2", "model_version": "scripted-engineering-only", "outcome": "completed", "task_success": true}
{"event": "task_started", "trajectory_id": "bf6a96b2-cb05-473e-b3d8-3c8c4f9ffdac", "task_id": "task-eba00923d594244d8a50", "model_version": "scripted-engineering-only"}
{"event": "task_finished", "trajectory_id": "bf6a96b2-cb05-473e-b3d8-3c8c4f9ffdac", "task_id": "task-eba00923d594244d8a50", "model_version": "scripted-engineering-only", "outcome": "completed", "task_success": true}
{"event": "task_started", "trajectory_id": "e40e058f-88c0-4d20-a274-80ad8583317b", "task_id": "task-2d745d5735989f513472", "model_version": "scripted-engineering-only"}
{"event": "task_finished", "trajectory_id": "e40e058f-88c0-4d20-a274-80ad8583317b", "task_id": "task-2d745d5735989f513472", "model_version": "scripted-engineering-only", "outcome": "completed", "task_success": true}
{"event": "task_started", "trajectory_id": "fdcf3a7a-aeaf-4546-a9e7-46aa4eb8aec2", "task_id": "task-adce80fcd242644af3be", "model_version": "scripted-engineering-only"}
{"event": "task_finished", "trajectory_id": "fdcf3a7a-aeaf-4546-a9e7-46aa4eb8aec2", "task_id": "task-adce80fcd242644af3be", "model_version": "scripted-engineering-only", "outcome": "escalated", "task_success": true}
{"event": "task_started", "trajectory_id": "f4a8f947-94a6-4dea-9418-efcabb9fb411", "task_id": "task-a3b7dfcd02ab8da95ef8", "model_version": "scripted-engineering-only"}
{"event": "task_finished", "trajectory_id": "f4a8f947-94a6-4dea-9418-efcabb9fb411", "task_id": "task-a3b7dfcd02ab8da95ef8", "model_version": "scripted-engineering-only", "outcome": "escalated", "task_success": true}
{"event": "task_started", "trajectory_id": "51447cb0-c0dc-4ca2-87ff-8ac08eb8371a", "task_id": "task-0186019e3d73611b86a1", "model_version": "scripted-engineering-only"}
{"event": "task_finished", "trajectory_id": "51447cb0-c0dc-4ca2-87ff-8ac08eb8371a", "task_id": "task-0186019e3d73611b86a1", "model_version": "scripted-engineering-only", "outcome": "escalated", "task_success": true}
{"event": "task_started", "trajectory_id": "406e3b05-094f-4ebb-85b9-55a2a9311736", "task_id": "task-734d5b0d34d0656564ee", "model_version": "scripted-engineering-only"}
{"event": "task_finished", "trajectory_id": "406e3b05-094f-4ebb-85b9-55a2a9311736", "task_id": "task-734d5b0d34d0656564ee", "model_version": "scripted-engineering-only", "outcome": "escalated", "task_success": true}
{"event": "task_started", "trajectory_id": "c42681e5-b1f0-497e-9ee0-cc7b31012eb9", "task_id": "task-5dceefde9e586fb8376a", "model_version": "scripted-engineering-only"}
{"event": "task_finished", "trajectory_id": "c42681e5-b1f0-497e-9ee0-cc7b31012eb9", "task_id": "task-5dceefde9e586fb8376a", "model_version": "scripted-engineering-only", "outcome": "escalated", "task_success": true}
{"event": "task_started", "trajectory_id": "6659dcd0-308f-4ebd-8144-dd6ecd16886b", "task_id": "task-ad1e786facf608c440ac", "model_version": "scripted-engineering-only"}
{"event": "task_finished", "trajectory_id": "6659dcd0-308f-4ebd-8144-dd6ecd16886b", "task_id": "task-ad1e786facf608c440ac", "model_version": "scripted-engineering-only", "outcome": "escalated", "task_success": true}
{"event": "task_started", "trajectory_id": "abf106c7-0a7e-4a40-9ab9-48738c5b480c", "task_id": "task-bb68b21999ce552f5ffc", "model_version": "scripted-engineering-only"}
{"event": "task_finished", "trajectory_id": "abf106c7-0a7e-4a40-9ab9-48738c5b480c", "task_id": "task-bb68b21999ce552f5ffc", "model_version": "scripted-engineering-only", "outcome": "completed", "task_success": true}
{"event": "task_started", "trajectory_id": "1a77837c-a5af-46ba-a911-1d65150f7384", "task_id": "task-a1d394ba1d073d7a2eaa", "model_version": "scripted-engineering-only"}
{"event": "task_finished", "trajectory_id": "1a77837c-a5af-46ba-a911-1d65150f7384", "task_id": "task-a1d394ba1d073d7a2eaa", "model_version": "scripted-engineering-only", "outcome": "completed", "task_success": true}
{"event": "task_started", "trajectory_id": "ece50f7f-6aa6-4bab-9d2d-b7eacb461de8", "task_id": "task-edb462866dbadf5ed77c", "model_version": "scripted-engineering-only"}
{"event": "task_finished", "trajectory_id": "ece50f7f-6aa6-4bab-9d2d-b7eacb461de8", "task_id": "task-edb462866dbadf5ed77c", "model_version": "scripted-engineering-only", "outcome": "completed", "task_success": true}
{"event": "task_started", "trajectory_id": "1c67aa2c-5e56-466e-81ce-8871f5223596", "task_id": "task-6dfee218765c8a8ccb03", "model_version": "scripted-engineering-only"}
{"event": "task_finished", "trajectory_id": "1c67aa2c-5e56-466e-81ce-8871f5223596", "task_id": "task-6dfee218765c8a8ccb03", "model_version": "scripted-engineering-only", "outcome": "completed", "task_success": true}
{"event": "task_started", "trajectory_id": "c5af9bc7-d977-4a93-97ce-5513f65b8b19", "task_id": "task-7b7e1c638fa73fcdc0cb", "model_version": "scripted-engineering-only"}
{"event": "task_finished", "trajectory_id": "c5af9bc7-d977-4a93-97ce-5513f65b8b19", "task_id": "task-7b7e1c638fa73fcdc0cb", "model_version": "scripted-engineering-only", "outcome": "completed", "task_success": true}
{"event": "task_started", "trajectory_id": "f4aca42a-d79e-4100-8040-1004a90c5ac1", "task_id": "task-30eeea5e7635d5b1ecb1", "model_version": "scripted-engineering-only"}
{"event": "task_finished", "trajectory_id": "f4aca42a-d79e-4100-8040-1004a90c5ac1", "task_id": "task-30eeea5e7635d5b1ecb1", "model_version": "scripted-engineering-only", "outcome": "completed", "task_success": true}
{"event": "task_started", "trajectory_id": "a19b8b57-85ab-4008-a3c9-feffe6cb9800", "task_id": "task-d1dddd10b1af24b04d3e", "model_version": "scripted-engineering-only"}
{"event": "task_finished", "trajectory_id": "a19b8b57-85ab-4008-a3c9-feffe6cb9800", "task_id": "task-d1dddd10b1af24b04d3e", "model_version": "scripted-engineering-only", "outcome": "escalated", "task_success": true}
{"event": "task_started", "trajectory_id": "1f3a6077-0fc4-49c8-a642-04138fedecb1", "task_id": "task-afbdfb29b194d7db817e", "model_version": "scripted-engineering-only"}
{"event": "task_finished", "trajectory_id": "1f3a6077-0fc4-49c8-a642-04138fedecb1", "task_id": "task-afbdfb29b194d7db817e", "model_version": "scripted-engineering-only", "outcome": "escalated", "task_success": true}
{"event": "task_started", "trajectory_id": "6c2eef04-83b9-4c69-a40a-efcb9d84d82a", "task_id": "task-1cb1631bb12620637a56", "model_version": "scripted-engineering-only"}
{"event": "task_finished", "trajectory_id": "6c2eef04-83b9-4c69-a40a-efcb9d84d82a", "task_id": "task-1cb1631bb12620637a56", "model_version": "scripted-engineering-only", "outcome": "escalated", "task_success": true}
{"event": "task_started", "trajectory_id": "95cf3600-b1a0-4acb-b433-adf39241056e", "task_id": "task-86bd6cb9106510ea039f", "model_version": "scripted-engineering-only"}
{"event": "task_finished", "trajectory_id": "95cf3600-b1a0-4acb-b433-adf39241056e", "task_id": "task-86bd6cb9106510ea039f", "model_version": "scripted-engineering-only", "outcome": "escalated", "task_success": true}
{"event": "task_started", "trajectory_id": "cac5527c-2328-4bb7-841d-7a910b44c511", "task_id": "task-28acc947e09e78444ad1", "model_version": "scripted-engineering-only"}
{"event": "task_finished", "trajectory_id": "cac5527c-2328-4bb7-841d-7a910b44c511", "task_id": "task-28acc947e09e78444ad1", "model_version": "scripted-engineering-only", "outcome": "escalated", "task_success": true}
{"event": "task_started", "trajectory_id": "cd16a8a8-de45-46b9-93a3-b6d9e4386d83", "task_id": "task-398eead64c3eeb871099", "model_version": "scripted-engineering-only"}
{"event": "task_finished", "trajectory_id": "cd16a8a8-de45-46b9-93a3-b6d9e4386d83", "task_id": "task-398eead64c3eeb871099", "model_version": "scripted-engineering-only", "outcome": "escalated", "task_success": true}
{"event": "task_started", "trajectory_id": "d4301168-dc5b-438a-a40b-4995aa5bb790", "task_id": "task-80544b2a08bd57e8e768", "model_version": "scripted-engineering-only"}
{"event": "task_finished", "trajectory_id": "d4301168-dc5b-438a-a40b-4995aa5bb790", "task_id": "task-80544b2a08bd57e8e768", "model_version": "scripted-engineering-only", "outcome": "completed", "task_success": true}
{"event": "task_started", "trajectory_id": "ffd0131d-34ca-4e75-908a-46964ec4a2c0", "task_id": "task-673dbc9dd8f247601722", "model_version": "scripted-engineering-only"}
{"event": "task_finished", "trajectory_id": "ffd0131d-34ca-4e75-908a-46964ec4a2c0", "task_id": "task-673dbc9dd8f247601722", "model_version": "scripted-engineering-only", "outcome": "completed", "task_success": true}
{"event": "task_started", "trajectory_id": "6ef4e060-7b9c-494f-a92e-66ee4f99ff2b", "task_id": "task-ed359ba55106b09d8847", "model_version": "scripted-engineering-only"}
{"event": "task_finished", "trajectory_id": "6ef4e060-7b9c-494f-a92e-66ee4f99ff2b", "task_id": "task-ed359ba55106b09d8847", "model_version": "scripted-engineering-only", "outcome": "completed", "task_success": true}
{"event": "task_started", "trajectory_id": "8f6f1b05-00cb-4870-83ef-44f959394c2c", "task_id": "task-292ef81ae14a36c27b3f", "model_version": "scripted-engineering-only"}
{"event": "task_finished", "trajectory_id": "8f6f1b05-00cb-4870-83ef-44f959394c2c", "task_id": "task-292ef81ae14a36c27b3f", "model_version": "scripted-engineering-only", "outcome": "refused", "task_success": true}
{"event": "task_started", "trajectory_id": "46180dbd-bc1b-4e73-981e-e5aaee9f8558", "task_id": "task-5a00f3a9d86cd9d6c54d", "model_version": "scripted-engineering-only"}
{"event": "task_finished", "trajectory_id": "46180dbd-bc1b-4e73-981e-e5aaee9f8558", "task_id": "task-5a00f3a9d86cd9d6c54d", "model_version": "scripted-engineering-only", "outcome": "refused", "task_success": true}
{"event": "task_started", "trajectory_id": "3989a771-af04-469d-90fd-bc80e6b63374", "task_id": "task-3b9ce844f270fdf7774d", "model_version": "scripted-engineering-only"}
{"event": "task_finished", "trajectory_id": "3989a771-af04-469d-90fd-bc80e6b63374", "task_id": "task-3b9ce844f270fdf7774d", "model_version": "scripted-engineering-only", "outcome": "refused", "task_success": true}
{"event": "task_started", "trajectory_id": "6f0e22b0-35b7-4403-88f1-a658acdaa32b", "task_id": "task-f9ea9ef01353b4b68e96", "model_version": "scripted-engineering-only"}
{"event": "task_finished", "trajectory_id": "6f0e22b0-35b7-4403-88f1-a658acdaa32b", "task_id": "task-f9ea9ef01353b4b68e96", "model_version": "scripted-engineering-only", "outcome": "refused", "task_success": true}
{"event": "task_started", "trajectory_id": "85a43835-c7f5-45a9-bc5c-222663aa45c8", "task_id": "task-98171245bbd786a1517a", "model_version": "scripted-engineering-only"}
{"event": "task_finished", "trajectory_id": "85a43835-c7f5-45a9-bc5c-222663aa45c8", "task_id": "task-98171245bbd786a1517a", "model_version": "scripted-engineering-only", "outcome": "refused", "task_success": true}
{"event": "task_started", "trajectory_id": "0b09e5f1-4f3f-4ddc-a963-4cab0dca0728", "task_id": "task-097a2cdd49eb7039eeda", "model_version": "scripted-engineering-only"}
{"event": "task_finished", "trajectory_id": "0b09e5f1-4f3f-4ddc-a963-4cab0dca0728", "task_id": "task-097a2cdd49eb7039eeda", "model_version": "scripted-engineering-only", "outcome": "refused", "task_success": true}
{"event": "task_started", "trajectory_id": "367cb76a-1b95-4a5c-a190-94e8f82ba124", "task_id": "task-dc45c35c4539665fa28a", "model_version": "scripted-engineering-only"}
{"event": "task_finished", "trajectory_id": "367cb76a-1b95-4a5c-a190-94e8f82ba124", "task_id": "task-dc45c35c4539665fa28a", "model_version": "scripted-engineering-only", "outcome": "escalated", "task_success": true}
{"event": "task_started", "trajectory_id": "8524a153-5e83-4ba8-9d20-9d495736e2a3", "task_id": "task-012721fdabc6938bfdb4", "model_version": "scripted-engineering-only"}
{"event": "task_finished", "trajectory_id": "8524a153-5e83-4ba8-9d20-9d495736e2a3", "task_id": "task-012721fdabc6938bfdb4", "model_version": "scripted-engineering-only", "outcome": "escalated", "task_success": true}
{"event": "task_started", "trajectory_id": "f634279d-b2af-4be6-98be-7eb9517974ed", "task_id": "task-7e2db9056f851620b578", "model_version": "scripted-engineering-only"}
{"event": "task_finished", "trajectory_id": "f634279d-b2af-4be6-98be-7eb9517974ed", "task_id": "task-7e2db9056f851620b578", "model_version": "scripted-engineering-only", "outcome": "escalated", "task_success": true}
{"event": "task_started", "trajectory_id": "dde4eed9-96f1-4672-831b-5eb94f481ca1", "task_id": "task-56d11969bbac661ba221", "model_version": "scripted-engineering-only"}
{"event": "task_finished", "trajectory_id": "dde4eed9-96f1-4672-831b-5eb94f481ca1", "task_id": "task-56d11969bbac661ba221", "model_version": "scripted-engineering-only", "outcome": "refused", "task_success": true}
{"event": "task_started", "trajectory_id": "75665b85-4ceb-4d3d-a158-4536b7d70b0e", "task_id": "task-87d7c7fe1cf3dca74c72", "model_version": "scripted-engineering-only"}
{"event": "task_finished", "trajectory_id": "75665b85-4ceb-4d3d-a158-4536b7d70b0e", "task_id": "task-87d7c7fe1cf3dca74c72", "model_version": "scripted-engineering-only", "outcome": "refused", "task_success": true}
{"event": "task_started", "trajectory_id": "710175af-d1c6-4eb7-975f-84216c45b0d4", "task_id": "task-31dce11192d72a14cb25", "model_version": "scripted-engineering-only"}
{"event": "task_finished", "trajectory_id": "710175af-d1c6-4eb7-975f-84216c45b0d4", "task_id": "task-31dce11192d72a14cb25", "model_version": "scripted-engineering-only", "outcome": "refused", "task_success": true}
{"event": "task_started", "trajectory_id": "f2a67374-fc36-499a-8a66-859278ae2945", "task_id": "task-c9c2d9c2d23545eb0e36", "model_version": "scripted-engineering-only"}
{"event": "task_finished", "trajectory_id": "f2a67374-fc36-499a-8a66-859278ae2945", "task_id": "task-c9c2d9c2d23545eb0e36", "model_version": "scripted-engineering-only", "outcome": "refused", "task_success": true}
{"event": "task_started", "trajectory_id": "3cc95d1b-aceb-4154-bd2e-dcf012551ad1", "task_id": "task-9f2dbc26618598f23b3d", "model_version": "scripted-engineering-only"}
{"event": "task_finished", "trajectory_id": "3cc95d1b-aceb-4154-bd2e-dcf012551ad1", "task_id": "task-9f2dbc26618598f23b3d", "model_version": "scripted-engineering-only", "outcome": "refused", "task_success": true}
{"event": "task_started", "trajectory_id": "bf1f49c0-40ca-42b2-ab79-d5409be35373", "task_id": "task-ba01b87f8d3c2b2a0a9d", "model_version": "scripted-engineering-only"}
{"event": "task_finished", "trajectory_id": "bf1f49c0-40ca-42b2-ab79-d5409be35373", "task_id": "task-ba01b87f8d3c2b2a0a9d", "model_version": "scripted-engineering-only", "outcome": "refused", "task_success": true}
{"event": "task_started", "trajectory_id": "2fb045b5-df7d-4ab6-aa63-b3245aa8a0e4", "task_id": "task-bdd32dbdec43e2d790e2", "model_version": "scripted-engineering-only"}
{"event": "task_finished", "trajectory_id": "2fb045b5-df7d-4ab6-aa63-b3245aa8a0e4", "task_id": "task-bdd32dbdec43e2d790e2", "model_version": "scripted-engineering-only", "outcome": "escalated", "task_success": true}
{"event": "task_started", "trajectory_id": "c984a174-bb10-4d04-81aa-8263ce96351c", "task_id": "task-abd88aed3619fa1f2adb", "model_version": "scripted-engineering-only"}
{"event": "task_finished", "trajectory_id": "c984a174-bb10-4d04-81aa-8263ce96351c", "task_id": "task-abd88aed3619fa1f2adb", "model_version": "scripted-engineering-only", "outcome": "escalated", "task_success": true}
{"event": "task_started", "trajectory_id": "65ca405f-2f58-426b-b8c3-a95286449c78", "task_id": "task-3679379ac0a63d0c5798", "model_version": "scripted-engineering-only"}
{"event": "task_finished", "trajectory_id": "65ca405f-2f58-426b-b8c3-a95286449c78", "task_id": "task-3679379ac0a63d0c5798", "model_version": "scripted-engineering-only", "outcome": "escalated", "task_success": true}
{"event": "task_started", "trajectory_id": "57353160-b308-4672-844d-3cfb8f7b6909", "task_id": "task-ec729be391c4a34fe297", "model_version": "scripted-engineering-only"}
{"event": "task_finished", "trajectory_id": "57353160-b308-4672-844d-3cfb8f7b6909", "task_id": "task-ec729be391c4a34fe297", "model_version": "scripted-engineering-only", "outcome": "completed", "task_success": true}
{"event": "task_started", "trajectory_id": "5c9c52b3-4720-4e0e-9860-70e440caea05", "task_id": "task-b453a658279db88de3c0", "model_version": "scripted-engineering-only"}
{"event": "task_finished", "trajectory_id": "5c9c52b3-4720-4e0e-9860-70e440caea05", "task_id": "task-b453a658279db88de3c0", "model_version": "scripted-engineering-only", "outcome": "completed", "task_success": true}
{"event": "task_started", "trajectory_id": "29bfe04a-6d61-4f77-b0fe-7b28c762936d", "task_id": "task-97af2e092bbdb911a25a", "model_version": "scripted-engineering-only"}
{"event": "task_finished", "trajectory_id": "29bfe04a-6d61-4f77-b0fe-7b28c762936d", "task_id": "task-97af2e092bbdb911a25a", "model_version": "scripted-engineering-only", "outcome": "completed", "task_success": true}
{"event": "task_started", "trajectory_id": "fb4baf2f-4389-4c4f-b867-b6b29af8b13e", "task_id": "task-0724fc5648935c3d16ba", "model_version": "scripted-engineering-only"}
{"event": "task_finished", "trajectory_id": "fb4baf2f-4389-4c4f-b867-b6b29af8b13e", "task_id": "task-0724fc5648935c3d16ba", "model_version": "scripted-engineering-only", "outcome": "escalated", "task_success": true}
{"event": "task_started", "trajectory_id": "8a15e172-d406-4b0c-b885-e820de548331", "task_id": "task-674a4080fd2f0382b598", "model_version": "scripted-engineering-only"}
{"event": "task_finished", "trajectory_id": "8a15e172-d406-4b0c-b885-e820de548331", "task_id": "task-674a4080fd2f0382b598", "model_version": "scripted-engineering-only", "outcome": "escalated", "task_success": true}
{"event": "task_started", "trajectory_id": "9472cdbb-5bd0-416b-9fd0-682be0c9c535", "task_id": "task-3feda8a21f9775e1db88", "model_version": "scripted-engineering-only"}
{"event": "task_finished", "trajectory_id": "9472cdbb-5bd0-416b-9fd0-682be0c9c535", "task_id": "task-3feda8a21f9775e1db88", "model_version": "scripted-engineering-only", "outcome": "escalated", "task_success": true}
{"event": "task_started", "trajectory_id": "1e0809a7-0b42-45b1-a539-29e9d7ea4445", "task_id": "task-0e084016f0ee902062e6", "model_version": "scripted-engineering-only"}
{"event": "task_finished", "trajectory_id": "1e0809a7-0b42-45b1-a539-29e9d7ea4445", "task_id": "task-0e084016f0ee902062e6", "model_version": "scripted-engineering-only", "outcome": "completed", "task_success": true}
{"event": "task_started", "trajectory_id": "aa79d46c-96f2-4f01-9aa7-7b35edfee5fa", "task_id": "task-4c6c1f9967c096b34002", "model_version": "scripted-engineering-only"}
{"event": "task_finished", "trajectory_id": "aa79d46c-96f2-4f01-9aa7-7b35edfee5fa", "task_id": "task-4c6c1f9967c096b34002", "model_version": "scripted-engineering-only", "outcome": "completed", "task_success": true}
{"event": "task_started", "trajectory_id": "c2b9412d-3fd4-4551-818b-6ac0b1e0c42c", "task_id": "task-5d8affbfbc38c6af2a55", "model_version": "scripted-engineering-only"}
{"event": "task_finished", "trajectory_id": "c2b9412d-3fd4-4551-818b-6ac0b1e0c42c", "task_id": "task-5d8affbfbc38c6af2a55", "model_version": "scripted-engineering-only", "outcome": "completed", "task_success": true}
{"event": "task_started", "trajectory_id": "e9a64814-3056-4da8-9825-1e7cc9ac1cea", "task_id": "task-705ae2b6a38ee732fcb6", "model_version": "scripted-engineering-only"}
{"event": "task_finished", "trajectory_id": "e9a64814-3056-4da8-9825-1e7cc9ac1cea", "task_id": "task-705ae2b6a38ee732fcb6", "model_version": "scripted-engineering-only", "outcome": "refused", "task_success": true}
{"event": "task_started", "trajectory_id": "9f044636-24f8-426a-a033-56348327ad0c", "task_id": "task-aacc6eab02d55411c926", "model_version": "scripted-engineering-only"}
{"event": "task_finished", "trajectory_id": "9f044636-24f8-426a-a033-56348327ad0c", "task_id": "task-aacc6eab02d55411c926", "model_version": "scripted-engineering-only", "outcome": "refused", "task_success": true}
{"event": "task_started", "trajectory_id": "62161a48-d167-4c16-9a5a-963547971eaa", "task_id": "task-e69eb5bbc48e257eaed9", "model_version": "scripted-engineering-only"}
{"event": "task_finished", "trajectory_id": "62161a48-d167-4c16-9a5a-963547971eaa", "task_id": "task-e69eb5bbc48e257eaed9", "model_version": "scripted-engineering-only", "outcome": "refused", "task_success": true}
{"event": "task_started", "trajectory_id": "401f26f0-1076-41ed-aaae-a678b2724709", "task_id": "task-d218b76a549bb71d32a3", "model_version": "scripted-engineering-only"}
{"event": "task_finished", "trajectory_id": "401f26f0-1076-41ed-aaae-a678b2724709", "task_id": "task-d218b76a549bb71d32a3", "model_version": "scripted-engineering-only", "outcome": "escalated", "task_success": true}
{"event": "task_started", "trajectory_id": "f11d41fb-c70b-46d4-a8df-ac8bbbd7c9ba", "task_id": "task-399f80239f711ea5d908", "model_version": "scripted-engineering-only"}
{"event": "task_finished", "trajectory_id": "f11d41fb-c70b-46d4-a8df-ac8bbbd7c9ba", "task_id": "task-399f80239f711ea5d908", "model_version": "scripted-engineering-only", "outcome": "escalated", "task_success": true}
{"event": "task_started", "trajectory_id": "b4b11406-7119-4205-9948-e01162f4228d", "task_id": "task-59a584317a710f1deb73", "model_version": "scripted-engineering-only"}
{"event": "task_finished", "trajectory_id": "b4b11406-7119-4205-9948-e01162f4228d", "task_id": "task-59a584317a710f1deb73", "model_version": "scripted-engineering-only", "outcome": "escalated", "task_success": true}
{"event": "task_started", "trajectory_id": "9b84fcf5-d01e-42d2-a67d-4a9fd4991792", "task_id": "task-f72263adb1c1d420111e", "model_version": "scripted-engineering-only"}
{"event": "task_finished", "trajectory_id": "9b84fcf5-d01e-42d2-a67d-4a9fd4991792", "task_id": "task-f72263adb1c1d420111e", "model_version": "scripted-engineering-only", "outcome": "escalated", "task_success": true}
{"event": "task_started", "trajectory_id": "67317cff-7a82-4683-9fec-fbcbbdfd9e77", "task_id": "task-90c1813085f31f5299b3", "model_version": "scripted-engineering-only"}
{"event": "task_finished", "trajectory_id": "67317cff-7a82-4683-9fec-fbcbbdfd9e77", "task_id": "task-90c1813085f31f5299b3", "model_version": "scripted-engineering-only", "outcome": "escalated", "task_success": true}
{"event": "task_started", "trajectory_id": "a519f142-a01f-4caf-9a25-583a6c5adf6e", "task_id": "task-c31ed15c43fec69b21d0", "model_version": "scripted-engineering-only"}
{"event": "task_finished", "trajectory_id": "a519f142-a01f-4caf-9a25-583a6c5adf6e", "task_id": "task-c31ed15c43fec69b21d0", "model_version": "scripted-engineering-only", "outcome": "escalated", "task_success": true}
{"event": "task_started", "trajectory_id": "96494091-0ed9-4132-b3d6-d904115a92ac", "task_id": "task-c4da3551dcd0c1e6d1bc", "model_version": "scripted-engineering-only"}
{"event": "task_finished", "trajectory_id": "96494091-0ed9-4132-b3d6-d904115a92ac", "task_id": "task-c4da3551dcd0c1e6d1bc", "model_version": "scripted-engineering-only", "outcome": "completed", "task_success": true}
{"event": "task_started", "trajectory_id": "de30cc8b-28b4-47cc-b2e9-8ef83a9bb111", "task_id": "task-d573e068640729f6fc0c", "model_version": "scripted-engineering-only"}
{"event": "task_finished", "trajectory_id": "de30cc8b-28b4-47cc-b2e9-8ef83a9bb111", "task_id": "task-d573e068640729f6fc0c", "model_version": "scripted-engineering-only", "outcome": "completed", "task_success": true}
{"event": "task_started", "trajectory_id": "9ed0adb9-1180-427a-bfa1-710851f5faeb", "task_id": "task-5451f40b657f5bfdccbc", "model_version": "scripted-engineering-only"}
{"event": "task_finished", "trajectory_id": "9ed0adb9-1180-427a-bfa1-710851f5faeb", "task_id": "task-5451f40b657f5bfdccbc", "model_version": "scripted-engineering-only", "outcome": "completed", "task_success": true}
{"event": "task_started", "trajectory_id": "3eb72cad-6599-4b64-948d-a321042d4832", "task_id": "task-d71f713e079ab5c2b330", "model_version": "scripted-engineering-only"}
{"event": "task_finished", "trajectory_id": "3eb72cad-6599-4b64-948d-a321042d4832", "task_id": "task-d71f713e079ab5c2b330", "model_version": "scripted-engineering-only", "outcome": "completed", "task_success": true}
{"event": "task_started", "trajectory_id": "55419c23-3a1b-4298-9ba3-bef0142d4e61", "task_id": "task-aa38b5523e6289961272", "model_version": "scripted-engineering-only"}
{"event": "task_finished", "trajectory_id": "55419c23-3a1b-4298-9ba3-bef0142d4e61", "task_id": "task-aa38b5523e6289961272", "model_version": "scripted-engineering-only", "outcome": "completed", "task_success": true}
{"event": "task_started", "trajectory_id": "08c88532-03ad-4970-8429-c90b1d183d38", "task_id": "task-45334e54e1889ab54a6c", "model_version": "scripted-engineering-only"}
{"event": "task_finished", "trajectory_id": "08c88532-03ad-4970-8429-c90b1d183d38", "task_id": "task-45334e54e1889ab54a6c", "model_version": "scripted-engineering-only", "outcome": "completed", "task_success": true}
{"event": "task_started", "trajectory_id": "25482e2c-1354-4060-8711-2a1784ac83ad", "task_id": "task-c50d95cdd2eabf3b7e52", "model_version": "scripted-engineering-only"}
{"event": "task_finished", "trajectory_id": "25482e2c-1354-4060-8711-2a1784ac83ad", "task_id": "task-c50d95cdd2eabf3b7e52", "model_version": "scripted-engineering-only", "outcome": "completed", "task_success": true}
{"event": "task_started", "trajectory_id": "05908d9c-b42e-451d-8576-dbecfce38743", "task_id": "task-e730102b9a4395aae8ee", "model_version": "scripted-engineering-only"}
{"event": "task_finished", "trajectory_id": "05908d9c-b42e-451d-8576-dbecfce38743", "task_id": "task-e730102b9a4395aae8ee", "model_version": "scripted-engineering-only", "outcome": "completed", "task_success": true}
{"event": "task_started", "trajectory_id": "fe7b235a-ea2e-4e1b-9790-895c6b10e6e7", "task_id": "task-c1422229a8352e1cf4fc", "model_version": "scripted-engineering-only"}
{"event": "task_finished", "trajectory_id": "fe7b235a-ea2e-4e1b-9790-895c6b10e6e7", "task_id": "task-c1422229a8352e1cf4fc", "model_version": "scripted-engineering-only", "outcome": "completed", "task_success": true}
{"event": "task_started", "trajectory_id": "5765476e-6895-4ea7-b23c-a02f9a16e16a", "task_id": "task-f67587394339c41f909c", "model_version": "scripted-engineering-only"}
{"event": "task_finished", "trajectory_id": "5765476e-6895-4ea7-b23c-a02f9a16e16a", "task_id": "task-f67587394339c41f909c", "model_version": "scripted-engineering-only", "outcome": "refused", "task_success": true}
{"event": "task_started", "trajectory_id": "fe91b322-bc82-45af-bb81-3e9cccc3a772", "task_id": "task-b2e0e6a52eb4cbe28b57", "model_version": "scripted-engineering-only"}
{"event": "task_finished", "trajectory_id": "fe91b322-bc82-45af-bb81-3e9cccc3a772", "task_id": "task-b2e0e6a52eb4cbe28b57", "model_version": "scripted-engineering-only", "outcome": "refused", "task_success": true}
{"event": "task_started", "trajectory_id": "5a0fd148-2735-470c-81b5-f6fa0725c764", "task_id": "task-271e4f001bfbec4ba37f", "model_version": "scripted-engineering-only"}
{"event": "task_finished", "trajectory_id": "5a0fd148-2735-470c-81b5-f6fa0725c764", "task_id": "task-271e4f001bfbec4ba37f", "model_version": "scripted-engineering-only", "outcome": "refused", "task_success": true}
{"event": "task_started", "trajectory_id": "9e368b06-a2d9-4335-ad5d-837909968fbc", "task_id": "task-f476ba5bc12924d9bc6b", "model_version": "scripted-engineering-only"}
{"event": "task_finished", "trajectory_id": "9e368b06-a2d9-4335-ad5d-837909968fbc", "task_id": "task-f476ba5bc12924d9bc6b", "model_version": "scripted-engineering-only", "outcome": "refused", "task_success": true}
{"event": "task_started", "trajectory_id": "f8b2f827-1779-4a66-92b0-91423272dfbc", "task_id": "task-5eb647be1fe8d553a68b", "model_version": "scripted-engineering-only"}
{"event": "task_finished", "trajectory_id": "f8b2f827-1779-4a66-92b0-91423272dfbc", "task_id": "task-5eb647be1fe8d553a68b", "model_version": "scripted-engineering-only", "outcome": "refused", "task_success": true}
{"event": "task_started", "trajectory_id": "6a30d9b5-7b45-4275-a309-b29a413a5094", "task_id": "task-07a2025d71ee061f3bd2", "model_version": "scripted-engineering-only"}
{"event": "task_finished", "trajectory_id": "6a30d9b5-7b45-4275-a309-b29a413a5094", "task_id": "task-07a2025d71ee061f3bd2", "model_version": "scripted-engineering-only", "outcome": "refused", "task_success": true}
{"event": "task_started", "trajectory_id": "aa7b02ed-cb82-4cd4-8817-29c452ac78ca", "task_id": "task-a48da85fc162e85f19e2", "model_version": "scripted-engineering-only"}
{"event": "task_finished", "trajectory_id": "aa7b02ed-cb82-4cd4-8817-29c452ac78ca", "task_id": "task-a48da85fc162e85f19e2", "model_version": "scripted-engineering-only", "outcome": "escalated", "task_success": true}
{"event": "task_started", "trajectory_id": "be7fc890-1ffd-4973-a751-6445fa26856d", "task_id": "task-06b8d71a2bcb3273229e", "model_version": "scripted-engineering-only"}
{"event": "task_finished", "trajectory_id": "be7fc890-1ffd-4973-a751-6445fa26856d", "task_id": "task-06b8d71a2bcb3273229e", "model_version": "scripted-engineering-only", "outcome": "escalated", "task_success": true}
{"event": "task_started", "trajectory_id": "be348519-b891-45b9-a988-7f525953ae35", "task_id": "task-a54dafe4b4e3bb62483d", "model_version": "scripted-engineering-only"}
{"event": "task_finished", "trajectory_id": "be348519-b891-45b9-a988-7f525953ae35", "task_id": "task-a54dafe4b4e3bb62483d", "model_version": "scripted-engineering-only", "outcome": "escalated", "task_success": true}
{"event": "task_started", "trajectory_id": "4bf99480-c613-406c-ae85-ca9646cf2549", "task_id": "task-965bab023d996aea99f2", "model_version": "scripted-engineering-only"}
{"event": "task_finished", "trajectory_id": "4bf99480-c613-406c-ae85-ca9646cf2549", "task_id": "task-965bab023d996aea99f2", "model_version": "scripted-engineering-only", "outcome": "completed", "task_success": true}
{"event": "task_started", "trajectory_id": "cd1d4246-5188-42c7-b8dd-4b09ab0db8bb", "task_id": "task-eba00923d594244d8a50", "model_version": "scripted-engineering-only"}
{"event": "task_finished", "trajectory_id": "cd1d4246-5188-42c7-b8dd-4b09ab0db8bb", "task_id": "task-eba00923d594244d8a50", "model_version": "scripted-engineering-only", "outcome": "completed", "task_success": true}
{"event": "task_started", "trajectory_id": "3b8c7e65-d6b4-46c2-83ca-9fb0ff104b6b", "task_id": "task-2d745d5735989f513472", "model_version": "scripted-engineering-only"}
{"event": "task_finished", "trajectory_id": "3b8c7e65-d6b4-46c2-83ca-9fb0ff104b6b", "task_id": "task-2d745d5735989f513472", "model_version": "scripted-engineering-only", "outcome": "completed", "task_success": true}
{"event": "task_started", "trajectory_id": "185c7fe5-4900-4882-a7a0-7e02fe8dbbc3", "task_id": "task-adce80fcd242644af3be", "model_version": "scripted-engineering-only"}
{"event": "task_finished", "trajectory_id": "185c7fe5-4900-4882-a7a0-7e02fe8dbbc3", "task_id": "task-adce80fcd242644af3be", "model_version": "scripted-engineering-only", "outcome": "escalated", "task_success": true}
{"event": "task_started", "trajectory_id": "3ce1776a-5603-4ae4-b772-646c22a1b0c6", "task_id": "task-a3b7dfcd02ab8da95ef8", "model_version": "scripted-engineering-only"}
{"event": "task_finished", "trajectory_id": "3ce1776a-5603-4ae4-b772-646c22a1b0c6", "task_id": "task-a3b7dfcd02ab8da95ef8", "model_version": "scripted-engineering-only", "outcome": "escalated", "task_success": true}
{"event": "task_started", "trajectory_id": "e81c2d43-aff0-4727-8748-9c43994d6472", "task_id": "task-0186019e3d73611b86a1", "model_version": "scripted-engineering-only"}
{"event": "task_finished", "trajectory_id": "e81c2d43-aff0-4727-8748-9c43994d6472", "task_id": "task-0186019e3d73611b86a1", "model_version": "scripted-engineering-only", "outcome": "escalated", "task_success": true}
{"event": "task_started", "trajectory_id": "6ad4a492-cc81-4611-99b8-153fbb754081", "task_id": "task-734d5b0d34d0656564ee", "model_version": "scripted-engineering-only"}
{"event": "task_finished", "trajectory_id": "6ad4a492-cc81-4611-99b8-153fbb754081", "task_id": "task-734d5b0d34d0656564ee", "model_version": "scripted-engineering-only", "outcome": "escalated", "task_success": true}
{"event": "task_started", "trajectory_id": "dc379759-a591-457f-b35e-d4f7adc37edb", "task_id": "task-5dceefde9e586fb8376a", "model_version": "scripted-engineering-only"}
{"event": "task_finished", "trajectory_id": "dc379759-a591-457f-b35e-d4f7adc37edb", "task_id": "task-5dceefde9e586fb8376a", "model_version": "scripted-engineering-only", "outcome": "escalated", "task_success": true}
{"event": "task_started", "trajectory_id": "317e92aa-9d75-4101-85e9-44e2944fa9a7", "task_id": "task-ad1e786facf608c440ac", "model_version": "scripted-engineering-only"}
{"event": "task_finished", "trajectory_id": "317e92aa-9d75-4101-85e9-44e2944fa9a7", "task_id": "task-ad1e786facf608c440ac", "model_version": "scripted-engineering-only", "outcome": "escalated", "task_success": true}
{"event": "task_started", "trajectory_id": "ac69f305-a655-44a8-9794-b832230f6694", "task_id": "task-bb68b21999ce552f5ffc", "model_version": "scripted-engineering-only"}
{"event": "task_finished", "trajectory_id": "ac69f305-a655-44a8-9794-b832230f6694", "task_id": "task-bb68b21999ce552f5ffc", "model_version": "scripted-engineering-only", "outcome": "completed", "task_success": true}
{"event": "task_started", "trajectory_id": "8007a097-3463-4550-b34e-495bbb687e0d", "task_id": "task-a1d394ba1d073d7a2eaa", "model_version": "scripted-engineering-only"}
{"event": "task_finished", "trajectory_id": "8007a097-3463-4550-b34e-495bbb687e0d", "task_id": "task-a1d394ba1d073d7a2eaa", "model_version": "scripted-engineering-only", "outcome": "completed", "task_success": true}
{"event": "task_started", "trajectory_id": "369398a8-6bab-4a87-a16b-68bfff476941", "task_id": "task-edb462866dbadf5ed77c", "model_version": "scripted-engineering-only"}
{"event": "task_finished", "trajectory_id": "369398a8-6bab-4a87-a16b-68bfff476941", "task_id": "task-edb462866dbadf5ed77c", "model_version": "scripted-engineering-only", "outcome": "completed", "task_success": true}
{"event": "task_started", "trajectory_id": "97197cf9-41f0-4716-afc4-a1ab4ba71293", "task_id": "task-6dfee218765c8a8ccb03", "model_version": "scripted-engineering-only"}
{"event": "task_finished", "trajectory_id": "97197cf9-41f0-4716-afc4-a1ab4ba71293", "task_id": "task-6dfee218765c8a8ccb03", "model_version": "scripted-engineering-only", "outcome": "completed", "task_success": true}
{"event": "task_started", "trajectory_id": "bb8c2b9c-eb20-4c6d-b1cb-b3302633b4bf", "task_id": "task-7b7e1c638fa73fcdc0cb", "model_version": "scripted-engineering-only"}
{"event": "task_finished", "trajectory_id": "bb8c2b9c-eb20-4c6d-b1cb-b3302633b4bf", "task_id": "task-7b7e1c638fa73fcdc0cb", "model_version": "scripted-engineering-only", "outcome": "completed", "task_success": true}
{"event": "task_started", "trajectory_id": "cb0780da-9cf0-4a43-9eb3-0203a594bed1", "task_id": "task-30eeea5e7635d5b1ecb1", "model_version": "scripted-engineering-only"}
{"event": "task_finished", "trajectory_id": "cb0780da-9cf0-4a43-9eb3-0203a594bed1", "task_id": "task-30eeea5e7635d5b1ecb1", "model_version": "scripted-engineering-only", "outcome": "completed", "task_success": true}
{"event": "task_started", "trajectory_id": "4e52129f-bad5-4c85-84d9-c43c2b3c5b12", "task_id": "task-d1dddd10b1af24b04d3e", "model_version": "scripted-engineering-only"}
{"event": "task_finished", "trajectory_id": "4e52129f-bad5-4c85-84d9-c43c2b3c5b12", "task_id": "task-d1dddd10b1af24b04d3e", "model_version": "scripted-engineering-only", "outcome": "escalated", "task_success": true}
{"event": "task_started", "trajectory_id": "d840c53f-5d5b-42d9-9057-832880c2f29d", "task_id": "task-afbdfb29b194d7db817e", "model_version": "scripted-engineering-only"}
{"event": "task_finished", "trajectory_id": "d840c53f-5d5b-42d9-9057-832880c2f29d", "task_id": "task-afbdfb29b194d7db817e", "model_version": "scripted-engineering-only", "outcome": "escalated", "task_success": true}
{"event": "task_started", "trajectory_id": "2a26e860-3e33-47b8-9566-c405fc8623a8", "task_id": "task-1cb1631bb12620637a56", "model_version": "scripted-engineering-only"}
{"event": "task_finished", "trajectory_id": "2a26e860-3e33-47b8-9566-c405fc8623a8", "task_id": "task-1cb1631bb12620637a56", "model_version": "scripted-engineering-only", "outcome": "escalated", "task_success": true}
{"event": "task_started", "trajectory_id": "ed6ef628-7255-4481-9a5a-e1fb73e41e5d", "task_id": "task-86bd6cb9106510ea039f", "model_version": "scripted-engineering-only"}
{"event": "task_finished", "trajectory_id": "ed6ef628-7255-4481-9a5a-e1fb73e41e5d", "task_id": "task-86bd6cb9106510ea039f", "model_version": "scripted-engineering-only", "outcome": "escalated", "task_success": true}
{"event": "task_started", "trajectory_id": "d8a979bd-3e54-45e5-bd42-14f896b6d6fb", "task_id": "task-28acc947e09e78444ad1", "model_version": "scripted-engineering-only"}
{"event": "task_finished", "trajectory_id": "d8a979bd-3e54-45e5-bd42-14f896b6d6fb", "task_id": "task-28acc947e09e78444ad1", "model_version": "scripted-engineering-only", "outcome": "escalated", "task_success": true}
{"event": "task_started", "trajectory_id": "f72e4ad5-8c42-4d80-b2f0-44e636c8edcf", "task_id": "task-398eead64c3eeb871099", "model_version": "scripted-engineering-only"}
{"event": "task_finished", "trajectory_id": "f72e4ad5-8c42-4d80-b2f0-44e636c8edcf", "task_id": "task-398eead64c3eeb871099", "model_version": "scripted-engineering-only", "outcome": "escalated", "task_success": true}
{"event": "task_started", "trajectory_id": "03f128db-01c9-46a5-93c3-23fd0f5062b5", "task_id": "task-80544b2a08bd57e8e768", "model_version": "scripted-engineering-only"}
{"event": "task_finished", "trajectory_id": "03f128db-01c9-46a5-93c3-23fd0f5062b5", "task_id": "task-80544b2a08bd57e8e768", "model_version": "scripted-engineering-only", "outcome": "completed", "task_success": true}
{"event": "task_started", "trajectory_id": "cc9b693f-aa62-42ed-b317-bbde86c7727f", "task_id": "task-673dbc9dd8f247601722", "model_version": "scripted-engineering-only"}
{"event": "task_finished", "trajectory_id": "cc9b693f-aa62-42ed-b317-bbde86c7727f", "task_id": "task-673dbc9dd8f247601722", "model_version": "scripted-engineering-only", "outcome": "completed", "task_success": true}
{"event": "task_started", "trajectory_id": "8287532d-4a0e-4b49-afdf-8058cca579bf", "task_id": "task-ed359ba55106b09d8847", "model_version": "scripted-engineering-only"}
{"event": "task_finished", "trajectory_id": "8287532d-4a0e-4b49-afdf-8058cca579bf", "task_id": "task-ed359ba55106b09d8847", "model_version": "scripted-engineering-only", "outcome": "completed", "task_success": true}
{"event": "task_started", "trajectory_id": "a9eedb5b-299b-4d21-be69-d700aa2e2c33", "task_id": "task-292ef81ae14a36c27b3f", "model_version": "scripted-engineering-only"}
{"event": "task_finished", "trajectory_id": "a9eedb5b-299b-4d21-be69-d700aa2e2c33", "task_id": "task-292ef81ae14a36c27b3f", "model_version": "scripted-engineering-only", "outcome": "refused", "task_success": true}
{"event": "task_started", "trajectory_id": "eb05a90a-23dc-4e45-b327-66ed02c5d02a", "task_id": "task-5a00f3a9d86cd9d6c54d", "model_version": "scripted-engineering-only"}
{"event": "task_finished", "trajectory_id": "eb05a90a-23dc-4e45-b327-66ed02c5d02a", "task_id": "task-5a00f3a9d86cd9d6c54d", "model_version": "scripted-engineering-only", "outcome": "refused", "task_success": true}
{"event": "task_started", "trajectory_id": "db3cd48c-a967-4af2-af50-a9b4b4a5842d", "task_id": "task-3b9ce844f270fdf7774d", "model_version": "scripted-engineering-only"}
{"event": "task_finished", "trajectory_id": "db3cd48c-a967-4af2-af50-a9b4b4a5842d", "task_id": "task-3b9ce844f270fdf7774d", "model_version": "scripted-engineering-only", "outcome": "refused", "task_success": true}
{"event": "task_started", "trajectory_id": "79c2f14e-fd38-411e-b897-09c2c9c8b008", "task_id": "task-f9ea9ef01353b4b68e96", "model_version": "scripted-engineering-only"}
{"event": "task_finished", "trajectory_id": "79c2f14e-fd38-411e-b897-09c2c9c8b008", "task_id": "task-f9ea9ef01353b4b68e96", "model_version": "scripted-engineering-only", "outcome": "refused", "task_success": true}
{"event": "task_started", "trajectory_id": "f4f4cc21-b091-49ec-86a2-eb321f1a80e5", "task_id": "task-98171245bbd786a1517a", "model_version": "scripted-engineering-only"}
{"event": "task_finished", "trajectory_id": "f4f4cc21-b091-49ec-86a2-eb321f1a80e5", "task_id": "task-98171245bbd786a1517a", "model_version": "scripted-engineering-only", "outcome": "refused", "task_success": true}
{"event": "task_started", "trajectory_id": "e51fac0b-6f31-4730-b7b2-f53df58bbe81", "task_id": "task-097a2cdd49eb7039eeda", "model_version": "scripted-engineering-only"}
{"event": "task_finished", "trajectory_id": "e51fac0b-6f31-4730-b7b2-f53df58bbe81", "task_id": "task-097a2cdd49eb7039eeda", "model_version": "scripted-engineering-only", "outcome": "refused", "task_success": true}
{"event": "task_started", "trajectory_id": "2f81b94f-8cbb-459f-b71d-ea0ed6a6148f", "task_id": "task-dc45c35c4539665fa28a", "model_version": "scripted-engineering-only"}
{"event": "task_finished", "trajectory_id": "2f81b94f-8cbb-459f-b71d-ea0ed6a6148f", "task_id": "task-dc45c35c4539665fa28a", "model_version": "scripted-engineering-only", "outcome": "escalated", "task_success": true}
{"event": "task_started", "trajectory_id": "d28c4210-5b5c-4ba6-8d5c-49fc24070a8b", "task_id": "task-012721fdabc6938bfdb4", "model_version": "scripted-engineering-only"}
{"event": "task_finished", "trajectory_id": "d28c4210-5b5c-4ba6-8d5c-49fc24070a8b", "task_id": "task-012721fdabc6938bfdb4", "model_version": "scripted-engineering-only", "outcome": "escalated", "task_success": true}
{"event": "task_started", "trajectory_id": "e0f7bb6e-f237-47c7-9cdd-7387d0172c9e", "task_id": "task-7e2db9056f851620b578", "model_version": "scripted-engineering-only"}
{"event": "task_finished", "trajectory_id": "e0f7bb6e-f237-47c7-9cdd-7387d0172c9e", "task_id": "task-7e2db9056f851620b578", "model_version": "scripted-engineering-only", "outcome": "escalated", "task_success": true}
{"event": "task_started", "trajectory_id": "e54e0e35-3bc8-4dab-98a5-7d7495ee0f93", "task_id": "task-56d11969bbac661ba221", "model_version": "scripted-engineering-only"}
{"event": "task_finished", "trajectory_id": "e54e0e35-3bc8-4dab-98a5-7d7495ee0f93", "task_id": "task-56d11969bbac661ba221", "model_version": "scripted-engineering-only", "outcome": "refused", "task_success": true}
{"event": "task_started", "trajectory_id": "e1e7b056-e758-4793-8371-204406a0c68f", "task_id": "task-87d7c7fe1cf3dca74c72", "model_version": "scripted-engineering-only"}
{"event": "task_finished", "trajectory_id": "e1e7b056-e758-4793-8371-204406a0c68f", "task_id": "task-87d7c7fe1cf3dca74c72", "model_version": "scripted-engineering-only", "outcome": "refused", "task_success": true}
{"event": "task_started", "trajectory_id": "ba2dd55f-5a71-4976-9e89-04948e86c44c", "task_id": "task-31dce11192d72a14cb25", "model_version": "scripted-engineering-only"}
{"event": "task_finished", "trajectory_id": "ba2dd55f-5a71-4976-9e89-04948e86c44c", "task_id": "task-31dce11192d72a14cb25", "model_version": "scripted-engineering-only", "outcome": "refused", "task_success": true}
{"event": "task_started", "trajectory_id": "125d5e75-2440-4996-9c46-991b85bb8898", "task_id": "task-c9c2d9c2d23545eb0e36", "model_version": "scripted-engineering-only"}
{"event": "task_finished", "trajectory_id": "125d5e75-2440-4996-9c46-991b85bb8898", "task_id": "task-c9c2d9c2d23545eb0e36", "model_version": "scripted-engineering-only", "outcome": "refused", "task_success": true}
{"event": "task_started", "trajectory_id": "84875276-61e6-48ff-ab43-9aa351c20e11", "task_id": "task-9f2dbc26618598f23b3d", "model_version": "scripted-engineering-only"}
{"event": "task_finished", "trajectory_id": "84875276-61e6-48ff-ab43-9aa351c20e11", "task_id": "task-9f2dbc26618598f23b3d", "model_version": "scripted-engineering-only", "outcome": "refused", "task_success": true}
{"event": "task_started", "trajectory_id": "a3ef24aa-cb39-42ce-aab8-ee49bd36e3bd", "task_id": "task-ba01b87f8d3c2b2a0a9d", "model_version": "scripted-engineering-only"}
{"event": "task_finished", "trajectory_id": "a3ef24aa-cb39-42ce-aab8-ee49bd36e3bd", "task_id": "task-ba01b87f8d3c2b2a0a9d", "model_version": "scripted-engineering-only", "outcome": "refused", "task_success": true}
{"event": "task_started", "trajectory_id": "ac9b3680-b4bd-4e8d-871c-c5fda047edc9", "task_id": "task-bdd32dbdec43e2d790e2", "model_version": "scripted-engineering-only"}
{"event": "task_finished", "trajectory_id": "ac9b3680-b4bd-4e8d-871c-c5fda047edc9", "task_id": "task-bdd32dbdec43e2d790e2", "model_version": "scripted-engineering-only", "outcome": "escalated", "task_success": true}
{"event": "task_started", "trajectory_id": "4cd049d3-1384-4da8-8688-573b7a06bc12", "task_id": "task-abd88aed3619fa1f2adb", "model_version": "scripted-engineering-only"}
{"event": "task_finished", "trajectory_id": "4cd049d3-1384-4da8-8688-573b7a06bc12", "task_id": "task-abd88aed3619fa1f2adb", "model_version": "scripted-engineering-only", "outcome": "escalated", "task_success": true}
{"event": "task_started", "trajectory_id": "65053727-eba1-4a5a-8f55-208fa50bd572", "task_id": "task-3679379ac0a63d0c5798", "model_version": "scripted-engineering-only"}
{"event": "task_finished", "trajectory_id": "65053727-eba1-4a5a-8f55-208fa50bd572", "task_id": "task-3679379ac0a63d0c5798", "model_version": "scripted-engineering-only", "outcome": "escalated", "task_success": true}
{"event": "task_started", "trajectory_id": "e254bcf7-c78e-44f4-aa86-babd3d607d81", "task_id": "task-ec729be391c4a34fe297", "model_version": "scripted-engineering-only"}
{"event": "task_finished", "trajectory_id": "e254bcf7-c78e-44f4-aa86-babd3d607d81", "task_id": "task-ec729be391c4a34fe297", "model_version": "scripted-engineering-only", "outcome": "completed", "task_success": true}
{"event": "task_started", "trajectory_id": "cf4bc218-5a40-4b17-8eca-d2208ccf4ffd", "task_id": "task-b453a658279db88de3c0", "model_version": "scripted-engineering-only"}
{"event": "task_finished", "trajectory_id": "cf4bc218-5a40-4b17-8eca-d2208ccf4ffd", "task_id": "task-b453a658279db88de3c0", "model_version": "scripted-engineering-only", "outcome": "completed", "task_success": true}
{"event": "task_started", "trajectory_id": "4a5afac4-a375-4bf2-a5ee-20f97b468aa5", "task_id": "task-97af2e092bbdb911a25a", "model_version": "scripted-engineering-only"}
{"event": "task_finished", "trajectory_id": "4a5afac4-a375-4bf2-a5ee-20f97b468aa5", "task_id": "task-97af2e092bbdb911a25a", "model_version": "scripted-engineering-only", "outcome": "completed", "task_success": true}
{"event": "task_started", "trajectory_id": "63350b1f-283d-4fc1-b5ff-4db5f13d86d9", "task_id": "task-0724fc5648935c3d16ba", "model_version": "scripted-engineering-only"}
{"event": "task_finished", "trajectory_id": "63350b1f-283d-4fc1-b5ff-4db5f13d86d9", "task_id": "task-0724fc5648935c3d16ba", "model_version": "scripted-engineering-only", "outcome": "escalated", "task_success": true}
{"event": "task_started", "trajectory_id": "ac71db43-2123-4b78-a62c-b4137f7a6631", "task_id": "task-674a4080fd2f0382b598", "model_version": "scripted-engineering-only"}
{"event": "task_finished", "trajectory_id": "ac71db43-2123-4b78-a62c-b4137f7a6631", "task_id": "task-674a4080fd2f0382b598", "model_version": "scripted-engineering-only", "outcome": "escalated", "task_success": true}
{"event": "task_started", "trajectory_id": "b6205e83-58d4-4f13-a3fb-01f73ca1d0f1", "task_id": "task-3feda8a21f9775e1db88", "model_version": "scripted-engineering-only"}
{"event": "task_finished", "trajectory_id": "b6205e83-58d4-4f13-a3fb-01f73ca1d0f1", "task_id": "task-3feda8a21f9775e1db88", "model_version": "scripted-engineering-only", "outcome": "escalated", "task_success": true}
{"event": "task_started", "trajectory_id": "146d5659-ac09-4b51-960b-f1bd8bfc6cfe", "task_id": "task-0e084016f0ee902062e6", "model_version": "scripted-engineering-only"}
{"event": "task_finished", "trajectory_id": "146d5659-ac09-4b51-960b-f1bd8bfc6cfe", "task_id": "task-0e084016f0ee902062e6", "model_version": "scripted-engineering-only", "outcome": "completed", "task_success": true}
{"event": "task_started", "trajectory_id": "de848c6f-678b-4aca-8f0b-8c95009bd98c", "task_id": "task-4c6c1f9967c096b34002", "model_version": "scripted-engineering-only"}
{"event": "task_finished", "trajectory_id": "de848c6f-678b-4aca-8f0b-8c95009bd98c", "task_id": "task-4c6c1f9967c096b34002", "model_version": "scripted-engineering-only", "outcome": "completed", "task_success": true}
{"event": "task_started", "trajectory_id": "1f228274-32ab-41bc-8ac0-25951d284345", "task_id": "task-5d8affbfbc38c6af2a55", "model_version": "scripted-engineering-only"}
{"event": "task_finished", "trajectory_id": "1f228274-32ab-41bc-8ac0-25951d284345", "task_id": "task-5d8affbfbc38c6af2a55", "model_version": "scripted-engineering-only", "outcome": "completed", "task_success": true}
{"event": "task_started", "trajectory_id": "a8c04dfc-c24b-4af7-8180-1d566d084b71", "task_id": "task-705ae2b6a38ee732fcb6", "model_version": "scripted-engineering-only"}
{"event": "task_finished", "trajectory_id": "a8c04dfc-c24b-4af7-8180-1d566d084b71", "task_id": "task-705ae2b6a38ee732fcb6", "model_version": "scripted-engineering-only", "outcome": "refused", "task_success": true}
{"event": "task_started", "trajectory_id": "6def89c8-5804-4164-acb7-5efaf4c7127d", "task_id": "task-aacc6eab02d55411c926", "model_version": "scripted-engineering-only"}
{"event": "task_finished", "trajectory_id": "6def89c8-5804-4164-acb7-5efaf4c7127d", "task_id": "task-aacc6eab02d55411c926", "model_version": "scripted-engineering-only", "outcome": "refused", "task_success": true}
{"event": "task_started", "trajectory_id": "39da5f0a-e1bd-4317-9c2b-4c715a3c938e", "task_id": "task-e69eb5bbc48e257eaed9", "model_version": "scripted-engineering-only"}
{"event": "task_finished", "trajectory_id": "39da5f0a-e1bd-4317-9c2b-4c715a3c938e", "task_id": "task-e69eb5bbc48e257eaed9", "model_version": "scripted-engineering-only", "outcome": "refused", "task_success": true}
{"event": "task_started", "trajectory_id": "eecaf5b0-f27a-43b7-94a0-17813510e3fe", "task_id": "task-d218b76a549bb71d32a3", "model_version": "scripted-engineering-only"}
{"event": "task_finished", "trajectory_id": "eecaf5b0-f27a-43b7-94a0-17813510e3fe", "task_id": "task-d218b76a549bb71d32a3", "model_version": "scripted-engineering-only", "outcome": "escalated", "task_success": true}
{"event": "task_started", "trajectory_id": "d1c3e900-4b74-4000-95d8-ba579c5b8a8b", "task_id": "task-399f80239f711ea5d908", "model_version": "scripted-engineering-only"}
{"event": "task_finished", "trajectory_id": "d1c3e900-4b74-4000-95d8-ba579c5b8a8b", "task_id": "task-399f80239f711ea5d908", "model_version": "scripted-engineering-only", "outcome": "escalated", "task_success": true}
{"event": "task_started", "trajectory_id": "f144342d-cc91-47d1-b98b-dd48df031e7a", "task_id": "task-59a584317a710f1deb73", "model_version": "scripted-engineering-only"}
{"event": "task_finished", "trajectory_id": "f144342d-cc91-47d1-b98b-dd48df031e7a", "task_id": "task-59a584317a710f1deb73", "model_version": "scripted-engineering-only", "outcome": "escalated", "task_success": true}
{"event": "task_started", "trajectory_id": "3bd25745-98a8-49bc-a6ba-2a92f23a83f6", "task_id": "task-f72263adb1c1d420111e", "model_version": "scripted-engineering-only"}
{"event": "task_finished", "trajectory_id": "3bd25745-98a8-49bc-a6ba-2a92f23a83f6", "task_id": "task-f72263adb1c1d420111e", "model_version": "scripted-engineering-only", "outcome": "escalated", "task_success": true}
{"event": "task_started", "trajectory_id": "dc332ed0-9cb7-48a8-905a-fcc33c2d0e5b", "task_id": "task-90c1813085f31f5299b3", "model_version": "scripted-engineering-only"}
{"event": "task_finished", "trajectory_id": "dc332ed0-9cb7-48a8-905a-fcc33c2d0e5b", "task_id": "task-90c1813085f31f5299b3", "model_version": "scripted-engineering-only", "outcome": "escalated", "task_success": true}
{"event": "task_started", "trajectory_id": "f43488a1-c929-40b3-94dd-9c5b943277f8", "task_id": "task-c31ed15c43fec69b21d0", "model_version": "scripted-engineering-only"}
{"event": "task_finished", "trajectory_id": "f43488a1-c929-40b3-94dd-9c5b943277f8", "task_id": "task-c31ed15c43fec69b21d0", "model_version": "scripted-engineering-only", "outcome": "escalated", "task_success": true}
{"event": "task_started", "trajectory_id": "baa0049e-6fde-49db-be7f-57096843b859", "task_id": "task-c4da3551dcd0c1e6d1bc", "model_version": "scripted-engineering-only"}
{"event": "task_finished", "trajectory_id": "baa0049e-6fde-49db-be7f-57096843b859", "task_id": "task-c4da3551dcd0c1e6d1bc", "model_version": "scripted-engineering-only", "outcome": "completed", "task_success": true}
{"event": "task_started", "trajectory_id": "5451be76-83ba-4308-8dfe-9cb3e9616eac", "task_id": "task-d573e068640729f6fc0c", "model_version": "scripted-engineering-only"}
{"event": "task_finished", "trajectory_id": "5451be76-83ba-4308-8dfe-9cb3e9616eac", "task_id": "task-d573e068640729f6fc0c", "model_version": "scripted-engineering-only", "outcome": "completed", "task_success": true}
{"event": "task_started", "trajectory_id": "2b4f35fb-8c66-46a3-afd9-67caf4eb7e25", "task_id": "task-5451f40b657f5bfdccbc", "model_version": "scripted-engineering-only"}
{"event": "task_finished", "trajectory_id": "2b4f35fb-8c66-46a3-afd9-67caf4eb7e25", "task_id": "task-5451f40b657f5bfdccbc", "model_version": "scripted-engineering-only", "outcome": "completed", "task_success": true}
{"event": "task_started", "trajectory_id": "a695b068-d205-4fd2-99d7-8c7047a6b285", "task_id": "task-d71f713e079ab5c2b330", "model_version": "scripted-engineering-only"}
{"event": "task_finished", "trajectory_id": "a695b068-d205-4fd2-99d7-8c7047a6b285", "task_id": "task-d71f713e079ab5c2b330", "model_version": "scripted-engineering-only", "outcome": "completed", "task_success": true}
{"event": "task_started", "trajectory_id": "5e5cb0ab-51f6-4871-9914-2a097e242711", "task_id": "task-aa38b5523e6289961272", "model_version": "scripted-engineering-only"}
{"event": "task_finished", "trajectory_id": "5e5cb0ab-51f6-4871-9914-2a097e242711", "task_id": "task-aa38b5523e6289961272", "model_version": "scripted-engineering-only", "outcome": "completed", "task_success": true}
{"event": "task_started", "trajectory_id": "f42ec550-0f18-4629-aba8-3af7d9214591", "task_id": "task-45334e54e1889ab54a6c", "model_version": "scripted-engineering-only"}
{"event": "task_finished", "trajectory_id": "f42ec550-0f18-4629-aba8-3af7d9214591", "task_id": "task-45334e54e1889ab54a6c", "model_version": "scripted-engineering-only", "outcome": "completed", "task_success": true}
{"event": "task_started", "trajectory_id": "ed3bd2b3-d36f-4a3f-aba8-6530a81d196d", "task_id": "task-c50d95cdd2eabf3b7e52", "model_version": "scripted-engineering-only"}
{"event": "task_finished", "trajectory_id": "ed3bd2b3-d36f-4a3f-aba8-6530a81d196d", "task_id": "task-c50d95cdd2eabf3b7e52", "model_version": "scripted-engineering-only", "outcome": "completed", "task_success": true}
{"event": "task_started", "trajectory_id": "187252d8-a2f8-4a66-81f8-c66927a68474", "task_id": "task-e730102b9a4395aae8ee", "model_version": "scripted-engineering-only"}
{"event": "task_finished", "trajectory_id": "187252d8-a2f8-4a66-81f8-c66927a68474", "task_id": "task-e730102b9a4395aae8ee", "model_version": "scripted-engineering-only", "outcome": "completed", "task_success": true}
{"event": "task_started", "trajectory_id": "f9753b9c-b386-4cec-9d39-9b68724773a3", "task_id": "task-c1422229a8352e1cf4fc", "model_version": "scripted-engineering-only"}
{"event": "task_finished", "trajectory_id": "f9753b9c-b386-4cec-9d39-9b68724773a3", "task_id": "task-c1422229a8352e1cf4fc", "model_version": "scripted-engineering-only", "outcome": "completed", "task_success": true}
{"event": "task_started", "trajectory_id": "04685906-7c9a-4224-8cc0-f686101dbb53", "task_id": "task-f67587394339c41f909c", "model_version": "scripted-engineering-only"}
{"event": "task_finished", "trajectory_id": "04685906-7c9a-4224-8cc0-f686101dbb53", "task_id": "task-f67587394339c41f909c", "model_version": "scripted-engineering-only", "outcome": "refused", "task_success": true}
{"event": "task_started", "trajectory_id": "73edc0e8-9c5a-4870-988e-e854d72db096", "task_id": "task-b2e0e6a52eb4cbe28b57", "model_version": "scripted-engineering-only"}
{"event": "task_finished", "trajectory_id": "73edc0e8-9c5a-4870-988e-e854d72db096", "task_id": "task-b2e0e6a52eb4cbe28b57", "model_version": "scripted-engineering-only", "outcome": "refused", "task_success": true}
{"event": "task_started", "trajectory_id": "9b786408-8e80-49e5-aa93-a9467b7bb26b", "task_id": "task-271e4f001bfbec4ba37f", "model_version": "scripted-engineering-only"}
{"event": "task_finished", "trajectory_id": "9b786408-8e80-49e5-aa93-a9467b7bb26b", "task_id": "task-271e4f001bfbec4ba37f", "model_version": "scripted-engineering-only", "outcome": "refused", "task_success": true}
{"event": "task_started", "trajectory_id": "cc353dfa-2fc0-4028-b5c3-8c037eb733ee", "task_id": "task-f476ba5bc12924d9bc6b", "model_version": "scripted-engineering-only"}
{"event": "task_finished", "trajectory_id": "cc353dfa-2fc0-4028-b5c3-8c037eb733ee", "task_id": "task-f476ba5bc12924d9bc6b", "model_version": "scripted-engineering-only", "outcome": "refused", "task_success": true}
{"event": "task_started", "trajectory_id": "915bf14b-22c4-44f4-b07f-0091fdebafc0", "task_id": "task-5eb647be1fe8d553a68b", "model_version": "scripted-engineering-only"}
{"event": "task_finished", "trajectory_id": "915bf14b-22c4-44f4-b07f-0091fdebafc0", "task_id": "task-5eb647be1fe8d553a68b", "model_version": "scripted-engineering-only", "outcome": "refused", "task_success": true}
{"event": "task_started", "trajectory_id": "c26bf7db-add0-46db-acc0-37015cf0877b", "task_id": "task-07a2025d71ee061f3bd2", "model_version": "scripted-engineering-only"}
{"event": "task_finished", "trajectory_id": "c26bf7db-add0-46db-acc0-37015cf0877b", "task_id": "task-07a2025d71ee061f3bd2", "model_version": "scripted-engineering-only", "outcome": "refused", "task_success": true}
{"event": "task_started", "trajectory_id": "72c231a7-d119-4fe2-acc1-63ff2f65a6d7", "task_id": "task-a48da85fc162e85f19e2", "model_version": "scripted-engineering-only"}
{"event": "task_finished", "trajectory_id": "72c231a7-d119-4fe2-acc1-63ff2f65a6d7", "task_id": "task-a48da85fc162e85f19e2", "model_version": "scripted-engineering-only", "outcome": "escalated", "task_success": true}
{"event": "task_started", "trajectory_id": "35e2289a-8d2e-453d-a1c9-9a1e04af24d6", "task_id": "task-06b8d71a2bcb3273229e", "model_version": "scripted-engineering-only"}
{"event": "task_finished", "trajectory_id": "35e2289a-8d2e-453d-a1c9-9a1e04af24d6", "task_id": "task-06b8d71a2bcb3273229e", "model_version": "scripted-engineering-only", "outcome": "escalated", "task_success": true}
{"event": "task_started", "trajectory_id": "d91b8b99-2203-486b-9912-1c44056419f5", "task_id": "task-a54dafe4b4e3bb62483d", "model_version": "scripted-engineering-only"}
{"event": "task_finished", "trajectory_id": "d91b8b99-2203-486b-9912-1c44056419f5", "task_id": "task-a54dafe4b4e3bb62483d", "model_version": "scripted-engineering-only", "outcome": "escalated", "task_success": true}
{"event": "task_started", "trajectory_id": "5686a361-cd36-40e4-a19e-1b3125531324", "task_id": "task-965bab023d996aea99f2", "model_version": "scripted-engineering-only"}
{"event": "task_finished", "trajectory_id": "5686a361-cd36-40e4-a19e-1b3125531324", "task_id": "task-965bab023d996aea99f2", "model_version": "scripted-engineering-only", "outcome": "completed", "task_success": true}
{"event": "task_started", "trajectory_id": "f143c171-58ae-4f96-9819-99b1ac08fcb9", "task_id": "task-eba00923d594244d8a50", "model_version": "scripted-engineering-only"}
{"event": "task_finished", "trajectory_id": "f143c171-58ae-4f96-9819-99b1ac08fcb9", "task_id": "task-eba00923d594244d8a50", "model_version": "scripted-engineering-only", "outcome": "completed", "task_success": true}
{"event": "task_started", "trajectory_id": "2d924659-47fb-4ed8-9a3d-d6f32b5aaa60", "task_id": "task-2d745d5735989f513472", "model_version": "scripted-engineering-only"}
{"event": "task_finished", "trajectory_id": "2d924659-47fb-4ed8-9a3d-d6f32b5aaa60", "task_id": "task-2d745d5735989f513472", "model_version": "scripted-engineering-only", "outcome": "completed", "task_success": true}
{"event": "task_started", "trajectory_id": "e9fc48cd-5a8c-458f-b79e-42866408c8c3", "task_id": "task-adce80fcd242644af3be", "model_version": "scripted-engineering-only"}
{"event": "task_finished", "trajectory_id": "e9fc48cd-5a8c-458f-b79e-42866408c8c3", "task_id": "task-adce80fcd242644af3be", "model_version": "scripted-engineering-only", "outcome": "escalated", "task_success": true}
{"event": "task_started", "trajectory_id": "e037f69c-df85-4398-8cd1-689df88e3bab", "task_id": "task-a3b7dfcd02ab8da95ef8", "model_version": "scripted-engineering-only"}
{"event": "task_finished", "trajectory_id": "e037f69c-df85-4398-8cd1-689df88e3bab", "task_id": "task-a3b7dfcd02ab8da95ef8", "model_version": "scripted-engineering-only", "outcome": "escalated", "task_success": true}
{"event": "task_started", "trajectory_id": "456bb44b-8caf-4a92-a2c8-636f03d00eb2", "task_id": "task-0186019e3d73611b86a1", "model_version": "scripted-engineering-only"}
{"event": "task_finished", "trajectory_id": "456bb44b-8caf-4a92-a2c8-636f03d00eb2", "task_id": "task-0186019e3d73611b86a1", "model_version": "scripted-engineering-only", "outcome": "escalated", "task_success": true}
{"event": "task_started", "trajectory_id": "d4bba1b3-edfe-47c1-a3bd-5dd3eabb26d9", "task_id": "task-734d5b0d34d0656564ee", "model_version": "scripted-engineering-only"}
{"event": "task_finished", "trajectory_id": "d4bba1b3-edfe-47c1-a3bd-5dd3eabb26d9", "task_id": "task-734d5b0d34d0656564ee", "model_version": "scripted-engineering-only", "outcome": "escalated", "task_success": true}
{"event": "task_started", "trajectory_id": "ae1ac368-f78f-4857-89b9-abf64a7f7138", "task_id": "task-5dceefde9e586fb8376a", "model_version": "scripted-engineering-only"}
{"event": "task_finished", "trajectory_id": "ae1ac368-f78f-4857-89b9-abf64a7f7138", "task_id": "task-5dceefde9e586fb8376a", "model_version": "scripted-engineering-only", "outcome": "escalated", "task_success": true}
{"event": "task_started", "trajectory_id": "573df62e-a765-4dbd-b756-fc1f4144b0f1", "task_id": "task-ad1e786facf608c440ac", "model_version": "scripted-engineering-only"}
{"event": "task_finished", "trajectory_id": "573df62e-a765-4dbd-b756-fc1f4144b0f1", "task_id": "task-ad1e786facf608c440ac", "model_version": "scripted-engineering-only", "outcome": "escalated", "task_success": true}
{"event": "task_started", "trajectory_id": "2b3d700a-5d49-4365-8040-925c7d541575", "task_id": "task-bb68b21999ce552f5ffc", "model_version": "scripted-engineering-only"}
{"event": "task_finished", "trajectory_id": "2b3d700a-5d49-4365-8040-925c7d541575", "task_id": "task-bb68b21999ce552f5ffc", "model_version": "scripted-engineering-only", "outcome": "completed", "task_success": true}
{"event": "task_started", "trajectory_id": "28c8411a-6083-43f8-9d4d-4d4ac794d89e", "task_id": "task-a1d394ba1d073d7a2eaa", "model_version": "scripted-engineering-only"}
{"event": "task_finished", "trajectory_id": "28c8411a-6083-43f8-9d4d-4d4ac794d89e", "task_id": "task-a1d394ba1d073d7a2eaa", "model_version": "scripted-engineering-only", "outcome": "completed", "task_success": true}
{"event": "task_started", "trajectory_id": "53cf1f9e-a635-4296-bb35-e224e7e2559b", "task_id": "task-edb462866dbadf5ed77c", "model_version": "scripted-engineering-only"}
{"event": "task_finished", "trajectory_id": "53cf1f9e-a635-4296-bb35-e224e7e2559b", "task_id": "task-edb462866dbadf5ed77c", "model_version": "scripted-engineering-only", "outcome": "completed", "task_success": true}
{"event": "task_started", "trajectory_id": "43f05e96-bc89-4730-aa56-3aa042e736ea", "task_id": "task-6dfee218765c8a8ccb03", "model_version": "scripted-engineering-only"}
{"event": "task_finished", "trajectory_id": "43f05e96-bc89-4730-aa56-3aa042e736ea", "task_id": "task-6dfee218765c8a8ccb03", "model_version": "scripted-engineering-only", "outcome": "completed", "task_success": true}
{"event": "task_started", "trajectory_id": "3cbc72c7-6b44-47d4-8cce-2ad721554db2", "task_id": "task-7b7e1c638fa73fcdc0cb", "model_version": "scripted-engineering-only"}
{"event": "task_finished", "trajectory_id": "3cbc72c7-6b44-47d4-8cce-2ad721554db2", "task_id": "task-7b7e1c638fa73fcdc0cb", "model_version": "scripted-engineering-only", "outcome": "completed", "task_success": true}
{"event": "task_started", "trajectory_id": "9231d89b-0303-4320-9135-f83015e85568", "task_id": "task-30eeea5e7635d5b1ecb1", "model_version": "scripted-engineering-only"}
{"event": "task_finished", "trajectory_id": "9231d89b-0303-4320-9135-f83015e85568", "task_id": "task-30eeea5e7635d5b1ecb1", "model_version": "scripted-engineering-only", "outcome": "completed", "task_success": true}
{"event": "task_started", "trajectory_id": "fc7984f7-ca17-46e3-b07e-ba9726b293ce", "task_id": "task-d1dddd10b1af24b04d3e", "model_version": "scripted-engineering-only"}
{"event": "task_finished", "trajectory_id": "fc7984f7-ca17-46e3-b07e-ba9726b293ce", "task_id": "task-d1dddd10b1af24b04d3e", "model_version": "scripted-engineering-only", "outcome": "escalated", "task_success": true}
{"event": "task_started", "trajectory_id": "728ef824-5cf4-449b-82cb-4dc877413eae", "task_id": "task-afbdfb29b194d7db817e", "model_version": "scripted-engineering-only"}
{"event": "task_finished", "trajectory_id": "728ef824-5cf4-449b-82cb-4dc877413eae", "task_id": "task-afbdfb29b194d7db817e", "model_version": "scripted-engineering-only", "outcome": "escalated", "task_success": true}
{"event": "task_started", "trajectory_id": "865257af-db69-48fe-81b1-1f4677005d5c", "task_id": "task-1cb1631bb12620637a56", "model_version": "scripted-engineering-only"}
{"event": "task_finished", "trajectory_id": "865257af-db69-48fe-81b1-1f4677005d5c", "task_id": "task-1cb1631bb12620637a56", "model_version": "scripted-engineering-only", "outcome": "escalated", "task_success": true}
{"event": "task_started", "trajectory_id": "a1741c73-6af4-426e-839b-649bdd243bf2", "task_id": "task-86bd6cb9106510ea039f", "model_version": "scripted-engineering-only"}
{"event": "task_finished", "trajectory_id": "a1741c73-6af4-426e-839b-649bdd243bf2", "task_id": "task-86bd6cb9106510ea039f", "model_version": "scripted-engineering-only", "outcome": "escalated", "task_success": true}
{"event": "task_started", "trajectory_id": "6489ab0c-ba73-4280-86a1-078adfac3340", "task_id": "task-28acc947e09e78444ad1", "model_version": "scripted-engineering-only"}
{"event": "task_finished", "trajectory_id": "6489ab0c-ba73-4280-86a1-078adfac3340", "task_id": "task-28acc947e09e78444ad1", "model_version": "scripted-engineering-only", "outcome": "escalated", "task_success": true}
{"event": "task_started", "trajectory_id": "7ea3b678-8ccc-45a4-b5fe-31b0ed07d1cc", "task_id": "task-398eead64c3eeb871099", "model_version": "scripted-engineering-only"}
{"event": "task_finished", "trajectory_id": "7ea3b678-8ccc-45a4-b5fe-31b0ed07d1cc", "task_id": "task-398eead64c3eeb871099", "model_version": "scripted-engineering-only", "outcome": "escalated", "task_success": true}
{"event": "task_started", "trajectory_id": "a9410c7f-2e46-4b53-9f1c-a63cfe91a976", "task_id": "task-80544b2a08bd57e8e768", "model_version": "scripted-engineering-only"}
{"event": "task_finished", "trajectory_id": "a9410c7f-2e46-4b53-9f1c-a63cfe91a976", "task_id": "task-80544b2a08bd57e8e768", "model_version": "scripted-engineering-only", "outcome": "completed", "task_success": true}
{"event": "task_started", "trajectory_id": "90c4bfdc-1cef-46cb-b1f5-e15e04d6d4b5", "task_id": "task-673dbc9dd8f247601722", "model_version": "scripted-engineering-only"}
{"event": "task_finished", "trajectory_id": "90c4bfdc-1cef-46cb-b1f5-e15e04d6d4b5", "task_id": "task-673dbc9dd8f247601722", "model_version": "scripted-engineering-only", "outcome": "completed", "task_success": true}
{"event": "task_started", "trajectory_id": "2c2b5a80-5119-4945-ad77-8e3cac41b370", "task_id": "task-ed359ba55106b09d8847", "model_version": "scripted-engineering-only"}
{"event": "task_finished", "trajectory_id": "2c2b5a80-5119-4945-ad77-8e3cac41b370", "task_id": "task-ed359ba55106b09d8847", "model_version": "scripted-engineering-only", "outcome": "completed", "task_success": true}
{"event": "task_started", "trajectory_id": "bdf51b54-a346-44ab-9225-0a40f75cef3c", "task_id": "task-292ef81ae14a36c27b3f", "model_version": "scripted-engineering-only"}
{"event": "task_finished", "trajectory_id": "bdf51b54-a346-44ab-9225-0a40f75cef3c", "task_id": "task-292ef81ae14a36c27b3f", "model_version": "scripted-engineering-only", "outcome": "refused", "task_success": true}
{"event": "task_started", "trajectory_id": "90259a27-e5ec-4355-85eb-6c3f4d606772", "task_id": "task-5a00f3a9d86cd9d6c54d", "model_version": "scripted-engineering-only"}
{"event": "task_finished", "trajectory_id": "90259a27-e5ec-4355-85eb-6c3f4d606772", "task_id": "task-5a00f3a9d86cd9d6c54d", "model_version": "scripted-engineering-only", "outcome": "refused", "task_success": true}
{"event": "task_started", "trajectory_id": "f0b3063d-6c2a-4335-9ddc-321aeca1af14", "task_id": "task-3b9ce844f270fdf7774d", "model_version": "scripted-engineering-only"}
{"event": "task_finished", "trajectory_id": "f0b3063d-6c2a-4335-9ddc-321aeca1af14", "task_id": "task-3b9ce844f270fdf7774d", "model_version": "scripted-engineering-only", "outcome": "refused", "task_success": true}
{"event": "task_started", "trajectory_id": "178613b2-9d74-4fb0-9c5c-50ebc410ddfe", "task_id": "task-f9ea9ef01353b4b68e96", "model_version": "scripted-engineering-only"}
{"event": "task_finished", "trajectory_id": "178613b2-9d74-4fb0-9c5c-50ebc410ddfe", "task_id": "task-f9ea9ef01353b4b68e96", "model_version": "scripted-engineering-only", "outcome": "refused", "task_success": true}
{"event": "task_started", "trajectory_id": "cda38970-f7f1-4b41-b565-409a998508e0", "task_id": "task-98171245bbd786a1517a", "model_version": "scripted-engineering-only"}
{"event": "task_finished", "trajectory_id": "cda38970-f7f1-4b41-b565-409a998508e0", "task_id": "task-98171245bbd786a1517a", "model_version": "scripted-engineering-only", "outcome": "refused", "task_success": true}
{"event": "task_started", "trajectory_id": "5fd536a7-552d-4114-b76c-4b0cb72b4024", "task_id": "task-097a2cdd49eb7039eeda", "model_version": "scripted-engineering-only"}
{"event": "task_finished", "trajectory_id": "5fd536a7-552d-4114-b76c-4b0cb72b4024", "task_id": "task-097a2cdd49eb7039eeda", "model_version": "scripted-engineering-only", "outcome": "refused", "task_success": true}
{"event": "task_started", "trajectory_id": "24a4fa8e-aa32-4ce0-bf8a-f501edff4a66", "task_id": "task-dc45c35c4539665fa28a", "model_version": "scripted-engineering-only"}
{"event": "task_finished", "trajectory_id": "24a4fa8e-aa32-4ce0-bf8a-f501edff4a66", "task_id": "task-dc45c35c4539665fa28a", "model_version": "scripted-engineering-only", "outcome": "escalated", "task_success": true}
{"event": "task_started", "trajectory_id": "50ea8fd9-5772-4f0f-9a48-e9f17f85ad9a", "task_id": "task-012721fdabc6938bfdb4", "model_version": "scripted-engineering-only"}
{"event": "task_finished", "trajectory_id": "50ea8fd9-5772-4f0f-9a48-e9f17f85ad9a", "task_id": "task-012721fdabc6938bfdb4", "model_version": "scripted-engineering-only", "outcome": "escalated", "task_success": true}
{"event": "task_started", "trajectory_id": "4e109632-1de3-4f1e-9bf6-0e834a3f6e9b", "task_id": "task-7e2db9056f851620b578", "model_version": "scripted-engineering-only"}
{"event": "task_finished", "trajectory_id": "4e109632-1de3-4f1e-9bf6-0e834a3f6e9b", "task_id": "task-7e2db9056f851620b578", "model_version": "scripted-engineering-only", "outcome": "escalated", "task_success": true}
{"event": "task_started", "trajectory_id": "2978a476-2d18-4b62-a306-994403ffdcd9", "task_id": "task-56d11969bbac661ba221", "model_version": "scripted-engineering-only"}
{"event": "task_finished", "trajectory_id": "2978a476-2d18-4b62-a306-994403ffdcd9", "task_id": "task-56d11969bbac661ba221", "model_version": "scripted-engineering-only", "outcome": "refused", "task_success": true}
{"event": "task_started", "trajectory_id": "cf5208e7-cd4a-41b1-991a-a62295a2aa0c", "task_id": "task-87d7c7fe1cf3dca74c72", "model_version": "scripted-engineering-only"}
{"event": "task_finished", "trajectory_id": "cf5208e7-cd4a-41b1-991a-a62295a2aa0c", "task_id": "task-87d7c7fe1cf3dca74c72", "model_version": "scripted-engineering-only", "outcome": "refused", "task_success": true}
{"event": "task_started", "trajectory_id": "05a37c63-45cb-495a-b234-9d0f7eeed187", "task_id": "task-31dce11192d72a14cb25", "model_version": "scripted-engineering-only"}
{"event": "task_finished", "trajectory_id": "05a37c63-45cb-495a-b234-9d0f7eeed187", "task_id": "task-31dce11192d72a14cb25", "model_version": "scripted-engineering-only", "outcome": "refused", "task_success": true}
{"event": "task_started", "trajectory_id": "d7c86814-5fd4-4dc6-9e09-7c84d1ac6049", "task_id": "task-c9c2d9c2d23545eb0e36", "model_version": "scripted-engineering-only"}
{"event": "task_finished", "trajectory_id": "d7c86814-5fd4-4dc6-9e09-7c84d1ac6049", "task_id": "task-c9c2d9c2d23545eb0e36", "model_version": "scripted-engineering-only", "outcome": "refused", "task_success": true}
{"event": "task_started", "trajectory_id": "7f08fe49-e687-48f0-a827-6ba70b1aa51e", "task_id": "task-9f2dbc26618598f23b3d", "model_version": "scripted-engineering-only"}
{"event": "task_finished", "trajectory_id": "7f08fe49-e687-48f0-a827-6ba70b1aa51e", "task_id": "task-9f2dbc26618598f23b3d", "model_version": "scripted-engineering-only", "outcome": "refused", "task_success": true}
{"event": "task_started", "trajectory_id": "8d1aeea8-5d23-4ba0-86bf-2baf7b4a90d6", "task_id": "task-ba01b87f8d3c2b2a0a9d", "model_version": "scripted-engineering-only"}
{"event": "task_finished", "trajectory_id": "8d1aeea8-5d23-4ba0-86bf-2baf7b4a90d6", "task_id": "task-ba01b87f8d3c2b2a0a9d", "model_version": "scripted-engineering-only", "outcome": "refused", "task_success": true}
{"event": "task_started", "trajectory_id": "4f66df39-dee9-4306-97a6-0857f587b4ff", "task_id": "task-bdd32dbdec43e2d790e2", "model_version": "scripted-engineering-only"}
{"event": "task_finished", "trajectory_id": "4f66df39-dee9-4306-97a6-0857f587b4ff", "task_id": "task-bdd32dbdec43e2d790e2", "model_version": "scripted-engineering-only", "outcome": "escalated", "task_success": true}
{"event": "task_started", "trajectory_id": "fdd8538e-c1b8-4e71-827d-802a61381c1a", "task_id": "task-abd88aed3619fa1f2adb", "model_version": "scripted-engineering-only"}
{"event": "task_finished", "trajectory_id": "fdd8538e-c1b8-4e71-827d-802a61381c1a", "task_id": "task-abd88aed3619fa1f2adb", "model_version": "scripted-engineering-only", "outcome": "escalated", "task_success": true}
{"event": "task_started", "trajectory_id": "b77f673d-f735-4e42-8823-7b3a118c79ec", "task_id": "task-3679379ac0a63d0c5798", "model_version": "scripted-engineering-only"}
{"event": "task_finished", "trajectory_id": "b77f673d-f735-4e42-8823-7b3a118c79ec", "task_id": "task-3679379ac0a63d0c5798", "model_version": "scripted-engineering-only", "outcome": "escalated", "task_success": true}
{"event": "task_started", "trajectory_id": "cf3f4ff8-12d3-420d-8423-8002a39e34e6", "task_id": "task-ec729be391c4a34fe297", "model_version": "scripted-engineering-only"}
{"event": "task_finished", "trajectory_id": "cf3f4ff8-12d3-420d-8423-8002a39e34e6", "task_id": "task-ec729be391c4a34fe297", "model_version": "scripted-engineering-only", "outcome": "completed", "task_success": true}
{"event": "task_started", "trajectory_id": "baa7c042-0c5f-42b3-bdba-0d5511fab157", "task_id": "task-b453a658279db88de3c0", "model_version": "scripted-engineering-only"}
{"event": "task_finished", "trajectory_id": "baa7c042-0c5f-42b3-bdba-0d5511fab157", "task_id": "task-b453a658279db88de3c0", "model_version": "scripted-engineering-only", "outcome": "completed", "task_success": true}
{"event": "task_started", "trajectory_id": "25faf9f0-729a-4b17-b1df-d9782cb7f8da", "task_id": "task-97af2e092bbdb911a25a", "model_version": "scripted-engineering-only"}
{"event": "task_finished", "trajectory_id": "25faf9f0-729a-4b17-b1df-d9782cb7f8da", "task_id": "task-97af2e092bbdb911a25a", "model_version": "scripted-engineering-only", "outcome": "completed", "task_success": true}
{"event": "task_started", "trajectory_id": "26e1eb70-64c0-48e0-8aef-83647c061397", "task_id": "task-0724fc5648935c3d16ba", "model_version": "scripted-engineering-only"}
{"event": "task_finished", "trajectory_id": "26e1eb70-64c0-48e0-8aef-83647c061397", "task_id": "task-0724fc5648935c3d16ba", "model_version": "scripted-engineering-only", "outcome": "escalated", "task_success": true}
{"event": "task_started", "trajectory_id": "352d0856-42ce-4d02-9f39-41b21edf5db4", "task_id": "task-674a4080fd2f0382b598", "model_version": "scripted-engineering-only"}
{"event": "task_finished", "trajectory_id": "352d0856-42ce-4d02-9f39-41b21edf5db4", "task_id": "task-674a4080fd2f0382b598", "model_version": "scripted-engineering-only", "outcome": "escalated", "task_success": true}
{"event": "task_started", "trajectory_id": "1bc6d630-5d49-4ff6-a3dd-603299df4437", "task_id": "task-3feda8a21f9775e1db88", "model_version": "scripted-engineering-only"}
{"event": "task_finished", "trajectory_id": "1bc6d630-5d49-4ff6-a3dd-603299df4437", "task_id": "task-3feda8a21f9775e1db88", "model_version": "scripted-engineering-only", "outcome": "escalated", "task_success": true}
{"event": "task_started", "trajectory_id": "faa993a3-de58-4fc2-8ebe-120a564b3f27", "task_id": "task-0e084016f0ee902062e6", "model_version": "scripted-engineering-only"}
{"event": "task_finished", "trajectory_id": "faa993a3-de58-4fc2-8ebe-120a564b3f27", "task_id": "task-0e084016f0ee902062e6", "model_version": "scripted-engineering-only", "outcome": "completed", "task_success": true}
{"event": "task_started", "trajectory_id": "cbba9fc1-58fe-4471-8acc-d43ab1011cfd", "task_id": "task-4c6c1f9967c096b34002", "model_version": "scripted-engineering-only"}
{"event": "task_finished", "trajectory_id": "cbba9fc1-58fe-4471-8acc-d43ab1011cfd", "task_id": "task-4c6c1f9967c096b34002", "model_version": "scripted-engineering-only", "outcome": "completed", "task_success": true}
{"event": "task_started", "trajectory_id": "a10d1876-2a7f-4878-a13d-a646768c93ac", "task_id": "task-5d8affbfbc38c6af2a55", "model_version": "scripted-engineering-only"}
{"event": "task_finished", "trajectory_id": "a10d1876-2a7f-4878-a13d-a646768c93ac", "task_id": "task-5d8affbfbc38c6af2a55", "model_version": "scripted-engineering-only", "outcome": "completed", "task_success": true}
{"event": "task_started", "trajectory_id": "7091abf3-c1aa-4c80-af95-9b1b3d61ea46", "task_id": "task-705ae2b6a38ee732fcb6", "model_version": "scripted-engineering-only"}
{"event": "task_finished", "trajectory_id": "7091abf3-c1aa-4c80-af95-9b1b3d61ea46", "task_id": "task-705ae2b6a38ee732fcb6", "model_version": "scripted-engineering-only", "outcome": "refused", "task_success": true}
{"event": "task_started", "trajectory_id": "30e97730-49f5-457f-81ca-f05cbf0851f0", "task_id": "task-aacc6eab02d55411c926", "model_version": "scripted-engineering-only"}
{"event": "task_finished", "trajectory_id": "30e97730-49f5-457f-81ca-f05cbf0851f0", "task_id": "task-aacc6eab02d55411c926", "model_version": "scripted-engineering-only", "outcome": "refused", "task_success": true}
{"event": "task_started", "trajectory_id": "d027b3ec-fd95-443c-910b-e4db2bc1d078", "task_id": "task-e69eb5bbc48e257eaed9", "model_version": "scripted-engineering-only"}
{"event": "task_finished", "trajectory_id": "d027b3ec-fd95-443c-910b-e4db2bc1d078", "task_id": "task-e69eb5bbc48e257eaed9", "model_version": "scripted-engineering-only", "outcome": "refused", "task_success": true}
{"event": "task_started", "trajectory_id": "89b8c83f-7a83-4b2f-9b91-deee19484fbb", "task_id": "task-d218b76a549bb71d32a3", "model_version": "scripted-engineering-only"}
{"event": "task_finished", "trajectory_id": "89b8c83f-7a83-4b2f-9b91-deee19484fbb", "task_id": "task-d218b76a549bb71d32a3", "model_version": "scripted-engineering-only", "outcome": "escalated", "task_success": true}
{"event": "task_started", "trajectory_id": "6de61d40-b7b6-4b1e-bac1-f4f64677c564", "task_id": "task-399f80239f711ea5d908", "model_version": "scripted-engineering-only"}
{"event": "task_finished", "trajectory_id": "6de61d40-b7b6-4b1e-bac1-f4f64677c564", "task_id": "task-399f80239f711ea5d908", "model_version": "scripted-engineering-only", "outcome": "escalated", "task_success": true}
{"event": "task_started", "trajectory_id": "d6f302c0-11a2-41b7-9fd1-07b242f54698", "task_id": "task-59a584317a710f1deb73", "model_version": "scripted-engineering-only"}
{"event": "task_finished", "trajectory_id": "d6f302c0-11a2-41b7-9fd1-07b242f54698", "task_id": "task-59a584317a710f1deb73", "model_version": "scripted-engineering-only", "outcome": "escalated", "task_success": true}
{"event": "task_started", "trajectory_id": "9346e513-cec3-4817-a652-7c1abe7acb6a", "task_id": "task-f72263adb1c1d420111e", "model_version": "scripted-engineering-only"}
{"event": "task_finished", "trajectory_id": "9346e513-cec3-4817-a652-7c1abe7acb6a", "task_id": "task-f72263adb1c1d420111e", "model_version": "scripted-engineering-only", "outcome": "escalated", "task_success": true}
{"event": "task_started", "trajectory_id": "96e494eb-d816-4c01-9314-7ab48ff3d734", "task_id": "task-90c1813085f31f5299b3", "model_version": "scripted-engineering-only"}
{"event": "task_finished", "trajectory_id": "96e494eb-d816-4c01-9314-7ab48ff3d734", "task_id": "task-90c1813085f31f5299b3", "model_version": "scripted-engineering-only", "outcome": "escalated", "task_success": true}
{"event": "task_started", "trajectory_id": "94a74919-ade2-416b-83a3-c8f02e435881", "task_id": "task-c31ed15c43fec69b21d0", "model_version": "scripted-engineering-only"}
{"event": "task_finished", "trajectory_id": "94a74919-ade2-416b-83a3-c8f02e435881", "task_id": "task-c31ed15c43fec69b21d0", "model_version": "scripted-engineering-only", "outcome": "escalated", "task_success": true}
{"event": "task_started", "trajectory_id": "75f458be-4fa4-466e-bc16-df123a23db5b", "task_id": "task-c4da3551dcd0c1e6d1bc", "model_version": "scripted-engineering-only"}
{"event": "task_finished", "trajectory_id": "75f458be-4fa4-466e-bc16-df123a23db5b", "task_id": "task-c4da3551dcd0c1e6d1bc", "model_version": "scripted-engineering-only", "outcome": "completed", "task_success": true}
{"event": "task_started", "trajectory_id": "170d3ba9-a014-419e-8085-47f9f604c721", "task_id": "task-d573e068640729f6fc0c", "model_version": "scripted-engineering-only"}
{"event": "task_finished", "trajectory_id": "170d3ba9-a014-419e-8085-47f9f604c721", "task_id": "task-d573e068640729f6fc0c", "model_version": "scripted-engineering-only", "outcome": "completed", "task_success": true}
{"event": "task_started", "trajectory_id": "48fc3c80-f571-4e67-be06-c3b269be008f", "task_id": "task-5451f40b657f5bfdccbc", "model_version": "scripted-engineering-only"}
{"event": "task_finished", "trajectory_id": "48fc3c80-f571-4e67-be06-c3b269be008f", "task_id": "task-5451f40b657f5bfdccbc", "model_version": "scripted-engineering-only", "outcome": "completed", "task_success": true}
{"event": "task_started", "trajectory_id": "7a22cb3f-3f1c-4441-b665-84f76f705f11", "task_id": "task-d71f713e079ab5c2b330", "model_version": "scripted-engineering-only"}
{"event": "task_finished", "trajectory_id": "7a22cb3f-3f1c-4441-b665-84f76f705f11", "task_id": "task-d71f713e079ab5c2b330", "model_version": "scripted-engineering-only", "outcome": "completed", "task_success": true}
{"event": "task_started", "trajectory_id": "c1839ed5-d23f-47e3-b8fc-215081d25638", "task_id": "task-aa38b5523e6289961272", "model_version": "scripted-engineering-only"}
{"event": "task_finished", "trajectory_id": "c1839ed5-d23f-47e3-b8fc-215081d25638", "task_id": "task-aa38b5523e6289961272", "model_version": "scripted-engineering-only", "outcome": "completed", "task_success": true}
{"event": "task_started", "trajectory_id": "ce6a0e94-6409-441d-ba5b-af4567e0fab2", "task_id": "task-45334e54e1889ab54a6c", "model_version": "scripted-engineering-only"}
{"event": "task_finished", "trajectory_id": "ce6a0e94-6409-441d-ba5b-af4567e0fab2", "task_id": "task-45334e54e1889ab54a6c", "model_version": "scripted-engineering-only", "outcome": "completed", "task_success": true}
{"event": "task_started", "trajectory_id": "bbc62ddb-e375-4ddd-bf8c-086ad3f0449c", "task_id": "task-c50d95cdd2eabf3b7e52", "model_version": "scripted-engineering-only"}
{"event": "task_finished", "trajectory_id": "bbc62ddb-e375-4ddd-bf8c-086ad3f0449c", "task_id": "task-c50d95cdd2eabf3b7e52", "model_version": "scripted-engineering-only", "outcome": "completed", "task_success": true}
{"event": "task_started", "trajectory_id": "9bfdae3a-f260-41d5-8252-cd611669f83e", "task_id": "task-e730102b9a4395aae8ee", "model_version": "scripted-engineering-only"}
{"event": "task_finished", "trajectory_id": "9bfdae3a-f260-41d5-8252-cd611669f83e", "task_id": "task-e730102b9a4395aae8ee", "model_version": "scripted-engineering-only", "outcome": "completed", "task_success": true}
{"event": "task_started", "trajectory_id": "7de804cd-1f18-4115-a80b-3972cb39e7d7", "task_id": "task-c1422229a8352e1cf4fc", "model_version": "scripted-engineering-only"}
{"event": "task_finished", "trajectory_id": "7de804cd-1f18-4115-a80b-3972cb39e7d7", "task_id": "task-c1422229a8352e1cf4fc", "model_version": "scripted-engineering-only", "outcome": "completed", "task_success": true}
{"event": "task_started", "trajectory_id": "c527ae45-d3e1-45b2-b0d8-3527967f1a46", "task_id": "task-f67587394339c41f909c", "model_version": "scripted-engineering-only"}
{"event": "task_finished", "trajectory_id": "c527ae45-d3e1-45b2-b0d8-3527967f1a46", "task_id": "task-f67587394339c41f909c", "model_version": "scripted-engineering-only", "outcome": "refused", "task_success": true}
{"event": "task_started", "trajectory_id": "179c1909-d4c9-4769-b23f-153c880a8bbd", "task_id": "task-b2e0e6a52eb4cbe28b57", "model_version": "scripted-engineering-only"}
{"event": "task_finished", "trajectory_id": "179c1909-d4c9-4769-b23f-153c880a8bbd", "task_id": "task-b2e0e6a52eb4cbe28b57", "model_version": "scripted-engineering-only", "outcome": "refused", "task_success": true}
{"event": "task_started", "trajectory_id": "47da55ff-a260-4538-9312-f788031df7e1", "task_id": "task-271e4f001bfbec4ba37f", "model_version": "scripted-engineering-only"}
{"event": "task_finished", "trajectory_id": "47da55ff-a260-4538-9312-f788031df7e1", "task_id": "task-271e4f001bfbec4ba37f", "model_version": "scripted-engineering-only", "outcome": "refused", "task_success": true}
{"event": "task_started", "trajectory_id": "e6c790ec-6e5e-4a12-982e-050abce56921", "task_id": "task-f476ba5bc12924d9bc6b", "model_version": "scripted-engineering-only"}
{"event": "task_finished", "trajectory_id": "e6c790ec-6e5e-4a12-982e-050abce56921", "task_id": "task-f476ba5bc12924d9bc6b", "model_version": "scripted-engineering-only", "outcome": "refused", "task_success": true}
{"event": "task_started", "trajectory_id": "4f71c2b7-599b-40f8-87b8-efedc4f25908", "task_id": "task-5eb647be1fe8d553a68b", "model_version": "scripted-engineering-only"}
{"event": "task_finished", "trajectory_id": "4f71c2b7-599b-40f8-87b8-efedc4f25908", "task_id": "task-5eb647be1fe8d553a68b", "model_version": "scripted-engineering-only", "outcome": "refused", "task_success": true}
{"event": "task_started", "trajectory_id": "05e28f9c-5a97-43b2-b1a3-b980aa7ce4a2", "task_id": "task-07a2025d71ee061f3bd2", "model_version": "scripted-engineering-only"}
{"event": "task_finished", "trajectory_id": "05e28f9c-5a97-43b2-b1a3-b980aa7ce4a2", "task_id": "task-07a2025d71ee061f3bd2", "model_version": "scripted-engineering-only", "outcome": "refused", "task_success": true}
{"event": "task_started", "trajectory_id": "2aeebdad-e33c-41dc-acab-7695eab2906b", "task_id": "task-a48da85fc162e85f19e2", "model_version": "scripted-engineering-only"}
{"event": "task_finished", "trajectory_id": "2aeebdad-e33c-41dc-acab-7695eab2906b", "task_id": "task-a48da85fc162e85f19e2", "model_version": "scripted-engineering-only", "outcome": "escalated", "task_success": true}
{"event": "task_started", "trajectory_id": "446eab5c-5837-4887-93d1-20d40970eaf3", "task_id": "task-06b8d71a2bcb3273229e", "model_version": "scripted-engineering-only"}
{"event": "task_finished", "trajectory_id": "446eab5c-5837-4887-93d1-20d40970eaf3", "task_id": "task-06b8d71a2bcb3273229e", "model_version": "scripted-engineering-only", "outcome": "escalated", "task_success": true}
{"event": "task_started", "trajectory_id": "c2e0b602-7660-419f-b15e-667e6118cff1", "task_id": "task-a54dafe4b4e3bb62483d", "model_version": "scripted-engineering-only"}
{"event": "task_finished", "trajectory_id": "c2e0b602-7660-419f-b15e-667e6118cff1", "task_id": "task-a54dafe4b4e3bb62483d", "model_version": "scripted-engineering-only", "outcome": "escalated", "task_success": true}
{"event": "task_started", "trajectory_id": "759ca149-76f8-43e0-95a2-47ab0ef27c87", "task_id": "task-965bab023d996aea99f2", "model_version": "scripted-engineering-only"}
{"event": "task_finished", "trajectory_id": "759ca149-76f8-43e0-95a2-47ab0ef27c87", "task_id": "task-965bab023d996aea99f2", "model_version": "scripted-engineering-only", "outcome": "completed", "task_success": true}
{"event": "task_started", "trajectory_id": "35356486-19e7-4264-81a9-67bcc13fb119", "task_id": "task-eba00923d594244d8a50", "model_version": "scripted-engineering-only"}
{"event": "task_finished", "trajectory_id": "35356486-19e7-4264-81a9-67bcc13fb119", "task_id": "task-eba00923d594244d8a50", "model_version": "scripted-engineering-only", "outcome": "completed", "task_success": true}
{"event": "task_started", "trajectory_id": "2100268a-155a-410a-b120-8b8701a31fac", "task_id": "task-2d745d5735989f513472", "model_version": "scripted-engineering-only"}
{"event": "task_finished", "trajectory_id": "2100268a-155a-410a-b120-8b8701a31fac", "task_id": "task-2d745d5735989f513472", "model_version": "scripted-engineering-only", "outcome": "completed", "task_success": true}
{"event": "task_started", "trajectory_id": "d54a59b0-81d9-4b79-90ad-c4be6b94e94e", "task_id": "task-adce80fcd242644af3be", "model_version": "scripted-engineering-only"}
{"event": "task_finished", "trajectory_id": "d54a59b0-81d9-4b79-90ad-c4be6b94e94e", "task_id": "task-adce80fcd242644af3be", "model_version": "scripted-engineering-only", "outcome": "escalated", "task_success": true}
{"event": "task_started", "trajectory_id": "feef63d0-9d3b-48f0-a2f7-e30c46918dd5", "task_id": "task-a3b7dfcd02ab8da95ef8", "model_version": "scripted-engineering-only"}
{"event": "task_finished", "trajectory_id": "feef63d0-9d3b-48f0-a2f7-e30c46918dd5", "task_id": "task-a3b7dfcd02ab8da95ef8", "model_version": "scripted-engineering-only", "outcome": "escalated", "task_success": true}
{"event": "task_started", "trajectory_id": "d69f4cc8-97f3-4415-be06-72c7a0478420", "task_id": "task-0186019e3d73611b86a1", "model_version": "scripted-engineering-only"}
{"event": "task_finished", "trajectory_id": "d69f4cc8-97f3-4415-be06-72c7a0478420", "task_id": "task-0186019e3d73611b86a1", "model_version": "scripted-engineering-only", "outcome": "escalated", "task_success": true}
{"event": "task_started", "trajectory_id": "fdc3f9d4-a56f-464a-bdee-967f17d411ab", "task_id": "task-734d5b0d34d0656564ee", "model_version": "scripted-engineering-only"}
{"event": "task_finished", "trajectory_id": "fdc3f9d4-a56f-464a-bdee-967f17d411ab", "task_id": "task-734d5b0d34d0656564ee", "model_version": "scripted-engineering-only", "outcome": "escalated", "task_success": true}
{"event": "task_started", "trajectory_id": "9f3a0176-7200-431d-9197-4475172c95b0", "task_id": "task-5dceefde9e586fb8376a", "model_version": "scripted-engineering-only"}
{"event": "task_finished", "trajectory_id": "9f3a0176-7200-431d-9197-4475172c95b0", "task_id": "task-5dceefde9e586fb8376a", "model_version": "scripted-engineering-only", "outcome": "escalated", "task_success": true}
{"event": "task_started", "trajectory_id": "2c17f4f5-92ea-4597-a4c3-b323028156b9", "task_id": "task-ad1e786facf608c440ac", "model_version": "scripted-engineering-only"}
{"event": "task_finished", "trajectory_id": "2c17f4f5-92ea-4597-a4c3-b323028156b9", "task_id": "task-ad1e786facf608c440ac", "model_version": "scripted-engineering-only", "outcome": "escalated", "task_success": true}
{"event": "task_started", "trajectory_id": "63f115f3-fb71-49e9-8973-c3d4bf0ac22d", "task_id": "task-bb68b21999ce552f5ffc", "model_version": "scripted-engineering-only"}
{"event": "task_finished", "trajectory_id": "63f115f3-fb71-49e9-8973-c3d4bf0ac22d", "task_id": "task-bb68b21999ce552f5ffc", "model_version": "scripted-engineering-only", "outcome": "completed", "task_success": true}
{"event": "task_started", "trajectory_id": "ca08cf18-0c4e-49d4-b5fc-bceecaac61c5", "task_id": "task-a1d394ba1d073d7a2eaa", "model_version": "scripted-engineering-only"}
{"event": "task_finished", "trajectory_id": "ca08cf18-0c4e-49d4-b5fc-bceecaac61c5", "task_id": "task-a1d394ba1d073d7a2eaa", "model_version": "scripted-engineering-only", "outcome": "completed", "task_success": true}
{"event": "task_started", "trajectory_id": "b32e6d45-f20f-4acb-8414-e79dd2bddcb2", "task_id": "task-edb462866dbadf5ed77c", "model_version": "scripted-engineering-only"}
{"event": "task_finished", "trajectory_id": "b32e6d45-f20f-4acb-8414-e79dd2bddcb2", "task_id": "task-edb462866dbadf5ed77c", "model_version": "scripted-engineering-only", "outcome": "completed", "task_success": true}
{"event": "task_started", "trajectory_id": "2ff25e5d-08a7-454d-8d54-11edfaf5c705", "task_id": "task-6dfee218765c8a8ccb03", "model_version": "scripted-engineering-only"}
{"event": "task_finished", "trajectory_id": "2ff25e5d-08a7-454d-8d54-11edfaf5c705", "task_id": "task-6dfee218765c8a8ccb03", "model_version": "scripted-engineering-only", "outcome": "completed", "task_success": true}
{"event": "task_started", "trajectory_id": "cb22c85a-0e7b-4eca-8152-a1d4a9f57819", "task_id": "task-7b7e1c638fa73fcdc0cb", "model_version": "scripted-engineering-only"}
{"event": "task_finished", "trajectory_id": "cb22c85a-0e7b-4eca-8152-a1d4a9f57819", "task_id": "task-7b7e1c638fa73fcdc0cb", "model_version": "scripted-engineering-only", "outcome": "completed", "task_success": true}
{"event": "task_started", "trajectory_id": "bdd5eda5-2639-430e-af2d-cd1a8ffdae77", "task_id": "task-30eeea5e7635d5b1ecb1", "model_version": "scripted-engineering-only"}
{"event": "task_finished", "trajectory_id": "bdd5eda5-2639-430e-af2d-cd1a8ffdae77", "task_id": "task-30eeea5e7635d5b1ecb1", "model_version": "scripted-engineering-only", "outcome": "completed", "task_success": true}
{"event": "task_started", "trajectory_id": "96976579-d953-4c98-87f9-64acf0a54251", "task_id": "task-d1dddd10b1af24b04d3e", "model_version": "scripted-engineering-only"}
{"event": "task_finished", "trajectory_id": "96976579-d953-4c98-87f9-64acf0a54251", "task_id": "task-d1dddd10b1af24b04d3e", "model_version": "scripted-engineering-only", "outcome": "escalated", "task_success": true}
{"event": "task_started", "trajectory_id": "589ab86d-e630-4adc-abca-949537e03f7c", "task_id": "task-afbdfb29b194d7db817e", "model_version": "scripted-engineering-only"}
{"event": "task_finished", "trajectory_id": "589ab86d-e630-4adc-abca-949537e03f7c", "task_id": "task-afbdfb29b194d7db817e", "model_version": "scripted-engineering-only", "outcome": "escalated", "task_success": true}
{"event": "task_started", "trajectory_id": "ca3cf066-65ff-430e-9832-1992476b39f9", "task_id": "task-1cb1631bb12620637a56", "model_version": "scripted-engineering-only"}
{"event": "task_finished", "trajectory_id": "ca3cf066-65ff-430e-9832-1992476b39f9", "task_id": "task-1cb1631bb12620637a56", "model_version": "scripted-engineering-only", "outcome": "escalated", "task_success": true}
{"event": "task_started", "trajectory_id": "3e4b3dea-0722-4408-bb79-bd7bc653df44", "task_id": "task-86bd6cb9106510ea039f", "model_version": "scripted-engineering-only"}
{"event": "task_finished", "trajectory_id": "3e4b3dea-0722-4408-bb79-bd7bc653df44", "task_id": "task-86bd6cb9106510ea039f", "model_version": "scripted-engineering-only", "outcome": "escalated", "task_success": true}
{"event": "task_started", "trajectory_id": "a9952f83-6a3a-4ad9-aa2e-a5c195621e8e", "task_id": "task-28acc947e09e78444ad1", "model_version": "scripted-engineering-only"}
{"event": "task_finished", "trajectory_id": "a9952f83-6a3a-4ad9-aa2e-a5c195621e8e", "task_id": "task-28acc947e09e78444ad1", "model_version": "scripted-engineering-only", "outcome": "escalated", "task_success": true}
{"event": "task_started", "trajectory_id": "7c6d23e3-85e0-432b-83f5-5cf660f860a3", "task_id": "task-398eead64c3eeb871099", "model_version": "scripted-engineering-only"}
{"event": "task_finished", "trajectory_id": "7c6d23e3-85e0-432b-83f5-5cf660f860a3", "task_id": "task-398eead64c3eeb871099", "model_version": "scripted-engineering-only", "outcome": "escalated", "task_success": true}
{"event": "task_started", "trajectory_id": "eb386f51-0696-4ae7-8e78-2d36177682a5", "task_id": "task-80544b2a08bd57e8e768", "model_version": "scripted-engineering-only"}
{"event": "task_finished", "trajectory_id": "eb386f51-0696-4ae7-8e78-2d36177682a5", "task_id": "task-80544b2a08bd57e8e768", "model_version": "scripted-engineering-only", "outcome": "completed", "task_success": true}
{"event": "task_started", "trajectory_id": "139bd768-fcc7-482e-a319-a6d27cd501a3", "task_id": "task-673dbc9dd8f247601722", "model_version": "scripted-engineering-only"}
{"event": "task_finished", "trajectory_id": "139bd768-fcc7-482e-a319-a6d27cd501a3", "task_id": "task-673dbc9dd8f247601722", "model_version": "scripted-engineering-only", "outcome": "completed", "task_success": true}
{"event": "task_started", "trajectory_id": "0ca95f40-a0ba-4779-ad92-3704870a0b1e", "task_id": "task-ed359ba55106b09d8847", "model_version": "scripted-engineering-only"}
{"event": "task_finished", "trajectory_id": "0ca95f40-a0ba-4779-ad92-3704870a0b1e", "task_id": "task-ed359ba55106b09d8847", "model_version": "scripted-engineering-only", "outcome": "completed", "task_success": true}
{"event": "task_started", "trajectory_id": "f6f61293-eacd-4c57-87b9-d81e0af29d8e", "task_id": "task-292ef81ae14a36c27b3f", "model_version": "scripted-engineering-only"}
{"event": "task_finished", "trajectory_id": "f6f61293-eacd-4c57-87b9-d81e0af29d8e", "task_id": "task-292ef81ae14a36c27b3f", "model_version": "scripted-engineering-only", "outcome": "refused", "task_success": true}
{"event": "task_started", "trajectory_id": "e23dadbf-235d-40a1-856e-4b6a078d9acc", "task_id": "task-5a00f3a9d86cd9d6c54d", "model_version": "scripted-engineering-only"}
{"event": "task_finished", "trajectory_id": "e23dadbf-235d-40a1-856e-4b6a078d9acc", "task_id": "task-5a00f3a9d86cd9d6c54d", "model_version": "scripted-engineering-only", "outcome": "refused", "task_success": true}
{"event": "task_started", "trajectory_id": "d973bb4c-6513-4e11-add3-3d180c219e9f", "task_id": "task-3b9ce844f270fdf7774d", "model_version": "scripted-engineering-only"}
{"event": "task_finished", "trajectory_id": "d973bb4c-6513-4e11-add3-3d180c219e9f", "task_id": "task-3b9ce844f270fdf7774d", "model_version": "scripted-engineering-only", "outcome": "refused", "task_success": true}
{"event": "task_started", "trajectory_id": "08f776d2-b651-4d9d-93a7-3960a893173d", "task_id": "task-f9ea9ef01353b4b68e96", "model_version": "scripted-engineering-only"}
{"event": "task_finished", "trajectory_id": "08f776d2-b651-4d9d-93a7-3960a893173d", "task_id": "task-f9ea9ef01353b4b68e96", "model_version": "scripted-engineering-only", "outcome": "refused", "task_success": true}
{"event": "task_started", "trajectory_id": "9dc3e6cf-1cf6-4e8c-a5dc-2bc21297ca3b", "task_id": "task-98171245bbd786a1517a", "model_version": "scripted-engineering-only"}
{"event": "task_finished", "trajectory_id": "9dc3e6cf-1cf6-4e8c-a5dc-2bc21297ca3b", "task_id": "task-98171245bbd786a1517a", "model_version": "scripted-engineering-only", "outcome": "refused", "task_success": true}
{"event": "task_started", "trajectory_id": "2f63cc54-a9f5-4f5d-861d-0b22ba7eb6d0", "task_id": "task-097a2cdd49eb7039eeda", "model_version": "scripted-engineering-only"}
{"event": "task_finished", "trajectory_id": "2f63cc54-a9f5-4f5d-861d-0b22ba7eb6d0", "task_id": "task-097a2cdd49eb7039eeda", "model_version": "scripted-engineering-only", "outcome": "refused", "task_success": true}
{"event": "task_started", "trajectory_id": "b42cd6c3-7232-413c-aa80-d6cac71a0c0a", "task_id": "task-dc45c35c4539665fa28a", "model_version": "scripted-engineering-only"}
{"event": "task_finished", "trajectory_id": "b42cd6c3-7232-413c-aa80-d6cac71a0c0a", "task_id": "task-dc45c35c4539665fa28a", "model_version": "scripted-engineering-only", "outcome": "escalated", "task_success": true}
{"event": "task_started", "trajectory_id": "123bb7b1-bbbf-4aba-bc5b-f6fdeddb6cd4", "task_id": "task-012721fdabc6938bfdb4", "model_version": "scripted-engineering-only"}
{"event": "task_finished", "trajectory_id": "123bb7b1-bbbf-4aba-bc5b-f6fdeddb6cd4", "task_id": "task-012721fdabc6938bfdb4", "model_version": "scripted-engineering-only", "outcome": "escalated", "task_success": true}
{"event": "task_started", "trajectory_id": "ba0498b8-e461-4da2-a906-a063979c8d73", "task_id": "task-7e2db9056f851620b578", "model_version": "scripted-engineering-only"}
{"event": "task_finished", "trajectory_id": "ba0498b8-e461-4da2-a906-a063979c8d73", "task_id": "task-7e2db9056f851620b578", "model_version": "scripted-engineering-only", "outcome": "escalated", "task_success": true}
{"event": "task_started", "trajectory_id": "c3330829-2474-40f2-9ddd-90e461ee8064", "task_id": "task-56d11969bbac661ba221", "model_version": "scripted-engineering-only"}
{"event": "task_finished", "trajectory_id": "c3330829-2474-40f2-9ddd-90e461ee8064", "task_id": "task-56d11969bbac661ba221", "model_version": "scripted-engineering-only", "outcome": "refused", "task_success": true}
{"event": "task_started", "trajectory_id": "653b642a-ce9b-42e6-8088-ccbf355782d7", "task_id": "task-87d7c7fe1cf3dca74c72", "model_version": "scripted-engineering-only"}
{"event": "task_finished", "trajectory_id": "653b642a-ce9b-42e6-8088-ccbf355782d7", "task_id": "task-87d7c7fe1cf3dca74c72", "model_version": "scripted-engineering-only", "outcome": "refused", "task_success": true}
{"event": "task_started", "trajectory_id": "41cc97d0-93ef-4a7a-8aa2-e993b3327edd", "task_id": "task-31dce11192d72a14cb25", "model_version": "scripted-engineering-only"}
{"event": "task_finished", "trajectory_id": "41cc97d0-93ef-4a7a-8aa2-e993b3327edd", "task_id": "task-31dce11192d72a14cb25", "model_version": "scripted-engineering-only", "outcome": "refused", "task_success": true}
{"event": "task_started", "trajectory_id": "ca2426a2-b075-4f01-bf30-a676f5f56f1b", "task_id": "task-c9c2d9c2d23545eb0e36", "model_version": "scripted-engineering-only"}
{"event": "task_finished", "trajectory_id": "ca2426a2-b075-4f01-bf30-a676f5f56f1b", "task_id": "task-c9c2d9c2d23545eb0e36", "model_version": "scripted-engineering-only", "outcome": "refused", "task_success": true}
{"event": "task_started", "trajectory_id": "0b2cb272-c316-4fcd-9616-d481f9fe9824", "task_id": "task-9f2dbc26618598f23b3d", "model_version": "scripted-engineering-only"}
{"event": "task_finished", "trajectory_id": "0b2cb272-c316-4fcd-9616-d481f9fe9824", "task_id": "task-9f2dbc26618598f23b3d", "model_version": "scripted-engineering-only", "outcome": "refused", "task_success": true}
{"event": "task_started", "trajectory_id": "ea88e729-3827-4287-a122-109952d1b566", "task_id": "task-ba01b87f8d3c2b2a0a9d", "model_version": "scripted-engineering-only"}
{"event": "task_finished", "trajectory_id": "ea88e729-3827-4287-a122-109952d1b566", "task_id": "task-ba01b87f8d3c2b2a0a9d", "model_version": "scripted-engineering-only", "outcome": "refused", "task_success": true}
{"event": "task_started", "trajectory_id": "a140a887-267d-4a6e-8a13-b072f76582a0", "task_id": "task-bdd32dbdec43e2d790e2", "model_version": "scripted-engineering-only"}
{"event": "task_finished", "trajectory_id": "a140a887-267d-4a6e-8a13-b072f76582a0", "task_id": "task-bdd32dbdec43e2d790e2", "model_version": "scripted-engineering-only", "outcome": "escalated", "task_success": true}
{"event": "task_started", "trajectory_id": "0f515e0d-43a3-4d02-a1be-40910b886fd9", "task_id": "task-abd88aed3619fa1f2adb", "model_version": "scripted-engineering-only"}
{"event": "task_finished", "trajectory_id": "0f515e0d-43a3-4d02-a1be-40910b886fd9", "task_id": "task-abd88aed3619fa1f2adb", "model_version": "scripted-engineering-only", "outcome": "escalated", "task_success": true}
{"event": "task_started", "trajectory_id": "bb38e1f5-bca6-4a3d-a221-a91b3ca7ce5a", "task_id": "task-3679379ac0a63d0c5798", "model_version": "scripted-engineering-only"}
{"event": "task_finished", "trajectory_id": "bb38e1f5-bca6-4a3d-a221-a91b3ca7ce5a", "task_id": "task-3679379ac0a63d0c5798", "model_version": "scripted-engineering-only", "outcome": "escalated", "task_success": true}
{"event": "task_started", "trajectory_id": "6d8c998a-7b2f-41be-8b3f-b19cf8ad5591", "task_id": "task-ec729be391c4a34fe297", "model_version": "scripted-engineering-only"}
{"event": "task_finished", "trajectory_id": "6d8c998a-7b2f-41be-8b3f-b19cf8ad5591", "task_id": "task-ec729be391c4a34fe297", "model_version": "scripted-engineering-only", "outcome": "completed", "task_success": true}
{"event": "task_started", "trajectory_id": "455634c1-aa7c-4737-af2f-fa85b4757df0", "task_id": "task-b453a658279db88de3c0", "model_version": "scripted-engineering-only"}
{"event": "task_finished", "trajectory_id": "455634c1-aa7c-4737-af2f-fa85b4757df0", "task_id": "task-b453a658279db88de3c0", "model_version": "scripted-engineering-only", "outcome": "completed", "task_success": true}
{"event": "task_started", "trajectory_id": "04ea3987-a065-456f-a75e-65a028175c79", "task_id": "task-97af2e092bbdb911a25a", "model_version": "scripted-engineering-only"}
{"event": "task_finished", "trajectory_id": "04ea3987-a065-456f-a75e-65a028175c79", "task_id": "task-97af2e092bbdb911a25a", "model_version": "scripted-engineering-only", "outcome": "completed", "task_success": true}
{"event": "task_started", "trajectory_id": "cc8efd6a-1151-4196-9d84-f18c9232336e", "task_id": "task-0724fc5648935c3d16ba", "model_version": "scripted-engineering-only"}
{"event": "task_finished", "trajectory_id": "cc8efd6a-1151-4196-9d84-f18c9232336e", "task_id": "task-0724fc5648935c3d16ba", "model_version": "scripted-engineering-only", "outcome": "escalated", "task_success": true}
{"event": "task_started", "trajectory_id": "4c6d6ff7-c866-4a8c-b94d-236bda0eb9fb", "task_id": "task-674a4080fd2f0382b598", "model_version": "scripted-engineering-only"}
{"event": "task_finished", "trajectory_id": "4c6d6ff7-c866-4a8c-b94d-236bda0eb9fb", "task_id": "task-674a4080fd2f0382b598", "model_version": "scripted-engineering-only", "outcome": "escalated", "task_success": true}
{"event": "task_started", "trajectory_id": "dd2cdfe5-97c8-4a9e-9b85-40705b18a860", "task_id": "task-3feda8a21f9775e1db88", "model_version": "scripted-engineering-only"}
{"event": "task_finished", "trajectory_id": "dd2cdfe5-97c8-4a9e-9b85-40705b18a860", "task_id": "task-3feda8a21f9775e1db88", "model_version": "scripted-engineering-only", "outcome": "escalated", "task_success": true}
{"event": "task_started", "trajectory_id": "74479dc2-e5fa-46ce-9a4b-26498d4b7473", "task_id": "task-0e084016f0ee902062e6", "model_version": "scripted-engineering-only"}
{"event": "task_finished", "trajectory_id": "74479dc2-e5fa-46ce-9a4b-26498d4b7473", "task_id": "task-0e084016f0ee902062e6", "model_version": "scripted-engineering-only", "outcome": "completed", "task_success": true}
{"event": "task_started", "trajectory_id": "1fba76f9-0ca5-4fd4-8dc2-f168bcada432", "task_id": "task-4c6c1f9967c096b34002", "model_version": "scripted-engineering-only"}
{"event": "task_finished", "trajectory_id": "1fba76f9-0ca5-4fd4-8dc2-f168bcada432", "task_id": "task-4c6c1f9967c096b34002", "model_version": "scripted-engineering-only", "outcome": "completed", "task_success": true}
{"event": "task_started", "trajectory_id": "1159a870-deaa-4c1b-92d0-206e99839906", "task_id": "task-5d8affbfbc38c6af2a55", "model_version": "scripted-engineering-only"}
{"event": "task_finished", "trajectory_id": "1159a870-deaa-4c1b-92d0-206e99839906", "task_id": "task-5d8affbfbc38c6af2a55", "model_version": "scripted-engineering-only", "outcome": "completed", "task_success": true}
{"event": "task_started", "trajectory_id": "9d4b44f8-047a-4cee-874b-a143f2d5a886", "task_id": "task-705ae2b6a38ee732fcb6", "model_version": "scripted-engineering-only"}
{"event": "task_finished", "trajectory_id": "9d4b44f8-047a-4cee-874b-a143f2d5a886", "task_id": "task-705ae2b6a38ee732fcb6", "model_version": "scripted-engineering-only", "outcome": "refused", "task_success": true}
{"event": "task_started", "trajectory_id": "5dc7b4fc-d1df-4d4f-a6ea-f2c322054ff4", "task_id": "task-aacc6eab02d55411c926", "model_version": "scripted-engineering-only"}
{"event": "task_finished", "trajectory_id": "5dc7b4fc-d1df-4d4f-a6ea-f2c322054ff4", "task_id": "task-aacc6eab02d55411c926", "model_version": "scripted-engineering-only", "outcome": "refused", "task_success": true}
{"event": "task_started", "trajectory_id": "ea411086-62b2-43ea-85b9-caa2d76b16a6", "task_id": "task-e69eb5bbc48e257eaed9", "model_version": "scripted-engineering-only"}
{"event": "task_finished", "trajectory_id": "ea411086-62b2-43ea-85b9-caa2d76b16a6", "task_id": "task-e69eb5bbc48e257eaed9", "model_version": "scripted-engineering-only", "outcome": "refused", "task_success": true}
{"event": "task_started", "trajectory_id": "c65b2d77-b92d-4c2e-9007-a5946439ad6e", "task_id": "task-d218b76a549bb71d32a3", "model_version": "scripted-engineering-only"}
{"event": "task_finished", "trajectory_id": "c65b2d77-b92d-4c2e-9007-a5946439ad6e", "task_id": "task-d218b76a549bb71d32a3", "model_version": "scripted-engineering-only", "outcome": "escalated", "task_success": true}
{"event": "task_started", "trajectory_id": "d0d40c23-56c1-472b-9475-e81bc467389d", "task_id": "task-399f80239f711ea5d908", "model_version": "scripted-engineering-only"}
{"event": "task_finished", "trajectory_id": "d0d40c23-56c1-472b-9475-e81bc467389d", "task_id": "task-399f80239f711ea5d908", "model_version": "scripted-engineering-only", "outcome": "escalated", "task_success": true}
{"event": "task_started", "trajectory_id": "d0e289b4-eb43-4384-9cde-edda932a719a", "task_id": "task-59a584317a710f1deb73", "model_version": "scripted-engineering-only"}
{"event": "task_finished", "trajectory_id": "d0e289b4-eb43-4384-9cde-edda932a719a", "task_id": "task-59a584317a710f1deb73", "model_version": "scripted-engineering-only", "outcome": "escalated", "task_success": true}
{"event": "task_started", "trajectory_id": "13420c7c-b9b4-4409-8903-b911ddb46bc6", "task_id": "task-f72263adb1c1d420111e", "model_version": "scripted-engineering-only"}
{"event": "task_finished", "trajectory_id": "13420c7c-b9b4-4409-8903-b911ddb46bc6", "task_id": "task-f72263adb1c1d420111e", "model_version": "scripted-engineering-only", "outcome": "escalated", "task_success": true}
{"event": "task_started", "trajectory_id": "da47c355-5432-4d41-8b41-bc7645ea68ea", "task_id": "task-90c1813085f31f5299b3", "model_version": "scripted-engineering-only"}
{"event": "task_finished", "trajectory_id": "da47c355-5432-4d41-8b41-bc7645ea68ea", "task_id": "task-90c1813085f31f5299b3", "model_version": "scripted-engineering-only", "outcome": "escalated", "task_success": true}
{"event": "task_started", "trajectory_id": "5ba169d7-a711-4921-8fc9-7c29c1254b7c", "task_id": "task-c31ed15c43fec69b21d0", "model_version": "scripted-engineering-only"}
{"event": "task_finished", "trajectory_id": "5ba169d7-a711-4921-8fc9-7c29c1254b7c", "task_id": "task-c31ed15c43fec69b21d0", "model_version": "scripted-engineering-only", "outcome": "escalated", "task_success": true}
{"event": "task_started", "trajectory_id": "2cba6d60-1513-4323-9ef7-c2a7afc78619", "task_id": "task-c4da3551dcd0c1e6d1bc", "model_version": "scripted-engineering-only"}
{"event": "task_finished", "trajectory_id": "2cba6d60-1513-4323-9ef7-c2a7afc78619", "task_id": "task-c4da3551dcd0c1e6d1bc", "model_version": "scripted-engineering-only", "outcome": "completed", "task_success": true}
{"event": "task_started", "trajectory_id": "d7cbc67c-a078-473b-86ee-3aa91cfbb510", "task_id": "task-d573e068640729f6fc0c", "model_version": "scripted-engineering-only"}
{"event": "task_finished", "trajectory_id": "d7cbc67c-a078-473b-86ee-3aa91cfbb510", "task_id": "task-d573e068640729f6fc0c", "model_version": "scripted-engineering-only", "outcome": "completed", "task_success": true}
{"event": "task_started", "trajectory_id": "b08df73e-6fda-4eeb-a47a-ed6631919928", "task_id": "task-5451f40b657f5bfdccbc", "model_version": "scripted-engineering-only"}
{"event": "task_finished", "trajectory_id": "b08df73e-6fda-4eeb-a47a-ed6631919928", "task_id": "task-5451f40b657f5bfdccbc", "model_version": "scripted-engineering-only", "outcome": "completed", "task_success": true}
{"event": "task_started", "trajectory_id": "3156bf74-2327-44c5-9389-57d7171bb447", "task_id": "task-d71f713e079ab5c2b330", "model_version": "scripted-engineering-only"}
{"event": "task_finished", "trajectory_id": "3156bf74-2327-44c5-9389-57d7171bb447", "task_id": "task-d71f713e079ab5c2b330", "model_version": "scripted-engineering-only", "outcome": "completed", "task_success": true}
{"event": "task_started", "trajectory_id": "67ba7eb0-bcaf-4cb8-8bb5-82d6a190af08", "task_id": "task-aa38b5523e6289961272", "model_version": "scripted-engineering-only"}
{"event": "task_finished", "trajectory_id": "67ba7eb0-bcaf-4cb8-8bb5-82d6a190af08", "task_id": "task-aa38b5523e6289961272", "model_version": "scripted-engineering-only", "outcome": "completed", "task_success": true}
{"event": "task_started", "trajectory_id": "2ecd2301-a351-421a-a94d-cb8f03684c30", "task_id": "task-45334e54e1889ab54a6c", "model_version": "scripted-engineering-only"}
{"event": "task_finished", "trajectory_id": "2ecd2301-a351-421a-a94d-cb8f03684c30", "task_id": "task-45334e54e1889ab54a6c", "model_version": "scripted-engineering-only", "outcome": "completed", "task_success": true}
{"event": "task_started", "trajectory_id": "2c8d272f-3252-4c8b-a84a-6855cc4195b2", "task_id": "task-c50d95cdd2eabf3b7e52", "model_version": "scripted-engineering-only"}
{"event": "task_finished", "trajectory_id": "2c8d272f-3252-4c8b-a84a-6855cc4195b2", "task_id": "task-c50d95cdd2eabf3b7e52", "model_version": "scripted-engineering-only", "outcome": "completed", "task_success": true}
{"event": "task_started", "trajectory_id": "7c19653c-a5bd-47a5-af5e-94e92593bfa7", "task_id": "task-e730102b9a4395aae8ee", "model_version": "scripted-engineering-only"}
{"event": "task_finished", "trajectory_id": "7c19653c-a5bd-47a5-af5e-94e92593bfa7", "task_id": "task-e730102b9a4395aae8ee", "model_version": "scripted-engineering-only", "outcome": "completed", "task_success": true}
{"event": "task_started", "trajectory_id": "413aedb1-c41b-483b-b781-f14545e8b0cb", "task_id": "task-c1422229a8352e1cf4fc", "model_version": "scripted-engineering-only"}
{"event": "task_finished", "trajectory_id": "413aedb1-c41b-483b-b781-f14545e8b0cb", "task_id": "task-c1422229a8352e1cf4fc", "model_version": "scripted-engineering-only", "outcome": "completed", "task_success": true}
{"event": "task_started", "trajectory_id": "03659eff-6de1-4f8f-9ab5-36cffba9430b", "task_id": "task-f67587394339c41f909c", "model_version": "scripted-engineering-only"}
{"event": "task_finished", "trajectory_id": "03659eff-6de1-4f8f-9ab5-36cffba9430b", "task_id": "task-f67587394339c41f909c", "model_version": "scripted-engineering-only", "outcome": "refused", "task_success": true}
{"event": "task_started", "trajectory_id": "7c8aa519-4939-4715-8d46-7b886fff7032", "task_id": "task-b2e0e6a52eb4cbe28b57", "model_version": "scripted-engineering-only"}
{"event": "task_finished", "trajectory_id": "7c8aa519-4939-4715-8d46-7b886fff7032", "task_id": "task-b2e0e6a52eb4cbe28b57", "model_version": "scripted-engineering-only", "outcome": "refused", "task_success": true}
{"event": "task_started", "trajectory_id": "03450bdc-add7-47eb-aa77-49f48a30baac", "task_id": "task-271e4f001bfbec4ba37f", "model_version": "scripted-engineering-only"}
{"event": "task_finished", "trajectory_id": "03450bdc-add7-47eb-aa77-49f48a30baac", "task_id": "task-271e4f001bfbec4ba37f", "model_version": "scripted-engineering-only", "outcome": "refused", "task_success": true}
{"event": "task_started", "trajectory_id": "f7133ea4-e1da-4198-a48d-a24a27c2e751", "task_id": "task-f476ba5bc12924d9bc6b", "model_version": "scripted-engineering-only"}
{"event": "task_finished", "trajectory_id": "f7133ea4-e1da-4198-a48d-a24a27c2e751", "task_id": "task-f476ba5bc12924d9bc6b", "model_version": "scripted-engineering-only", "outcome": "refused", "task_success": true}
{"event": "task_started", "trajectory_id": "cc416d1d-191b-4b14-9b04-8b38cacdfe62", "task_id": "task-5eb647be1fe8d553a68b", "model_version": "scripted-engineering-only"}
{"event": "task_finished", "trajectory_id": "cc416d1d-191b-4b14-9b04-8b38cacdfe62", "task_id": "task-5eb647be1fe8d553a68b", "model_version": "scripted-engineering-only", "outcome": "refused", "task_success": true}
{"event": "task_started", "trajectory_id": "abe08a19-c5c3-4b63-b0ea-8a2dd5687119", "task_id": "task-07a2025d71ee061f3bd2", "model_version": "scripted-engineering-only"}
{"event": "task_finished", "trajectory_id": "abe08a19-c5c3-4b63-b0ea-8a2dd5687119", "task_id": "task-07a2025d71ee061f3bd2", "model_version": "scripted-engineering-only", "outcome": "refused", "task_success": true}
{"event": "task_started", "trajectory_id": "e0704c13-597a-463e-8dfb-34328841e605", "task_id": "task-a48da85fc162e85f19e2", "model_version": "scripted-engineering-only"}
{"event": "task_finished", "trajectory_id": "e0704c13-597a-463e-8dfb-34328841e605", "task_id": "task-a48da85fc162e85f19e2", "model_version": "scripted-engineering-only", "outcome": "escalated", "task_success": true}
{"event": "task_started", "trajectory_id": "dc15cea4-e070-4a3e-a4c8-38d5a9126e35", "task_id": "task-06b8d71a2bcb3273229e", "model_version": "scripted-engineering-only"}
{"event": "task_finished", "trajectory_id": "dc15cea4-e070-4a3e-a4c8-38d5a9126e35", "task_id": "task-06b8d71a2bcb3273229e", "model_version": "scripted-engineering-only", "outcome": "escalated", "task_success": true}
{"event": "task_started", "trajectory_id": "59a9765c-7618-4fc8-9627-d71d89d23fba", "task_id": "task-a54dafe4b4e3bb62483d", "model_version": "scripted-engineering-only"}
{"event": "task_finished", "trajectory_id": "59a9765c-7618-4fc8-9627-d71d89d23fba", "task_id": "task-a54dafe4b4e3bb62483d", "model_version": "scripted-engineering-only", "outcome": "escalated", "task_success": true}
{"event": "task_started", "trajectory_id": "126b7a3a-f120-4c95-8a5f-1281db71e82b", "task_id": "task-965bab023d996aea99f2", "model_version": "scripted-engineering-only"}
{"event": "task_finished", "trajectory_id": "126b7a3a-f120-4c95-8a5f-1281db71e82b", "task_id": "task-965bab023d996aea99f2", "model_version": "scripted-engineering-only", "outcome": "completed", "task_success": true}
{"event": "task_started", "trajectory_id": "6edc07a8-67ac-444c-80ed-0e2aa564b2ba", "task_id": "task-eba00923d594244d8a50", "model_version": "scripted-engineering-only"}
{"event": "task_finished", "trajectory_id": "6edc07a8-67ac-444c-80ed-0e2aa564b2ba", "task_id": "task-eba00923d594244d8a50", "model_version": "scripted-engineering-only", "outcome": "completed", "task_success": true}
{"event": "task_started", "trajectory_id": "894f1292-c187-43ea-a10b-17cf51579b49", "task_id": "task-2d745d5735989f513472", "model_version": "scripted-engineering-only"}
{"event": "task_finished", "trajectory_id": "894f1292-c187-43ea-a10b-17cf51579b49", "task_id": "task-2d745d5735989f513472", "model_version": "scripted-engineering-only", "outcome": "completed", "task_success": true}
{"event": "task_started", "trajectory_id": "4ec06284-a111-4174-8124-ecd01ef7c848", "task_id": "task-adce80fcd242644af3be", "model_version": "scripted-engineering-only"}
{"event": "task_finished", "trajectory_id": "4ec06284-a111-4174-8124-ecd01ef7c848", "task_id": "task-adce80fcd242644af3be", "model_version": "scripted-engineering-only", "outcome": "escalated", "task_success": true}
{"event": "task_started", "trajectory_id": "a18d4f9a-01b7-4c41-afee-28c99811a872", "task_id": "task-a3b7dfcd02ab8da95ef8", "model_version": "scripted-engineering-only"}
{"event": "task_finished", "trajectory_id": "a18d4f9a-01b7-4c41-afee-28c99811a872", "task_id": "task-a3b7dfcd02ab8da95ef8", "model_version": "scripted-engineering-only", "outcome": "escalated", "task_success": true}
{"event": "task_started", "trajectory_id": "5ab21ec7-cdd1-4ff7-90e0-70e4df711226", "task_id": "task-0186019e3d73611b86a1", "model_version": "scripted-engineering-only"}
{"event": "task_finished", "trajectory_id": "5ab21ec7-cdd1-4ff7-90e0-70e4df711226", "task_id": "task-0186019e3d73611b86a1", "model_version": "scripted-engineering-only", "outcome": "escalated", "task_success": true}
{"event": "task_started", "trajectory_id": "fc754522-77f6-4bc7-962f-072e283f7050", "task_id": "task-734d5b0d34d0656564ee", "model_version": "scripted-engineering-only"}
{"event": "task_finished", "trajectory_id": "fc754522-77f6-4bc7-962f-072e283f7050", "task_id": "task-734d5b0d34d0656564ee", "model_version": "scripted-engineering-only", "outcome": "escalated", "task_success": true}
{"event": "task_started", "trajectory_id": "72d60efe-a9b7-4f36-b762-6d6528b9322f", "task_id": "task-5dceefde9e586fb8376a", "model_version": "scripted-engineering-only"}
{"event": "task_finished", "trajectory_id": "72d60efe-a9b7-4f36-b762-6d6528b9322f", "task_id": "task-5dceefde9e586fb8376a", "model_version": "scripted-engineering-only", "outcome": "escalated", "task_success": true}
{"event": "task_started", "trajectory_id": "96b72ef9-ffbc-4b0f-868e-ea413038f16b", "task_id": "task-ad1e786facf608c440ac", "model_version": "scripted-engineering-only"}
{"event": "task_finished", "trajectory_id": "96b72ef9-ffbc-4b0f-868e-ea413038f16b", "task_id": "task-ad1e786facf608c440ac", "model_version": "scripted-engineering-only", "outcome": "escalated", "task_success": true}
{"event": "task_started", "trajectory_id": "2aad72e3-fb2d-43d9-9b18-f9810c13dca5", "task_id": "task-bb68b21999ce552f5ffc", "model_version": "scripted-engineering-only"}
{"event": "task_finished", "trajectory_id": "2aad72e3-fb2d-43d9-9b18-f9810c13dca5", "task_id": "task-bb68b21999ce552f5ffc", "model_version": "scripted-engineering-only", "outcome": "completed", "task_success": true}
{"event": "task_started", "trajectory_id": "942417f0-50c5-489f-8797-0c7ca305768a", "task_id": "task-a1d394ba1d073d7a2eaa", "model_version": "scripted-engineering-only"}
{"event": "task_finished", "trajectory_id": "942417f0-50c5-489f-8797-0c7ca305768a", "task_id": "task-a1d394ba1d073d7a2eaa", "model_version": "scripted-engineering-only", "outcome": "completed", "task_success": true}
{"event": "task_started", "trajectory_id": "0aa90a84-bb36-4b87-9841-ed346139cdf2", "task_id": "task-edb462866dbadf5ed77c", "model_version": "scripted-engineering-only"}
{"event": "task_finished", "trajectory_id": "0aa90a84-bb36-4b87-9841-ed346139cdf2", "task_id": "task-edb462866dbadf5ed77c", "model_version": "scripted-engineering-only", "outcome": "completed", "task_success": true}
{"event": "task_started", "trajectory_id": "58b5c20e-3a43-41e1-9d89-99cd64770e77", "task_id": "task-6dfee218765c8a8ccb03", "model_version": "scripted-engineering-only"}
{"event": "task_finished", "trajectory_id": "58b5c20e-3a43-41e1-9d89-99cd64770e77", "task_id": "task-6dfee218765c8a8ccb03", "model_version": "scripted-engineering-only", "outcome": "completed", "task_success": true}
{"event": "task_started", "trajectory_id": "47e1f596-cd73-4380-90cf-cd045ccfed4b", "task_id": "task-7b7e1c638fa73fcdc0cb", "model_version": "scripted-engineering-only"}
{"event": "task_finished", "trajectory_id": "47e1f596-cd73-4380-90cf-cd045ccfed4b", "task_id": "task-7b7e1c638fa73fcdc0cb", "model_version": "scripted-engineering-only", "outcome": "completed", "task_success": true}
{"event": "task_started", "trajectory_id": "d002d4c5-b50f-48cd-9c4a-15bac0dff6a8", "task_id": "task-30eeea5e7635d5b1ecb1", "model_version": "scripted-engineering-only"}
{"event": "task_finished", "trajectory_id": "d002d4c5-b50f-48cd-9c4a-15bac0dff6a8", "task_id": "task-30eeea5e7635d5b1ecb1", "model_version": "scripted-engineering-only", "outcome": "completed", "task_success": true}
{"event": "task_started", "trajectory_id": "d8cfddaa-d9c6-42bf-86a3-a800cd2c27e2", "task_id": "task-d1dddd10b1af24b04d3e", "model_version": "scripted-engineering-only"}
{"event": "task_finished", "trajectory_id": "d8cfddaa-d9c6-42bf-86a3-a800cd2c27e2", "task_id": "task-d1dddd10b1af24b04d3e", "model_version": "scripted-engineering-only", "outcome": "escalated", "task_success": true}
{"event": "task_started", "trajectory_id": "9ac4e5dc-593d-4907-92a6-7698b2332eb7", "task_id": "task-afbdfb29b194d7db817e", "model_version": "scripted-engineering-only"}
{"event": "task_finished", "trajectory_id": "9ac4e5dc-593d-4907-92a6-7698b2332eb7", "task_id": "task-afbdfb29b194d7db817e", "model_version": "scripted-engineering-only", "outcome": "escalated", "task_success": true}
{"event": "task_started", "trajectory_id": "da201b56-d850-4a80-9e7c-6f1f98c909ec", "task_id": "task-1cb1631bb12620637a56", "model_version": "scripted-engineering-only"}
{"event": "task_finished", "trajectory_id": "da201b56-d850-4a80-9e7c-6f1f98c909ec", "task_id": "task-1cb1631bb12620637a56", "model_version": "scripted-engineering-only", "outcome": "escalated", "task_success": true}
{"event": "task_started", "trajectory_id": "db234a20-8d9b-472f-ab17-5d6408e807f4", "task_id": "task-86bd6cb9106510ea039f", "model_version": "scripted-engineering-only"}
{"event": "task_finished", "trajectory_id": "db234a20-8d9b-472f-ab17-5d6408e807f4", "task_id": "task-86bd6cb9106510ea039f", "model_version": "scripted-engineering-only", "outcome": "escalated", "task_success": true}
{"event": "task_started", "trajectory_id": "647a0f37-f392-42db-b9cf-6440f6dbd616", "task_id": "task-28acc947e09e78444ad1", "model_version": "scripted-engineering-only"}
{"event": "task_finished", "trajectory_id": "647a0f37-f392-42db-b9cf-6440f6dbd616", "task_id": "task-28acc947e09e78444ad1", "model_version": "scripted-engineering-only", "outcome": "escalated", "task_success": true}
{"event": "task_started", "trajectory_id": "b0540adf-9585-4b77-b2e8-1eb442a61418", "task_id": "task-398eead64c3eeb871099", "model_version": "scripted-engineering-only"}
{"event": "task_finished", "trajectory_id": "b0540adf-9585-4b77-b2e8-1eb442a61418", "task_id": "task-398eead64c3eeb871099", "model_version": "scripted-engineering-only", "outcome": "escalated", "task_success": true}
{"event": "task_started", "trajectory_id": "c4af04d2-bf10-4014-8c80-9d34e4fb721f", "task_id": "task-80544b2a08bd57e8e768", "model_version": "scripted-engineering-only"}
{"event": "task_finished", "trajectory_id": "c4af04d2-bf10-4014-8c80-9d34e4fb721f", "task_id": "task-80544b2a08bd57e8e768", "model_version": "scripted-engineering-only", "outcome": "completed", "task_success": true}
{"event": "task_started", "trajectory_id": "86207b1e-0c03-4352-a5a0-c111947026c0", "task_id": "task-673dbc9dd8f247601722", "model_version": "scripted-engineering-only"}
{"event": "task_finished", "trajectory_id": "86207b1e-0c03-4352-a5a0-c111947026c0", "task_id": "task-673dbc9dd8f247601722", "model_version": "scripted-engineering-only", "outcome": "completed", "task_success": true}
{"event": "task_started", "trajectory_id": "a9bb2499-f797-48ca-96b8-192a87168b21", "task_id": "task-ed359ba55106b09d8847", "model_version": "scripted-engineering-only"}
{"event": "task_finished", "trajectory_id": "a9bb2499-f797-48ca-96b8-192a87168b21", "task_id": "task-ed359ba55106b09d8847", "model_version": "scripted-engineering-only", "outcome": "completed", "task_success": true}
{"event": "task_started", "trajectory_id": "629daa0d-abcf-4380-bf3f-c6209732da94", "task_id": "task-292ef81ae14a36c27b3f", "model_version": "scripted-engineering-only"}
{"event": "task_finished", "trajectory_id": "629daa0d-abcf-4380-bf3f-c6209732da94", "task_id": "task-292ef81ae14a36c27b3f", "model_version": "scripted-engineering-only", "outcome": "refused", "task_success": true}
{"event": "task_started", "trajectory_id": "5b8beb4b-1916-4336-9ffd-175c353e0358", "task_id": "task-5a00f3a9d86cd9d6c54d", "model_version": "scripted-engineering-only"}
{"event": "task_finished", "trajectory_id": "5b8beb4b-1916-4336-9ffd-175c353e0358", "task_id": "task-5a00f3a9d86cd9d6c54d", "model_version": "scripted-engineering-only", "outcome": "refused", "task_success": true}
{"event": "task_started", "trajectory_id": "fff9adff-b2da-4d0d-a5f4-268806b26e0b", "task_id": "task-3b9ce844f270fdf7774d", "model_version": "scripted-engineering-only"}
{"event": "task_finished", "trajectory_id": "fff9adff-b2da-4d0d-a5f4-268806b26e0b", "task_id": "task-3b9ce844f270fdf7774d", "model_version": "scripted-engineering-only", "outcome": "refused", "task_success": true}
{"event": "task_started", "trajectory_id": "abe60aa3-14ec-417e-b508-f1c293103dd2", "task_id": "task-f9ea9ef01353b4b68e96", "model_version": "scripted-engineering-only"}
{"event": "task_finished", "trajectory_id": "abe60aa3-14ec-417e-b508-f1c293103dd2", "task_id": "task-f9ea9ef01353b4b68e96", "model_version": "scripted-engineering-only", "outcome": "refused", "task_success": true}
{"event": "task_started", "trajectory_id": "a2739151-42d2-4f72-a8f5-c3b8085360cf", "task_id": "task-98171245bbd786a1517a", "model_version": "scripted-engineering-only"}
{"event": "task_finished", "trajectory_id": "a2739151-42d2-4f72-a8f5-c3b8085360cf", "task_id": "task-98171245bbd786a1517a", "model_version": "scripted-engineering-only", "outcome": "refused", "task_success": true}
{"event": "task_started", "trajectory_id": "52a06b27-cf55-4f46-af5c-b57181a639e5", "task_id": "task-097a2cdd49eb7039eeda", "model_version": "scripted-engineering-only"}
{"event": "task_finished", "trajectory_id": "52a06b27-cf55-4f46-af5c-b57181a639e5", "task_id": "task-097a2cdd49eb7039eeda", "model_version": "scripted-engineering-only", "outcome": "refused", "task_success": true}
{"event": "task_started", "trajectory_id": "38d21f7c-866a-449d-986f-a059ecc4a837", "task_id": "task-dc45c35c4539665fa28a", "model_version": "scripted-engineering-only"}
{"event": "task_finished", "trajectory_id": "38d21f7c-866a-449d-986f-a059ecc4a837", "task_id": "task-dc45c35c4539665fa28a", "model_version": "scripted-engineering-only", "outcome": "escalated", "task_success": true}
{"event": "task_started", "trajectory_id": "f000bd4b-c948-4b0e-bcd0-f0930dfc2e0f", "task_id": "task-012721fdabc6938bfdb4", "model_version": "scripted-engineering-only"}
{"event": "task_finished", "trajectory_id": "f000bd4b-c948-4b0e-bcd0-f0930dfc2e0f", "task_id": "task-012721fdabc6938bfdb4", "model_version": "scripted-engineering-only", "outcome": "escalated", "task_success": true}
{"event": "task_started", "trajectory_id": "dee640af-e5b7-4c54-bb60-85d95364f84c", "task_id": "task-7e2db9056f851620b578", "model_version": "scripted-engineering-only"}
{"event": "task_finished", "trajectory_id": "dee640af-e5b7-4c54-bb60-85d95364f84c", "task_id": "task-7e2db9056f851620b578", "model_version": "scripted-engineering-only", "outcome": "escalated", "task_success": true}
{"event": "task_started", "trajectory_id": "5809f76d-d66e-461a-a94e-5970d00628d4", "task_id": "task-56d11969bbac661ba221", "model_version": "scripted-engineering-only"}
{"event": "task_finished", "trajectory_id": "5809f76d-d66e-461a-a94e-5970d00628d4", "task_id": "task-56d11969bbac661ba221", "model_version": "scripted-engineering-only", "outcome": "refused", "task_success": true}
{"event": "task_started", "trajectory_id": "2fbb4459-857e-435c-9db8-654bdcfd57a4", "task_id": "task-87d7c7fe1cf3dca74c72", "model_version": "scripted-engineering-only"}
{"event": "task_finished", "trajectory_id": "2fbb4459-857e-435c-9db8-654bdcfd57a4", "task_id": "task-87d7c7fe1cf3dca74c72", "model_version": "scripted-engineering-only", "outcome": "refused", "task_success": true}
{"event": "task_started", "trajectory_id": "87733ce2-5430-475e-a15d-7a1c11367f06", "task_id": "task-31dce11192d72a14cb25", "model_version": "scripted-engineering-only"}
{"event": "task_finished", "trajectory_id": "87733ce2-5430-475e-a15d-7a1c11367f06", "task_id": "task-31dce11192d72a14cb25", "model_version": "scripted-engineering-only", "outcome": "refused", "task_success": true}
{"event": "task_started", "trajectory_id": "a4af5e7a-a9f5-44ed-97a9-ea16a5100d22", "task_id": "task-c9c2d9c2d23545eb0e36", "model_version": "scripted-engineering-only"}
{"event": "task_finished", "trajectory_id": "a4af5e7a-a9f5-44ed-97a9-ea16a5100d22", "task_id": "task-c9c2d9c2d23545eb0e36", "model_version": "scripted-engineering-only", "outcome": "refused", "task_success": true}
{"event": "task_started", "trajectory_id": "7236b49b-3fe4-4012-aa22-56590d60335d", "task_id": "task-9f2dbc26618598f23b3d", "model_version": "scripted-engineering-only"}
{"event": "task_finished", "trajectory_id": "7236b49b-3fe4-4012-aa22-56590d60335d", "task_id": "task-9f2dbc26618598f23b3d", "model_version": "scripted-engineering-only", "outcome": "refused", "task_success": true}
{"event": "task_started", "trajectory_id": "bbf05ca0-9e87-4d55-ba0b-e1e608ffff17", "task_id": "task-ba01b87f8d3c2b2a0a9d", "model_version": "scripted-engineering-only"}
{"event": "task_finished", "trajectory_id": "bbf05ca0-9e87-4d55-ba0b-e1e608ffff17", "task_id": "task-ba01b87f8d3c2b2a0a9d", "model_version": "scripted-engineering-only", "outcome": "refused", "task_success": true}
{"event": "task_started", "trajectory_id": "aa065ac7-bfe9-4408-a829-7efb2133ecdd", "task_id": "task-bdd32dbdec43e2d790e2", "model_version": "scripted-engineering-only"}
{"event": "task_finished", "trajectory_id": "aa065ac7-bfe9-4408-a829-7efb2133ecdd", "task_id": "task-bdd32dbdec43e2d790e2", "model_version": "scripted-engineering-only", "outcome": "escalated", "task_success": true}
{"event": "task_started", "trajectory_id": "1701e170-9319-4804-bc8e-01a9da6ea891", "task_id": "task-abd88aed3619fa1f2adb", "model_version": "scripted-engineering-only"}
{"event": "task_finished", "trajectory_id": "1701e170-9319-4804-bc8e-01a9da6ea891", "task_id": "task-abd88aed3619fa1f2adb", "model_version": "scripted-engineering-only", "outcome": "escalated", "task_success": true}
{"event": "task_started", "trajectory_id": "2e6ceb35-34b3-4915-bff0-791ccfed84a3", "task_id": "task-3679379ac0a63d0c5798", "model_version": "scripted-engineering-only"}
{"event": "task_finished", "trajectory_id": "2e6ceb35-34b3-4915-bff0-791ccfed84a3", "task_id": "task-3679379ac0a63d0c5798", "model_version": "scripted-engineering-only", "outcome": "escalated", "task_success": true}
{"event": "task_started", "trajectory_id": "8360ed09-bd58-4a7c-aa85-c2dab8da96b1", "task_id": "task-ec729be391c4a34fe297", "model_version": "scripted-engineering-only"}
{"event": "task_finished", "trajectory_id": "8360ed09-bd58-4a7c-aa85-c2dab8da96b1", "task_id": "task-ec729be391c4a34fe297", "model_version": "scripted-engineering-only", "outcome": "completed", "task_success": true}
{"event": "task_started", "trajectory_id": "15327c5a-0ee4-4283-bdab-9c6308e3b6cb", "task_id": "task-b453a658279db88de3c0", "model_version": "scripted-engineering-only"}
{"event": "task_finished", "trajectory_id": "15327c5a-0ee4-4283-bdab-9c6308e3b6cb", "task_id": "task-b453a658279db88de3c0", "model_version": "scripted-engineering-only", "outcome": "completed", "task_success": true}
{"event": "task_started", "trajectory_id": "3c33d34e-c9f0-46aa-a5e6-91968a5daba0", "task_id": "task-97af2e092bbdb911a25a", "model_version": "scripted-engineering-only"}
{"event": "task_finished", "trajectory_id": "3c33d34e-c9f0-46aa-a5e6-91968a5daba0", "task_id": "task-97af2e092bbdb911a25a", "model_version": "scripted-engineering-only", "outcome": "completed", "task_success": true}
{"event": "task_started", "trajectory_id": "a88e89c2-683e-4fec-a2fc-71e0e0c58489", "task_id": "task-0724fc5648935c3d16ba", "model_version": "scripted-engineering-only"}
{"event": "task_finished", "trajectory_id": "a88e89c2-683e-4fec-a2fc-71e0e0c58489", "task_id": "task-0724fc5648935c3d16ba", "model_version": "scripted-engineering-only", "outcome": "escalated", "task_success": true}
{"event": "task_started", "trajectory_id": "1e40e5f3-8051-4e02-b10c-c03bb6313cc0", "task_id": "task-674a4080fd2f0382b598", "model_version": "scripted-engineering-only"}
{"event": "task_finished", "trajectory_id": "1e40e5f3-8051-4e02-b10c-c03bb6313cc0", "task_id": "task-674a4080fd2f0382b598", "model_version": "scripted-engineering-only", "outcome": "escalated", "task_success": true}
{"event": "task_started", "trajectory_id": "f1e8a23e-2c60-4bd3-b279-a6bef87da7f6", "task_id": "task-3feda8a21f9775e1db88", "model_version": "scripted-engineering-only"}
{"event": "task_finished", "trajectory_id": "f1e8a23e-2c60-4bd3-b279-a6bef87da7f6", "task_id": "task-3feda8a21f9775e1db88", "model_version": "scripted-engineering-only", "outcome": "escalated", "task_success": true}
{"event": "task_started", "trajectory_id": "aee0b8ef-9f78-4fa6-aa06-dcd3bc595d52", "task_id": "task-0e084016f0ee902062e6", "model_version": "scripted-engineering-only"}
{"event": "task_finished", "trajectory_id": "aee0b8ef-9f78-4fa6-aa06-dcd3bc595d52", "task_id": "task-0e084016f0ee902062e6", "model_version": "scripted-engineering-only", "outcome": "completed", "task_success": true}
{"event": "task_started", "trajectory_id": "28e78fc8-94e5-47eb-8306-213ebf58b9e3", "task_id": "task-4c6c1f9967c096b34002", "model_version": "scripted-engineering-only"}
{"event": "task_finished", "trajectory_id": "28e78fc8-94e5-47eb-8306-213ebf58b9e3", "task_id": "task-4c6c1f9967c096b34002", "model_version": "scripted-engineering-only", "outcome": "completed", "task_success": true}
{"event": "task_started", "trajectory_id": "76f61866-42ff-401b-b28c-612f59f885ac", "task_id": "task-5d8affbfbc38c6af2a55", "model_version": "scripted-engineering-only"}
{"event": "task_finished", "trajectory_id": "76f61866-42ff-401b-b28c-612f59f885ac", "task_id": "task-5d8affbfbc38c6af2a55", "model_version": "scripted-engineering-only", "outcome": "completed", "task_success": true}
{"event": "task_started", "trajectory_id": "c983ca1d-2201-49f5-aacd-cf52da1c4a4f", "task_id": "task-705ae2b6a38ee732fcb6", "model_version": "scripted-engineering-only"}
{"event": "task_finished", "trajectory_id": "c983ca1d-2201-49f5-aacd-cf52da1c4a4f", "task_id": "task-705ae2b6a38ee732fcb6", "model_version": "scripted-engineering-only", "outcome": "refused", "task_success": true}
{"event": "task_started", "trajectory_id": "836bcb24-8bfa-49c8-9371-b62c0491bae8", "task_id": "task-aacc6eab02d55411c926", "model_version": "scripted-engineering-only"}
{"event": "task_finished", "trajectory_id": "836bcb24-8bfa-49c8-9371-b62c0491bae8", "task_id": "task-aacc6eab02d55411c926", "model_version": "scripted-engineering-only", "outcome": "refused", "task_success": true}
{"event": "task_started", "trajectory_id": "42156a34-d5fb-4203-bfeb-22596ef5f423", "task_id": "task-e69eb5bbc48e257eaed9", "model_version": "scripted-engineering-only"}
{"event": "task_finished", "trajectory_id": "42156a34-d5fb-4203-bfeb-22596ef5f423", "task_id": "task-e69eb5bbc48e257eaed9", "model_version": "scripted-engineering-only", "outcome": "refused", "task_success": true}
{"event": "task_started", "trajectory_id": "11e84363-2e4d-42e0-97e3-952247971b96", "task_id": "task-d218b76a549bb71d32a3", "model_version": "scripted-engineering-only"}
{"event": "task_finished", "trajectory_id": "11e84363-2e4d-42e0-97e3-952247971b96", "task_id": "task-d218b76a549bb71d32a3", "model_version": "scripted-engineering-only", "outcome": "escalated", "task_success": true}
{"event": "task_started", "trajectory_id": "9a6f3c28-69af-4923-8e57-b448a536ecb5", "task_id": "task-399f80239f711ea5d908", "model_version": "scripted-engineering-only"}
{"event": "task_finished", "trajectory_id": "9a6f3c28-69af-4923-8e57-b448a536ecb5", "task_id": "task-399f80239f711ea5d908", "model_version": "scripted-engineering-only", "outcome": "escalated", "task_success": true}
{"event": "task_started", "trajectory_id": "f1453930-5e7a-4baf-99ec-b768c719f637", "task_id": "task-59a584317a710f1deb73", "model_version": "scripted-engineering-only"}
{"event": "task_finished", "trajectory_id": "f1453930-5e7a-4baf-99ec-b768c719f637", "task_id": "task-59a584317a710f1deb73", "model_version": "scripted-engineering-only", "outcome": "escalated", "task_success": true}
{"event": "task_started", "trajectory_id": "3b58a27f-8a39-4976-ae87-ba2e2f032072", "task_id": "task-f72263adb1c1d420111e", "model_version": "scripted-engineering-only"}
{"event": "task_finished", "trajectory_id": "3b58a27f-8a39-4976-ae87-ba2e2f032072", "task_id": "task-f72263adb1c1d420111e", "model_version": "scripted-engineering-only", "outcome": "escalated", "task_success": true}
{"event": "task_started", "trajectory_id": "ab1f04a0-ebec-404d-8cba-407348080ac3", "task_id": "task-90c1813085f31f5299b3", "model_version": "scripted-engineering-only"}
{"event": "task_finished", "trajectory_id": "ab1f04a0-ebec-404d-8cba-407348080ac3", "task_id": "task-90c1813085f31f5299b3", "model_version": "scripted-engineering-only", "outcome": "escalated", "task_success": true}
{"event": "task_started", "trajectory_id": "fcabbc16-9deb-4618-a985-c99bcfc6d6e4", "task_id": "task-c31ed15c43fec69b21d0", "model_version": "scripted-engineering-only"}
{"event": "task_finished", "trajectory_id": "fcabbc16-9deb-4618-a985-c99bcfc6d6e4", "task_id": "task-c31ed15c43fec69b21d0", "model_version": "scripted-engineering-only", "outcome": "escalated", "task_success": true}
{"event": "task_started", "trajectory_id": "7e8863df-6a8b-4602-8035-56ddada912df", "task_id": "task-c4da3551dcd0c1e6d1bc", "model_version": "scripted-engineering-only"}
{"event": "task_finished", "trajectory_id": "7e8863df-6a8b-4602-8035-56ddada912df", "task_id": "task-c4da3551dcd0c1e6d1bc", "model_version": "scripted-engineering-only", "outcome": "completed", "task_success": true}
{"event": "task_started", "trajectory_id": "7e56502e-cd79-4fac-8ef5-a781a0362b61", "task_id": "task-d573e068640729f6fc0c", "model_version": "scripted-engineering-only"}
{"event": "task_finished", "trajectory_id": "7e56502e-cd79-4fac-8ef5-a781a0362b61", "task_id": "task-d573e068640729f6fc0c", "model_version": "scripted-engineering-only", "outcome": "completed", "task_success": true}
{"event": "task_started", "trajectory_id": "d19afa3b-12af-4283-ad25-4f38f2e0f059", "task_id": "task-5451f40b657f5bfdccbc", "model_version": "scripted-engineering-only"}
{"event": "task_finished", "trajectory_id": "d19afa3b-12af-4283-ad25-4f38f2e0f059", "task_id": "task-5451f40b657f5bfdccbc", "model_version": "scripted-engineering-only", "outcome": "completed", "task_success": true}
{"event": "task_started", "trajectory_id": "7f00bc5b-7d83-4aa4-a549-edccae2af929", "task_id": "task-d71f713e079ab5c2b330", "model_version": "scripted-engineering-only"}
{"event": "task_finished", "trajectory_id": "7f00bc5b-7d83-4aa4-a549-edccae2af929", "task_id": "task-d71f713e079ab5c2b330", "model_version": "scripted-engineering-only", "outcome": "completed", "task_success": true}
{"event": "task_started", "trajectory_id": "2189c1fd-c497-4135-a542-4fe4387882e6", "task_id": "task-aa38b5523e6289961272", "model_version": "scripted-engineering-only"}
{"event": "task_finished", "trajectory_id": "2189c1fd-c497-4135-a542-4fe4387882e6", "task_id": "task-aa38b5523e6289961272", "model_version": "scripted-engineering-only", "outcome": "completed", "task_success": true}
{"event": "task_started", "trajectory_id": "9ed16b3c-1240-451f-a99f-4f3b7ce020ba", "task_id": "task-45334e54e1889ab54a6c", "model_version": "scripted-engineering-only"}
{"event": "task_finished", "trajectory_id": "9ed16b3c-1240-451f-a99f-4f3b7ce020ba", "task_id": "task-45334e54e1889ab54a6c", "model_version": "scripted-engineering-only", "outcome": "completed", "task_success": true}
{"event": "task_started", "trajectory_id": "20c4112f-822a-40a4-bbba-bcff8ed7d188", "task_id": "task-c50d95cdd2eabf3b7e52", "model_version": "scripted-engineering-only"}
{"event": "task_finished", "trajectory_id": "20c4112f-822a-40a4-bbba-bcff8ed7d188", "task_id": "task-c50d95cdd2eabf3b7e52", "model_version": "scripted-engineering-only", "outcome": "completed", "task_success": true}
{"event": "task_started", "trajectory_id": "4f4f297d-1060-472b-bae6-7e9c2480469a", "task_id": "task-e730102b9a4395aae8ee", "model_version": "scripted-engineering-only"}
{"event": "task_finished", "trajectory_id": "4f4f297d-1060-472b-bae6-7e9c2480469a", "task_id": "task-e730102b9a4395aae8ee", "model_version": "scripted-engineering-only", "outcome": "completed", "task_success": true}
{"event": "task_started", "trajectory_id": "84993d8f-276a-4e5c-afea-d10d9c3b907b", "task_id": "task-c1422229a8352e1cf4fc", "model_version": "scripted-engineering-only"}
{"event": "task_finished", "trajectory_id": "84993d8f-276a-4e5c-afea-d10d9c3b907b", "task_id": "task-c1422229a8352e1cf4fc", "model_version": "scripted-engineering-only", "outcome": "completed", "task_success": true}
{"event": "task_started", "trajectory_id": "90a063d4-37d7-40e1-a108-d3d0ec7a87ba", "task_id": "task-f67587394339c41f909c", "model_version": "scripted-engineering-only"}
{"event": "task_finished", "trajectory_id": "90a063d4-37d7-40e1-a108-d3d0ec7a87ba", "task_id": "task-f67587394339c41f909c", "model_version": "scripted-engineering-only", "outcome": "refused", "task_success": true}
{"event": "task_started", "trajectory_id": "d7e647be-c58f-4c5b-b2bd-336c55ee33fb", "task_id": "task-b2e0e6a52eb4cbe28b57", "model_version": "scripted-engineering-only"}
{"event": "task_finished", "trajectory_id": "d7e647be-c58f-4c5b-b2bd-336c55ee33fb", "task_id": "task-b2e0e6a52eb4cbe28b57", "model_version": "scripted-engineering-only", "outcome": "refused", "task_success": true}
{"event": "task_started", "trajectory_id": "21e21cc5-b250-4ad7-934b-c94e87b95597", "task_id": "task-271e4f001bfbec4ba37f", "model_version": "scripted-engineering-only"}
{"event": "task_finished", "trajectory_id": "21e21cc5-b250-4ad7-934b-c94e87b95597", "task_id": "task-271e4f001bfbec4ba37f", "model_version": "scripted-engineering-only", "outcome": "refused", "task_success": true}
{"event": "task_started", "trajectory_id": "4b54535c-7593-4255-b6a4-7c13a63a8513", "task_id": "task-f476ba5bc12924d9bc6b", "model_version": "scripted-engineering-only"}
{"event": "task_finished", "trajectory_id": "4b54535c-7593-4255-b6a4-7c13a63a8513", "task_id": "task-f476ba5bc12924d9bc6b", "model_version": "scripted-engineering-only", "outcome": "refused", "task_success": true}
{"event": "task_started", "trajectory_id": "60b1014c-196f-425e-b8b5-3274a9a2c4ad", "task_id": "task-5eb647be1fe8d553a68b", "model_version": "scripted-engineering-only"}
{"event": "task_finished", "trajectory_id": "60b1014c-196f-425e-b8b5-3274a9a2c4ad", "task_id": "task-5eb647be1fe8d553a68b", "model_version": "scripted-engineering-only", "outcome": "refused", "task_success": true}
{"event": "task_started", "trajectory_id": "274b914d-a186-4355-82a7-cb573f26fd69", "task_id": "task-07a2025d71ee061f3bd2", "model_version": "scripted-engineering-only"}
{"event": "task_finished", "trajectory_id": "274b914d-a186-4355-82a7-cb573f26fd69", "task_id": "task-07a2025d71ee061f3bd2", "model_version": "scripted-engineering-only", "outcome": "refused", "task_success": true}
{"event": "task_started", "trajectory_id": "c5003b3f-8747-46e8-a952-54f5f61326eb", "task_id": "task-a48da85fc162e85f19e2", "model_version": "scripted-engineering-only"}
{"event": "task_finished", "trajectory_id": "c5003b3f-8747-46e8-a952-54f5f61326eb", "task_id": "task-a48da85fc162e85f19e2", "model_version": "scripted-engineering-only", "outcome": "escalated", "task_success": true}
{"event": "task_started", "trajectory_id": "b243e32c-9b3b-4d40-99ce-d69d59624477", "task_id": "task-06b8d71a2bcb3273229e", "model_version": "scripted-engineering-only"}
{"event": "task_finished", "trajectory_id": "b243e32c-9b3b-4d40-99ce-d69d59624477", "task_id": "task-06b8d71a2bcb3273229e", "model_version": "scripted-engineering-only", "outcome": "escalated", "task_success": true}
{"event": "task_started", "trajectory_id": "b27ea3d0-26f5-465d-ac74-5a8029aced2b", "task_id": "task-a54dafe4b4e3bb62483d", "model_version": "scripted-engineering-only"}
{"event": "task_finished", "trajectory_id": "b27ea3d0-26f5-465d-ac74-5a8029aced2b", "task_id": "task-a54dafe4b4e3bb62483d", "model_version": "scripted-engineering-only", "outcome": "escalated", "task_success": true}
{"event": "task_started", "trajectory_id": "4c8bde2e-b438-4c41-ba4e-55408f302b62", "task_id": "task-965bab023d996aea99f2", "model_version": "scripted-engineering-only"}
{"event": "task_finished", "trajectory_id": "4c8bde2e-b438-4c41-ba4e-55408f302b62", "task_id": "task-965bab023d996aea99f2", "model_version": "scripted-engineering-only", "outcome": "completed", "task_success": true}
{"event": "task_started", "trajectory_id": "1474c200-e312-476c-8409-673521ac905a", "task_id": "task-eba00923d594244d8a50", "model_version": "scripted-engineering-only"}
{"event": "task_finished", "trajectory_id": "1474c200-e312-476c-8409-673521ac905a", "task_id": "task-eba00923d594244d8a50", "model_version": "scripted-engineering-only", "outcome": "completed", "task_success": true}
{"event": "task_started", "trajectory_id": "5b038eec-62a6-4fa5-9bb7-e8f6491507cb", "task_id": "task-2d745d5735989f513472", "model_version": "scripted-engineering-only"}
{"event": "task_finished", "trajectory_id": "5b038eec-62a6-4fa5-9bb7-e8f6491507cb", "task_id": "task-2d745d5735989f513472", "model_version": "scripted-engineering-only", "outcome": "completed", "task_success": true}
{"event": "task_started", "trajectory_id": "23e80b5a-8805-43ea-8099-05eac77c7744", "task_id": "task-adce80fcd242644af3be", "model_version": "scripted-engineering-only"}
{"event": "task_finished", "trajectory_id": "23e80b5a-8805-43ea-8099-05eac77c7744", "task_id": "task-adce80fcd242644af3be", "model_version": "scripted-engineering-only", "outcome": "escalated", "task_success": true}
{"event": "task_started", "trajectory_id": "ba5eabcc-a4dd-49af-880a-c6bd95aeb467", "task_id": "task-a3b7dfcd02ab8da95ef8", "model_version": "scripted-engineering-only"}
{"event": "task_finished", "trajectory_id": "ba5eabcc-a4dd-49af-880a-c6bd95aeb467", "task_id": "task-a3b7dfcd02ab8da95ef8", "model_version": "scripted-engineering-only", "outcome": "escalated", "task_success": true}
{"event": "task_started", "trajectory_id": "f03475f9-20bf-45fa-b791-053baf4a533e", "task_id": "task-0186019e3d73611b86a1", "model_version": "scripted-engineering-only"}
{"event": "task_finished", "trajectory_id": "f03475f9-20bf-45fa-b791-053baf4a533e", "task_id": "task-0186019e3d73611b86a1", "model_version": "scripted-engineering-only", "outcome": "escalated", "task_success": true}
{"event": "task_started", "trajectory_id": "2adb193b-235a-4e27-adc5-071b8d730f54", "task_id": "task-734d5b0d34d0656564ee", "model_version": "scripted-engineering-only"}
{"event": "task_finished", "trajectory_id": "2adb193b-235a-4e27-adc5-071b8d730f54", "task_id": "task-734d5b0d34d0656564ee", "model_version": "scripted-engineering-only", "outcome": "escalated", "task_success": true}
{"event": "task_started", "trajectory_id": "6dad1527-9f59-430f-818a-27ca58f346c4", "task_id": "task-5dceefde9e586fb8376a", "model_version": "scripted-engineering-only"}
{"event": "task_finished", "trajectory_id": "6dad1527-9f59-430f-818a-27ca58f346c4", "task_id": "task-5dceefde9e586fb8376a", "model_version": "scripted-engineering-only", "outcome": "escalated", "task_success": true}
{"event": "task_started", "trajectory_id": "a4fdff24-6457-47fa-a53e-cb6c52763261", "task_id": "task-ad1e786facf608c440ac", "model_version": "scripted-engineering-only"}
{"event": "task_finished", "trajectory_id": "a4fdff24-6457-47fa-a53e-cb6c52763261", "task_id": "task-ad1e786facf608c440ac", "model_version": "scripted-engineering-only", "outcome": "escalated", "task_success": true}
{"event": "task_started", "trajectory_id": "eae474c7-0b0d-4616-9348-9a34d40969da", "task_id": "task-bb68b21999ce552f5ffc", "model_version": "scripted-engineering-only"}
{"event": "task_finished", "trajectory_id": "eae474c7-0b0d-4616-9348-9a34d40969da", "task_id": "task-bb68b21999ce552f5ffc", "model_version": "scripted-engineering-only", "outcome": "completed", "task_success": true}
{"event": "task_started", "trajectory_id": "8b4f38a1-56ae-4b2b-af4d-f7df406a84ed", "task_id": "task-a1d394ba1d073d7a2eaa", "model_version": "scripted-engineering-only"}
{"event": "task_finished", "trajectory_id": "8b4f38a1-56ae-4b2b-af4d-f7df406a84ed", "task_id": "task-a1d394ba1d073d7a2eaa", "model_version": "scripted-engineering-only", "outcome": "completed", "task_success": true}
{"event": "task_started", "trajectory_id": "e7c6a2ff-a7dc-4d33-94cb-639c95669e23", "task_id": "task-edb462866dbadf5ed77c", "model_version": "scripted-engineering-only"}
{"event": "task_finished", "trajectory_id": "e7c6a2ff-a7dc-4d33-94cb-639c95669e23", "task_id": "task-edb462866dbadf5ed77c", "model_version": "scripted-engineering-only", "outcome": "completed", "task_success": true}
{"event": "task_started", "trajectory_id": "0e5815d4-438f-4ecf-9563-2246ea1ac7c0", "task_id": "task-6dfee218765c8a8ccb03", "model_version": "scripted-engineering-only"}
{"event": "task_finished", "trajectory_id": "0e5815d4-438f-4ecf-9563-2246ea1ac7c0", "task_id": "task-6dfee218765c8a8ccb03", "model_version": "scripted-engineering-only", "outcome": "completed", "task_success": true}
{"event": "task_started", "trajectory_id": "c1d986f9-fecf-414a-a47d-8395aef91341", "task_id": "task-7b7e1c638fa73fcdc0cb", "model_version": "scripted-engineering-only"}
{"event": "task_finished", "trajectory_id": "c1d986f9-fecf-414a-a47d-8395aef91341", "task_id": "task-7b7e1c638fa73fcdc0cb", "model_version": "scripted-engineering-only", "outcome": "completed", "task_success": true}
{"event": "task_started", "trajectory_id": "2b6d9b02-c722-478d-8bf3-5970631b46d2", "task_id": "task-30eeea5e7635d5b1ecb1", "model_version": "scripted-engineering-only"}
{"event": "task_finished", "trajectory_id": "2b6d9b02-c722-478d-8bf3-5970631b46d2", "task_id": "task-30eeea5e7635d5b1ecb1", "model_version": "scripted-engineering-only", "outcome": "completed", "task_success": true}
{"event": "task_started", "trajectory_id": "e6378a8e-fd6b-433a-9a49-e96310e7269a", "task_id": "task-d1dddd10b1af24b04d3e", "model_version": "scripted-engineering-only"}
{"event": "task_finished", "trajectory_id": "e6378a8e-fd6b-433a-9a49-e96310e7269a", "task_id": "task-d1dddd10b1af24b04d3e", "model_version": "scripted-engineering-only", "outcome": "escalated", "task_success": true}
{"event": "task_started", "trajectory_id": "e227ee95-d9ef-40bd-a7ae-a4553b964ab7", "task_id": "task-afbdfb29b194d7db817e", "model_version": "scripted-engineering-only"}
{"event": "task_finished", "trajectory_id": "e227ee95-d9ef-40bd-a7ae-a4553b964ab7", "task_id": "task-afbdfb29b194d7db817e", "model_version": "scripted-engineering-only", "outcome": "escalated", "task_success": true}
{"event": "task_started", "trajectory_id": "8233a5cf-ea64-4e86-994a-846c598e16ac", "task_id": "task-1cb1631bb12620637a56", "model_version": "scripted-engineering-only"}
{"event": "task_finished", "trajectory_id": "8233a5cf-ea64-4e86-994a-846c598e16ac", "task_id": "task-1cb1631bb12620637a56", "model_version": "scripted-engineering-only", "outcome": "escalated", "task_success": true}
{"event": "task_started", "trajectory_id": "4a197b29-1a12-4dbc-9935-82b5b78778ed", "task_id": "task-86bd6cb9106510ea039f", "model_version": "scripted-engineering-only"}
{"event": "task_finished", "trajectory_id": "4a197b29-1a12-4dbc-9935-82b5b78778ed", "task_id": "task-86bd6cb9106510ea039f", "model_version": "scripted-engineering-only", "outcome": "escalated", "task_success": true}
{"event": "task_started", "trajectory_id": "2218b657-ef19-4f27-9b9c-625da82a82f2", "task_id": "task-28acc947e09e78444ad1", "model_version": "scripted-engineering-only"}
{"event": "task_finished", "trajectory_id": "2218b657-ef19-4f27-9b9c-625da82a82f2", "task_id": "task-28acc947e09e78444ad1", "model_version": "scripted-engineering-only", "outcome": "escalated", "task_success": true}
{"event": "task_started", "trajectory_id": "3c26a54e-a096-4491-86c8-af84dff8c109", "task_id": "task-398eead64c3eeb871099", "model_version": "scripted-engineering-only"}
{"event": "task_finished", "trajectory_id": "3c26a54e-a096-4491-86c8-af84dff8c109", "task_id": "task-398eead64c3eeb871099", "model_version": "scripted-engineering-only", "outcome": "escalated", "task_success": true}
{"event": "task_started", "trajectory_id": "f6a79293-b4e0-4e71-91ea-f4aad7fde54f", "task_id": "task-80544b2a08bd57e8e768", "model_version": "scripted-engineering-only"}
{"event": "task_finished", "trajectory_id": "f6a79293-b4e0-4e71-91ea-f4aad7fde54f", "task_id": "task-80544b2a08bd57e8e768", "model_version": "scripted-engineering-only", "outcome": "completed", "task_success": true}
{"event": "task_started", "trajectory_id": "0e567e41-3a4a-4cf6-9d78-7cfc5615ae16", "task_id": "task-673dbc9dd8f247601722", "model_version": "scripted-engineering-only"}
{"event": "task_finished", "trajectory_id": "0e567e41-3a4a-4cf6-9d78-7cfc5615ae16", "task_id": "task-673dbc9dd8f247601722", "model_version": "scripted-engineering-only", "outcome": "completed", "task_success": true}
{"event": "task_started", "trajectory_id": "068619d0-424c-45b5-949b-aab56a3d501e", "task_id": "task-ed359ba55106b09d8847", "model_version": "scripted-engineering-only"}
{"event": "task_finished", "trajectory_id": "068619d0-424c-45b5-949b-aab56a3d501e", "task_id": "task-ed359ba55106b09d8847", "model_version": "scripted-engineering-only", "outcome": "completed", "task_success": true}
{"event": "task_started", "trajectory_id": "7ace8cdd-cf55-4a52-8be6-c34bbc60efed", "task_id": "task-292ef81ae14a36c27b3f", "model_version": "scripted-engineering-only"}
{"event": "task_finished", "trajectory_id": "7ace8cdd-cf55-4a52-8be6-c34bbc60efed", "task_id": "task-292ef81ae14a36c27b3f", "model_version": "scripted-engineering-only", "outcome": "refused", "task_success": true}
{"event": "task_started", "trajectory_id": "433009ba-6f62-400d-b47e-fba5b12586f8", "task_id": "task-5a00f3a9d86cd9d6c54d", "model_version": "scripted-engineering-only"}
{"event": "task_finished", "trajectory_id": "433009ba-6f62-400d-b47e-fba5b12586f8", "task_id": "task-5a00f3a9d86cd9d6c54d", "model_version": "scripted-engineering-only", "outcome": "refused", "task_success": true}
{"event": "task_started", "trajectory_id": "959a5d2e-be0a-4e1b-867d-0367daa5fb87", "task_id": "task-3b9ce844f270fdf7774d", "model_version": "scripted-engineering-only"}
{"event": "task_finished", "trajectory_id": "959a5d2e-be0a-4e1b-867d-0367daa5fb87", "task_id": "task-3b9ce844f270fdf7774d", "model_version": "scripted-engineering-only", "outcome": "refused", "task_success": true}
{"event": "task_started", "trajectory_id": "2f37468b-6f0f-440a-9a2a-0cf4b1e509ee", "task_id": "task-f9ea9ef01353b4b68e96", "model_version": "scripted-engineering-only"}
{"event": "task_finished", "trajectory_id": "2f37468b-6f0f-440a-9a2a-0cf4b1e509ee", "task_id": "task-f9ea9ef01353b4b68e96", "model_version": "scripted-engineering-only", "outcome": "refused", "task_success": true}
{"event": "task_started", "trajectory_id": "d45b41e3-6d2c-404f-ae35-f16c9580b0fa", "task_id": "task-98171245bbd786a1517a", "model_version": "scripted-engineering-only"}
{"event": "task_finished", "trajectory_id": "d45b41e3-6d2c-404f-ae35-f16c9580b0fa", "task_id": "task-98171245bbd786a1517a", "model_version": "scripted-engineering-only", "outcome": "refused", "task_success": true}
{"event": "task_started", "trajectory_id": "d5a2a6ca-081d-46cc-bc43-5a6fc19f5bdd", "task_id": "task-097a2cdd49eb7039eeda", "model_version": "scripted-engineering-only"}
{"event": "task_finished", "trajectory_id": "d5a2a6ca-081d-46cc-bc43-5a6fc19f5bdd", "task_id": "task-097a2cdd49eb7039eeda", "model_version": "scripted-engineering-only", "outcome": "refused", "task_success": true}
{"event": "task_started", "trajectory_id": "ee8f7a7b-4def-45ec-90c3-d2a147dbe8f5", "task_id": "task-dc45c35c4539665fa28a", "model_version": "scripted-engineering-only"}
{"event": "task_finished", "trajectory_id": "ee8f7a7b-4def-45ec-90c3-d2a147dbe8f5", "task_id": "task-dc45c35c4539665fa28a", "model_version": "scripted-engineering-only", "outcome": "escalated", "task_success": true}
{"event": "task_started", "trajectory_id": "c7200962-65d3-4faa-9245-64e133515f27", "task_id": "task-012721fdabc6938bfdb4", "model_version": "scripted-engineering-only"}
{"event": "task_finished", "trajectory_id": "c7200962-65d3-4faa-9245-64e133515f27", "task_id": "task-012721fdabc6938bfdb4", "model_version": "scripted-engineering-only", "outcome": "escalated", "task_success": true}
{"event": "task_started", "trajectory_id": "127f0562-27fa-441e-bd61-5d8cb33f06de", "task_id": "task-7e2db9056f851620b578", "model_version": "scripted-engineering-only"}
{"event": "task_finished", "trajectory_id": "127f0562-27fa-441e-bd61-5d8cb33f06de", "task_id": "task-7e2db9056f851620b578", "model_version": "scripted-engineering-only", "outcome": "escalated", "task_success": true}
{"event": "task_started", "trajectory_id": "dfefe63d-cddc-4772-af00-d801fbe62544", "task_id": "task-56d11969bbac661ba221", "model_version": "scripted-engineering-only"}
{"event": "task_finished", "trajectory_id": "dfefe63d-cddc-4772-af00-d801fbe62544", "task_id": "task-56d11969bbac661ba221", "model_version": "scripted-engineering-only", "outcome": "refused", "task_success": true}
{"event": "task_started", "trajectory_id": "cb8522d4-d92d-4830-943c-bc21062e3b5c", "task_id": "task-87d7c7fe1cf3dca74c72", "model_version": "scripted-engineering-only"}
{"event": "task_finished", "trajectory_id": "cb8522d4-d92d-4830-943c-bc21062e3b5c", "task_id": "task-87d7c7fe1cf3dca74c72", "model_version": "scripted-engineering-only", "outcome": "refused", "task_success": true}
{"event": "task_started", "trajectory_id": "6bd0abcd-d782-4e35-98fb-17bdbd500a71", "task_id": "task-31dce11192d72a14cb25", "model_version": "scripted-engineering-only"}
{"event": "task_finished", "trajectory_id": "6bd0abcd-d782-4e35-98fb-17bdbd500a71", "task_id": "task-31dce11192d72a14cb25", "model_version": "scripted-engineering-only", "outcome": "refused", "task_success": true}
{"event": "task_started", "trajectory_id": "845554c9-4064-4948-8f63-e2b6329aada3", "task_id": "task-c9c2d9c2d23545eb0e36", "model_version": "scripted-engineering-only"}
{"event": "task_finished", "trajectory_id": "845554c9-4064-4948-8f63-e2b6329aada3", "task_id": "task-c9c2d9c2d23545eb0e36", "model_version": "scripted-engineering-only", "outcome": "refused", "task_success": true}
{"event": "task_started", "trajectory_id": "234955a5-74b8-4481-bd07-1f4bcf2d2e41", "task_id": "task-9f2dbc26618598f23b3d", "model_version": "scripted-engineering-only"}
{"event": "task_finished", "trajectory_id": "234955a5-74b8-4481-bd07-1f4bcf2d2e41", "task_id": "task-9f2dbc26618598f23b3d", "model_version": "scripted-engineering-only", "outcome": "refused", "task_success": true}
{"event": "task_started", "trajectory_id": "17ec186d-9828-4112-968c-d3d624dc3473", "task_id": "task-ba01b87f8d3c2b2a0a9d", "model_version": "scripted-engineering-only"}
{"event": "task_finished", "trajectory_id": "17ec186d-9828-4112-968c-d3d624dc3473", "task_id": "task-ba01b87f8d3c2b2a0a9d", "model_version": "scripted-engineering-only", "outcome": "refused", "task_success": true}
{"event": "task_started", "trajectory_id": "2851d7a0-56af-41ef-be40-456867d274bc", "task_id": "task-bdd32dbdec43e2d790e2", "model_version": "scripted-engineering-only"}
{"event": "task_finished", "trajectory_id": "2851d7a0-56af-41ef-be40-456867d274bc", "task_id": "task-bdd32dbdec43e2d790e2", "model_version": "scripted-engineering-only", "outcome": "escalated", "task_success": true}
{"event": "task_started", "trajectory_id": "de042eb3-ce46-486c-bf29-d410e91de68a", "task_id": "task-abd88aed3619fa1f2adb", "model_version": "scripted-engineering-only"}
{"event": "task_finished", "trajectory_id": "de042eb3-ce46-486c-bf29-d410e91de68a", "task_id": "task-abd88aed3619fa1f2adb", "model_version": "scripted-engineering-only", "outcome": "escalated", "task_success": true}
{"event": "task_started", "trajectory_id": "ecee28de-823b-476d-a1d7-715e1c57f2f9", "task_id": "task-3679379ac0a63d0c5798", "model_version": "scripted-engineering-only"}
{"event": "task_finished", "trajectory_id": "ecee28de-823b-476d-a1d7-715e1c57f2f9", "task_id": "task-3679379ac0a63d0c5798", "model_version": "scripted-engineering-only", "outcome": "escalated", "task_success": true}
{"event": "task_started", "trajectory_id": "4bb44cf5-2bd1-463a-9510-d8171ba832a1", "task_id": "task-ec729be391c4a34fe297", "model_version": "scripted-engineering-only"}
{"event": "task_finished", "trajectory_id": "4bb44cf5-2bd1-463a-9510-d8171ba832a1", "task_id": "task-ec729be391c4a34fe297", "model_version": "scripted-engineering-only", "outcome": "completed", "task_success": true}
{"event": "task_started", "trajectory_id": "dba7f8da-a878-4c0d-9753-3aaa95608731", "task_id": "task-b453a658279db88de3c0", "model_version": "scripted-engineering-only"}
{"event": "task_finished", "trajectory_id": "dba7f8da-a878-4c0d-9753-3aaa95608731", "task_id": "task-b453a658279db88de3c0", "model_version": "scripted-engineering-only", "outcome": "completed", "task_success": true}
{"event": "task_started", "trajectory_id": "d3bc327c-af96-4aa2-b1c1-5aeaca730fd0", "task_id": "task-97af2e092bbdb911a25a", "model_version": "scripted-engineering-only"}
{"event": "task_finished", "trajectory_id": "d3bc327c-af96-4aa2-b1c1-5aeaca730fd0", "task_id": "task-97af2e092bbdb911a25a", "model_version": "scripted-engineering-only", "outcome": "completed", "task_success": true}
{"event": "task_started", "trajectory_id": "26d482b4-4501-404e-b0b0-a8501d07c67e", "task_id": "task-0724fc5648935c3d16ba", "model_version": "scripted-engineering-only"}
{"event": "task_finished", "trajectory_id": "26d482b4-4501-404e-b0b0-a8501d07c67e", "task_id": "task-0724fc5648935c3d16ba", "model_version": "scripted-engineering-only", "outcome": "escalated", "task_success": true}
{"event": "task_started", "trajectory_id": "d05c5013-e5eb-4cec-8349-7d6901783cad", "task_id": "task-674a4080fd2f0382b598", "model_version": "scripted-engineering-only"}
{"event": "task_finished", "trajectory_id": "d05c5013-e5eb-4cec-8349-7d6901783cad", "task_id": "task-674a4080fd2f0382b598", "model_version": "scripted-engineering-only", "outcome": "escalated", "task_success": true}
{"event": "task_started", "trajectory_id": "2ba24720-0406-4320-b403-56ae7313bf52", "task_id": "task-3feda8a21f9775e1db88", "model_version": "scripted-engineering-only"}
{"event": "task_finished", "trajectory_id": "2ba24720-0406-4320-b403-56ae7313bf52", "task_id": "task-3feda8a21f9775e1db88", "model_version": "scripted-engineering-only", "outcome": "escalated", "task_success": true}
{"event": "task_started", "trajectory_id": "d7acd86d-dad5-40df-b966-5dd0562177b3", "task_id": "task-0e084016f0ee902062e6", "model_version": "scripted-engineering-only"}
{"event": "task_finished", "trajectory_id": "d7acd86d-dad5-40df-b966-5dd0562177b3", "task_id": "task-0e084016f0ee902062e6", "model_version": "scripted-engineering-only", "outcome": "completed", "task_success": true}
{"event": "task_started", "trajectory_id": "c4889dc2-cc8e-4aa7-8bb0-d9a0d9515949", "task_id": "task-4c6c1f9967c096b34002", "model_version": "scripted-engineering-only"}
{"event": "task_finished", "trajectory_id": "c4889dc2-cc8e-4aa7-8bb0-d9a0d9515949", "task_id": "task-4c6c1f9967c096b34002", "model_version": "scripted-engineering-only", "outcome": "completed", "task_success": true}
{"event": "task_started", "trajectory_id": "24ec28f0-7698-4351-986a-4e1f8119cd3c", "task_id": "task-5d8affbfbc38c6af2a55", "model_version": "scripted-engineering-only"}
{"event": "task_finished", "trajectory_id": "24ec28f0-7698-4351-986a-4e1f8119cd3c", "task_id": "task-5d8affbfbc38c6af2a55", "model_version": "scripted-engineering-only", "outcome": "completed", "task_success": true}
{"event": "task_started", "trajectory_id": "9e43142b-d30e-434d-b921-6c3aa67c107a", "task_id": "task-705ae2b6a38ee732fcb6", "model_version": "scripted-engineering-only"}
{"event": "task_finished", "trajectory_id": "9e43142b-d30e-434d-b921-6c3aa67c107a", "task_id": "task-705ae2b6a38ee732fcb6", "model_version": "scripted-engineering-only", "outcome": "refused", "task_success": true}
{"event": "task_started", "trajectory_id": "b23fa209-f220-4b45-b419-564b9b4468b6", "task_id": "task-aacc6eab02d55411c926", "model_version": "scripted-engineering-only"}
{"event": "task_finished", "trajectory_id": "b23fa209-f220-4b45-b419-564b9b4468b6", "task_id": "task-aacc6eab02d55411c926", "model_version": "scripted-engineering-only", "outcome": "refused", "task_success": true}
{"event": "task_started", "trajectory_id": "2d91217d-1909-428a-9bd2-01bb89622ffb", "task_id": "task-e69eb5bbc48e257eaed9", "model_version": "scripted-engineering-only"}
{"event": "task_finished", "trajectory_id": "2d91217d-1909-428a-9bd2-01bb89622ffb", "task_id": "task-e69eb5bbc48e257eaed9", "model_version": "scripted-engineering-only", "outcome": "refused", "task_success": true}
{"event": "task_started", "trajectory_id": "8fbd3f67-4b5d-4e80-898f-2d2638ca6328", "task_id": "task-d218b76a549bb71d32a3", "model_version": "scripted-engineering-only"}
{"event": "task_finished", "trajectory_id": "8fbd3f67-4b5d-4e80-898f-2d2638ca6328", "task_id": "task-d218b76a549bb71d32a3", "model_version": "scripted-engineering-only", "outcome": "escalated", "task_success": true}
{"event": "task_started", "trajectory_id": "7222c6e7-140d-4dda-b44e-cfc88add03a5", "task_id": "task-399f80239f711ea5d908", "model_version": "scripted-engineering-only"}
{"event": "task_finished", "trajectory_id": "7222c6e7-140d-4dda-b44e-cfc88add03a5", "task_id": "task-399f80239f711ea5d908", "model_version": "scripted-engineering-only", "outcome": "escalated", "task_success": true}
{"event": "task_started", "trajectory_id": "1df65455-627b-47f8-a37f-f625815c18c4", "task_id": "task-59a584317a710f1deb73", "model_version": "scripted-engineering-only"}
{"event": "task_finished", "trajectory_id": "1df65455-627b-47f8-a37f-f625815c18c4", "task_id": "task-59a584317a710f1deb73", "model_version": "scripted-engineering-only", "outcome": "escalated", "task_success": true}
{"event": "task_started", "trajectory_id": "c03181c0-b2bb-4df0-8f33-75384da42f01", "task_id": "task-f72263adb1c1d420111e", "model_version": "scripted-engineering-only"}
{"event": "task_finished", "trajectory_id": "c03181c0-b2bb-4df0-8f33-75384da42f01", "task_id": "task-f72263adb1c1d420111e", "model_version": "scripted-engineering-only", "outcome": "escalated", "task_success": true}
{"event": "task_started", "trajectory_id": "0fee9fe6-9773-4a7c-b712-b23c9314d01d", "task_id": "task-90c1813085f31f5299b3", "model_version": "scripted-engineering-only"}
{"event": "task_finished", "trajectory_id": "0fee9fe6-9773-4a7c-b712-b23c9314d01d", "task_id": "task-90c1813085f31f5299b3", "model_version": "scripted-engineering-only", "outcome": "escalated", "task_success": true}
{"event": "task_started", "trajectory_id": "34bc1d84-650e-4257-99ee-c004a51201f5", "task_id": "task-c31ed15c43fec69b21d0", "model_version": "scripted-engineering-only"}
{"event": "task_finished", "trajectory_id": "34bc1d84-650e-4257-99ee-c004a51201f5", "task_id": "task-c31ed15c43fec69b21d0", "model_version": "scripted-engineering-only", "outcome": "escalated", "task_success": true}
{"event": "task_started", "trajectory_id": "ba81c4b5-8765-4355-adfe-6caa464ca53a", "task_id": "task-c4da3551dcd0c1e6d1bc", "model_version": "scripted-engineering-only"}
{"event": "task_finished", "trajectory_id": "ba81c4b5-8765-4355-adfe-6caa464ca53a", "task_id": "task-c4da3551dcd0c1e6d1bc", "model_version": "scripted-engineering-only", "outcome": "completed", "task_success": true}
{"event": "task_started", "trajectory_id": "9caf81bc-eb05-4572-a300-7ab756ca22c6", "task_id": "task-d573e068640729f6fc0c", "model_version": "scripted-engineering-only"}
{"event": "task_finished", "trajectory_id": "9caf81bc-eb05-4572-a300-7ab756ca22c6", "task_id": "task-d573e068640729f6fc0c", "model_version": "scripted-engineering-only", "outcome": "completed", "task_success": true}
{"event": "task_started", "trajectory_id": "bf685594-a7d4-48b5-b4c0-03c6b6cb3b96", "task_id": "task-5451f40b657f5bfdccbc", "model_version": "scripted-engineering-only"}
{"event": "task_finished", "trajectory_id": "bf685594-a7d4-48b5-b4c0-03c6b6cb3b96", "task_id": "task-5451f40b657f5bfdccbc", "model_version": "scripted-engineering-only", "outcome": "completed", "task_success": true}
{"event": "task_started", "trajectory_id": "aabe8496-4ea8-4424-b6a7-a09f95d630af", "task_id": "task-d71f713e079ab5c2b330", "model_version": "scripted-engineering-only"}
{"event": "task_finished", "trajectory_id": "aabe8496-4ea8-4424-b6a7-a09f95d630af", "task_id": "task-d71f713e079ab5c2b330", "model_version": "scripted-engineering-only", "outcome": "completed", "task_success": true}
{"event": "task_started", "trajectory_id": "609eb9fc-ef50-4951-a42d-6ec24003c47a", "task_id": "task-aa38b5523e6289961272", "model_version": "scripted-engineering-only"}
{"event": "task_finished", "trajectory_id": "609eb9fc-ef50-4951-a42d-6ec24003c47a", "task_id": "task-aa38b5523e6289961272", "model_version": "scripted-engineering-only", "outcome": "completed", "task_success": true}
{"event": "task_started", "trajectory_id": "ae589398-715e-4222-a79b-40c51784943e", "task_id": "task-45334e54e1889ab54a6c", "model_version": "scripted-engineering-only"}
{"event": "task_finished", "trajectory_id": "ae589398-715e-4222-a79b-40c51784943e", "task_id": "task-45334e54e1889ab54a6c", "model_version": "scripted-engineering-only", "outcome": "completed", "task_success": true}
{"event": "task_started", "trajectory_id": "32ac1008-eb7d-4d69-95c9-8b7187354448", "task_id": "task-c50d95cdd2eabf3b7e52", "model_version": "scripted-engineering-only"}
{"event": "task_finished", "trajectory_id": "32ac1008-eb7d-4d69-95c9-8b7187354448", "task_id": "task-c50d95cdd2eabf3b7e52", "model_version": "scripted-engineering-only", "outcome": "completed", "task_success": true}
{"event": "task_started", "trajectory_id": "b20decdd-6e51-4df6-8689-3fc3d8db9d74", "task_id": "task-e730102b9a4395aae8ee", "model_version": "scripted-engineering-only"}
{"event": "task_finished", "trajectory_id": "b20decdd-6e51-4df6-8689-3fc3d8db9d74", "task_id": "task-e730102b9a4395aae8ee", "model_version": "scripted-engineering-only", "outcome": "completed", "task_success": true}
{"event": "task_started", "trajectory_id": "ef9d7570-efa9-4281-af8a-bef786a3c437", "task_id": "task-c1422229a8352e1cf4fc", "model_version": "scripted-engineering-only"}
{"event": "task_finished", "trajectory_id": "ef9d7570-efa9-4281-af8a-bef786a3c437", "task_id": "task-c1422229a8352e1cf4fc", "model_version": "scripted-engineering-only", "outcome": "completed", "task_success": true}
{"event": "task_started", "trajectory_id": "eadec298-ae51-4865-bcfc-59f8ef63d1d5", "task_id": "task-f67587394339c41f909c", "model_version": "scripted-engineering-only"}
{"event": "task_finished", "trajectory_id": "eadec298-ae51-4865-bcfc-59f8ef63d1d5", "task_id": "task-f67587394339c41f909c", "model_version": "scripted-engineering-only", "outcome": "refused", "task_success": true}
{"event": "task_started", "trajectory_id": "b0d8eb6b-d1cd-4620-9e22-37fdeddbb4de", "task_id": "task-b2e0e6a52eb4cbe28b57", "model_version": "scripted-engineering-only"}
{"event": "task_finished", "trajectory_id": "b0d8eb6b-d1cd-4620-9e22-37fdeddbb4de", "task_id": "task-b2e0e6a52eb4cbe28b57", "model_version": "scripted-engineering-only", "outcome": "refused", "task_success": true}
{"event": "task_started", "trajectory_id": "a2b5880e-c94f-4b57-b91d-266a992c5240", "task_id": "task-271e4f001bfbec4ba37f", "model_version": "scripted-engineering-only"}
{"event": "task_finished", "trajectory_id": "a2b5880e-c94f-4b57-b91d-266a992c5240", "task_id": "task-271e4f001bfbec4ba37f", "model_version": "scripted-engineering-only", "outcome": "refused", "task_success": true}
{"event": "task_started", "trajectory_id": "e0c3ca06-9a62-4f4e-81c0-c16ee609402d", "task_id": "task-f476ba5bc12924d9bc6b", "model_version": "scripted-engineering-only"}
{"event": "task_finished", "trajectory_id": "e0c3ca06-9a62-4f4e-81c0-c16ee609402d", "task_id": "task-f476ba5bc12924d9bc6b", "model_version": "scripted-engineering-only", "outcome": "refused", "task_success": true}
{"event": "task_started", "trajectory_id": "3b0ff6ea-3024-489b-8d83-40c6ccadb7d3", "task_id": "task-5eb647be1fe8d553a68b", "model_version": "scripted-engineering-only"}
{"event": "task_finished", "trajectory_id": "3b0ff6ea-3024-489b-8d83-40c6ccadb7d3", "task_id": "task-5eb647be1fe8d553a68b", "model_version": "scripted-engineering-only", "outcome": "refused", "task_success": true}
{"event": "task_started", "trajectory_id": "1a1da15d-abf5-4cdf-89d5-5100510e6e8e", "task_id": "task-07a2025d71ee061f3bd2", "model_version": "scripted-engineering-only"}
{"event": "task_finished", "trajectory_id": "1a1da15d-abf5-4cdf-89d5-5100510e6e8e", "task_id": "task-07a2025d71ee061f3bd2", "model_version": "scripted-engineering-only", "outcome": "refused", "task_success": true}
{"event": "task_started", "trajectory_id": "07245940-f19f-4381-90d7-4da716d50c66", "task_id": "task-a48da85fc162e85f19e2", "model_version": "scripted-engineering-only"}
{"event": "task_finished", "trajectory_id": "07245940-f19f-4381-90d7-4da716d50c66", "task_id": "task-a48da85fc162e85f19e2", "model_version": "scripted-engineering-only", "outcome": "escalated", "task_success": true}
{"event": "task_started", "trajectory_id": "7203be44-7b83-42c3-82d6-dabbe64eea9e", "task_id": "task-06b8d71a2bcb3273229e", "model_version": "scripted-engineering-only"}
{"event": "task_finished", "trajectory_id": "7203be44-7b83-42c3-82d6-dabbe64eea9e", "task_id": "task-06b8d71a2bcb3273229e", "model_version": "scripted-engineering-only", "outcome": "escalated", "task_success": true}
{"event": "task_started", "trajectory_id": "72a19334-758c-4792-a719-811e724f7548", "task_id": "task-a54dafe4b4e3bb62483d", "model_version": "scripted-engineering-only"}
{"event": "task_finished", "trajectory_id": "72a19334-758c-4792-a719-811e724f7548", "task_id": "task-a54dafe4b4e3bb62483d", "model_version": "scripted-engineering-only", "outcome": "escalated", "task_success": true}
{"event": "task_started", "trajectory_id": "f39fb6c9-bb01-44af-91bc-dac9815e98eb", "task_id": "task-965bab023d996aea99f2", "model_version": "scripted-engineering-only"}
{"event": "task_finished", "trajectory_id": "f39fb6c9-bb01-44af-91bc-dac9815e98eb", "task_id": "task-965bab023d996aea99f2", "model_version": "scripted-engineering-only", "outcome": "completed", "task_success": true}
{"event": "task_started", "trajectory_id": "65b99448-1dae-4369-b1af-92020d7b0418", "task_id": "task-eba00923d594244d8a50", "model_version": "scripted-engineering-only"}
{"event": "task_finished", "trajectory_id": "65b99448-1dae-4369-b1af-92020d7b0418", "task_id": "task-eba00923d594244d8a50", "model_version": "scripted-engineering-only", "outcome": "completed", "task_success": true}
{"event": "task_started", "trajectory_id": "8e5b90bc-8d5f-4ed9-a12f-2f4a66c2e946", "task_id": "task-2d745d5735989f513472", "model_version": "scripted-engineering-only"}
{"event": "task_finished", "trajectory_id": "8e5b90bc-8d5f-4ed9-a12f-2f4a66c2e946", "task_id": "task-2d745d5735989f513472", "model_version": "scripted-engineering-only", "outcome": "completed", "task_success": true}
{"event": "task_started", "trajectory_id": "9718bbbe-ffaa-4896-af1e-3240e2e17a3b", "task_id": "task-adce80fcd242644af3be", "model_version": "scripted-engineering-only"}
{"event": "task_finished", "trajectory_id": "9718bbbe-ffaa-4896-af1e-3240e2e17a3b", "task_id": "task-adce80fcd242644af3be", "model_version": "scripted-engineering-only", "outcome": "escalated", "task_success": true}
{"event": "task_started", "trajectory_id": "544ac864-58ed-4710-8ba2-6d56b32d5e6a", "task_id": "task-a3b7dfcd02ab8da95ef8", "model_version": "scripted-engineering-only"}
{"event": "task_finished", "trajectory_id": "544ac864-58ed-4710-8ba2-6d56b32d5e6a", "task_id": "task-a3b7dfcd02ab8da95ef8", "model_version": "scripted-engineering-only", "outcome": "escalated", "task_success": true}
{"event": "task_started", "trajectory_id": "f6fbce58-9624-4741-a499-6b64894d4565", "task_id": "task-0186019e3d73611b86a1", "model_version": "scripted-engineering-only"}
{"event": "task_finished", "trajectory_id": "f6fbce58-9624-4741-a499-6b64894d4565", "task_id": "task-0186019e3d73611b86a1", "model_version": "scripted-engineering-only", "outcome": "escalated", "task_success": true}
{"event": "task_started", "trajectory_id": "2b5383df-af48-42e3-9fd4-590dba807841", "task_id": "task-734d5b0d34d0656564ee", "model_version": "scripted-engineering-only"}
{"event": "task_finished", "trajectory_id": "2b5383df-af48-42e3-9fd4-590dba807841", "task_id": "task-734d5b0d34d0656564ee", "model_version": "scripted-engineering-only", "outcome": "escalated", "task_success": true}
{"event": "task_started", "trajectory_id": "28159261-eb5a-478f-8887-b4cbfe645b30", "task_id": "task-5dceefde9e586fb8376a", "model_version": "scripted-engineering-only"}
{"event": "task_finished", "trajectory_id": "28159261-eb5a-478f-8887-b4cbfe645b30", "task_id": "task-5dceefde9e586fb8376a", "model_version": "scripted-engineering-only", "outcome": "escalated", "task_success": true}
{"event": "task_started", "trajectory_id": "ee598eca-2089-4c96-8256-c71d7c24b13f", "task_id": "task-ad1e786facf608c440ac", "model_version": "scripted-engineering-only"}
{"event": "task_finished", "trajectory_id": "ee598eca-2089-4c96-8256-c71d7c24b13f", "task_id": "task-ad1e786facf608c440ac", "model_version": "scripted-engineering-only", "outcome": "escalated", "task_success": true}
{"event": "task_started", "trajectory_id": "beed6776-d1fc-47e7-843b-1e665154f0fd", "task_id": "task-bb68b21999ce552f5ffc", "model_version": "scripted-engineering-only"}
{"event": "task_finished", "trajectory_id": "beed6776-d1fc-47e7-843b-1e665154f0fd", "task_id": "task-bb68b21999ce552f5ffc", "model_version": "scripted-engineering-only", "outcome": "completed", "task_success": true}
{"event": "task_started", "trajectory_id": "6b20344e-6c13-43c5-83c4-0e7f4aec1a4a", "task_id": "task-a1d394ba1d073d7a2eaa", "model_version": "scripted-engineering-only"}
{"event": "task_finished", "trajectory_id": "6b20344e-6c13-43c5-83c4-0e7f4aec1a4a", "task_id": "task-a1d394ba1d073d7a2eaa", "model_version": "scripted-engineering-only", "outcome": "completed", "task_success": true}
{"event": "task_started", "trajectory_id": "d9200fab-b9df-417a-b550-484c66f0df36", "task_id": "task-edb462866dbadf5ed77c", "model_version": "scripted-engineering-only"}
{"event": "task_finished", "trajectory_id": "d9200fab-b9df-417a-b550-484c66f0df36", "task_id": "task-edb462866dbadf5ed77c", "model_version": "scripted-engineering-only", "outcome": "completed", "task_success": true}
{"event": "task_started", "trajectory_id": "f4ffa645-5255-4eee-832b-b050076e53eb", "task_id": "task-6dfee218765c8a8ccb03", "model_version": "scripted-engineering-only"}
{"event": "task_finished", "trajectory_id": "f4ffa645-5255-4eee-832b-b050076e53eb", "task_id": "task-6dfee218765c8a8ccb03", "model_version": "scripted-engineering-only", "outcome": "completed", "task_success": true}
{"event": "task_started", "trajectory_id": "7202b3c1-c16d-402f-afbe-db3f116d0ebb", "task_id": "task-7b7e1c638fa73fcdc0cb", "model_version": "scripted-engineering-only"}
{"event": "task_finished", "trajectory_id": "7202b3c1-c16d-402f-afbe-db3f116d0ebb", "task_id": "task-7b7e1c638fa73fcdc0cb", "model_version": "scripted-engineering-only", "outcome": "completed", "task_success": true}
{"event": "task_started", "trajectory_id": "09847ba2-bc53-4add-bb5a-d20724d4e2f6", "task_id": "task-30eeea5e7635d5b1ecb1", "model_version": "scripted-engineering-only"}
{"event": "task_finished", "trajectory_id": "09847ba2-bc53-4add-bb5a-d20724d4e2f6", "task_id": "task-30eeea5e7635d5b1ecb1", "model_version": "scripted-engineering-only", "outcome": "completed", "task_success": true}
{"event": "task_started", "trajectory_id": "b5c4e713-f80c-439f-9699-e219a17edcc0", "task_id": "task-d1dddd10b1af24b04d3e", "model_version": "scripted-engineering-only"}
{"event": "task_finished", "trajectory_id": "b5c4e713-f80c-439f-9699-e219a17edcc0", "task_id": "task-d1dddd10b1af24b04d3e", "model_version": "scripted-engineering-only", "outcome": "escalated", "task_success": true}
{"event": "task_started", "trajectory_id": "403ac242-ff59-4a1c-b4d7-47c98aa5bb17", "task_id": "task-afbdfb29b194d7db817e", "model_version": "scripted-engineering-only"}
{"event": "task_finished", "trajectory_id": "403ac242-ff59-4a1c-b4d7-47c98aa5bb17", "task_id": "task-afbdfb29b194d7db817e", "model_version": "scripted-engineering-only", "outcome": "escalated", "task_success": true}
{"event": "task_started", "trajectory_id": "e3cd9bac-20f5-4a7a-acbb-57230e20ae41", "task_id": "task-1cb1631bb12620637a56", "model_version": "scripted-engineering-only"}
{"event": "task_finished", "trajectory_id": "e3cd9bac-20f5-4a7a-acbb-57230e20ae41", "task_id": "task-1cb1631bb12620637a56", "model_version": "scripted-engineering-only", "outcome": "escalated", "task_success": true}
{"event": "task_started", "trajectory_id": "7658c496-abb2-4b2c-ad43-da3b27bab8a0", "task_id": "task-86bd6cb9106510ea039f", "model_version": "scripted-engineering-only"}
{"event": "task_finished", "trajectory_id": "7658c496-abb2-4b2c-ad43-da3b27bab8a0", "task_id": "task-86bd6cb9106510ea039f", "model_version": "scripted-engineering-only", "outcome": "escalated", "task_success": true}
{"event": "task_started", "trajectory_id": "7eee7e48-539b-4a05-9d71-c39fe580c721", "task_id": "task-28acc947e09e78444ad1", "model_version": "scripted-engineering-only"}
{"event": "task_finished", "trajectory_id": "7eee7e48-539b-4a05-9d71-c39fe580c721", "task_id": "task-28acc947e09e78444ad1", "model_version": "scripted-engineering-only", "outcome": "escalated", "task_success": true}
{"event": "task_started", "trajectory_id": "0d63c5ee-7289-43d2-8e26-010a5b1afd21", "task_id": "task-398eead64c3eeb871099", "model_version": "scripted-engineering-only"}
{"event": "task_finished", "trajectory_id": "0d63c5ee-7289-43d2-8e26-010a5b1afd21", "task_id": "task-398eead64c3eeb871099", "model_version": "scripted-engineering-only", "outcome": "escalated", "task_success": true}
{"event": "task_started", "trajectory_id": "2ac69589-cb01-41ad-a9de-fbc7f56fbafc", "task_id": "task-80544b2a08bd57e8e768", "model_version": "scripted-engineering-only"}
{"event": "task_finished", "trajectory_id": "2ac69589-cb01-41ad-a9de-fbc7f56fbafc", "task_id": "task-80544b2a08bd57e8e768", "model_version": "scripted-engineering-only", "outcome": "completed", "task_success": true}
{"event": "task_started", "trajectory_id": "fc717935-260d-4e75-a1ab-3697893f4a43", "task_id": "task-673dbc9dd8f247601722", "model_version": "scripted-engineering-only"}
{"event": "task_finished", "trajectory_id": "fc717935-260d-4e75-a1ab-3697893f4a43", "task_id": "task-673dbc9dd8f247601722", "model_version": "scripted-engineering-only", "outcome": "completed", "task_success": true}
{"event": "task_started", "trajectory_id": "7e3382de-1b6c-4518-804f-d6c9863ce60a", "task_id": "task-ed359ba55106b09d8847", "model_version": "scripted-engineering-only"}
{"event": "task_finished", "trajectory_id": "7e3382de-1b6c-4518-804f-d6c9863ce60a", "task_id": "task-ed359ba55106b09d8847", "model_version": "scripted-engineering-only", "outcome": "completed", "task_success": true}
{"event": "task_started", "trajectory_id": "3f63538c-116b-4096-9a72-cda28d9f1869", "task_id": "task-292ef81ae14a36c27b3f", "model_version": "scripted-engineering-only"}
{"event": "task_finished", "trajectory_id": "3f63538c-116b-4096-9a72-cda28d9f1869", "task_id": "task-292ef81ae14a36c27b3f", "model_version": "scripted-engineering-only", "outcome": "refused", "task_success": true}
{"event": "task_started", "trajectory_id": "5bf20450-5054-4c11-a303-57735297cd1d", "task_id": "task-5a00f3a9d86cd9d6c54d", "model_version": "scripted-engineering-only"}
{"event": "task_finished", "trajectory_id": "5bf20450-5054-4c11-a303-57735297cd1d", "task_id": "task-5a00f3a9d86cd9d6c54d", "model_version": "scripted-engineering-only", "outcome": "refused", "task_success": true}
{"event": "task_started", "trajectory_id": "df8512a0-de50-4334-bc2a-a02e9b8e5f11", "task_id": "task-3b9ce844f270fdf7774d", "model_version": "scripted-engineering-only"}
{"event": "task_finished", "trajectory_id": "df8512a0-de50-4334-bc2a-a02e9b8e5f11", "task_id": "task-3b9ce844f270fdf7774d", "model_version": "scripted-engineering-only", "outcome": "refused", "task_success": true}
{"event": "task_started", "trajectory_id": "46bcf11e-1bc5-4d38-ae78-a7c36aab59cf", "task_id": "task-f9ea9ef01353b4b68e96", "model_version": "scripted-engineering-only"}
{"event": "task_finished", "trajectory_id": "46bcf11e-1bc5-4d38-ae78-a7c36aab59cf", "task_id": "task-f9ea9ef01353b4b68e96", "model_version": "scripted-engineering-only", "outcome": "refused", "task_success": true}
{"event": "task_started", "trajectory_id": "c3f9a8b2-0bf9-4c84-bf4e-f368ef3f37a3", "task_id": "task-98171245bbd786a1517a", "model_version": "scripted-engineering-only"}
{"event": "task_finished", "trajectory_id": "c3f9a8b2-0bf9-4c84-bf4e-f368ef3f37a3", "task_id": "task-98171245bbd786a1517a", "model_version": "scripted-engineering-only", "outcome": "refused", "task_success": true}
{"event": "task_started", "trajectory_id": "e72d9675-40a1-4385-85cb-a575a35f47cb", "task_id": "task-097a2cdd49eb7039eeda", "model_version": "scripted-engineering-only"}
{"event": "task_finished", "trajectory_id": "e72d9675-40a1-4385-85cb-a575a35f47cb", "task_id": "task-097a2cdd49eb7039eeda", "model_version": "scripted-engineering-only", "outcome": "refused", "task_success": true}
{"event": "task_started", "trajectory_id": "00063158-1173-4cdd-91ed-1ef6aca3f68d", "task_id": "task-dc45c35c4539665fa28a", "model_version": "scripted-engineering-only"}
{"event": "task_finished", "trajectory_id": "00063158-1173-4cdd-91ed-1ef6aca3f68d", "task_id": "task-dc45c35c4539665fa28a", "model_version": "scripted-engineering-only", "outcome": "escalated", "task_success": true}
{"event": "task_started", "trajectory_id": "f9ba2136-8116-40b9-bebf-4057b69fdb93", "task_id": "task-012721fdabc6938bfdb4", "model_version": "scripted-engineering-only"}
{"event": "task_finished", "trajectory_id": "f9ba2136-8116-40b9-bebf-4057b69fdb93", "task_id": "task-012721fdabc6938bfdb4", "model_version": "scripted-engineering-only", "outcome": "escalated", "task_success": true}
{"event": "task_started", "trajectory_id": "527bda4e-1fef-4893-9843-4b8efb8f1383", "task_id": "task-7e2db9056f851620b578", "model_version": "scripted-engineering-only"}
{"event": "task_finished", "trajectory_id": "527bda4e-1fef-4893-9843-4b8efb8f1383", "task_id": "task-7e2db9056f851620b578", "model_version": "scripted-engineering-only", "outcome": "escalated", "task_success": true}
{"event": "task_started", "trajectory_id": "8139b1ab-22dd-42b2-9dd8-47ba9345f186", "task_id": "task-56d11969bbac661ba221", "model_version": "scripted-engineering-only"}
{"event": "task_finished", "trajectory_id": "8139b1ab-22dd-42b2-9dd8-47ba9345f186", "task_id": "task-56d11969bbac661ba221", "model_version": "scripted-engineering-only", "outcome": "refused", "task_success": true}
{"event": "task_started", "trajectory_id": "1ffcf63d-5eb0-4941-8992-898b3876afd2", "task_id": "task-87d7c7fe1cf3dca74c72", "model_version": "scripted-engineering-only"}
{"event": "task_finished", "trajectory_id": "1ffcf63d-5eb0-4941-8992-898b3876afd2", "task_id": "task-87d7c7fe1cf3dca74c72", "model_version": "scripted-engineering-only", "outcome": "refused", "task_success": true}
{"event": "task_started", "trajectory_id": "06a927ad-fc65-4e3d-afcd-364dc2b5f326", "task_id": "task-31dce11192d72a14cb25", "model_version": "scripted-engineering-only"}
{"event": "task_finished", "trajectory_id": "06a927ad-fc65-4e3d-afcd-364dc2b5f326", "task_id": "task-31dce11192d72a14cb25", "model_version": "scripted-engineering-only", "outcome": "refused", "task_success": true}
{"event": "task_started", "trajectory_id": "a7ef7bb0-d592-4ed9-a9d1-04bcf887c424", "task_id": "task-c9c2d9c2d23545eb0e36", "model_version": "scripted-engineering-only"}
{"event": "task_finished", "trajectory_id": "a7ef7bb0-d592-4ed9-a9d1-04bcf887c424", "task_id": "task-c9c2d9c2d23545eb0e36", "model_version": "scripted-engineering-only", "outcome": "refused", "task_success": true}
{"event": "task_started", "trajectory_id": "f700b301-69e9-4059-abe1-a6f57abd4cde", "task_id": "task-9f2dbc26618598f23b3d", "model_version": "scripted-engineering-only"}
{"event": "task_finished", "trajectory_id": "f700b301-69e9-4059-abe1-a6f57abd4cde", "task_id": "task-9f2dbc26618598f23b3d", "model_version": "scripted-engineering-only", "outcome": "refused", "task_success": true}
{"event": "task_started", "trajectory_id": "e29cc342-501b-450f-988b-91e991439314", "task_id": "task-ba01b87f8d3c2b2a0a9d", "model_version": "scripted-engineering-only"}
{"event": "task_finished", "trajectory_id": "e29cc342-501b-450f-988b-91e991439314", "task_id": "task-ba01b87f8d3c2b2a0a9d", "model_version": "scripted-engineering-only", "outcome": "refused", "task_success": true}
{"event": "task_started", "trajectory_id": "3364b6d6-56f9-4906-b319-172617de375e", "task_id": "task-bdd32dbdec43e2d790e2", "model_version": "scripted-engineering-only"}
{"event": "task_finished", "trajectory_id": "3364b6d6-56f9-4906-b319-172617de375e", "task_id": "task-bdd32dbdec43e2d790e2", "model_version": "scripted-engineering-only", "outcome": "escalated", "task_success": true}
{"event": "task_started", "trajectory_id": "2332db7a-ebdc-4c6c-a4e7-bbc6dbcfc77a", "task_id": "task-abd88aed3619fa1f2adb", "model_version": "scripted-engineering-only"}
{"event": "task_finished", "trajectory_id": "2332db7a-ebdc-4c6c-a4e7-bbc6dbcfc77a", "task_id": "task-abd88aed3619fa1f2adb", "model_version": "scripted-engineering-only", "outcome": "escalated", "task_success": true}
{"event": "task_started", "trajectory_id": "d4018a2c-7dc4-4e95-a365-d9b81d680f4d", "task_id": "task-3679379ac0a63d0c5798", "model_version": "scripted-engineering-only"}
{"event": "task_finished", "trajectory_id": "d4018a2c-7dc4-4e95-a365-d9b81d680f4d", "task_id": "task-3679379ac0a63d0c5798", "model_version": "scripted-engineering-only", "outcome": "escalated", "task_success": true}
{"event": "task_started", "trajectory_id": "f9cfded2-5446-4246-8174-50fc33a9398a", "task_id": "task-ec729be391c4a34fe297", "model_version": "scripted-engineering-only"}
{"event": "task_finished", "trajectory_id": "f9cfded2-5446-4246-8174-50fc33a9398a", "task_id": "task-ec729be391c4a34fe297", "model_version": "scripted-engineering-only", "outcome": "completed", "task_success": true}
{"event": "task_started", "trajectory_id": "41f92ec5-411f-4a7e-8693-911a6035a302", "task_id": "task-b453a658279db88de3c0", "model_version": "scripted-engineering-only"}
{"event": "task_finished", "trajectory_id": "41f92ec5-411f-4a7e-8693-911a6035a302", "task_id": "task-b453a658279db88de3c0", "model_version": "scripted-engineering-only", "outcome": "completed", "task_success": true}
{"event": "task_started", "trajectory_id": "85bbcb86-fab8-4584-bdf8-5f10a58b197d", "task_id": "task-97af2e092bbdb911a25a", "model_version": "scripted-engineering-only"}
{"event": "task_finished", "trajectory_id": "85bbcb86-fab8-4584-bdf8-5f10a58b197d", "task_id": "task-97af2e092bbdb911a25a", "model_version": "scripted-engineering-only", "outcome": "completed", "task_success": true}
{"event": "task_started", "trajectory_id": "b3ab538b-bfca-481c-9291-bdad57c2cbcd", "task_id": "task-0724fc5648935c3d16ba", "model_version": "scripted-engineering-only"}
{"event": "task_finished", "trajectory_id": "b3ab538b-bfca-481c-9291-bdad57c2cbcd", "task_id": "task-0724fc5648935c3d16ba", "model_version": "scripted-engineering-only", "outcome": "escalated", "task_success": true}
{"event": "task_started", "trajectory_id": "e11a2547-2ea8-4156-8160-2c4db1a3cb53", "task_id": "task-674a4080fd2f0382b598", "model_version": "scripted-engineering-only"}
{"event": "task_finished", "trajectory_id": "e11a2547-2ea8-4156-8160-2c4db1a3cb53", "task_id": "task-674a4080fd2f0382b598", "model_version": "scripted-engineering-only", "outcome": "escalated", "task_success": true}
{"event": "task_started", "trajectory_id": "6ee285ec-0c96-4ad2-93de-0552bc892c27", "task_id": "task-3feda8a21f9775e1db88", "model_version": "scripted-engineering-only"}
{"event": "task_finished", "trajectory_id": "6ee285ec-0c96-4ad2-93de-0552bc892c27", "task_id": "task-3feda8a21f9775e1db88", "model_version": "scripted-engineering-only", "outcome": "escalated", "task_success": true}
{"event": "task_started", "trajectory_id": "7a79fc15-ff86-42b5-bf63-b46d0013ced0", "task_id": "task-0e084016f0ee902062e6", "model_version": "scripted-engineering-only"}
{"event": "task_finished", "trajectory_id": "7a79fc15-ff86-42b5-bf63-b46d0013ced0", "task_id": "task-0e084016f0ee902062e6", "model_version": "scripted-engineering-only", "outcome": "completed", "task_success": true}
{"event": "task_started", "trajectory_id": "b920b366-c0bd-4fa5-9b35-99b54166811c", "task_id": "task-4c6c1f9967c096b34002", "model_version": "scripted-engineering-only"}
{"event": "task_finished", "trajectory_id": "b920b366-c0bd-4fa5-9b35-99b54166811c", "task_id": "task-4c6c1f9967c096b34002", "model_version": "scripted-engineering-only", "outcome": "completed", "task_success": true}
{"event": "task_started", "trajectory_id": "bb4fc46e-b64d-44b3-ba81-a3a94eb39e58", "task_id": "task-5d8affbfbc38c6af2a55", "model_version": "scripted-engineering-only"}
{"event": "task_finished", "trajectory_id": "bb4fc46e-b64d-44b3-ba81-a3a94eb39e58", "task_id": "task-5d8affbfbc38c6af2a55", "model_version": "scripted-engineering-only", "outcome": "completed", "task_success": true}
{"event": "task_started", "trajectory_id": "930cabb3-a8e7-409f-bc0e-37a24e693e14", "task_id": "task-705ae2b6a38ee732fcb6", "model_version": "scripted-engineering-only"}
{"event": "task_finished", "trajectory_id": "930cabb3-a8e7-409f-bc0e-37a24e693e14", "task_id": "task-705ae2b6a38ee732fcb6", "model_version": "scripted-engineering-only", "outcome": "refused", "task_success": true}
{"event": "task_started", "trajectory_id": "44d8ff38-430c-401f-bde3-ecd2d053b3f6", "task_id": "task-aacc6eab02d55411c926", "model_version": "scripted-engineering-only"}
{"event": "task_finished", "trajectory_id": "44d8ff38-430c-401f-bde3-ecd2d053b3f6", "task_id": "task-aacc6eab02d55411c926", "model_version": "scripted-engineering-only", "outcome": "refused", "task_success": true}
{"event": "task_started", "trajectory_id": "2dfcd0d2-a79b-4768-8fb7-82ecf818586b", "task_id": "task-e69eb5bbc48e257eaed9", "model_version": "scripted-engineering-only"}
{"event": "task_finished", "trajectory_id": "2dfcd0d2-a79b-4768-8fb7-82ecf818586b", "task_id": "task-e69eb5bbc48e257eaed9", "model_version": "scripted-engineering-only", "outcome": "refused", "task_success": true}
{"event": "task_started", "trajectory_id": "b3e181ad-acf8-4288-ad1d-d46d9266e8eb", "task_id": "task-d218b76a549bb71d32a3", "model_version": "scripted-engineering-only"}
{"event": "task_finished", "trajectory_id": "b3e181ad-acf8-4288-ad1d-d46d9266e8eb", "task_id": "task-d218b76a549bb71d32a3", "model_version": "scripted-engineering-only", "outcome": "escalated", "task_success": true}
{"event": "task_started", "trajectory_id": "00e8295d-30d4-4661-adcb-f697ec36f7da", "task_id": "task-399f80239f711ea5d908", "model_version": "scripted-engineering-only"}
{"event": "task_finished", "trajectory_id": "00e8295d-30d4-4661-adcb-f697ec36f7da", "task_id": "task-399f80239f711ea5d908", "model_version": "scripted-engineering-only", "outcome": "escalated", "task_success": true}
{"event": "task_started", "trajectory_id": "e10e8a28-fc0b-47de-a05a-f15990cc6fa8", "task_id": "task-59a584317a710f1deb73", "model_version": "scripted-engineering-only"}
{"event": "task_finished", "trajectory_id": "e10e8a28-fc0b-47de-a05a-f15990cc6fa8", "task_id": "task-59a584317a710f1deb73", "model_version": "scripted-engineering-only", "outcome": "escalated", "task_success": true}
{"event": "task_started", "trajectory_id": "c5c36536-a921-41f0-becd-75950bcb1d79", "task_id": "task-f72263adb1c1d420111e", "model_version": "scripted-engineering-only"}
{"event": "task_finished", "trajectory_id": "c5c36536-a921-41f0-becd-75950bcb1d79", "task_id": "task-f72263adb1c1d420111e", "model_version": "scripted-engineering-only", "outcome": "escalated", "task_success": true}
{"event": "task_started", "trajectory_id": "d9f6ca56-2d18-406e-b149-4a7d23ee79a4", "task_id": "task-90c1813085f31f5299b3", "model_version": "scripted-engineering-only"}
{"event": "task_finished", "trajectory_id": "d9f6ca56-2d18-406e-b149-4a7d23ee79a4", "task_id": "task-90c1813085f31f5299b3", "model_version": "scripted-engineering-only", "outcome": "escalated", "task_success": true}
{"event": "task_started", "trajectory_id": "88042dd7-f36b-43a9-92e2-b9b007be2f1e", "task_id": "task-c31ed15c43fec69b21d0", "model_version": "scripted-engineering-only"}
{"event": "task_finished", "trajectory_id": "88042dd7-f36b-43a9-92e2-b9b007be2f1e", "task_id": "task-c31ed15c43fec69b21d0", "model_version": "scripted-engineering-only", "outcome": "escalated", "task_success": true}
{"event": "task_started", "trajectory_id": "045bc970-f87b-42eb-b01e-6e3fd36090ab", "task_id": "task-c4da3551dcd0c1e6d1bc", "model_version": "scripted-engineering-only"}
{"event": "task_finished", "trajectory_id": "045bc970-f87b-42eb-b01e-6e3fd36090ab", "task_id": "task-c4da3551dcd0c1e6d1bc", "model_version": "scripted-engineering-only", "outcome": "completed", "task_success": true}
{"event": "task_started", "trajectory_id": "1a044765-c620-4f01-8aa6-1d509efa3e23", "task_id": "task-d573e068640729f6fc0c", "model_version": "scripted-engineering-only"}
{"event": "task_finished", "trajectory_id": "1a044765-c620-4f01-8aa6-1d509efa3e23", "task_id": "task-d573e068640729f6fc0c", "model_version": "scripted-engineering-only", "outcome": "completed", "task_success": true}
{"event": "task_started", "trajectory_id": "d29bc617-a7bd-4d90-ac6b-a4e6278d4ea4", "task_id": "task-5451f40b657f5bfdccbc", "model_version": "scripted-engineering-only"}
{"event": "task_finished", "trajectory_id": "d29bc617-a7bd-4d90-ac6b-a4e6278d4ea4", "task_id": "task-5451f40b657f5bfdccbc", "model_version": "scripted-engineering-only", "outcome": "completed", "task_success": true}
{"event": "task_started", "trajectory_id": "cb852321-ffeb-46ef-b818-ae010f5af1e1", "task_id": "task-d71f713e079ab5c2b330", "model_version": "scripted-engineering-only"}
{"event": "task_finished", "trajectory_id": "cb852321-ffeb-46ef-b818-ae010f5af1e1", "task_id": "task-d71f713e079ab5c2b330", "model_version": "scripted-engineering-only", "outcome": "completed", "task_success": true}
{"event": "task_started", "trajectory_id": "a72868da-4ba6-4e17-975e-fd0d82fbcdcc", "task_id": "task-aa38b5523e6289961272", "model_version": "scripted-engineering-only"}
{"event": "task_finished", "trajectory_id": "a72868da-4ba6-4e17-975e-fd0d82fbcdcc", "task_id": "task-aa38b5523e6289961272", "model_version": "scripted-engineering-only", "outcome": "completed", "task_success": true}
{"event": "task_started", "trajectory_id": "6ffa963f-29f8-4446-b62d-dc9f3fe9a284", "task_id": "task-45334e54e1889ab54a6c", "model_version": "scripted-engineering-only"}
{"event": "task_finished", "trajectory_id": "6ffa963f-29f8-4446-b62d-dc9f3fe9a284", "task_id": "task-45334e54e1889ab54a6c", "model_version": "scripted-engineering-only", "outcome": "completed", "task_success": true}
{"event": "task_started", "trajectory_id": "85df5112-2b7d-4322-9aed-94fde5b0273b", "task_id": "task-c50d95cdd2eabf3b7e52", "model_version": "scripted-engineering-only"}
{"event": "task_finished", "trajectory_id": "85df5112-2b7d-4322-9aed-94fde5b0273b", "task_id": "task-c50d95cdd2eabf3b7e52", "model_version": "scripted-engineering-only", "outcome": "completed", "task_success": true}
{"event": "task_started", "trajectory_id": "3d3710fb-ee53-430c-a076-daf56473a367", "task_id": "task-e730102b9a4395aae8ee", "model_version": "scripted-engineering-only"}
{"event": "task_finished", "trajectory_id": "3d3710fb-ee53-430c-a076-daf56473a367", "task_id": "task-e730102b9a4395aae8ee", "model_version": "scripted-engineering-only", "outcome": "completed", "task_success": true}
{"event": "task_started", "trajectory_id": "4791dc30-92d1-4955-af53-01ccaa25c4ef", "task_id": "task-c1422229a8352e1cf4fc", "model_version": "scripted-engineering-only"}
{"event": "task_finished", "trajectory_id": "4791dc30-92d1-4955-af53-01ccaa25c4ef", "task_id": "task-c1422229a8352e1cf4fc", "model_version": "scripted-engineering-only", "outcome": "completed", "task_success": true}
{"event": "task_started", "trajectory_id": "12848c17-a14a-469c-b4ad-f3d62bfbcd43", "task_id": "task-f67587394339c41f909c", "model_version": "scripted-engineering-only"}
{"event": "task_finished", "trajectory_id": "12848c17-a14a-469c-b4ad-f3d62bfbcd43", "task_id": "task-f67587394339c41f909c", "model_version": "scripted-engineering-only", "outcome": "refused", "task_success": true}
{"event": "task_started", "trajectory_id": "0f9e7830-b052-4004-bec9-e1c8dc09ff33", "task_id": "task-b2e0e6a52eb4cbe28b57", "model_version": "scripted-engineering-only"}
{"event": "task_finished", "trajectory_id": "0f9e7830-b052-4004-bec9-e1c8dc09ff33", "task_id": "task-b2e0e6a52eb4cbe28b57", "model_version": "scripted-engineering-only", "outcome": "refused", "task_success": true}
{"event": "task_started", "trajectory_id": "a6b22dcf-3550-4369-8d9f-c60a30772d6c", "task_id": "task-271e4f001bfbec4ba37f", "model_version": "scripted-engineering-only"}
{"event": "task_finished", "trajectory_id": "a6b22dcf-3550-4369-8d9f-c60a30772d6c", "task_id": "task-271e4f001bfbec4ba37f", "model_version": "scripted-engineering-only", "outcome": "refused", "task_success": true}
{"event": "task_started", "trajectory_id": "773d4d68-d023-42c8-92ea-b753760d3374", "task_id": "task-f476ba5bc12924d9bc6b", "model_version": "scripted-engineering-only"}
{"event": "task_finished", "trajectory_id": "773d4d68-d023-42c8-92ea-b753760d3374", "task_id": "task-f476ba5bc12924d9bc6b", "model_version": "scripted-engineering-only", "outcome": "refused", "task_success": true}
{"event": "task_started", "trajectory_id": "b2f468bf-b19a-413e-9f4c-8cf434f2753e", "task_id": "task-5eb647be1fe8d553a68b", "model_version": "scripted-engineering-only"}
{"event": "task_finished", "trajectory_id": "b2f468bf-b19a-413e-9f4c-8cf434f2753e", "task_id": "task-5eb647be1fe8d553a68b", "model_version": "scripted-engineering-only", "outcome": "refused", "task_success": true}
{"event": "task_started", "trajectory_id": "ed2b265d-fded-4528-a29f-59af16793e99", "task_id": "task-07a2025d71ee061f3bd2", "model_version": "scripted-engineering-only"}
{"event": "task_finished", "trajectory_id": "ed2b265d-fded-4528-a29f-59af16793e99", "task_id": "task-07a2025d71ee061f3bd2", "model_version": "scripted-engineering-only", "outcome": "refused", "task_success": true}
{"event": "task_started", "trajectory_id": "3e534921-8814-41d3-a830-bc3fe459ec69", "task_id": "task-a48da85fc162e85f19e2", "model_version": "scripted-engineering-only"}
{"event": "task_finished", "trajectory_id": "3e534921-8814-41d3-a830-bc3fe459ec69", "task_id": "task-a48da85fc162e85f19e2", "model_version": "scripted-engineering-only", "outcome": "escalated", "task_success": true}
{"event": "task_started", "trajectory_id": "82879dd7-9f07-4439-bb88-d8bc05f9203d", "task_id": "task-06b8d71a2bcb3273229e", "model_version": "scripted-engineering-only"}
{"event": "task_finished", "trajectory_id": "82879dd7-9f07-4439-bb88-d8bc05f9203d", "task_id": "task-06b8d71a2bcb3273229e", "model_version": "scripted-engineering-only", "outcome": "escalated", "task_success": true}
{"event": "task_started", "trajectory_id": "dc18b146-0556-4791-9be5-cca207dc5432", "task_id": "task-a54dafe4b4e3bb62483d", "model_version": "scripted-engineering-only"}
{"event": "task_finished", "trajectory_id": "dc18b146-0556-4791-9be5-cca207dc5432", "task_id": "task-a54dafe4b4e3bb62483d", "model_version": "scripted-engineering-only", "outcome": "escalated", "task_success": true}
{"event": "task_started", "trajectory_id": "a877af10-34cd-458f-86f8-a392c15e0328", "task_id": "task-965bab023d996aea99f2", "model_version": "scripted-engineering-only"}
{"event": "task_finished", "trajectory_id": "a877af10-34cd-458f-86f8-a392c15e0328", "task_id": "task-965bab023d996aea99f2", "model_version": "scripted-engineering-only", "outcome": "completed", "task_success": true}
{"event": "task_started", "trajectory_id": "e60cab36-44b5-483d-866f-1b389afa4f49", "task_id": "task-eba00923d594244d8a50", "model_version": "scripted-engineering-only"}
{"event": "task_finished", "trajectory_id": "e60cab36-44b5-483d-866f-1b389afa4f49", "task_id": "task-eba00923d594244d8a50", "model_version": "scripted-engineering-only", "outcome": "completed", "task_success": true}
{"event": "task_started", "trajectory_id": "52288957-92e6-45c9-be3e-116f409724ea", "task_id": "task-2d745d5735989f513472", "model_version": "scripted-engineering-only"}
{"event": "task_finished", "trajectory_id": "52288957-92e6-45c9-be3e-116f409724ea", "task_id": "task-2d745d5735989f513472", "model_version": "scripted-engineering-only", "outcome": "completed", "task_success": true}
{"event": "task_started", "trajectory_id": "c022bebd-0ddf-4c19-ad99-ad6e6ca1ebc2", "task_id": "task-adce80fcd242644af3be", "model_version": "scripted-engineering-only"}
{"event": "task_finished", "trajectory_id": "c022bebd-0ddf-4c19-ad99-ad6e6ca1ebc2", "task_id": "task-adce80fcd242644af3be", "model_version": "scripted-engineering-only", "outcome": "escalated", "task_success": true}
{"event": "task_started", "trajectory_id": "183b3e05-806f-475e-b8e1-0f6f5720d710", "task_id": "task-a3b7dfcd02ab8da95ef8", "model_version": "scripted-engineering-only"}
{"event": "task_finished", "trajectory_id": "183b3e05-806f-475e-b8e1-0f6f5720d710", "task_id": "task-a3b7dfcd02ab8da95ef8", "model_version": "scripted-engineering-only", "outcome": "escalated", "task_success": true}
{"event": "task_started", "trajectory_id": "7d72bdc3-9048-4015-95b5-27532f5e3fb9", "task_id": "task-0186019e3d73611b86a1", "model_version": "scripted-engineering-only"}
{"event": "task_finished", "trajectory_id": "7d72bdc3-9048-4015-95b5-27532f5e3fb9", "task_id": "task-0186019e3d73611b86a1", "model_version": "scripted-engineering-only", "outcome": "escalated", "task_success": true}
{"event": "task_started", "trajectory_id": "132a9377-5e0f-4104-8adf-765dea978aed", "task_id": "task-734d5b0d34d0656564ee", "model_version": "scripted-engineering-only"}
{"event": "task_finished", "trajectory_id": "132a9377-5e0f-4104-8adf-765dea978aed", "task_id": "task-734d5b0d34d0656564ee", "model_version": "scripted-engineering-only", "outcome": "escalated", "task_success": true}
{"event": "task_started", "trajectory_id": "17b6397a-aef5-47ca-81f6-c71b4b056abd", "task_id": "task-5dceefde9e586fb8376a", "model_version": "scripted-engineering-only"}
{"event": "task_finished", "trajectory_id": "17b6397a-aef5-47ca-81f6-c71b4b056abd", "task_id": "task-5dceefde9e586fb8376a", "model_version": "scripted-engineering-only", "outcome": "escalated", "task_success": true}
{"event": "task_started", "trajectory_id": "342ba292-57fe-4fca-a6ed-6939cc51cafb", "task_id": "task-ad1e786facf608c440ac", "model_version": "scripted-engineering-only"}
{"event": "task_finished", "trajectory_id": "342ba292-57fe-4fca-a6ed-6939cc51cafb", "task_id": "task-ad1e786facf608c440ac", "model_version": "scripted-engineering-only", "outcome": "escalated", "task_success": true}
{"event": "task_started", "trajectory_id": "2cbcc681-d55f-4460-8d20-46b054d8555b", "task_id": "task-bb68b21999ce552f5ffc", "model_version": "scripted-engineering-only"}
{"event": "task_finished", "trajectory_id": "2cbcc681-d55f-4460-8d20-46b054d8555b", "task_id": "task-bb68b21999ce552f5ffc", "model_version": "scripted-engineering-only", "outcome": "completed", "task_success": true}
{"event": "task_started", "trajectory_id": "51026966-f570-47ae-bbeb-968807e2fd2d", "task_id": "task-a1d394ba1d073d7a2eaa", "model_version": "scripted-engineering-only"}
{"event": "task_finished", "trajectory_id": "51026966-f570-47ae-bbeb-968807e2fd2d", "task_id": "task-a1d394ba1d073d7a2eaa", "model_version": "scripted-engineering-only", "outcome": "completed", "task_success": true}
{"event": "task_started", "trajectory_id": "883593fa-b22b-434a-9f9d-98942948c430", "task_id": "task-edb462866dbadf5ed77c", "model_version": "scripted-engineering-only"}
{"event": "task_finished", "trajectory_id": "883593fa-b22b-434a-9f9d-98942948c430", "task_id": "task-edb462866dbadf5ed77c", "model_version": "scripted-engineering-only", "outcome": "completed", "task_success": true}
{"event": "task_started", "trajectory_id": "93cfeb02-9ac1-47da-8b06-d55db1b34cf5", "task_id": "task-6dfee218765c8a8ccb03", "model_version": "scripted-engineering-only"}
{"event": "task_finished", "trajectory_id": "93cfeb02-9ac1-47da-8b06-d55db1b34cf5", "task_id": "task-6dfee218765c8a8ccb03", "model_version": "scripted-engineering-only", "outcome": "completed", "task_success": true}
{"event": "task_started", "trajectory_id": "449f018e-4788-43a7-99a8-55af10c6cda6", "task_id": "task-7b7e1c638fa73fcdc0cb", "model_version": "scripted-engineering-only"}
{"event": "task_finished", "trajectory_id": "449f018e-4788-43a7-99a8-55af10c6cda6", "task_id": "task-7b7e1c638fa73fcdc0cb", "model_version": "scripted-engineering-only", "outcome": "completed", "task_success": true}
{"event": "task_started", "trajectory_id": "3bec29de-e2ea-4b47-920e-4e2fe97d6cc1", "task_id": "task-30eeea5e7635d5b1ecb1", "model_version": "scripted-engineering-only"}
{"event": "task_finished", "trajectory_id": "3bec29de-e2ea-4b47-920e-4e2fe97d6cc1", "task_id": "task-30eeea5e7635d5b1ecb1", "model_version": "scripted-engineering-only", "outcome": "completed", "task_success": true}
{"event": "task_started", "trajectory_id": "b2783242-0e90-4c26-94ac-578874e70094", "task_id": "task-d1dddd10b1af24b04d3e", "model_version": "scripted-engineering-only"}
{"event": "task_finished", "trajectory_id": "b2783242-0e90-4c26-94ac-578874e70094", "task_id": "task-d1dddd10b1af24b04d3e", "model_version": "scripted-engineering-only", "outcome": "escalated", "task_success": true}
{"event": "task_started", "trajectory_id": "1bf94004-321a-408a-9c3a-9d68201a2de0", "task_id": "task-afbdfb29b194d7db817e", "model_version": "scripted-engineering-only"}
{"event": "task_finished", "trajectory_id": "1bf94004-321a-408a-9c3a-9d68201a2de0", "task_id": "task-afbdfb29b194d7db817e", "model_version": "scripted-engineering-only", "outcome": "escalated", "task_success": true}
{"event": "task_started", "trajectory_id": "86387312-c7b9-4185-8b72-2ff1f7fcc949", "task_id": "task-1cb1631bb12620637a56", "model_version": "scripted-engineering-only"}
{"event": "task_finished", "trajectory_id": "86387312-c7b9-4185-8b72-2ff1f7fcc949", "task_id": "task-1cb1631bb12620637a56", "model_version": "scripted-engineering-only", "outcome": "escalated", "task_success": true}
{"event": "task_started", "trajectory_id": "99249257-13b7-4d36-8cd8-673aca650303", "task_id": "task-86bd6cb9106510ea039f", "model_version": "scripted-engineering-only"}
{"event": "task_finished", "trajectory_id": "99249257-13b7-4d36-8cd8-673aca650303", "task_id": "task-86bd6cb9106510ea039f", "model_version": "scripted-engineering-only", "outcome": "escalated", "task_success": true}
{"event": "task_started", "trajectory_id": "2946031c-6ce9-4584-a149-7d4b2e02d83a", "task_id": "task-28acc947e09e78444ad1", "model_version": "scripted-engineering-only"}
{"event": "task_finished", "trajectory_id": "2946031c-6ce9-4584-a149-7d4b2e02d83a", "task_id": "task-28acc947e09e78444ad1", "model_version": "scripted-engineering-only", "outcome": "escalated", "task_success": true}
{"event": "task_started", "trajectory_id": "7fa351b3-f09c-4112-b122-f6318da1b3d9", "task_id": "task-398eead64c3eeb871099", "model_version": "scripted-engineering-only"}
{"event": "task_finished", "trajectory_id": "7fa351b3-f09c-4112-b122-f6318da1b3d9", "task_id": "task-398eead64c3eeb871099", "model_version": "scripted-engineering-only", "outcome": "escalated", "task_success": true}
{"event": "task_started", "trajectory_id": "aa6bdd98-a746-45d0-8e0c-6b36332a17a5", "task_id": "task-80544b2a08bd57e8e768", "model_version": "scripted-engineering-only"}
{"event": "task_finished", "trajectory_id": "aa6bdd98-a746-45d0-8e0c-6b36332a17a5", "task_id": "task-80544b2a08bd57e8e768", "model_version": "scripted-engineering-only", "outcome": "completed", "task_success": true}
{"event": "task_started", "trajectory_id": "2ebb9f50-4551-4e95-82b2-989c69e1b713", "task_id": "task-673dbc9dd8f247601722", "model_version": "scripted-engineering-only"}
{"event": "task_finished", "trajectory_id": "2ebb9f50-4551-4e95-82b2-989c69e1b713", "task_id": "task-673dbc9dd8f247601722", "model_version": "scripted-engineering-only", "outcome": "completed", "task_success": true}
{"event": "task_started", "trajectory_id": "5a81f53c-cddd-4188-b376-1100ea97892d", "task_id": "task-ed359ba55106b09d8847", "model_version": "scripted-engineering-only"}
{"event": "task_finished", "trajectory_id": "5a81f53c-cddd-4188-b376-1100ea97892d", "task_id": "task-ed359ba55106b09d8847", "model_version": "scripted-engineering-only", "outcome": "completed", "task_success": true}
{"event": "task_started", "trajectory_id": "a7169780-32d1-4a5a-892e-e70e38931636", "task_id": "task-292ef81ae14a36c27b3f", "model_version": "scripted-engineering-only"}
{"event": "task_finished", "trajectory_id": "a7169780-32d1-4a5a-892e-e70e38931636", "task_id": "task-292ef81ae14a36c27b3f", "model_version": "scripted-engineering-only", "outcome": "refused", "task_success": true}
{"event": "task_started", "trajectory_id": "d491ef77-b7f1-4144-b100-eb8482bb77bd", "task_id": "task-5a00f3a9d86cd9d6c54d", "model_version": "scripted-engineering-only"}
{"event": "task_finished", "trajectory_id": "d491ef77-b7f1-4144-b100-eb8482bb77bd", "task_id": "task-5a00f3a9d86cd9d6c54d", "model_version": "scripted-engineering-only", "outcome": "refused", "task_success": true}
{"event": "task_started", "trajectory_id": "4a543eca-972f-42a8-88c6-f5c614b1314c", "task_id": "task-3b9ce844f270fdf7774d", "model_version": "scripted-engineering-only"}
{"event": "task_finished", "trajectory_id": "4a543eca-972f-42a8-88c6-f5c614b1314c", "task_id": "task-3b9ce844f270fdf7774d", "model_version": "scripted-engineering-only", "outcome": "refused", "task_success": true}
{"event": "task_started", "trajectory_id": "3d63ff73-8718-4546-9a6e-f4b1251c8160", "task_id": "task-f9ea9ef01353b4b68e96", "model_version": "scripted-engineering-only"}
{"event": "task_finished", "trajectory_id": "3d63ff73-8718-4546-9a6e-f4b1251c8160", "task_id": "task-f9ea9ef01353b4b68e96", "model_version": "scripted-engineering-only", "outcome": "refused", "task_success": true}
{"event": "task_started", "trajectory_id": "7c488eac-cc66-4d43-95f5-219da173af9a", "task_id": "task-98171245bbd786a1517a", "model_version": "scripted-engineering-only"}
{"event": "task_finished", "trajectory_id": "7c488eac-cc66-4d43-95f5-219da173af9a", "task_id": "task-98171245bbd786a1517a", "model_version": "scripted-engineering-only", "outcome": "refused", "task_success": true}
{"event": "task_started", "trajectory_id": "b998cf24-4fc7-4486-bb61-0300f3465491", "task_id": "task-097a2cdd49eb7039eeda", "model_version": "scripted-engineering-only"}
{"event": "task_finished", "trajectory_id": "b998cf24-4fc7-4486-bb61-0300f3465491", "task_id": "task-097a2cdd49eb7039eeda", "model_version": "scripted-engineering-only", "outcome": "refused", "task_success": true}
{"event": "task_started", "trajectory_id": "185bcf53-5d1a-4e80-b37f-ffd0eef80679", "task_id": "task-dc45c35c4539665fa28a", "model_version": "scripted-engineering-only"}
{"event": "task_finished", "trajectory_id": "185bcf53-5d1a-4e80-b37f-ffd0eef80679", "task_id": "task-dc45c35c4539665fa28a", "model_version": "scripted-engineering-only", "outcome": "escalated", "task_success": true}
{"event": "task_started", "trajectory_id": "f6344ccb-230f-4017-8e92-c81346529e1c", "task_id": "task-012721fdabc6938bfdb4", "model_version": "scripted-engineering-only"}
{"event": "task_finished", "trajectory_id": "f6344ccb-230f-4017-8e92-c81346529e1c", "task_id": "task-012721fdabc6938bfdb4", "model_version": "scripted-engineering-only", "outcome": "escalated", "task_success": true}
{"event": "task_started", "trajectory_id": "59321e98-748d-4c43-99c3-3ae5dbb72e26", "task_id": "task-7e2db9056f851620b578", "model_version": "scripted-engineering-only"}
{"event": "task_finished", "trajectory_id": "59321e98-748d-4c43-99c3-3ae5dbb72e26", "task_id": "task-7e2db9056f851620b578", "model_version": "scripted-engineering-only", "outcome": "escalated", "task_success": true}
{"event": "task_started", "trajectory_id": "11d70314-f4bb-406c-a829-badd40f74666", "task_id": "task-56d11969bbac661ba221", "model_version": "scripted-engineering-only"}
{"event": "task_finished", "trajectory_id": "11d70314-f4bb-406c-a829-badd40f74666", "task_id": "task-56d11969bbac661ba221", "model_version": "scripted-engineering-only", "outcome": "refused", "task_success": true}
{"event": "task_started", "trajectory_id": "1768982e-5d22-4c00-8c85-647dbff836f1", "task_id": "task-87d7c7fe1cf3dca74c72", "model_version": "scripted-engineering-only"}
{"event": "task_finished", "trajectory_id": "1768982e-5d22-4c00-8c85-647dbff836f1", "task_id": "task-87d7c7fe1cf3dca74c72", "model_version": "scripted-engineering-only", "outcome": "refused", "task_success": true}
{"event": "task_started", "trajectory_id": "2a783908-5501-4ea6-8e70-a7d1d624c083", "task_id": "task-31dce11192d72a14cb25", "model_version": "scripted-engineering-only"}
{"event": "task_finished", "trajectory_id": "2a783908-5501-4ea6-8e70-a7d1d624c083", "task_id": "task-31dce11192d72a14cb25", "model_version": "scripted-engineering-only", "outcome": "refused", "task_success": true}
{"event": "task_started", "trajectory_id": "f3203dd9-0bb4-474a-a4cf-b5f3ed761ecb", "task_id": "task-c9c2d9c2d23545eb0e36", "model_version": "scripted-engineering-only"}
{"event": "task_finished", "trajectory_id": "f3203dd9-0bb4-474a-a4cf-b5f3ed761ecb", "task_id": "task-c9c2d9c2d23545eb0e36", "model_version": "scripted-engineering-only", "outcome": "refused", "task_success": true}
{"event": "task_started", "trajectory_id": "f44928be-1078-4e5d-a3e4-0941a6368402", "task_id": "task-9f2dbc26618598f23b3d", "model_version": "scripted-engineering-only"}
{"event": "task_finished", "trajectory_id": "f44928be-1078-4e5d-a3e4-0941a6368402", "task_id": "task-9f2dbc26618598f23b3d", "model_version": "scripted-engineering-only", "outcome": "refused", "task_success": true}
{"event": "task_started", "trajectory_id": "46e5bb02-fc29-475f-9bab-09c93fda1f7c", "task_id": "task-ba01b87f8d3c2b2a0a9d", "model_version": "scripted-engineering-only"}
{"event": "task_finished", "trajectory_id": "46e5bb02-fc29-475f-9bab-09c93fda1f7c", "task_id": "task-ba01b87f8d3c2b2a0a9d", "model_version": "scripted-engineering-only", "outcome": "refused", "task_success": true}
{"event": "task_started", "trajectory_id": "2aa74a5a-0093-4976-872d-5bd1f07339f2", "task_id": "task-bdd32dbdec43e2d790e2", "model_version": "scripted-engineering-only"}
{"event": "task_finished", "trajectory_id": "2aa74a5a-0093-4976-872d-5bd1f07339f2", "task_id": "task-bdd32dbdec43e2d790e2", "model_version": "scripted-engineering-only", "outcome": "escalated", "task_success": true}
{"event": "task_started", "trajectory_id": "23509736-0a5e-4003-8c41-2ee4c39db102", "task_id": "task-abd88aed3619fa1f2adb", "model_version": "scripted-engineering-only"}
{"event": "task_finished", "trajectory_id": "23509736-0a5e-4003-8c41-2ee4c39db102", "task_id": "task-abd88aed3619fa1f2adb", "model_version": "scripted-engineering-only", "outcome": "escalated", "task_success": true}
{"event": "task_started", "trajectory_id": "7f6d1fbb-7b18-4d91-b73c-7e5533309d8f", "task_id": "task-3679379ac0a63d0c5798", "model_version": "scripted-engineering-only"}
{"event": "task_finished", "trajectory_id": "7f6d1fbb-7b18-4d91-b73c-7e5533309d8f", "task_id": "task-3679379ac0a63d0c5798", "model_version": "scripted-engineering-only", "outcome": "escalated", "task_success": true}
{"event": "task_started", "trajectory_id": "59cc91ee-d54a-46c2-9b8d-df9e94f5cf1c", "task_id": "task-ec729be391c4a34fe297", "model_version": "scripted-engineering-only"}
{"event": "task_finished", "trajectory_id": "59cc91ee-d54a-46c2-9b8d-df9e94f5cf1c", "task_id": "task-ec729be391c4a34fe297", "model_version": "scripted-engineering-only", "outcome": "completed", "task_success": true}
{"event": "task_started", "trajectory_id": "633731e1-ba45-45e5-b726-625a80f5d608", "task_id": "task-b453a658279db88de3c0", "model_version": "scripted-engineering-only"}
{"event": "task_finished", "trajectory_id": "633731e1-ba45-45e5-b726-625a80f5d608", "task_id": "task-b453a658279db88de3c0", "model_version": "scripted-engineering-only", "outcome": "completed", "task_success": true}
{"event": "task_started", "trajectory_id": "ecd15c66-46d3-4d0b-a18d-5cba0ccbd58b", "task_id": "task-97af2e092bbdb911a25a", "model_version": "scripted-engineering-only"}
{"event": "task_finished", "trajectory_id": "ecd15c66-46d3-4d0b-a18d-5cba0ccbd58b", "task_id": "task-97af2e092bbdb911a25a", "model_version": "scripted-engineering-only", "outcome": "completed", "task_success": true}
{"event": "task_started", "trajectory_id": "8d951994-e994-447f-b1a5-55b0300afda0", "task_id": "task-0724fc5648935c3d16ba", "model_version": "scripted-engineering-only"}
{"event": "task_finished", "trajectory_id": "8d951994-e994-447f-b1a5-55b0300afda0", "task_id": "task-0724fc5648935c3d16ba", "model_version": "scripted-engineering-only", "outcome": "escalated", "task_success": true}
{"event": "task_started", "trajectory_id": "8a8ca667-d3d1-4e76-abe5-714e330b51cf", "task_id": "task-674a4080fd2f0382b598", "model_version": "scripted-engineering-only"}
{"event": "task_finished", "trajectory_id": "8a8ca667-d3d1-4e76-abe5-714e330b51cf", "task_id": "task-674a4080fd2f0382b598", "model_version": "scripted-engineering-only", "outcome": "escalated", "task_success": true}
{"event": "task_started", "trajectory_id": "483ef823-ca19-4f62-a101-6dab84d5fbcf", "task_id": "task-3feda8a21f9775e1db88", "model_version": "scripted-engineering-only"}
{"event": "task_finished", "trajectory_id": "483ef823-ca19-4f62-a101-6dab84d5fbcf", "task_id": "task-3feda8a21f9775e1db88", "model_version": "scripted-engineering-only", "outcome": "escalated", "task_success": true}
{"event": "task_started", "trajectory_id": "a6f4b771-c5ee-42a4-b435-bd577be01e1d", "task_id": "task-0e084016f0ee902062e6", "model_version": "scripted-engineering-only"}
{"event": "task_finished", "trajectory_id": "a6f4b771-c5ee-42a4-b435-bd577be01e1d", "task_id": "task-0e084016f0ee902062e6", "model_version": "scripted-engineering-only", "outcome": "completed", "task_success": true}
{"event": "task_started", "trajectory_id": "93659786-2fd8-4944-980d-66f51ab3666d", "task_id": "task-4c6c1f9967c096b34002", "model_version": "scripted-engineering-only"}
{"event": "task_finished", "trajectory_id": "93659786-2fd8-4944-980d-66f51ab3666d", "task_id": "task-4c6c1f9967c096b34002", "model_version": "scripted-engineering-only", "outcome": "completed", "task_success": true}
{"event": "task_started", "trajectory_id": "7c7710bf-1514-4792-a96b-5a3ea3c2acc6", "task_id": "task-5d8affbfbc38c6af2a55", "model_version": "scripted-engineering-only"}
{"event": "task_finished", "trajectory_id": "7c7710bf-1514-4792-a96b-5a3ea3c2acc6", "task_id": "task-5d8affbfbc38c6af2a55", "model_version": "scripted-engineering-only", "outcome": "completed", "task_success": true}
{"event": "task_started", "trajectory_id": "fbd87ab4-3f3a-49d3-afb1-b6d48f5c487b", "task_id": "task-705ae2b6a38ee732fcb6", "model_version": "scripted-engineering-only"}
{"event": "task_finished", "trajectory_id": "fbd87ab4-3f3a-49d3-afb1-b6d48f5c487b", "task_id": "task-705ae2b6a38ee732fcb6", "model_version": "scripted-engineering-only", "outcome": "refused", "task_success": true}
{"event": "task_started", "trajectory_id": "d822415d-5062-44b2-b4b5-e8b8cd695fbd", "task_id": "task-aacc6eab02d55411c926", "model_version": "scripted-engineering-only"}
{"event": "task_finished", "trajectory_id": "d822415d-5062-44b2-b4b5-e8b8cd695fbd", "task_id": "task-aacc6eab02d55411c926", "model_version": "scripted-engineering-only", "outcome": "refused", "task_success": true}
{"event": "task_started", "trajectory_id": "ec5ce5df-d184-4a62-b6e6-fb88c1f9ad5e", "task_id": "task-e69eb5bbc48e257eaed9", "model_version": "scripted-engineering-only"}
{"event": "task_finished", "trajectory_id": "ec5ce5df-d184-4a62-b6e6-fb88c1f9ad5e", "task_id": "task-e69eb5bbc48e257eaed9", "model_version": "scripted-engineering-only", "outcome": "refused", "task_success": true}
{"event": "task_started", "trajectory_id": "a35f55ef-a49d-4f42-ad41-6023ae5b4adc", "task_id": "task-d218b76a549bb71d32a3", "model_version": "scripted-engineering-only"}
{"event": "task_finished", "trajectory_id": "a35f55ef-a49d-4f42-ad41-6023ae5b4adc", "task_id": "task-d218b76a549bb71d32a3", "model_version": "scripted-engineering-only", "outcome": "escalated", "task_success": true}
{"event": "task_started", "trajectory_id": "e48286e0-6f8d-4423-a3d6-bb59bb51b468", "task_id": "task-399f80239f711ea5d908", "model_version": "scripted-engineering-only"}
{"event": "task_finished", "trajectory_id": "e48286e0-6f8d-4423-a3d6-bb59bb51b468", "task_id": "task-399f80239f711ea5d908", "model_version": "scripted-engineering-only", "outcome": "escalated", "task_success": true}
{"event": "task_started", "trajectory_id": "650e72ab-5918-4dbd-bb7d-7c35dea3d07d", "task_id": "task-59a584317a710f1deb73", "model_version": "scripted-engineering-only"}
{"event": "task_finished", "trajectory_id": "650e72ab-5918-4dbd-bb7d-7c35dea3d07d", "task_id": "task-59a584317a710f1deb73", "model_version": "scripted-engineering-only", "outcome": "escalated", "task_success": true}
{"event": "task_started", "trajectory_id": "94090c01-4c67-40da-a3c8-4e2aaf5d083d", "task_id": "task-f72263adb1c1d420111e", "model_version": "scripted-engineering-only"}
{"event": "task_finished", "trajectory_id": "94090c01-4c67-40da-a3c8-4e2aaf5d083d", "task_id": "task-f72263adb1c1d420111e", "model_version": "scripted-engineering-only", "outcome": "escalated", "task_success": true}
{"event": "task_started", "trajectory_id": "c2752919-4959-4fe3-be2d-388499a21a43", "task_id": "task-90c1813085f31f5299b3", "model_version": "scripted-engineering-only"}
{"event": "task_finished", "trajectory_id": "c2752919-4959-4fe3-be2d-388499a21a43", "task_id": "task-90c1813085f31f5299b3", "model_version": "scripted-engineering-only", "outcome": "escalated", "task_success": true}
{"event": "task_started", "trajectory_id": "4051383e-225f-417b-ba27-081688415ad3", "task_id": "task-c31ed15c43fec69b21d0", "model_version": "scripted-engineering-only"}
{"event": "task_finished", "trajectory_id": "4051383e-225f-417b-ba27-081688415ad3", "task_id": "task-c31ed15c43fec69b21d0", "model_version": "scripted-engineering-only", "outcome": "escalated", "task_success": true}
{"event": "task_started", "trajectory_id": "5a7dfc1e-8f6a-4cec-93a4-bc4439457275", "task_id": "task-c4da3551dcd0c1e6d1bc", "model_version": "scripted-engineering-only"}
{"event": "task_finished", "trajectory_id": "5a7dfc1e-8f6a-4cec-93a4-bc4439457275", "task_id": "task-c4da3551dcd0c1e6d1bc", "model_version": "scripted-engineering-only", "outcome": "completed", "task_success": true}
{"event": "task_started", "trajectory_id": "aa3358c1-ac9f-46de-b88d-ef645ae53373", "task_id": "task-d573e068640729f6fc0c", "model_version": "scripted-engineering-only"}
{"event": "task_finished", "trajectory_id": "aa3358c1-ac9f-46de-b88d-ef645ae53373", "task_id": "task-d573e068640729f6fc0c", "model_version": "scripted-engineering-only", "outcome": "completed", "task_success": true}
{"event": "task_started", "trajectory_id": "980b822c-1502-4669-ac3d-041084b97730", "task_id": "task-5451f40b657f5bfdccbc", "model_version": "scripted-engineering-only"}
{"event": "task_finished", "trajectory_id": "980b822c-1502-4669-ac3d-041084b97730", "task_id": "task-5451f40b657f5bfdccbc", "model_version": "scripted-engineering-only", "outcome": "completed", "task_success": true}
{"event": "task_started", "trajectory_id": "1f87dd21-3a74-468d-96a7-65c8deb1878c", "task_id": "task-d71f713e079ab5c2b330", "model_version": "scripted-engineering-only"}
{"event": "task_finished", "trajectory_id": "1f87dd21-3a74-468d-96a7-65c8deb1878c", "task_id": "task-d71f713e079ab5c2b330", "model_version": "scripted-engineering-only", "outcome": "completed", "task_success": true}
{"event": "task_started", "trajectory_id": "e371c252-e520-4395-870e-aa6542d28821", "task_id": "task-aa38b5523e6289961272", "model_version": "scripted-engineering-only"}
{"event": "task_finished", "trajectory_id": "e371c252-e520-4395-870e-aa6542d28821", "task_id": "task-aa38b5523e6289961272", "model_version": "scripted-engineering-only", "outcome": "completed", "task_success": true}
{"event": "task_started", "trajectory_id": "9c69c996-14b9-4fa6-91d9-654a5b6ffb73", "task_id": "task-45334e54e1889ab54a6c", "model_version": "scripted-engineering-only"}
{"event": "task_finished", "trajectory_id": "9c69c996-14b9-4fa6-91d9-654a5b6ffb73", "task_id": "task-45334e54e1889ab54a6c", "model_version": "scripted-engineering-only", "outcome": "completed", "task_success": true}
{"event": "task_started", "trajectory_id": "97fd1184-0eb4-4cff-9c26-ccade40d8e7a", "task_id": "task-c50d95cdd2eabf3b7e52", "model_version": "scripted-engineering-only"}
{"event": "task_finished", "trajectory_id": "97fd1184-0eb4-4cff-9c26-ccade40d8e7a", "task_id": "task-c50d95cdd2eabf3b7e52", "model_version": "scripted-engineering-only", "outcome": "completed", "task_success": true}
{"event": "task_started", "trajectory_id": "6474f197-8efb-4dc8-bc56-441599f50f1f", "task_id": "task-e730102b9a4395aae8ee", "model_version": "scripted-engineering-only"}
{"event": "task_finished", "trajectory_id": "6474f197-8efb-4dc8-bc56-441599f50f1f", "task_id": "task-e730102b9a4395aae8ee", "model_version": "scripted-engineering-only", "outcome": "completed", "task_success": true}
{"event": "task_started", "trajectory_id": "df4629d6-ebb8-43c3-ae0f-b31c66b5f002", "task_id": "task-c1422229a8352e1cf4fc", "model_version": "scripted-engineering-only"}
{"event": "task_finished", "trajectory_id": "df4629d6-ebb8-43c3-ae0f-b31c66b5f002", "task_id": "task-c1422229a8352e1cf4fc", "model_version": "scripted-engineering-only", "outcome": "completed", "task_success": true}
{"event": "task_started", "trajectory_id": "72d81f97-d16c-492b-bea6-2b864a61d5e4", "task_id": "task-f67587394339c41f909c", "model_version": "scripted-engineering-only"}
{"event": "task_finished", "trajectory_id": "72d81f97-d16c-492b-bea6-2b864a61d5e4", "task_id": "task-f67587394339c41f909c", "model_version": "scripted-engineering-only", "outcome": "refused", "task_success": true}
{"event": "task_started", "trajectory_id": "7d6a4521-7cb2-4b45-a21f-786b8a62fb9f", "task_id": "task-b2e0e6a52eb4cbe28b57", "model_version": "scripted-engineering-only"}
{"event": "task_finished", "trajectory_id": "7d6a4521-7cb2-4b45-a21f-786b8a62fb9f", "task_id": "task-b2e0e6a52eb4cbe28b57", "model_version": "scripted-engineering-only", "outcome": "refused", "task_success": true}
{"event": "task_started", "trajectory_id": "55ada01d-08de-4e10-8dea-8e75ddc7189b", "task_id": "task-271e4f001bfbec4ba37f", "model_version": "scripted-engineering-only"}
{"event": "task_finished", "trajectory_id": "55ada01d-08de-4e10-8dea-8e75ddc7189b", "task_id": "task-271e4f001bfbec4ba37f", "model_version": "scripted-engineering-only", "outcome": "refused", "task_success": true}
{"event": "task_started", "trajectory_id": "5f4f95ca-ac74-479c-bd57-612362fc3372", "task_id": "task-f476ba5bc12924d9bc6b", "model_version": "scripted-engineering-only"}
{"event": "task_finished", "trajectory_id": "5f4f95ca-ac74-479c-bd57-612362fc3372", "task_id": "task-f476ba5bc12924d9bc6b", "model_version": "scripted-engineering-only", "outcome": "refused", "task_success": true}
{"event": "task_started", "trajectory_id": "e1ce6040-5d44-4a46-a14b-69767e9dab32", "task_id": "task-5eb647be1fe8d553a68b", "model_version": "scripted-engineering-only"}
{"event": "task_finished", "trajectory_id": "e1ce6040-5d44-4a46-a14b-69767e9dab32", "task_id": "task-5eb647be1fe8d553a68b", "model_version": "scripted-engineering-only", "outcome": "refused", "task_success": true}
{"event": "task_started", "trajectory_id": "e2431cd1-3f10-44b1-93ae-30e052b1c62a", "task_id": "task-07a2025d71ee061f3bd2", "model_version": "scripted-engineering-only"}
{"event": "task_finished", "trajectory_id": "e2431cd1-3f10-44b1-93ae-30e052b1c62a", "task_id": "task-07a2025d71ee061f3bd2", "model_version": "scripted-engineering-only", "outcome": "refused", "task_success": true}
{"event": "task_started", "trajectory_id": "091118f4-3ea8-4392-bab3-7c205c31c2e6", "task_id": "task-a48da85fc162e85f19e2", "model_version": "scripted-engineering-only"}
{"event": "task_finished", "trajectory_id": "091118f4-3ea8-4392-bab3-7c205c31c2e6", "task_id": "task-a48da85fc162e85f19e2", "model_version": "scripted-engineering-only", "outcome": "escalated", "task_success": true}
{"event": "task_started", "trajectory_id": "f9ee4218-fb57-46bb-9fbd-d28104d58800", "task_id": "task-06b8d71a2bcb3273229e", "model_version": "scripted-engineering-only"}
{"event": "task_finished", "trajectory_id": "f9ee4218-fb57-46bb-9fbd-d28104d58800", "task_id": "task-06b8d71a2bcb3273229e", "model_version": "scripted-engineering-only", "outcome": "escalated", "task_success": true}
{"event": "task_started", "trajectory_id": "417264a5-13ae-4e72-8e0e-5a14823a24c0", "task_id": "task-a54dafe4b4e3bb62483d", "model_version": "scripted-engineering-only"}
{"event": "task_finished", "trajectory_id": "417264a5-13ae-4e72-8e0e-5a14823a24c0", "task_id": "task-a54dafe4b4e3bb62483d", "model_version": "scripted-engineering-only", "outcome": "escalated", "task_success": true}
{"event": "task_started", "trajectory_id": "05ce6833-ac7d-42fd-867d-df6e0792f565", "task_id": "task-965bab023d996aea99f2", "model_version": "scripted-engineering-only"}
{"event": "task_finished", "trajectory_id": "05ce6833-ac7d-42fd-867d-df6e0792f565", "task_id": "task-965bab023d996aea99f2", "model_version": "scripted-engineering-only", "outcome": "completed", "task_success": true}
{"event": "task_started", "trajectory_id": "a0b2c375-7318-46b2-a953-4df9b76d5791", "task_id": "task-eba00923d594244d8a50", "model_version": "scripted-engineering-only"}
{"event": "task_finished", "trajectory_id": "a0b2c375-7318-46b2-a953-4df9b76d5791", "task_id": "task-eba00923d594244d8a50", "model_version": "scripted-engineering-only", "outcome": "completed", "task_success": true}
{"event": "task_started", "trajectory_id": "905ac681-413a-4cce-a58b-b1dae3d64b91", "task_id": "task-2d745d5735989f513472", "model_version": "scripted-engineering-only"}
{"event": "task_finished", "trajectory_id": "905ac681-413a-4cce-a58b-b1dae3d64b91", "task_id": "task-2d745d5735989f513472", "model_version": "scripted-engineering-only", "outcome": "completed", "task_success": true}
{"event": "task_started", "trajectory_id": "e3d23492-51f5-4505-be96-8a1a97196e91", "task_id": "task-adce80fcd242644af3be", "model_version": "scripted-engineering-only"}
{"event": "task_finished", "trajectory_id": "e3d23492-51f5-4505-be96-8a1a97196e91", "task_id": "task-adce80fcd242644af3be", "model_version": "scripted-engineering-only", "outcome": "escalated", "task_success": true}
{"event": "task_started", "trajectory_id": "475017fc-bbae-46b0-b94d-b66f99a1d516", "task_id": "task-a3b7dfcd02ab8da95ef8", "model_version": "scripted-engineering-only"}
{"event": "task_finished", "trajectory_id": "475017fc-bbae-46b0-b94d-b66f99a1d516", "task_id": "task-a3b7dfcd02ab8da95ef8", "model_version": "scripted-engineering-only", "outcome": "escalated", "task_success": true}
{"event": "task_started", "trajectory_id": "84dc5ddd-dffd-4a25-a1fc-5071af4629b8", "task_id": "task-0186019e3d73611b86a1", "model_version": "scripted-engineering-only"}
{"event": "task_finished", "trajectory_id": "84dc5ddd-dffd-4a25-a1fc-5071af4629b8", "task_id": "task-0186019e3d73611b86a1", "model_version": "scripted-engineering-only", "outcome": "escalated", "task_success": true}
{"event": "task_started", "trajectory_id": "4c165aa0-c43d-45c4-8578-1d71329b09ef", "task_id": "task-734d5b0d34d0656564ee", "model_version": "scripted-engineering-only"}
{"event": "task_finished", "trajectory_id": "4c165aa0-c43d-45c4-8578-1d71329b09ef", "task_id": "task-734d5b0d34d0656564ee", "model_version": "scripted-engineering-only", "outcome": "escalated", "task_success": true}
{"event": "task_started", "trajectory_id": "4220c8ff-af12-486c-8bd8-7fff2d1ab7ba", "task_id": "task-5dceefde9e586fb8376a", "model_version": "scripted-engineering-only"}
{"event": "task_finished", "trajectory_id": "4220c8ff-af12-486c-8bd8-7fff2d1ab7ba", "task_id": "task-5dceefde9e586fb8376a", "model_version": "scripted-engineering-only", "outcome": "escalated", "task_success": true}
{"event": "task_started", "trajectory_id": "cc086be4-cc41-4a03-8a62-43d358165adc", "task_id": "task-ad1e786facf608c440ac", "model_version": "scripted-engineering-only"}
{"event": "task_finished", "trajectory_id": "cc086be4-cc41-4a03-8a62-43d358165adc", "task_id": "task-ad1e786facf608c440ac", "model_version": "scripted-engineering-only", "outcome": "escalated", "task_success": true}
{"event": "task_started", "trajectory_id": "586f04bd-d2d9-4bd9-8d60-cd6f819ee716", "task_id": "task-bb68b21999ce552f5ffc", "model_version": "scripted-engineering-only"}
{"event": "task_finished", "trajectory_id": "586f04bd-d2d9-4bd9-8d60-cd6f819ee716", "task_id": "task-bb68b21999ce552f5ffc", "model_version": "scripted-engineering-only", "outcome": "completed", "task_success": true}
{"event": "task_started", "trajectory_id": "04c56676-9f6d-4a18-a5ca-02da5b578754", "task_id": "task-a1d394ba1d073d7a2eaa", "model_version": "scripted-engineering-only"}
{"event": "task_finished", "trajectory_id": "04c56676-9f6d-4a18-a5ca-02da5b578754", "task_id": "task-a1d394ba1d073d7a2eaa", "model_version": "scripted-engineering-only", "outcome": "completed", "task_success": true}
{"event": "task_started", "trajectory_id": "60152ad5-6c52-4f3e-b3ff-627735f14b7c", "task_id": "task-edb462866dbadf5ed77c", "model_version": "scripted-engineering-only"}
{"event": "task_finished", "trajectory_id": "60152ad5-6c52-4f3e-b3ff-627735f14b7c", "task_id": "task-edb462866dbadf5ed77c", "model_version": "scripted-engineering-only", "outcome": "completed", "task_success": true}
{"event": "task_started", "trajectory_id": "a2fc568d-8dd8-4a94-a65b-74269fc9d81c", "task_id": "task-6dfee218765c8a8ccb03", "model_version": "scripted-engineering-only"}
{"event": "task_finished", "trajectory_id": "a2fc568d-8dd8-4a94-a65b-74269fc9d81c", "task_id": "task-6dfee218765c8a8ccb03", "model_version": "scripted-engineering-only", "outcome": "completed", "task_success": true}
{"event": "task_started", "trajectory_id": "3b0041b6-9566-49ad-887f-7b447708b9a1", "task_id": "task-7b7e1c638fa73fcdc0cb", "model_version": "scripted-engineering-only"}
{"event": "task_finished", "trajectory_id": "3b0041b6-9566-49ad-887f-7b447708b9a1", "task_id": "task-7b7e1c638fa73fcdc0cb", "model_version": "scripted-engineering-only", "outcome": "completed", "task_success": true}
{"event": "task_started", "trajectory_id": "e60cdf23-59b5-4bce-9c18-bb2eee362b66", "task_id": "task-30eeea5e7635d5b1ecb1", "model_version": "scripted-engineering-only"}
{"event": "task_finished", "trajectory_id": "e60cdf23-59b5-4bce-9c18-bb2eee362b66", "task_id": "task-30eeea5e7635d5b1ecb1", "model_version": "scripted-engineering-only", "outcome": "completed", "task_success": true}
{"event": "task_started", "trajectory_id": "a306a1d2-5b39-4701-9132-e002785e269e", "task_id": "task-d1dddd10b1af24b04d3e", "model_version": "scripted-engineering-only"}
{"event": "task_finished", "trajectory_id": "a306a1d2-5b39-4701-9132-e002785e269e", "task_id": "task-d1dddd10b1af24b04d3e", "model_version": "scripted-engineering-only", "outcome": "escalated", "task_success": true}
{"event": "task_started", "trajectory_id": "46183edb-1ebd-4478-8080-7fd3ff4cb1fb", "task_id": "task-afbdfb29b194d7db817e", "model_version": "scripted-engineering-only"}
{"event": "task_finished", "trajectory_id": "46183edb-1ebd-4478-8080-7fd3ff4cb1fb", "task_id": "task-afbdfb29b194d7db817e", "model_version": "scripted-engineering-only", "outcome": "escalated", "task_success": true}
{"event": "task_started", "trajectory_id": "90061f6e-3e26-4cb6-bf34-12f95dbd7570", "task_id": "task-1cb1631bb12620637a56", "model_version": "scripted-engineering-only"}
{"event": "task_finished", "trajectory_id": "90061f6e-3e26-4cb6-bf34-12f95dbd7570", "task_id": "task-1cb1631bb12620637a56", "model_version": "scripted-engineering-only", "outcome": "escalated", "task_success": true}
{"event": "task_started", "trajectory_id": "3087ea57-2992-457d-ba40-136825529093", "task_id": "task-86bd6cb9106510ea039f", "model_version": "scripted-engineering-only"}
{"event": "task_finished", "trajectory_id": "3087ea57-2992-457d-ba40-136825529093", "task_id": "task-86bd6cb9106510ea039f", "model_version": "scripted-engineering-only", "outcome": "escalated", "task_success": true}
{"event": "task_started", "trajectory_id": "6143057a-470d-4622-841b-f2dabb937182", "task_id": "task-28acc947e09e78444ad1", "model_version": "scripted-engineering-only"}
{"event": "task_finished", "trajectory_id": "6143057a-470d-4622-841b-f2dabb937182", "task_id": "task-28acc947e09e78444ad1", "model_version": "scripted-engineering-only", "outcome": "escalated", "task_success": true}
{"event": "task_started", "trajectory_id": "5fc87e4e-ef65-4e99-89ce-ce71d285934f", "task_id": "task-398eead64c3eeb871099", "model_version": "scripted-engineering-only"}
{"event": "task_finished", "trajectory_id": "5fc87e4e-ef65-4e99-89ce-ce71d285934f", "task_id": "task-398eead64c3eeb871099", "model_version": "scripted-engineering-only", "outcome": "escalated", "task_success": true}
{"event": "task_started", "trajectory_id": "820a6908-01f5-4ef4-95ea-72b3bbbff313", "task_id": "task-80544b2a08bd57e8e768", "model_version": "scripted-engineering-only"}
{"event": "task_finished", "trajectory_id": "820a6908-01f5-4ef4-95ea-72b3bbbff313", "task_id": "task-80544b2a08bd57e8e768", "model_version": "scripted-engineering-only", "outcome": "completed", "task_success": true}
{"event": "task_started", "trajectory_id": "dee05a3c-5db2-4e10-b5ab-9a9b1a2dc3e8", "task_id": "task-673dbc9dd8f247601722", "model_version": "scripted-engineering-only"}
{"event": "task_finished", "trajectory_id": "dee05a3c-5db2-4e10-b5ab-9a9b1a2dc3e8", "task_id": "task-673dbc9dd8f247601722", "model_version": "scripted-engineering-only", "outcome": "completed", "task_success": true}
{"event": "task_started", "trajectory_id": "0c22bb40-a4c6-40a2-bf89-ea25dfbd9714", "task_id": "task-ed359ba55106b09d8847", "model_version": "scripted-engineering-only"}
{"event": "task_finished", "trajectory_id": "0c22bb40-a4c6-40a2-bf89-ea25dfbd9714", "task_id": "task-ed359ba55106b09d8847", "model_version": "scripted-engineering-only", "outcome": "completed", "task_success": true}
{"event": "task_started", "trajectory_id": "004b3254-f125-4db6-8490-f4bc9e3bed56", "task_id": "task-292ef81ae14a36c27b3f", "model_version": "scripted-engineering-only"}
{"event": "task_finished", "trajectory_id": "004b3254-f125-4db6-8490-f4bc9e3bed56", "task_id": "task-292ef81ae14a36c27b3f", "model_version": "scripted-engineering-only", "outcome": "refused", "task_success": true}
{"event": "task_started", "trajectory_id": "38899c59-bfa5-418b-872e-1cbe1b3b2081", "task_id": "task-5a00f3a9d86cd9d6c54d", "model_version": "scripted-engineering-only"}
{"event": "task_finished", "trajectory_id": "38899c59-bfa5-418b-872e-1cbe1b3b2081", "task_id": "task-5a00f3a9d86cd9d6c54d", "model_version": "scripted-engineering-only", "outcome": "refused", "task_success": true}
{"event": "task_started", "trajectory_id": "0654c144-b33a-41ea-8e19-b6c38060035d", "task_id": "task-3b9ce844f270fdf7774d", "model_version": "scripted-engineering-only"}
{"event": "task_finished", "trajectory_id": "0654c144-b33a-41ea-8e19-b6c38060035d", "task_id": "task-3b9ce844f270fdf7774d", "model_version": "scripted-engineering-only", "outcome": "refused", "task_success": true}
{"event": "task_started", "trajectory_id": "9e8611fb-bce8-4c44-9a1d-8af8c1283113", "task_id": "task-f9ea9ef01353b4b68e96", "model_version": "scripted-engineering-only"}
{"event": "task_finished", "trajectory_id": "9e8611fb-bce8-4c44-9a1d-8af8c1283113", "task_id": "task-f9ea9ef01353b4b68e96", "model_version": "scripted-engineering-only", "outcome": "refused", "task_success": true}
{"event": "task_started", "trajectory_id": "2b16c151-8fe4-433d-9bfd-f7c2dacafd22", "task_id": "task-98171245bbd786a1517a", "model_version": "scripted-engineering-only"}
{"event": "task_finished", "trajectory_id": "2b16c151-8fe4-433d-9bfd-f7c2dacafd22", "task_id": "task-98171245bbd786a1517a", "model_version": "scripted-engineering-only", "outcome": "refused", "task_success": true}
{"event": "task_started", "trajectory_id": "b020d929-718f-48bc-b9d1-04cfc30069c2", "task_id": "task-097a2cdd49eb7039eeda", "model_version": "scripted-engineering-only"}
{"event": "task_finished", "trajectory_id": "b020d929-718f-48bc-b9d1-04cfc30069c2", "task_id": "task-097a2cdd49eb7039eeda", "model_version": "scripted-engineering-only", "outcome": "refused", "task_success": true}
{"event": "task_started", "trajectory_id": "5591a457-6c91-4c19-9e6d-a03b202f2b79", "task_id": "task-dc45c35c4539665fa28a", "model_version": "scripted-engineering-only"}
{"event": "task_finished", "trajectory_id": "5591a457-6c91-4c19-9e6d-a03b202f2b79", "task_id": "task-dc45c35c4539665fa28a", "model_version": "scripted-engineering-only", "outcome": "escalated", "task_success": true}
{"event": "task_started", "trajectory_id": "144e7f9f-8f26-4240-9c51-a453a1aa9f1c", "task_id": "task-012721fdabc6938bfdb4", "model_version": "scripted-engineering-only"}
{"event": "task_finished", "trajectory_id": "144e7f9f-8f26-4240-9c51-a453a1aa9f1c", "task_id": "task-012721fdabc6938bfdb4", "model_version": "scripted-engineering-only", "outcome": "escalated", "task_success": true}
{"event": "task_started", "trajectory_id": "ab954884-7837-4839-a48b-15e14bd8eaff", "task_id": "task-7e2db9056f851620b578", "model_version": "scripted-engineering-only"}
{"event": "task_finished", "trajectory_id": "ab954884-7837-4839-a48b-15e14bd8eaff", "task_id": "task-7e2db9056f851620b578", "model_version": "scripted-engineering-only", "outcome": "escalated", "task_success": true}
{"event": "task_started", "trajectory_id": "00ef3e84-47b8-4ea4-bf74-b339b4b89bf0", "task_id": "task-56d11969bbac661ba221", "model_version": "scripted-engineering-only"}
{"event": "task_finished", "trajectory_id": "00ef3e84-47b8-4ea4-bf74-b339b4b89bf0", "task_id": "task-56d11969bbac661ba221", "model_version": "scripted-engineering-only", "outcome": "refused", "task_success": true}
{"event": "task_started", "trajectory_id": "952f1c5b-7641-4148-b4de-7bddfe8d5b4e", "task_id": "task-87d7c7fe1cf3dca74c72", "model_version": "scripted-engineering-only"}
{"event": "task_finished", "trajectory_id": "952f1c5b-7641-4148-b4de-7bddfe8d5b4e", "task_id": "task-87d7c7fe1cf3dca74c72", "model_version": "scripted-engineering-only", "outcome": "refused", "task_success": true}
{"event": "task_started", "trajectory_id": "542fe470-a27e-47a4-9378-d3d36115998e", "task_id": "task-31dce11192d72a14cb25", "model_version": "scripted-engineering-only"}
{"event": "task_finished", "trajectory_id": "542fe470-a27e-47a4-9378-d3d36115998e", "task_id": "task-31dce11192d72a14cb25", "model_version": "scripted-engineering-only", "outcome": "refused", "task_success": true}
{"event": "task_started", "trajectory_id": "33e64e7f-d11c-4866-902e-f8550a39d76f", "task_id": "task-c9c2d9c2d23545eb0e36", "model_version": "scripted-engineering-only"}
{"event": "task_finished", "trajectory_id": "33e64e7f-d11c-4866-902e-f8550a39d76f", "task_id": "task-c9c2d9c2d23545eb0e36", "model_version": "scripted-engineering-only", "outcome": "refused", "task_success": true}
{"event": "task_started", "trajectory_id": "43c257b8-21cd-4739-bc50-91b0c55d9b77", "task_id": "task-9f2dbc26618598f23b3d", "model_version": "scripted-engineering-only"}
{"event": "task_finished", "trajectory_id": "43c257b8-21cd-4739-bc50-91b0c55d9b77", "task_id": "task-9f2dbc26618598f23b3d", "model_version": "scripted-engineering-only", "outcome": "refused", "task_success": true}
{"event": "task_started", "trajectory_id": "7ba990bf-8f0a-47e1-815e-6198a67a57cd", "task_id": "task-ba01b87f8d3c2b2a0a9d", "model_version": "scripted-engineering-only"}
{"event": "task_finished", "trajectory_id": "7ba990bf-8f0a-47e1-815e-6198a67a57cd", "task_id": "task-ba01b87f8d3c2b2a0a9d", "model_version": "scripted-engineering-only", "outcome": "refused", "task_success": true}
{"event": "task_started", "trajectory_id": "9111706e-64b3-4550-83d6-da0710d7c729", "task_id": "task-bdd32dbdec43e2d790e2", "model_version": "scripted-engineering-only"}
{"event": "task_finished", "trajectory_id": "9111706e-64b3-4550-83d6-da0710d7c729", "task_id": "task-bdd32dbdec43e2d790e2", "model_version": "scripted-engineering-only", "outcome": "escalated", "task_success": true}
{"event": "task_started", "trajectory_id": "7e66852f-3656-4e66-b5d4-4d6a14163487", "task_id": "task-abd88aed3619fa1f2adb", "model_version": "scripted-engineering-only"}
{"event": "task_finished", "trajectory_id": "7e66852f-3656-4e66-b5d4-4d6a14163487", "task_id": "task-abd88aed3619fa1f2adb", "model_version": "scripted-engineering-only", "outcome": "escalated", "task_success": true}
{"event": "task_started", "trajectory_id": "0a3394f1-2e61-4671-802d-1743d90a2c09", "task_id": "task-3679379ac0a63d0c5798", "model_version": "scripted-engineering-only"}
{"event": "task_finished", "trajectory_id": "0a3394f1-2e61-4671-802d-1743d90a2c09", "task_id": "task-3679379ac0a63d0c5798", "model_version": "scripted-engineering-only", "outcome": "escalated", "task_success": true}
{"event": "task_started", "trajectory_id": "63aa1311-a973-4984-b3d6-de3c328857c7", "task_id": "task-ec729be391c4a34fe297", "model_version": "scripted-engineering-only"}
{"event": "task_finished", "trajectory_id": "63aa1311-a973-4984-b3d6-de3c328857c7", "task_id": "task-ec729be391c4a34fe297", "model_version": "scripted-engineering-only", "outcome": "completed", "task_success": true}
{"event": "task_started", "trajectory_id": "5dc5e9b3-7138-4a87-bb14-7c3463ef3b50", "task_id": "task-b453a658279db88de3c0", "model_version": "scripted-engineering-only"}
{"event": "task_finished", "trajectory_id": "5dc5e9b3-7138-4a87-bb14-7c3463ef3b50", "task_id": "task-b453a658279db88de3c0", "model_version": "scripted-engineering-only", "outcome": "completed", "task_success": true}
{"event": "task_started", "trajectory_id": "75d02830-039d-40eb-94f7-7cb90b3b3c2a", "task_id": "task-97af2e092bbdb911a25a", "model_version": "scripted-engineering-only"}
{"event": "task_finished", "trajectory_id": "75d02830-039d-40eb-94f7-7cb90b3b3c2a", "task_id": "task-97af2e092bbdb911a25a", "model_version": "scripted-engineering-only", "outcome": "completed", "task_success": true}
{"event": "task_started", "trajectory_id": "20c75417-92d7-47c5-9eef-b32b81ad878c", "task_id": "task-0724fc5648935c3d16ba", "model_version": "scripted-engineering-only"}
{"event": "task_finished", "trajectory_id": "20c75417-92d7-47c5-9eef-b32b81ad878c", "task_id": "task-0724fc5648935c3d16ba", "model_version": "scripted-engineering-only", "outcome": "escalated", "task_success": true}
{"event": "task_started", "trajectory_id": "d1464d41-bac1-4de8-bbfb-acc6b6bd99dd", "task_id": "task-674a4080fd2f0382b598", "model_version": "scripted-engineering-only"}
{"event": "task_finished", "trajectory_id": "d1464d41-bac1-4de8-bbfb-acc6b6bd99dd", "task_id": "task-674a4080fd2f0382b598", "model_version": "scripted-engineering-only", "outcome": "escalated", "task_success": true}
{"event": "task_started", "trajectory_id": "03389fcb-e02b-4790-baa8-4bdc45cfeb73", "task_id": "task-3feda8a21f9775e1db88", "model_version": "scripted-engineering-only"}
{"event": "task_finished", "trajectory_id": "03389fcb-e02b-4790-baa8-4bdc45cfeb73", "task_id": "task-3feda8a21f9775e1db88", "model_version": "scripted-engineering-only", "outcome": "escalated", "task_success": true}
{"event": "task_started", "trajectory_id": "67ae4be2-205d-47e4-9e72-ecd6e3989d29", "task_id": "task-0e084016f0ee902062e6", "model_version": "scripted-engineering-only"}
{"event": "task_finished", "trajectory_id": "67ae4be2-205d-47e4-9e72-ecd6e3989d29", "task_id": "task-0e084016f0ee902062e6", "model_version": "scripted-engineering-only", "outcome": "completed", "task_success": true}
{"event": "task_started", "trajectory_id": "183b0f30-1d61-431a-8f6b-3ed797f5edae", "task_id": "task-4c6c1f9967c096b34002", "model_version": "scripted-engineering-only"}
{"event": "task_finished", "trajectory_id": "183b0f30-1d61-431a-8f6b-3ed797f5edae", "task_id": "task-4c6c1f9967c096b34002", "model_version": "scripted-engineering-only", "outcome": "completed", "task_success": true}
{"event": "task_started", "trajectory_id": "4b053938-dffd-47f2-ad06-a109e169c0f3", "task_id": "task-5d8affbfbc38c6af2a55", "model_version": "scripted-engineering-only"}
{"event": "task_finished", "trajectory_id": "4b053938-dffd-47f2-ad06-a109e169c0f3", "task_id": "task-5d8affbfbc38c6af2a55", "model_version": "scripted-engineering-only", "outcome": "completed", "task_success": true}
{"event": "task_started", "trajectory_id": "71fc64e3-494b-43e1-975f-53bf934cf2cd", "task_id": "task-705ae2b6a38ee732fcb6", "model_version": "scripted-engineering-only"}
{"event": "task_finished", "trajectory_id": "71fc64e3-494b-43e1-975f-53bf934cf2cd", "task_id": "task-705ae2b6a38ee732fcb6", "model_version": "scripted-engineering-only", "outcome": "refused", "task_success": true}
{"event": "task_started", "trajectory_id": "4cfcf210-3dd4-4051-91cc-2b8391725f73", "task_id": "task-aacc6eab02d55411c926", "model_version": "scripted-engineering-only"}
{"event": "task_finished", "trajectory_id": "4cfcf210-3dd4-4051-91cc-2b8391725f73", "task_id": "task-aacc6eab02d55411c926", "model_version": "scripted-engineering-only", "outcome": "refused", "task_success": true}
{"event": "task_started", "trajectory_id": "247ba9b6-37b7-4f45-a200-e42a12c9b19a", "task_id": "task-e69eb5bbc48e257eaed9", "model_version": "scripted-engineering-only"}
{"event": "task_finished", "trajectory_id": "247ba9b6-37b7-4f45-a200-e42a12c9b19a", "task_id": "task-e69eb5bbc48e257eaed9", "model_version": "scripted-engineering-only", "outcome": "refused", "task_success": true}
{"event": "task_started", "trajectory_id": "38f45f83-087b-4353-ae6e-e9c3b13273c4", "task_id": "task-d218b76a549bb71d32a3", "model_version": "scripted-engineering-only"}
{"event": "task_finished", "trajectory_id": "38f45f83-087b-4353-ae6e-e9c3b13273c4", "task_id": "task-d218b76a549bb71d32a3", "model_version": "scripted-engineering-only", "outcome": "escalated", "task_success": true}
{"event": "task_started", "trajectory_id": "2d3bf915-909b-4658-ae8a-026032489774", "task_id": "task-399f80239f711ea5d908", "model_version": "scripted-engineering-only"}
{"event": "task_finished", "trajectory_id": "2d3bf915-909b-4658-ae8a-026032489774", "task_id": "task-399f80239f711ea5d908", "model_version": "scripted-engineering-only", "outcome": "escalated", "task_success": true}
{"event": "task_started", "trajectory_id": "78b21379-8acb-4d56-ab32-a0ad2d7d455c", "task_id": "task-59a584317a710f1deb73", "model_version": "scripted-engineering-only"}
{"event": "task_finished", "trajectory_id": "78b21379-8acb-4d56-ab32-a0ad2d7d455c", "task_id": "task-59a584317a710f1deb73", "model_version": "scripted-engineering-only", "outcome": "escalated", "task_success": true}
{"event": "task_started", "trajectory_id": "e60a0eec-96f6-4ef2-bbb5-f518f50d1020", "task_id": "task-f72263adb1c1d420111e", "model_version": "scripted-engineering-only"}
{"event": "task_finished", "trajectory_id": "e60a0eec-96f6-4ef2-bbb5-f518f50d1020", "task_id": "task-f72263adb1c1d420111e", "model_version": "scripted-engineering-only", "outcome": "escalated", "task_success": true}
{"event": "task_started", "trajectory_id": "1be2e062-4a52-43b7-9d88-4f13b0d6b1e0", "task_id": "task-90c1813085f31f5299b3", "model_version": "scripted-engineering-only"}
{"event": "task_finished", "trajectory_id": "1be2e062-4a52-43b7-9d88-4f13b0d6b1e0", "task_id": "task-90c1813085f31f5299b3", "model_version": "scripted-engineering-only", "outcome": "escalated", "task_success": true}
{"event": "task_started", "trajectory_id": "ac7a80c9-6614-4633-ac55-6af51a318c07", "task_id": "task-c31ed15c43fec69b21d0", "model_version": "scripted-engineering-only"}
{"event": "task_finished", "trajectory_id": "ac7a80c9-6614-4633-ac55-6af51a318c07", "task_id": "task-c31ed15c43fec69b21d0", "model_version": "scripted-engineering-only", "outcome": "escalated", "task_success": true}
{"event": "task_started", "trajectory_id": "804be8b3-429b-49c6-89e5-65bb40562097", "task_id": "task-c4da3551dcd0c1e6d1bc", "model_version": "scripted-engineering-only"}
{"event": "task_finished", "trajectory_id": "804be8b3-429b-49c6-89e5-65bb40562097", "task_id": "task-c4da3551dcd0c1e6d1bc", "model_version": "scripted-engineering-only", "outcome": "completed", "task_success": true}
{"event": "task_started", "trajectory_id": "88e5fbc7-cbc4-43db-ad85-0c56515999ed", "task_id": "task-d573e068640729f6fc0c", "model_version": "scripted-engineering-only"}
{"event": "task_finished", "trajectory_id": "88e5fbc7-cbc4-43db-ad85-0c56515999ed", "task_id": "task-d573e068640729f6fc0c", "model_version": "scripted-engineering-only", "outcome": "completed", "task_success": true}
{"event": "task_started", "trajectory_id": "bf78b7a4-3e40-4cc2-8c44-57e73df9189b", "task_id": "task-5451f40b657f5bfdccbc", "model_version": "scripted-engineering-only"}
{"event": "task_finished", "trajectory_id": "bf78b7a4-3e40-4cc2-8c44-57e73df9189b", "task_id": "task-5451f40b657f5bfdccbc", "model_version": "scripted-engineering-only", "outcome": "completed", "task_success": true}
{"event": "task_started", "trajectory_id": "cb5b2bcf-e8d0-48db-9382-5a79f3231fdf", "task_id": "task-d71f713e079ab5c2b330", "model_version": "scripted-engineering-only"}
{"event": "task_finished", "trajectory_id": "cb5b2bcf-e8d0-48db-9382-5a79f3231fdf", "task_id": "task-d71f713e079ab5c2b330", "model_version": "scripted-engineering-only", "outcome": "completed", "task_success": true}
{"event": "task_started", "trajectory_id": "db86ab9f-2e20-4b25-86b1-4ec44bd9e259", "task_id": "task-aa38b5523e6289961272", "model_version": "scripted-engineering-only"}
{"event": "task_finished", "trajectory_id": "db86ab9f-2e20-4b25-86b1-4ec44bd9e259", "task_id": "task-aa38b5523e6289961272", "model_version": "scripted-engineering-only", "outcome": "completed", "task_success": true}
{"event": "task_started", "trajectory_id": "63d0e0f3-0a19-4667-b868-f9b20a2dcf99", "task_id": "task-45334e54e1889ab54a6c", "model_version": "scripted-engineering-only"}
{"event": "task_finished", "trajectory_id": "63d0e0f3-0a19-4667-b868-f9b20a2dcf99", "task_id": "task-45334e54e1889ab54a6c", "model_version": "scripted-engineering-only", "outcome": "completed", "task_success": true}
{"event": "task_started", "trajectory_id": "59624bd9-c484-4e6c-b94e-92e771af18f4", "task_id": "task-c50d95cdd2eabf3b7e52", "model_version": "scripted-engineering-only"}
{"event": "task_finished", "trajectory_id": "59624bd9-c484-4e6c-b94e-92e771af18f4", "task_id": "task-c50d95cdd2eabf3b7e52", "model_version": "scripted-engineering-only", "outcome": "completed", "task_success": true}
{"event": "task_started", "trajectory_id": "f53ec523-0cbf-43ee-abc0-d4e398896b85", "task_id": "task-e730102b9a4395aae8ee", "model_version": "scripted-engineering-only"}
{"event": "task_finished", "trajectory_id": "f53ec523-0cbf-43ee-abc0-d4e398896b85", "task_id": "task-e730102b9a4395aae8ee", "model_version": "scripted-engineering-only", "outcome": "completed", "task_success": true}
{"event": "task_started", "trajectory_id": "cd7f0735-5544-47b9-bded-b9c063af7366", "task_id": "task-c1422229a8352e1cf4fc", "model_version": "scripted-engineering-only"}
{"event": "task_finished", "trajectory_id": "cd7f0735-5544-47b9-bded-b9c063af7366", "task_id": "task-c1422229a8352e1cf4fc", "model_version": "scripted-engineering-only", "outcome": "completed", "task_success": true}
{"event": "task_started", "trajectory_id": "884d399a-45ea-472e-9b48-235ca7e0bc03", "task_id": "task-f67587394339c41f909c", "model_version": "scripted-engineering-only"}
{"event": "task_finished", "trajectory_id": "884d399a-45ea-472e-9b48-235ca7e0bc03", "task_id": "task-f67587394339c41f909c", "model_version": "scripted-engineering-only", "outcome": "refused", "task_success": true}
{"event": "task_started", "trajectory_id": "962bc207-1787-43ca-bb89-b8da61ff6abe", "task_id": "task-b2e0e6a52eb4cbe28b57", "model_version": "scripted-engineering-only"}
{"event": "task_finished", "trajectory_id": "962bc207-1787-43ca-bb89-b8da61ff6abe", "task_id": "task-b2e0e6a52eb4cbe28b57", "model_version": "scripted-engineering-only", "outcome": "refused", "task_success": true}
{"event": "task_started", "trajectory_id": "5a89ab08-f9ff-4e84-befc-0182376dd45d", "task_id": "task-271e4f001bfbec4ba37f", "model_version": "scripted-engineering-only"}
{"event": "task_finished", "trajectory_id": "5a89ab08-f9ff-4e84-befc-0182376dd45d", "task_id": "task-271e4f001bfbec4ba37f", "model_version": "scripted-engineering-only", "outcome": "refused", "task_success": true}
{"event": "task_started", "trajectory_id": "722d39b1-2a33-4f8f-b095-8bba71320df0", "task_id": "task-f476ba5bc12924d9bc6b", "model_version": "scripted-engineering-only"}
{"event": "task_finished", "trajectory_id": "722d39b1-2a33-4f8f-b095-8bba71320df0", "task_id": "task-f476ba5bc12924d9bc6b", "model_version": "scripted-engineering-only", "outcome": "refused", "task_success": true}
{"event": "task_started", "trajectory_id": "84a74499-136a-4471-88a8-1602254e5fa8", "task_id": "task-5eb647be1fe8d553a68b", "model_version": "scripted-engineering-only"}
{"event": "task_finished", "trajectory_id": "84a74499-136a-4471-88a8-1602254e5fa8", "task_id": "task-5eb647be1fe8d553a68b", "model_version": "scripted-engineering-only", "outcome": "refused", "task_success": true}
{"event": "task_started", "trajectory_id": "8138b466-c423-437a-9b9d-eb00f8f469af", "task_id": "task-07a2025d71ee061f3bd2", "model_version": "scripted-engineering-only"}
{"event": "task_finished", "trajectory_id": "8138b466-c423-437a-9b9d-eb00f8f469af", "task_id": "task-07a2025d71ee061f3bd2", "model_version": "scripted-engineering-only", "outcome": "refused", "task_success": true}
{"event": "task_started", "trajectory_id": "589d12f5-3a3c-4ff6-8ff2-a8d4445fdc66", "task_id": "task-a48da85fc162e85f19e2", "model_version": "scripted-engineering-only"}
{"event": "task_finished", "trajectory_id": "589d12f5-3a3c-4ff6-8ff2-a8d4445fdc66", "task_id": "task-a48da85fc162e85f19e2", "model_version": "scripted-engineering-only", "outcome": "escalated", "task_success": true}
{"event": "task_started", "trajectory_id": "0eea5fbf-a5ab-4629-8bf0-b6d65f5af6d2", "task_id": "task-06b8d71a2bcb3273229e", "model_version": "scripted-engineering-only"}
{"event": "task_finished", "trajectory_id": "0eea5fbf-a5ab-4629-8bf0-b6d65f5af6d2", "task_id": "task-06b8d71a2bcb3273229e", "model_version": "scripted-engineering-only", "outcome": "escalated", "task_success": true}
{"event": "task_started", "trajectory_id": "fecd4903-3aec-4a0b-8908-45a822643a9a", "task_id": "task-a54dafe4b4e3bb62483d", "model_version": "scripted-engineering-only"}
{"event": "task_finished", "trajectory_id": "fecd4903-3aec-4a0b-8908-45a822643a9a", "task_id": "task-a54dafe4b4e3bb62483d", "model_version": "scripted-engineering-only", "outcome": "escalated", "task_success": true}
{"event": "task_started", "trajectory_id": "6bc8c545-d65d-40fd-8060-36e8969d8790", "task_id": "task-965bab023d996aea99f2", "model_version": "scripted-engineering-only"}
{"event": "task_finished", "trajectory_id": "6bc8c545-d65d-40fd-8060-36e8969d8790", "task_id": "task-965bab023d996aea99f2", "model_version": "scripted-engineering-only", "outcome": "completed", "task_success": true}
{"event": "task_started", "trajectory_id": "ad707c2f-8a31-434e-8f2d-38023d439d7d", "task_id": "task-eba00923d594244d8a50", "model_version": "scripted-engineering-only"}
{"event": "task_finished", "trajectory_id": "ad707c2f-8a31-434e-8f2d-38023d439d7d", "task_id": "task-eba00923d594244d8a50", "model_version": "scripted-engineering-only", "outcome": "completed", "task_success": true}
{"event": "task_started", "trajectory_id": "596fedcc-2ec2-42d8-b352-cabdd8fa8213", "task_id": "task-2d745d5735989f513472", "model_version": "scripted-engineering-only"}
{"event": "task_finished", "trajectory_id": "596fedcc-2ec2-42d8-b352-cabdd8fa8213", "task_id": "task-2d745d5735989f513472", "model_version": "scripted-engineering-only", "outcome": "completed", "task_success": true}
{"event": "task_started", "trajectory_id": "8cc2caea-06d4-4d54-862e-85edbcc3d22f", "task_id": "task-adce80fcd242644af3be", "model_version": "scripted-engineering-only"}
{"event": "task_finished", "trajectory_id": "8cc2caea-06d4-4d54-862e-85edbcc3d22f", "task_id": "task-adce80fcd242644af3be", "model_version": "scripted-engineering-only", "outcome": "escalated", "task_success": true}
{"event": "task_started", "trajectory_id": "55151f02-f0e6-44f8-bc48-ab079a4c2092", "task_id": "task-a3b7dfcd02ab8da95ef8", "model_version": "scripted-engineering-only"}
{"event": "task_finished", "trajectory_id": "55151f02-f0e6-44f8-bc48-ab079a4c2092", "task_id": "task-a3b7dfcd02ab8da95ef8", "model_version": "scripted-engineering-only", "outcome": "escalated", "task_success": true}
{"event": "task_started", "trajectory_id": "19be6e1e-a87e-42a1-9421-2085ec260269", "task_id": "task-0186019e3d73611b86a1", "model_version": "scripted-engineering-only"}
{"event": "task_finished", "trajectory_id": "19be6e1e-a87e-42a1-9421-2085ec260269", "task_id": "task-0186019e3d73611b86a1", "model_version": "scripted-engineering-only", "outcome": "escalated", "task_success": true}
{"event": "task_started", "trajectory_id": "631c4809-e2c1-4035-a212-e427bde43654", "task_id": "task-734d5b0d34d0656564ee", "model_version": "scripted-engineering-only"}
{"event": "task_finished", "trajectory_id": "631c4809-e2c1-4035-a212-e427bde43654", "task_id": "task-734d5b0d34d0656564ee", "model_version": "scripted-engineering-only", "outcome": "escalated", "task_success": true}
{"event": "task_started", "trajectory_id": "7a372526-842a-4b6e-ae46-9314968f6b94", "task_id": "task-5dceefde9e586fb8376a", "model_version": "scripted-engineering-only"}
{"event": "task_finished", "trajectory_id": "7a372526-842a-4b6e-ae46-9314968f6b94", "task_id": "task-5dceefde9e586fb8376a", "model_version": "scripted-engineering-only", "outcome": "escalated", "task_success": true}
{"event": "task_started", "trajectory_id": "ca8f93c3-2ee6-4988-a680-114d58b7d652", "task_id": "task-ad1e786facf608c440ac", "model_version": "scripted-engineering-only"}
{"event": "task_finished", "trajectory_id": "ca8f93c3-2ee6-4988-a680-114d58b7d652", "task_id": "task-ad1e786facf608c440ac", "model_version": "scripted-engineering-only", "outcome": "escalated", "task_success": true}
{"event": "task_started", "trajectory_id": "3a05ee5e-546f-42d1-8775-106eee82a8e1", "task_id": "task-bb68b21999ce552f5ffc", "model_version": "scripted-engineering-only"}
{"event": "task_finished", "trajectory_id": "3a05ee5e-546f-42d1-8775-106eee82a8e1", "task_id": "task-bb68b21999ce552f5ffc", "model_version": "scripted-engineering-only", "outcome": "completed", "task_success": true}
{"event": "task_started", "trajectory_id": "caf289d5-381b-4891-8b47-a956a4891d14", "task_id": "task-a1d394ba1d073d7a2eaa", "model_version": "scripted-engineering-only"}
{"event": "task_finished", "trajectory_id": "caf289d5-381b-4891-8b47-a956a4891d14", "task_id": "task-a1d394ba1d073d7a2eaa", "model_version": "scripted-engineering-only", "outcome": "completed", "task_success": true}
{"event": "task_started", "trajectory_id": "9fc144e3-a10c-4e41-bca5-888ac0f6d3db", "task_id": "task-edb462866dbadf5ed77c", "model_version": "scripted-engineering-only"}
{"event": "task_finished", "trajectory_id": "9fc144e3-a10c-4e41-bca5-888ac0f6d3db", "task_id": "task-edb462866dbadf5ed77c", "model_version": "scripted-engineering-only", "outcome": "completed", "task_success": true}
{"event": "task_started", "trajectory_id": "a79041bf-5622-4766-85f2-e00fcb83e87a", "task_id": "task-6dfee218765c8a8ccb03", "model_version": "scripted-engineering-only"}
{"event": "task_finished", "trajectory_id": "a79041bf-5622-4766-85f2-e00fcb83e87a", "task_id": "task-6dfee218765c8a8ccb03", "model_version": "scripted-engineering-only", "outcome": "completed", "task_success": true}
{"event": "task_started", "trajectory_id": "b7243b1c-a6ce-453e-b315-a366d4ad99b1", "task_id": "task-7b7e1c638fa73fcdc0cb", "model_version": "scripted-engineering-only"}
{"event": "task_finished", "trajectory_id": "b7243b1c-a6ce-453e-b315-a366d4ad99b1", "task_id": "task-7b7e1c638fa73fcdc0cb", "model_version": "scripted-engineering-only", "outcome": "completed", "task_success": true}
{"event": "task_started", "trajectory_id": "4f1d4971-f55b-4b70-abd2-de8ff0c15e80", "task_id": "task-30eeea5e7635d5b1ecb1", "model_version": "scripted-engineering-only"}
{"event": "task_finished", "trajectory_id": "4f1d4971-f55b-4b70-abd2-de8ff0c15e80", "task_id": "task-30eeea5e7635d5b1ecb1", "model_version": "scripted-engineering-only", "outcome": "completed", "task_success": true}
{"event": "task_started", "trajectory_id": "9701e813-421f-414d-b7a5-6c087ee5dcda", "task_id": "task-d1dddd10b1af24b04d3e", "model_version": "scripted-engineering-only"}
{"event": "task_finished", "trajectory_id": "9701e813-421f-414d-b7a5-6c087ee5dcda", "task_id": "task-d1dddd10b1af24b04d3e", "model_version": "scripted-engineering-only", "outcome": "escalated", "task_success": true}
{"event": "task_started", "trajectory_id": "61c00219-2bbb-465b-a441-1ad10c21d1f5", "task_id": "task-afbdfb29b194d7db817e", "model_version": "scripted-engineering-only"}
{"event": "task_finished", "trajectory_id": "61c00219-2bbb-465b-a441-1ad10c21d1f5", "task_id": "task-afbdfb29b194d7db817e", "model_version": "scripted-engineering-only", "outcome": "escalated", "task_success": true}
{"event": "task_started", "trajectory_id": "c751f22d-1d36-4ea3-97e9-df2eb026694c", "task_id": "task-1cb1631bb12620637a56", "model_version": "scripted-engineering-only"}
{"event": "task_finished", "trajectory_id": "c751f22d-1d36-4ea3-97e9-df2eb026694c", "task_id": "task-1cb1631bb12620637a56", "model_version": "scripted-engineering-only", "outcome": "escalated", "task_success": true}
{"event": "task_started", "trajectory_id": "d9eb143e-99d6-44e9-932b-e4914bfcd3d0", "task_id": "task-86bd6cb9106510ea039f", "model_version": "scripted-engineering-only"}
{"event": "task_finished", "trajectory_id": "d9eb143e-99d6-44e9-932b-e4914bfcd3d0", "task_id": "task-86bd6cb9106510ea039f", "model_version": "scripted-engineering-only", "outcome": "escalated", "task_success": true}
{"event": "task_started", "trajectory_id": "afa87bbd-a3b6-45f5-b27e-a1ba26e9f1b2", "task_id": "task-28acc947e09e78444ad1", "model_version": "scripted-engineering-only"}
{"event": "task_finished", "trajectory_id": "afa87bbd-a3b6-45f5-b27e-a1ba26e9f1b2", "task_id": "task-28acc947e09e78444ad1", "model_version": "scripted-engineering-only", "outcome": "escalated", "task_success": true}
{"event": "task_started", "trajectory_id": "e13d4ece-c2d7-4ae4-b012-df1d9fec9329", "task_id": "task-398eead64c3eeb871099", "model_version": "scripted-engineering-only"}
{"event": "task_finished", "trajectory_id": "e13d4ece-c2d7-4ae4-b012-df1d9fec9329", "task_id": "task-398eead64c3eeb871099", "model_version": "scripted-engineering-only", "outcome": "escalated", "task_success": true}
{"event": "task_started", "trajectory_id": "ee7a2043-5e53-4710-aa46-218cfffc325b", "task_id": "task-80544b2a08bd57e8e768", "model_version": "scripted-engineering-only"}
{"event": "task_finished", "trajectory_id": "ee7a2043-5e53-4710-aa46-218cfffc325b", "task_id": "task-80544b2a08bd57e8e768", "model_version": "scripted-engineering-only", "outcome": "completed", "task_success": true}
{"event": "task_started", "trajectory_id": "7d232caf-421a-4e3d-8034-4a5054fd5a41", "task_id": "task-673dbc9dd8f247601722", "model_version": "scripted-engineering-only"}
{"event": "task_finished", "trajectory_id": "7d232caf-421a-4e3d-8034-4a5054fd5a41", "task_id": "task-673dbc9dd8f247601722", "model_version": "scripted-engineering-only", "outcome": "completed", "task_success": true}
{"event": "task_started", "trajectory_id": "74287ea8-13ac-4734-8b8b-a50df7405e84", "task_id": "task-ed359ba55106b09d8847", "model_version": "scripted-engineering-only"}
{"event": "task_finished", "trajectory_id": "74287ea8-13ac-4734-8b8b-a50df7405e84", "task_id": "task-ed359ba55106b09d8847", "model_version": "scripted-engineering-only", "outcome": "completed", "task_success": true}
{"event": "task_started", "trajectory_id": "e10ed0cc-0a28-43dd-af3a-e4fef2131ad2", "task_id": "task-292ef81ae14a36c27b3f", "model_version": "scripted-engineering-only"}
{"event": "task_finished", "trajectory_id": "e10ed0cc-0a28-43dd-af3a-e4fef2131ad2", "task_id": "task-292ef81ae14a36c27b3f", "model_version": "scripted-engineering-only", "outcome": "refused", "task_success": true}
{"event": "task_started", "trajectory_id": "ef6708dd-fd70-4a83-a242-b0c9e7b22cb7", "task_id": "task-5a00f3a9d86cd9d6c54d", "model_version": "scripted-engineering-only"}
{"event": "task_finished", "trajectory_id": "ef6708dd-fd70-4a83-a242-b0c9e7b22cb7", "task_id": "task-5a00f3a9d86cd9d6c54d", "model_version": "scripted-engineering-only", "outcome": "refused", "task_success": true}
{"event": "task_started", "trajectory_id": "a621725e-fdc4-460d-8120-d9dd9b7c5e05", "task_id": "task-3b9ce844f270fdf7774d", "model_version": "scripted-engineering-only"}
{"event": "task_finished", "trajectory_id": "a621725e-fdc4-460d-8120-d9dd9b7c5e05", "task_id": "task-3b9ce844f270fdf7774d", "model_version": "scripted-engineering-only", "outcome": "refused", "task_success": true}
{"event": "task_started", "trajectory_id": "4e27b88a-c510-4196-ae77-b9b4515abfb4", "task_id": "task-f9ea9ef01353b4b68e96", "model_version": "scripted-engineering-only"}
{"event": "task_finished", "trajectory_id": "4e27b88a-c510-4196-ae77-b9b4515abfb4", "task_id": "task-f9ea9ef01353b4b68e96", "model_version": "scripted-engineering-only", "outcome": "refused", "task_success": true}
{"event": "task_started", "trajectory_id": "d5e718ea-3989-433b-8d82-5890a89b555d", "task_id": "task-98171245bbd786a1517a", "model_version": "scripted-engineering-only"}
{"event": "task_finished", "trajectory_id": "d5e718ea-3989-433b-8d82-5890a89b555d", "task_id": "task-98171245bbd786a1517a", "model_version": "scripted-engineering-only", "outcome": "refused", "task_success": true}
{"event": "task_started", "trajectory_id": "14465718-a0b3-462d-85e6-b45888d4c6fd", "task_id": "task-097a2cdd49eb7039eeda", "model_version": "scripted-engineering-only"}
{"event": "task_finished", "trajectory_id": "14465718-a0b3-462d-85e6-b45888d4c6fd", "task_id": "task-097a2cdd49eb7039eeda", "model_version": "scripted-engineering-only", "outcome": "refused", "task_success": true}
{"event": "task_started", "trajectory_id": "fde530e0-f609-4122-a65a-132f4c3554d1", "task_id": "task-dc45c35c4539665fa28a", "model_version": "scripted-engineering-only"}
{"event": "task_finished", "trajectory_id": "fde530e0-f609-4122-a65a-132f4c3554d1", "task_id": "task-dc45c35c4539665fa28a", "model_version": "scripted-engineering-only", "outcome": "escalated", "task_success": true}
{"event": "task_started", "trajectory_id": "135af99c-f866-4ca5-9de3-2d5a02896513", "task_id": "task-012721fdabc6938bfdb4", "model_version": "scripted-engineering-only"}
{"event": "task_finished", "trajectory_id": "135af99c-f866-4ca5-9de3-2d5a02896513", "task_id": "task-012721fdabc6938bfdb4", "model_version": "scripted-engineering-only", "outcome": "escalated", "task_success": true}
{"event": "task_started", "trajectory_id": "b8a436e0-9c01-46e6-bc6a-ad8d62244af5", "task_id": "task-7e2db9056f851620b578", "model_version": "scripted-engineering-only"}
{"event": "task_finished", "trajectory_id": "b8a436e0-9c01-46e6-bc6a-ad8d62244af5", "task_id": "task-7e2db9056f851620b578", "model_version": "scripted-engineering-only", "outcome": "escalated", "task_success": true}
{"event": "task_started", "trajectory_id": "6d590fa6-a902-497f-9481-42c6034ed985", "task_id": "task-56d11969bbac661ba221", "model_version": "scripted-engineering-only"}
{"event": "task_finished", "trajectory_id": "6d590fa6-a902-497f-9481-42c6034ed985", "task_id": "task-56d11969bbac661ba221", "model_version": "scripted-engineering-only", "outcome": "refused", "task_success": true}
{"event": "task_started", "trajectory_id": "5aa04b3c-c62a-4821-9ace-5e6b620a0e25", "task_id": "task-87d7c7fe1cf3dca74c72", "model_version": "scripted-engineering-only"}
{"event": "task_finished", "trajectory_id": "5aa04b3c-c62a-4821-9ace-5e6b620a0e25", "task_id": "task-87d7c7fe1cf3dca74c72", "model_version": "scripted-engineering-only", "outcome": "refused", "task_success": true}
{"event": "task_started", "trajectory_id": "9af90654-98b1-44cd-a084-51ae3a9c7ea8", "task_id": "task-31dce11192d72a14cb25", "model_version": "scripted-engineering-only"}
{"event": "task_finished", "trajectory_id": "9af90654-98b1-44cd-a084-51ae3a9c7ea8", "task_id": "task-31dce11192d72a14cb25", "model_version": "scripted-engineering-only", "outcome": "refused", "task_success": true}
{"event": "task_started", "trajectory_id": "801aa582-eb8b-46e3-be4d-bb9441a7b7ef", "task_id": "task-c9c2d9c2d23545eb0e36", "model_version": "scripted-engineering-only"}
{"event": "task_finished", "trajectory_id": "801aa582-eb8b-46e3-be4d-bb9441a7b7ef", "task_id": "task-c9c2d9c2d23545eb0e36", "model_version": "scripted-engineering-only", "outcome": "refused", "task_success": true}
{"event": "task_started", "trajectory_id": "cf765f78-f476-42a2-ab2e-caf9cf5d746a", "task_id": "task-9f2dbc26618598f23b3d", "model_version": "scripted-engineering-only"}
{"event": "task_finished", "trajectory_id": "cf765f78-f476-42a2-ab2e-caf9cf5d746a", "task_id": "task-9f2dbc26618598f23b3d", "model_version": "scripted-engineering-only", "outcome": "refused", "task_success": true}
{"event": "task_started", "trajectory_id": "3a09f4ee-f578-4779-a948-a60e69b195d0", "task_id": "task-ba01b87f8d3c2b2a0a9d", "model_version": "scripted-engineering-only"}
{"event": "task_finished", "trajectory_id": "3a09f4ee-f578-4779-a948-a60e69b195d0", "task_id": "task-ba01b87f8d3c2b2a0a9d", "model_version": "scripted-engineering-only", "outcome": "refused", "task_success": true}
{"event": "task_started", "trajectory_id": "a3ec1297-3808-45ef-9670-a9ff0de35b09", "task_id": "task-bdd32dbdec43e2d790e2", "model_version": "scripted-engineering-only"}
{"event": "task_finished", "trajectory_id": "a3ec1297-3808-45ef-9670-a9ff0de35b09", "task_id": "task-bdd32dbdec43e2d790e2", "model_version": "scripted-engineering-only", "outcome": "escalated", "task_success": true}
{"event": "task_started", "trajectory_id": "f14aaedf-be56-4a1a-8a5e-e630e7ef152f", "task_id": "task-abd88aed3619fa1f2adb", "model_version": "scripted-engineering-only"}
{"event": "task_finished", "trajectory_id": "f14aaedf-be56-4a1a-8a5e-e630e7ef152f", "task_id": "task-abd88aed3619fa1f2adb", "model_version": "scripted-engineering-only", "outcome": "escalated", "task_success": true}
{"event": "task_started", "trajectory_id": "6dc05df8-8d55-4c40-a29f-735beec0e1ea", "task_id": "task-3679379ac0a63d0c5798", "model_version": "scripted-engineering-only"}
{"event": "task_finished", "trajectory_id": "6dc05df8-8d55-4c40-a29f-735beec0e1ea", "task_id": "task-3679379ac0a63d0c5798", "model_version": "scripted-engineering-only", "outcome": "escalated", "task_success": true}
{"event": "task_started", "trajectory_id": "d7543a97-e428-45dd-949e-9c696e1b9653", "task_id": "task-ec729be391c4a34fe297", "model_version": "scripted-engineering-only"}
{"event": "task_finished", "trajectory_id": "d7543a97-e428-45dd-949e-9c696e1b9653", "task_id": "task-ec729be391c4a34fe297", "model_version": "scripted-engineering-only", "outcome": "completed", "task_success": true}
{"event": "task_started", "trajectory_id": "4de1bc00-c524-40ca-aaae-81fd8f31bf89", "task_id": "task-b453a658279db88de3c0", "model_version": "scripted-engineering-only"}
{"event": "task_finished", "trajectory_id": "4de1bc00-c524-40ca-aaae-81fd8f31bf89", "task_id": "task-b453a658279db88de3c0", "model_version": "scripted-engineering-only", "outcome": "completed", "task_success": true}
{"event": "task_started", "trajectory_id": "260f80ea-404c-47d1-a730-54f74639e6e0", "task_id": "task-97af2e092bbdb911a25a", "model_version": "scripted-engineering-only"}
{"event": "task_finished", "trajectory_id": "260f80ea-404c-47d1-a730-54f74639e6e0", "task_id": "task-97af2e092bbdb911a25a", "model_version": "scripted-engineering-only", "outcome": "completed", "task_success": true}
{"event": "task_started", "trajectory_id": "16176425-2377-4122-8dc6-84721a724d5c", "task_id": "task-0724fc5648935c3d16ba", "model_version": "scripted-engineering-only"}
{"event": "task_finished", "trajectory_id": "16176425-2377-4122-8dc6-84721a724d5c", "task_id": "task-0724fc5648935c3d16ba", "model_version": "scripted-engineering-only", "outcome": "escalated", "task_success": true}
{"event": "task_started", "trajectory_id": "adcb3389-aada-488a-9412-bbe12eb1800e", "task_id": "task-674a4080fd2f0382b598", "model_version": "scripted-engineering-only"}
{"event": "task_finished", "trajectory_id": "adcb3389-aada-488a-9412-bbe12eb1800e", "task_id": "task-674a4080fd2f0382b598", "model_version": "scripted-engineering-only", "outcome": "escalated", "task_success": true}
{"event": "task_started", "trajectory_id": "a4d3c235-ee4f-4372-978d-1f8836646776", "task_id": "task-3feda8a21f9775e1db88", "model_version": "scripted-engineering-only"}
{"event": "task_finished", "trajectory_id": "a4d3c235-ee4f-4372-978d-1f8836646776", "task_id": "task-3feda8a21f9775e1db88", "model_version": "scripted-engineering-only", "outcome": "escalated", "task_success": true}
{"event": "task_started", "trajectory_id": "73a21ba6-db2f-443b-88b8-32425f241b95", "task_id": "task-0e084016f0ee902062e6", "model_version": "scripted-engineering-only"}
{"event": "task_finished", "trajectory_id": "73a21ba6-db2f-443b-88b8-32425f241b95", "task_id": "task-0e084016f0ee902062e6", "model_version": "scripted-engineering-only", "outcome": "completed", "task_success": true}
{"event": "task_started", "trajectory_id": "e0f7018e-ab07-4f27-9216-9c406677b9f6", "task_id": "task-4c6c1f9967c096b34002", "model_version": "scripted-engineering-only"}
{"event": "task_finished", "trajectory_id": "e0f7018e-ab07-4f27-9216-9c406677b9f6", "task_id": "task-4c6c1f9967c096b34002", "model_version": "scripted-engineering-only", "outcome": "completed", "task_success": true}
{"event": "task_started", "trajectory_id": "abd0565e-17c7-4643-8171-b73d395eaf26", "task_id": "task-5d8affbfbc38c6af2a55", "model_version": "scripted-engineering-only"}
{"event": "task_finished", "trajectory_id": "abd0565e-17c7-4643-8171-b73d395eaf26", "task_id": "task-5d8affbfbc38c6af2a55", "model_version": "scripted-engineering-only", "outcome": "completed", "task_success": true}
{"event": "task_started", "trajectory_id": "c1aacb17-18ae-4df7-af41-ae848eb0ea5f", "task_id": "task-705ae2b6a38ee732fcb6", "model_version": "scripted-engineering-only"}
{"event": "task_finished", "trajectory_id": "c1aacb17-18ae-4df7-af41-ae848eb0ea5f", "task_id": "task-705ae2b6a38ee732fcb6", "model_version": "scripted-engineering-only", "outcome": "refused", "task_success": true}
{"event": "task_started", "trajectory_id": "75448974-41a8-4d80-b1d8-dfd123341dd2", "task_id": "task-aacc6eab02d55411c926", "model_version": "scripted-engineering-only"}
{"event": "task_finished", "trajectory_id": "75448974-41a8-4d80-b1d8-dfd123341dd2", "task_id": "task-aacc6eab02d55411c926", "model_version": "scripted-engineering-only", "outcome": "refused", "task_success": true}
{"event": "task_started", "trajectory_id": "8dad15ad-c706-44d6-9ac4-43f545129435", "task_id": "task-e69eb5bbc48e257eaed9", "model_version": "scripted-engineering-only"}
{"event": "task_finished", "trajectory_id": "8dad15ad-c706-44d6-9ac4-43f545129435", "task_id": "task-e69eb5bbc48e257eaed9", "model_version": "scripted-engineering-only", "outcome": "refused", "task_success": true}
{"event": "task_started", "trajectory_id": "16ff9a34-258c-468e-91c5-07f008478030", "task_id": "task-d218b76a549bb71d32a3", "model_version": "scripted-engineering-only"}
{"event": "task_finished", "trajectory_id": "16ff9a34-258c-468e-91c5-07f008478030", "task_id": "task-d218b76a549bb71d32a3", "model_version": "scripted-engineering-only", "outcome": "escalated", "task_success": true}
{"event": "task_started", "trajectory_id": "342472e1-7c72-4b97-8220-d755a00d6445", "task_id": "task-399f80239f711ea5d908", "model_version": "scripted-engineering-only"}
{"event": "task_finished", "trajectory_id": "342472e1-7c72-4b97-8220-d755a00d6445", "task_id": "task-399f80239f711ea5d908", "model_version": "scripted-engineering-only", "outcome": "escalated", "task_success": true}
{"event": "task_started", "trajectory_id": "0c2bc943-a314-42f7-93c1-8ec64ab49ed0", "task_id": "task-59a584317a710f1deb73", "model_version": "scripted-engineering-only"}
{"event": "task_finished", "trajectory_id": "0c2bc943-a314-42f7-93c1-8ec64ab49ed0", "task_id": "task-59a584317a710f1deb73", "model_version": "scripted-engineering-only", "outcome": "escalated", "task_success": true}
{"event": "task_started", "trajectory_id": "9ecadec3-662e-4d94-9869-573d3a789e0f", "task_id": "task-f72263adb1c1d420111e", "model_version": "scripted-engineering-only"}
{"event": "task_finished", "trajectory_id": "9ecadec3-662e-4d94-9869-573d3a789e0f", "task_id": "task-f72263adb1c1d420111e", "model_version": "scripted-engineering-only", "outcome": "escalated", "task_success": true}
{"event": "task_started", "trajectory_id": "9c114e09-3828-4cb1-b5b3-09e77055312f", "task_id": "task-90c1813085f31f5299b3", "model_version": "scripted-engineering-only"}
{"event": "task_finished", "trajectory_id": "9c114e09-3828-4cb1-b5b3-09e77055312f", "task_id": "task-90c1813085f31f5299b3", "model_version": "scripted-engineering-only", "outcome": "escalated", "task_success": true}
{"event": "task_started", "trajectory_id": "0eb9e9d3-fdfb-44a1-ab70-259f147c2f9d", "task_id": "task-c31ed15c43fec69b21d0", "model_version": "scripted-engineering-only"}
{"event": "task_finished", "trajectory_id": "0eb9e9d3-fdfb-44a1-ab70-259f147c2f9d", "task_id": "task-c31ed15c43fec69b21d0", "model_version": "scripted-engineering-only", "outcome": "escalated", "task_success": true}
{"event": "task_started", "trajectory_id": "f35840f2-c544-452b-b722-2f64312f40ec", "task_id": "task-c4da3551dcd0c1e6d1bc", "model_version": "scripted-engineering-only"}
{"event": "task_finished", "trajectory_id": "f35840f2-c544-452b-b722-2f64312f40ec", "task_id": "task-c4da3551dcd0c1e6d1bc", "model_version": "scripted-engineering-only", "outcome": "completed", "task_success": true}
{"event": "task_started", "trajectory_id": "0b129388-05ab-4c41-aa39-e7bd4859214e", "task_id": "task-d573e068640729f6fc0c", "model_version": "scripted-engineering-only"}
{"event": "task_finished", "trajectory_id": "0b129388-05ab-4c41-aa39-e7bd4859214e", "task_id": "task-d573e068640729f6fc0c", "model_version": "scripted-engineering-only", "outcome": "completed", "task_success": true}
{"event": "task_started", "trajectory_id": "dabf9e9d-18f7-4d7f-9ab4-86c0ffcc69dc", "task_id": "task-5451f40b657f5bfdccbc", "model_version": "scripted-engineering-only"}
{"event": "task_finished", "trajectory_id": "dabf9e9d-18f7-4d7f-9ab4-86c0ffcc69dc", "task_id": "task-5451f40b657f5bfdccbc", "model_version": "scripted-engineering-only", "outcome": "completed", "task_success": true}
{"event": "task_started", "trajectory_id": "7b17e9da-ef3a-4673-b2d9-bbad49f3b69f", "task_id": "task-d71f713e079ab5c2b330", "model_version": "scripted-engineering-only"}
{"event": "task_finished", "trajectory_id": "7b17e9da-ef3a-4673-b2d9-bbad49f3b69f", "task_id": "task-d71f713e079ab5c2b330", "model_version": "scripted-engineering-only", "outcome": "completed", "task_success": true}
{"event": "task_started", "trajectory_id": "6f69c2b8-9c2e-470f-9727-586f17143a29", "task_id": "task-aa38b5523e6289961272", "model_version": "scripted-engineering-only"}
{"event": "task_finished", "trajectory_id": "6f69c2b8-9c2e-470f-9727-586f17143a29", "task_id": "task-aa38b5523e6289961272", "model_version": "scripted-engineering-only", "outcome": "completed", "task_success": true}
{"event": "task_started", "trajectory_id": "7c133c33-a33d-4f72-bd6c-642fd6592046", "task_id": "task-45334e54e1889ab54a6c", "model_version": "scripted-engineering-only"}
{"event": "task_finished", "trajectory_id": "7c133c33-a33d-4f72-bd6c-642fd6592046", "task_id": "task-45334e54e1889ab54a6c", "model_version": "scripted-engineering-only", "outcome": "completed", "task_success": true}
{"event": "task_started", "trajectory_id": "3720c78e-2b51-4d2f-9ecc-41959287b3e2", "task_id": "task-c50d95cdd2eabf3b7e52", "model_version": "scripted-engineering-only"}
{"event": "task_finished", "trajectory_id": "3720c78e-2b51-4d2f-9ecc-41959287b3e2", "task_id": "task-c50d95cdd2eabf3b7e52", "model_version": "scripted-engineering-only", "outcome": "completed", "task_success": true}
{"event": "task_started", "trajectory_id": "58fe24be-8e44-4a95-94a0-cfe5889f6156", "task_id": "task-e730102b9a4395aae8ee", "model_version": "scripted-engineering-only"}
{"event": "task_finished", "trajectory_id": "58fe24be-8e44-4a95-94a0-cfe5889f6156", "task_id": "task-e730102b9a4395aae8ee", "model_version": "scripted-engineering-only", "outcome": "completed", "task_success": true}
{"event": "task_started", "trajectory_id": "d0bebc77-ebe4-4582-b64e-db64c2a7cab0", "task_id": "task-c1422229a8352e1cf4fc", "model_version": "scripted-engineering-only"}
{"event": "task_finished", "trajectory_id": "d0bebc77-ebe4-4582-b64e-db64c2a7cab0", "task_id": "task-c1422229a8352e1cf4fc", "model_version": "scripted-engineering-only", "outcome": "completed", "task_success": true}
{"event": "task_started", "trajectory_id": "5d353821-2847-4950-bad0-219af71b7ddf", "task_id": "task-f67587394339c41f909c", "model_version": "scripted-engineering-only"}
{"event": "task_finished", "trajectory_id": "5d353821-2847-4950-bad0-219af71b7ddf", "task_id": "task-f67587394339c41f909c", "model_version": "scripted-engineering-only", "outcome": "refused", "task_success": true}
{"event": "task_started", "trajectory_id": "192e1f36-afa0-415f-b9d4-cef2184455cd", "task_id": "task-b2e0e6a52eb4cbe28b57", "model_version": "scripted-engineering-only"}
{"event": "task_finished", "trajectory_id": "192e1f36-afa0-415f-b9d4-cef2184455cd", "task_id": "task-b2e0e6a52eb4cbe28b57", "model_version": "scripted-engineering-only", "outcome": "refused", "task_success": true}
{"event": "task_started", "trajectory_id": "77c15821-893d-41b0-b1c9-b1f2bfade034", "task_id": "task-271e4f001bfbec4ba37f", "model_version": "scripted-engineering-only"}
{"event": "task_finished", "trajectory_id": "77c15821-893d-41b0-b1c9-b1f2bfade034", "task_id": "task-271e4f001bfbec4ba37f", "model_version": "scripted-engineering-only", "outcome": "refused", "task_success": true}
{"event": "task_started", "trajectory_id": "b6e43fba-4200-487e-bf9c-95e87cb3cd76", "task_id": "task-f476ba5bc12924d9bc6b", "model_version": "scripted-engineering-only"}
{"event": "task_finished", "trajectory_id": "b6e43fba-4200-487e-bf9c-95e87cb3cd76", "task_id": "task-f476ba5bc12924d9bc6b", "model_version": "scripted-engineering-only", "outcome": "refused", "task_success": true}
{"event": "task_started", "trajectory_id": "d7d6b2b9-7530-4314-b86b-c585ef4473cb", "task_id": "task-5eb647be1fe8d553a68b", "model_version": "scripted-engineering-only"}
{"event": "task_finished", "trajectory_id": "d7d6b2b9-7530-4314-b86b-c585ef4473cb", "task_id": "task-5eb647be1fe8d553a68b", "model_version": "scripted-engineering-only", "outcome": "refused", "task_success": true}
{"event": "task_started", "trajectory_id": "a9a55749-ed7e-45dc-9787-ee081efa35cc", "task_id": "task-07a2025d71ee061f3bd2", "model_version": "scripted-engineering-only"}
{"event": "task_finished", "trajectory_id": "a9a55749-ed7e-45dc-9787-ee081efa35cc", "task_id": "task-07a2025d71ee061f3bd2", "model_version": "scripted-engineering-only", "outcome": "refused", "task_success": true}
{"event": "task_started", "trajectory_id": "938f7d5f-e65b-4f62-b0b0-fdc7f3163a9b", "task_id": "task-a48da85fc162e85f19e2", "model_version": "scripted-engineering-only"}
{"event": "task_finished", "trajectory_id": "938f7d5f-e65b-4f62-b0b0-fdc7f3163a9b", "task_id": "task-a48da85fc162e85f19e2", "model_version": "scripted-engineering-only", "outcome": "escalated", "task_success": true}
{"event": "task_started", "trajectory_id": "a8e6a9a7-1a0d-4996-8e7c-ce95d0235b19", "task_id": "task-06b8d71a2bcb3273229e", "model_version": "scripted-engineering-only"}
{"event": "task_finished", "trajectory_id": "a8e6a9a7-1a0d-4996-8e7c-ce95d0235b19", "task_id": "task-06b8d71a2bcb3273229e", "model_version": "scripted-engineering-only", "outcome": "escalated", "task_success": true}
{"event": "task_started", "trajectory_id": "2134716f-b7b4-4ba9-820c-a42c56ed97e2", "task_id": "task-a54dafe4b4e3bb62483d", "model_version": "scripted-engineering-only"}
{"event": "task_finished", "trajectory_id": "2134716f-b7b4-4ba9-820c-a42c56ed97e2", "task_id": "task-a54dafe4b4e3bb62483d", "model_version": "scripted-engineering-only", "outcome": "escalated", "task_success": true}
{"event": "task_started", "trajectory_id": "3ccc6ae2-3bd8-4a7e-90b0-78471b5e24eb", "task_id": "task-965bab023d996aea99f2", "model_version": "scripted-engineering-only"}
{"event": "task_finished", "trajectory_id": "3ccc6ae2-3bd8-4a7e-90b0-78471b5e24eb", "task_id": "task-965bab023d996aea99f2", "model_version": "scripted-engineering-only", "outcome": "completed", "task_success": true}
{"event": "task_started", "trajectory_id": "7cfbdc27-016e-4c43-a713-cb6660fcf20b", "task_id": "task-eba00923d594244d8a50", "model_version": "scripted-engineering-only"}
{"event": "task_finished", "trajectory_id": "7cfbdc27-016e-4c43-a713-cb6660fcf20b", "task_id": "task-eba00923d594244d8a50", "model_version": "scripted-engineering-only", "outcome": "completed", "task_success": true}
{"event": "task_started", "trajectory_id": "9a56bc7b-033d-4990-92fc-4a74a55ad92d", "task_id": "task-2d745d5735989f513472", "model_version": "scripted-engineering-only"}
{"event": "task_finished", "trajectory_id": "9a56bc7b-033d-4990-92fc-4a74a55ad92d", "task_id": "task-2d745d5735989f513472", "model_version": "scripted-engineering-only", "outcome": "completed", "task_success": true}
{"event": "task_started", "trajectory_id": "8c685148-cf52-48eb-bef4-b27b28634dff", "task_id": "task-adce80fcd242644af3be", "model_version": "scripted-engineering-only"}
{"event": "task_finished", "trajectory_id": "8c685148-cf52-48eb-bef4-b27b28634dff", "task_id": "task-adce80fcd242644af3be", "model_version": "scripted-engineering-only", "outcome": "escalated", "task_success": true}
{"event": "task_started", "trajectory_id": "7d39c0fd-bf3f-4f95-a153-b703f46df595", "task_id": "task-a3b7dfcd02ab8da95ef8", "model_version": "scripted-engineering-only"}
{"event": "task_finished", "trajectory_id": "7d39c0fd-bf3f-4f95-a153-b703f46df595", "task_id": "task-a3b7dfcd02ab8da95ef8", "model_version": "scripted-engineering-only", "outcome": "escalated", "task_success": true}
{"event": "task_started", "trajectory_id": "9cbb17cb-22a3-4b05-9217-cc3e58e2a03f", "task_id": "task-0186019e3d73611b86a1", "model_version": "scripted-engineering-only"}
{"event": "task_finished", "trajectory_id": "9cbb17cb-22a3-4b05-9217-cc3e58e2a03f", "task_id": "task-0186019e3d73611b86a1", "model_version": "scripted-engineering-only", "outcome": "escalated", "task_success": true}
{"event": "task_started", "trajectory_id": "8d4ea5c2-245a-4e96-b72b-276248d84829", "task_id": "task-734d5b0d34d0656564ee", "model_version": "scripted-engineering-only"}
{"event": "task_finished", "trajectory_id": "8d4ea5c2-245a-4e96-b72b-276248d84829", "task_id": "task-734d5b0d34d0656564ee", "model_version": "scripted-engineering-only", "outcome": "escalated", "task_success": true}
{"event": "task_started", "trajectory_id": "1e870f90-fcf8-4e75-8773-67d3075cb17a", "task_id": "task-5dceefde9e586fb8376a", "model_version": "scripted-engineering-only"}
{"event": "task_finished", "trajectory_id": "1e870f90-fcf8-4e75-8773-67d3075cb17a", "task_id": "task-5dceefde9e586fb8376a", "model_version": "scripted-engineering-only", "outcome": "escalated", "task_success": true}
{"event": "task_started", "trajectory_id": "cf36e16d-fe6f-47dd-9387-e901a03ad503", "task_id": "task-ad1e786facf608c440ac", "model_version": "scripted-engineering-only"}
{"event": "task_finished", "trajectory_id": "cf36e16d-fe6f-47dd-9387-e901a03ad503", "task_id": "task-ad1e786facf608c440ac", "model_version": "scripted-engineering-only", "outcome": "escalated", "task_success": true}
{"event": "task_started", "trajectory_id": "ac5bc36e-ce28-41d6-8ed2-ad02a15b2862", "task_id": "task-bb68b21999ce552f5ffc", "model_version": "scripted-engineering-only"}
{"event": "task_finished", "trajectory_id": "ac5bc36e-ce28-41d6-8ed2-ad02a15b2862", "task_id": "task-bb68b21999ce552f5ffc", "model_version": "scripted-engineering-only", "outcome": "completed", "task_success": true}
{"event": "task_started", "trajectory_id": "aaae3103-e4bc-459b-b51f-51a9619fef0f", "task_id": "task-a1d394ba1d073d7a2eaa", "model_version": "scripted-engineering-only"}
{"event": "task_finished", "trajectory_id": "aaae3103-e4bc-459b-b51f-51a9619fef0f", "task_id": "task-a1d394ba1d073d7a2eaa", "model_version": "scripted-engineering-only", "outcome": "completed", "task_success": true}
{"event": "task_started", "trajectory_id": "57365c75-b2d0-4237-8e60-1386790ae83c", "task_id": "task-edb462866dbadf5ed77c", "model_version": "scripted-engineering-only"}
{"event": "task_finished", "trajectory_id": "57365c75-b2d0-4237-8e60-1386790ae83c", "task_id": "task-edb462866dbadf5ed77c", "model_version": "scripted-engineering-only", "outcome": "completed", "task_success": true}
{"event": "task_started", "trajectory_id": "7bbce7df-d35f-4c96-9f57-f4e7173af005", "task_id": "task-6dfee218765c8a8ccb03", "model_version": "scripted-engineering-only"}
{"event": "task_finished", "trajectory_id": "7bbce7df-d35f-4c96-9f57-f4e7173af005", "task_id": "task-6dfee218765c8a8ccb03", "model_version": "scripted-engineering-only", "outcome": "completed", "task_success": true}
{"event": "task_started", "trajectory_id": "dfad3201-82e3-4fc9-b0b7-1f080f20b698", "task_id": "task-7b7e1c638fa73fcdc0cb", "model_version": "scripted-engineering-only"}
{"event": "task_finished", "trajectory_id": "dfad3201-82e3-4fc9-b0b7-1f080f20b698", "task_id": "task-7b7e1c638fa73fcdc0cb", "model_version": "scripted-engineering-only", "outcome": "completed", "task_success": true}
{"event": "task_started", "trajectory_id": "e288a534-5d44-4a8c-bc7f-45c1e5775dd4", "task_id": "task-30eeea5e7635d5b1ecb1", "model_version": "scripted-engineering-only"}
{"event": "task_finished", "trajectory_id": "e288a534-5d44-4a8c-bc7f-45c1e5775dd4", "task_id": "task-30eeea5e7635d5b1ecb1", "model_version": "scripted-engineering-only", "outcome": "completed", "task_success": true}
{"event": "task_started", "trajectory_id": "5dc158ca-c27a-4910-a7d0-79975d3981f3", "task_id": "task-d1dddd10b1af24b04d3e", "model_version": "scripted-engineering-only"}
{"event": "task_finished", "trajectory_id": "5dc158ca-c27a-4910-a7d0-79975d3981f3", "task_id": "task-d1dddd10b1af24b04d3e", "model_version": "scripted-engineering-only", "outcome": "escalated", "task_success": true}
{"event": "task_started", "trajectory_id": "b458f6a1-5f64-42bd-9a17-9f411b5a770f", "task_id": "task-afbdfb29b194d7db817e", "model_version": "scripted-engineering-only"}
{"event": "task_finished", "trajectory_id": "b458f6a1-5f64-42bd-9a17-9f411b5a770f", "task_id": "task-afbdfb29b194d7db817e", "model_version": "scripted-engineering-only", "outcome": "escalated", "task_success": true}
{"event": "task_started", "trajectory_id": "445fb82e-729c-4e61-9236-baf5082ba808", "task_id": "task-1cb1631bb12620637a56", "model_version": "scripted-engineering-only"}
{"event": "task_finished", "trajectory_id": "445fb82e-729c-4e61-9236-baf5082ba808", "task_id": "task-1cb1631bb12620637a56", "model_version": "scripted-engineering-only", "outcome": "escalated", "task_success": true}
{"event": "task_started", "trajectory_id": "acb736b6-5b89-490c-a7e6-f4987ee06bc6", "task_id": "task-86bd6cb9106510ea039f", "model_version": "scripted-engineering-only"}
{"event": "task_finished", "trajectory_id": "acb736b6-5b89-490c-a7e6-f4987ee06bc6", "task_id": "task-86bd6cb9106510ea039f", "model_version": "scripted-engineering-only", "outcome": "escalated", "task_success": true}
{"event": "task_started", "trajectory_id": "503fb8dd-dba6-416e-b0a3-799aae6fac55", "task_id": "task-28acc947e09e78444ad1", "model_version": "scripted-engineering-only"}
{"event": "task_finished", "trajectory_id": "503fb8dd-dba6-416e-b0a3-799aae6fac55", "task_id": "task-28acc947e09e78444ad1", "model_version": "scripted-engineering-only", "outcome": "escalated", "task_success": true}
{"event": "task_started", "trajectory_id": "596c98ac-5f41-4adf-9a51-1b4e9212ac45", "task_id": "task-398eead64c3eeb871099", "model_version": "scripted-engineering-only"}
{"event": "task_finished", "trajectory_id": "596c98ac-5f41-4adf-9a51-1b4e9212ac45", "task_id": "task-398eead64c3eeb871099", "model_version": "scripted-engineering-only", "outcome": "escalated", "task_success": true}
