{"event": "task_started", "trajectory_id": "3ea11749-0bc7-471b-82c0-25f6b3bd9970", "task_id": "task-80544b2a08bd57e8e768", "model_version": "scripted-engineering-only"}
{"event": "task_finished", "trajectory_id": "3ea11749-0bc7-471b-82c0-25f6b3bd9970", "task_id": "task-80544b2a08bd57e8e768", "model_version": "scripted-engineering-only", "outcome": "completed", "task_success": true}
{"event": "task_started", "trajectory_id": "79f54c2f-3ee3-4860-a727-b4a217c4b478", "task_id": "task-673dbc9dd8f247601722", "model_version": "scripted-engineering-only"}
{"event": "task_finished", "trajectory_id": "79f54c2f-3ee3-4860-a727-b4a217c4b478", "task_id": "task-673dbc9dd8f247601722", "model_version": "scripted-engineering-only", "outcome": "completed", "task_success": true}
{"event": "task_started", "trajectory_id": "42a4d993-6291-4c86-96d0-ac72e0da41aa", "task_id": "task-ed359ba55106b09d8847", "model_version": "scripted-engineering-only"}
{"event": "task_finished", "trajectory_id": "42a4d993-6291-4c86-96d0-ac72e0da41aa", "task_id": "task-ed359ba55106b09d8847", "model_version": "scripted-engineering-only", "outcome": "completed", "task_success": true}
{"event": "task_started", "trajectory_id": "c059204c-6b96-427e-849e-094febb9f5d8", "task_id": "task-292ef81ae14a36c27b3f", "model_version": "scripted-engineering-only"}
{"event": "task_finished", "trajectory_id": "c059204c-6b96-427e-849e-094febb9f5d8", "task_id": "task-292ef81ae14a36c27b3f", "model_version": "scripted-engineering-only", "outcome": "refused", "task_success": true}
{"event": "task_started", "trajectory_id": "bd069cfa-cf85-4cd5-b1d3-9d18f097f861", "task_id": "task-5a00f3a9d86cd9d6c54d", "model_version": "scripted-engineering-only"}
{"event": "task_finished", "trajectory_id": "bd069cfa-cf85-4cd5-b1d3-9d18f097f861", "task_id": "task-5a00f3a9d86cd9d6c54d", "model_version": "scripted-engineering-only", "outcome": "refused", "task_success": true}
{"event": "task_started", "trajectory_id": "dd8dbcb0-1e19-4ce6-a3c2-9d3c2d66c71e", "task_id": "task-3b9ce844f270fdf7774d", "model_version": "scripted-engineering-only"}
{"event": "task_finished", "trajectory_id": "dd8dbcb0-1e19-4ce6-a3c2-9d3c2d66c71e", "task_id": "task-3b9ce844f270fdf7774d", "model_version": "scripted-engineering-only", "outcome": "refused", "task_success": true}
{"event": "task_started", "trajectory_id": "807e1f78-8de5-48c0-9c88-80426487472e", "task_id": "task-f9ea9ef01353b4b68e96", "model_version": "scripted-engineering-only"}
{"event": "task_finished", "trajectory_id": "807e1f78-8de5-48c0-9c88-80426487472e", "task_id": "task-f9ea9ef01353b4b68e96", "model_version": "scripted-engineering-only", "outcome": "refused", "task_success": true}
{"event": "task_started", "trajectory_id": "6452d5c7-a87c-4faa-a63b-382da99fae70", "task_id": "task-98171245bbd786a1517a", "model_version": "scripted-engineering-only"}
{"event": "task_finished", "trajectory_id": "6452d5c7-a87c-4faa-a63b-382da99fae70", "task_id": "task-98171245bbd786a1517a", "model_version": "scripted-engineering-only", "outcome": "refused", "task_success": true}
{"event": "task_started", "trajectory_id": "35451b37-0c82-4d59-a41a-6c7a2afc45d7", "task_id": "task-097a2cdd49eb7039eeda", "model_version": "scripted-engineering-only"}
{"event": "task_finished", "trajectory_id": "35451b37-0c82-4d59-a41a-6c7a2afc45d7", "task_id": "task-097a2cdd49eb7039eeda", "model_version": "scripted-engineering-only", "outcome": "refused", "task_success": true}
{"event": "task_started", "trajectory_id": "b4c3b333-d474-4255-a916-b83d5eaadeb2", "task_id": "task-dc45c35c4539665fa28a", "model_version": "scripted-engineering-only"}
{"event": "task_finished", "trajectory_id": "b4c3b333-d474-4255-a916-b83d5eaadeb2", "task_id": "task-dc45c35c4539665fa28a", "model_version": "scripted-engineering-only", "outcome": "escalated", "task_success": true}
{"event": "task_started", "trajectory_id": "4970087c-e6b6-4f4f-8284-0b396b819553", "task_id": "task-012721fdabc6938bfdb4", "model_version": "scripted-engineering-only"}
{"event": "task_finished", "trajectory_id": "4970087c-e6b6-4f4f-8284-0b396b819553", "task_id": "task-012721fdabc6938bfdb4", "model_version": "scripted-engineering-only", "outcome": "escalated", "task_success": true}
{"event": "task_started", "trajectory_id": "cbfc8750-1bbe-4b11-be4c-2b5118c0d97b", "task_id": "task-7e2db9056f851620b578", "model_version": "scripted-engineering-only"}
{"event": "task_finished", "trajectory_id": "cbfc8750-1bbe-4b11-be4c-2b5118c0d97b", "task_id": "task-7e2db9056f851620b578", "model_version": "scripted-engineering-only", "outcome": "escalated", "task_success": true}
{"event": "task_started", "trajectory_id": "4848c49d-a95c-4a0f-8097-703fcacaaefb", "task_id": "task-56d11969bbac661ba221", "model_version": "scripted-engineering-only"}
{"event": "task_finished", "trajectory_id": "4848c49d-a95c-4a0f-8097-703fcacaaefb", "task_id": "task-56d11969bbac661ba221", "model_version": "scripted-engineering-only", "outcome": "refused", "task_success": true}
{"event": "task_started", "trajectory_id": "a7d3ac9a-b777-46cd-b1e5-3fcd6bf42261", "task_id": "task-87d7c7fe1cf3dca74c72", "model_version": "scripted-engineering-only"}
{"event": "task_finished", "trajectory_id": "a7d3ac9a-b777-46cd-b1e5-3fcd6bf42261", "task_id": "task-87d7c7fe1cf3dca74c72", "model_version": "scripted-engineering-only", "outcome": "refused", "task_success": true}
{"event": "task_started", "trajectory_id": "e4210b6c-7d00-49f0-bdfe-a6fc03cfaaed", "task_id": "task-31dce11192d72a14cb25", "model_version": "scripted-engineering-only"}
{"event": "task_finished", "trajectory_id": "e4210b6c-7d00-49f0-bdfe-a6fc03cfaaed", "task_id": "task-31dce11192d72a14cb25", "model_version": "scripted-engineering-only", "outcome": "refused", "task_success": true}
{"event": "task_started", "trajectory_id": "bbc1c444-7e21-4760-9010-c44e5926ccce", "task_id": "task-c9c2d9c2d23545eb0e36", "model_version": "scripted-engineering-only"}
{"event": "task_finished", "trajectory_id": "bbc1c444-7e21-4760-9010-c44e5926ccce", "task_id": "task-c9c2d9c2d23545eb0e36", "model_version": "scripted-engineering-only", "outcome": "refused", "task_success": true}
{"event": "task_started", "trajectory_id": "ce64a32e-df31-48a5-a659-b228695b94a3", "task_id": "task-9f2dbc26618598f23b3d", "model_version": "scripted-engineering-only"}
{"event": "task_finished", "trajectory_id": "ce64a32e-df31-48a5-a659-b228695b94a3", "task_id": "task-9f2dbc26618598f23b3d", "model_version": "scripted-engineering-only", "outcome": "refused", "task_success": true}
{"event": "task_started", "trajectory_id": "db8ee2e1-eb68-4f15-8a0b-f11659605be7", "task_id": "task-ba01b87f8d3c2b2a0a9d", "model_version": "scripted-engineering-only"}
{"event": "task_finished", "trajectory_id": "db8ee2e1-eb68-4f15-8a0b-f11659605be7", "task_id": "task-ba01b87f8d3c2b2a0a9d", "model_version": "scripted-engineering-only", "outcome": "refused", "task_success": true}
{"event": "task_started", "trajectory_id": "da0ce747-9d52-4119-aef5-a21234d57a02", "task_id": "task-bdd32dbdec43e2d790e2", "model_version": "scripted-engineering-only"}
{"event": "task_finished", "trajectory_id": "da0ce747-9d52-4119-aef5-a21234d57a02", "task_id": "task-bdd32dbdec43e2d790e2", "model_version": "scripted-engineering-only", "outcome": "escalated", "task_success": true}
{"event": "task_started", "trajectory_id": "c7144ab4-c88c-403e-ab5e-ca7b281febd3", "task_id": "task-abd88aed3619fa1f2adb", "model_version": "scripted-engineering-only"}
{"event": "task_finished", "trajectory_id": "c7144ab4-c88c-403e-ab5e-ca7b281febd3", "task_id": "task-abd88aed3619fa1f2adb", "model_version": "scripted-engineering-only", "outcome": "escalated", "task_success": true}
{"event": "task_started", "trajectory_id": "47561b2f-2958-4c62-b815-1784441c4f23", "task_id": "task-3679379ac0a63d0c5798", "model_version": "scripted-engineering-only"}
{"event": "task_finished", "trajectory_id": "47561b2f-2958-4c62-b815-1784441c4f23", "task_id": "task-3679379ac0a63d0c5798", "model_version": "scripted-engineering-only", "outcome": "escalated", "task_success": true}
{"event": "task_started", "trajectory_id": "c1ba27f1-2105-4410-b374-1b5c2a0a4a20", "task_id": "task-ec729be391c4a34fe297", "model_version": "scripted-engineering-only"}
{"event": "task_finished", "trajectory_id": "c1ba27f1-2105-4410-b374-1b5c2a0a4a20", "task_id": "task-ec729be391c4a34fe297", "model_version": "scripted-engineering-only", "outcome": "completed", "task_success": true}
{"event": "task_started", "trajectory_id": "b6699074-6a56-489f-a159-96dfbb979d48", "task_id": "task-b453a658279db88de3c0", "model_version": "scripted-engineering-only"}
{"event": "task_finished", "trajectory_id": "b6699074-6a56-489f-a159-96dfbb979d48", "task_id": "task-b453a658279db88de3c0", "model_version": "scripted-engineering-only", "outcome": "completed", "task_success": true}
{"event": "task_started", "trajectory_id": "858bf6a8-2e1c-4716-9009-a31a0ea69cd3", "task_id": "task-97af2e092bbdb911a25a", "model_version": "scripted-engineering-only"}
{"event": "task_finished", "trajectory_id": "858bf6a8-2e1c-4716-9009-a31a0ea69cd3", "task_id": "task-97af2e092bbdb911a25a", "model_version": "scripted-engineering-only", "outcome": "completed", "task_success": true}
{"event": "task_started", "trajectory_id": "dbb3ee2d-0f8c-4574-bb3d-84f46bb0f52b", "task_id": "task-0724fc5648935c3d16ba", "model_version": "scripted-engineering-only"}
{"event": "task_finished", "trajectory_id": "dbb3ee2d-0f8c-4574-bb3d-84f46bb0f52b", "task_id": "task-0724fc5648935c3d16ba", "model_version": "scripted-engineering-only", "outcome": "escalated", "task_success": true}
{"event": "task_started", "trajectory_id": "7c9c8e2c-bf78-4fe6-b3b6-bdac03461951", "task_id": "task-674a4080fd2f0382b598", "model_version": "scripted-engineering-only"}
{"event": "task_finished", "trajectory_id": "7c9c8e2c-bf78-4fe6-b3b6-bdac03461951", "task_id": "task-674a4080fd2f0382b598", "model_version": "scripted-engineering-only", "outcome": "escalated", "task_success": true}
{"event": "task_started", "trajectory_id": "ff03fd96-7ae7-4602-8920-16ee412eec79", "task_id": "task-3feda8a21f9775e1db88", "model_version": "scripted-engineering-only"}
{"event": "task_finished", "trajectory_id": "ff03fd96-7ae7-4602-8920-16ee412eec79", "task_id": "task-3feda8a21f9775e1db88", "model_version": "scripted-engineering-only", "outcome": "escalated", "task_success": true}
{"event": "task_started", "trajectory_id": "0e23f625-4f41-4602-ae6f-e34a3a1d61d0", "task_id": "task-0e084016f0ee902062e6", "model_version": "scripted-engineering-only"}
{"event": "task_finished", "trajectory_id": "0e23f625-4f41-4602-ae6f-e34a3a1d61d0", "task_id": "task-0e084016f0ee902062e6", "model_version": "scripted-engineering-only", "outcome": "completed", "task_success": true}
{"event": "task_started", "trajectory_id": "a5ec7d4e-0f9c-4944-a6ff-a7978ec053d7", "task_id": "task-4c6c1f9967c096b34002", "model_version": "scripted-engineering-only"}
{"event": "task_finished", "trajectory_id": "a5ec7d4e-0f9c-4944-a6ff-a7978ec053d7", "task_id": "task-4c6c1f9967c096b34002", "model_version": "scripted-engineering-only", "outcome": "completed", "task_success": true}
{"event": "task_started", "trajectory_id": "23216f96-8ab3-4ee6-a5a3-2cad14db9609", "task_id": "task-5d8affbfbc38c6af2a55", "model_version": "scripted-engineering-only"}
{"event": "task_finished", "trajectory_id": "23216f96-8ab3-4ee6-a5a3-2cad14db9609", "task_id": "task-5d8affbfbc38c6af2a55", "model_version": "scripted-engineering-only", "outcome": "completed", "task_success": true}
{"event": "task_started", "trajectory_id": "96450734-79b1-4283-8a55-1ec800bfdba3", "task_id": "task-705ae2b6a38ee732fcb6", "model_version": "scripted-engineering-only"}
{"event": "task_finished", "trajectory_id": "96450734-79b1-4283-8a55-1ec800bfdba3", "task_id": "task-705ae2b6a38ee732fcb6", "model_version": "scripted-engineering-only", "outcome": "refused", "task_success": true}
{"event": "task_started", "trajectory_id": "df10d8e9-fa68-4317-b84c-6ef87a97d7e0", "task_id": "task-aacc6eab02d55411c926", "model_version": "scripted-engineering-only"}
{"event": "task_finished", "trajectory_id": "df10d8e9-fa68-4317-b84c-6ef87a97d7e0", "task_id": "task-aacc6eab02d55411c926", "model_version": "scripted-engineering-only", "outcome": "refused", "task_success": true}
{"event": "task_started", "trajectory_id": "53ac2865-2207-4826-a8a3-bb1db8f8e4a4", "task_id": "task-e69eb5bbc48e257eaed9", "model_version": "scripted-engineering-only"}
{"event": "task_finished", "trajectory_id": "53ac2865-2207-4826-a8a3-bb1db8f8e4a4", "task_id": "task-e69eb5bbc48e257eaed9", "model_version": "scripted-engineering-only", "outcome": "refused", "task_success": true}
{"event": "task_started", "trajectory_id": "acbd2dad-0b09-4c92-b02d-6dbe97341e1d", "task_id": "task-d218b76a549bb71d32a3", "model_version": "scripted-engineering-only"}
{"event": "task_finished", "trajectory_id": "acbd2dad-0b09-4c92-b02d-6dbe97341e1d", "task_id": "task-d218b76a549bb71d32a3", "model_version": "scripted-engineering-only", "outcome": "escalated", "task_success": true}
{"event": "task_started", "trajectory_id": "1922ddc0-1ffd-43fa-a33e-1b0a3b0f4a54", "task_id": "task-399f80239f711ea5d908", "model_version": "scripted-engineering-only"}
{"event": "task_finished", "trajectory_id": "1922ddc0-1ffd-43fa-a33e-1b0a3b0f4a54", "task_id": "task-399f80239f711ea5d908", "model_version": "scripted-engineering-only", "outcome": "escalated", "task_success": true}
{"event": "task_started", "trajectory_id": "8497d91b-5533-4d9e-aa41-112bfaed1030", "task_id": "task-59a584317a710f1deb73", "model_version": "scripted-engineering-only"}
{"event": "task_finished", "trajectory_id": "8497d91b-5533-4d9e-aa41-112bfaed1030", "task_id": "task-59a584317a710f1deb73", "model_version": "scripted-engineering-only", "outcome": "escalated", "task_success": true}
{"event": "task_started", "trajectory_id": "f920e581-5eb1-4c49-85e1-eaa00e14bd2e", "task_id": "task-f72263adb1c1d420111e", "model_version": "scripted-engineering-only"}
{"event": "task_finished", "trajectory_id": "f920e581-5eb1-4c49-85e1-eaa00e14bd2e", "task_id": "task-f72263adb1c1d420111e", "model_version": "scripted-engineering-only", "outcome": "escalated", "task_success": true}
{"event": "task_started", "trajectory_id": "253f105f-c986-4919-8462-abbc5a97052b", "task_id": "task-90c1813085f31f5299b3", "model_version": "scripted-engineering-only"}
{"event": "task_finished", "trajectory_id": "253f105f-c986-4919-8462-abbc5a97052b", "task_id": "task-90c1813085f31f5299b3", "model_version": "scripted-engineering-only", "outcome": "escalated", "task_success": true}
{"event": "task_started", "trajectory_id": "b8485064-e323-43ee-be71-8ea74b0f6af2", "task_id": "task-c31ed15c43fec69b21d0", "model_version": "scripted-engineering-only"}
{"event": "task_finished", "trajectory_id": "b8485064-e323-43ee-be71-8ea74b0f6af2", "task_id": "task-c31ed15c43fec69b21d0", "model_version": "scripted-engineering-only", "outcome": "escalated", "task_success": true}
{"event": "task_started", "trajectory_id": "413e5e14-dec7-46a7-be24-0e9b76b91de1", "task_id": "task-c4da3551dcd0c1e6d1bc", "model_version": "scripted-engineering-only"}
{"event": "task_finished", "trajectory_id": "413e5e14-dec7-46a7-be24-0e9b76b91de1", "task_id": "task-c4da3551dcd0c1e6d1bc", "model_version": "scripted-engineering-only", "outcome": "completed", "task_success": true}
{"event": "task_started", "trajectory_id": "7e72f5ea-f75a-46e7-adb5-6d6d9e167766", "task_id": "task-d573e068640729f6fc0c", "model_version": "scripted-engineering-only"}
{"event": "task_finished", "trajectory_id": "7e72f5ea-f75a-46e7-adb5-6d6d9e167766", "task_id": "task-d573e068640729f6fc0c", "model_version": "scripted-engineering-only", "outcome": "completed", "task_success": true}
{"event": "task_started", "trajectory_id": "9ee81983-9283-4170-a827-ccd7880d91db", "task_id": "task-5451f40b657f5bfdccbc", "model_version": "scripted-engineering-only"}
{"event": "task_finished", "trajectory_id": "9ee81983-9283-4170-a827-ccd7880d91db", "task_id": "task-5451f40b657f5bfdccbc", "model_version": "scripted-engineering-only", "outcome": "completed", "task_success": true}
{"event": "task_started", "trajectory_id": "2875e66a-bfbc-4c6e-9ca5-0504fca6976f", "task_id": "task-d71f713e079ab5c2b330", "model_version": "scripted-engineering-only"}
{"event": "task_finished", "trajectory_id": "2875e66a-bfbc-4c6e-9ca5-0504fca6976f", "task_id": "task-d71f713e079ab5c2b330", "model_version": "scripted-engineering-only", "outcome": "completed", "task_success": true}
{"event": "task_started", "trajectory_id": "56afab19-e07a-4b39-84c2-d592e7afef23", "task_id": "task-aa38b5523e6289961272", "model_version": "scripted-engineering-only"}
{"event": "task_finished", "trajectory_id": "56afab19-e07a-4b39-84c2-d592e7afef23", "task_id": "task-aa38b5523e6289961272", "model_version": "scripted-engineering-only", "outcome": "completed", "task_success": true}
{"event": "task_started", "trajectory_id": "057fd8eb-5a8b-4ce2-885e-705c33ca87e4", "task_id": "task-45334e54e1889ab54a6c", "model_version": "scripted-engineering-only"}
{"event": "task_finished", "trajectory_id": "057fd8eb-5a8b-4ce2-885e-705c33ca87e4", "task_id": "task-45334e54e1889ab54a6c", "model_version": "scripted-engineering-only", "outcome": "completed", "task_success": true}
{"event": "task_started", "trajectory_id": "045a0d00-772e-4897-837c-0a36b00c7e1b", "task_id": "task-c50d95cdd2eabf3b7e52", "model_version": "scripted-engineering-only"}
{"event": "task_finished", "trajectory_id": "045a0d00-772e-4897-837c-0a36b00c7e1b", "task_id": "task-c50d95cdd2eabf3b7e52", "model_version": "scripted-engineering-only", "outcome": "completed", "task_success": true}
{"event": "task_started", "trajectory_id": "b99708d5-5902-419f-9353-c69308c9e07d", "task_id": "task-e730102b9a4395aae8ee", "model_version": "scripted-engineering-only"}
{"event": "task_finished", "trajectory_id": "b99708d5-5902-419f-9353-c69308c9e07d", "task_id": "task-e730102b9a4395aae8ee", "model_version": "scripted-engineering-only", "outcome": "completed", "task_success": true}
{"event": "task_started", "trajectory_id": "e421507d-499b-41db-9ee5-8843e6593e38", "task_id": "task-c1422229a8352e1cf4fc", "model_version": "scripted-engineering-only"}
{"event": "task_finished", "trajectory_id": "e421507d-499b-41db-9ee5-8843e6593e38", "task_id": "task-c1422229a8352e1cf4fc", "model_version": "scripted-engineering-only", "outcome": "completed", "task_success": true}
{"event": "task_started", "trajectory_id": "ec4cc818-429b-447a-bcf3-8f49e5062a9e", "task_id": "task-f67587394339c41f909c", "model_version": "scripted-engineering-only"}
{"event": "task_finished", "trajectory_id": "ec4cc818-429b-447a-bcf3-8f49e5062a9e", "task_id": "task-f67587394339c41f909c", "model_version": "scripted-engineering-only", "outcome": "refused", "task_success": true}
{"event": "task_started", "trajectory_id": "672aa99c-9e45-4971-97a3-ff85739fb367", "task_id": "task-b2e0e6a52eb4cbe28b57", "model_version": "scripted-engineering-only"}
{"event": "task_finished", "trajectory_id": "672aa99c-9e45-4971-97a3-ff85739fb367", "task_id": "task-b2e0e6a52eb4cbe28b57", "model_version": "scripted-engineering-only", "outcome": "refused", "task_success": true}
{"event": "task_started", "trajectory_id": "5c26cf1f-f5da-4a98-87a3-a01dc7173e6a", "task_id": "task-271e4f001bfbec4ba37f", "model_version": "scripted-engineering-only"}
{"event": "task_finished", "trajectory_id": "5c26cf1f-f5da-4a98-87a3-a01dc7173e6a", "task_id": "task-271e4f001bfbec4ba37f", "model_version": "scripted-engineering-only", "outcome": "refused", "task_success": true}
{"event": "task_started", "trajectory_id": "dbc9386e-9cde-4373-959f-b4f37d614ec5", "task_id": "task-f476ba5bc12924d9bc6b", "model_version": "scripted-engineering-only"}
{"event": "task_finished", "trajectory_id": "dbc9386e-9cde-4373-959f-b4f37d614ec5", "task_id": "task-f476ba5bc12924d9bc6b", "model_version": "scripted-engineering-only", "outcome": "refused", "task_success": true}
{"event": "task_started", "trajectory_id": "e2e3ee10-a095-4063-9a56-1e08b778a7b7", "task_id": "task-5eb647be1fe8d553a68b", "model_version": "scripted-engineering-only"}
{"event": "task_finished", "trajectory_id": "e2e3ee10-a095-4063-9a56-1e08b778a7b7", "task_id": "task-5eb647be1fe8d553a68b", "model_version": "scripted-engineering-only", "outcome": "refused", "task_success": true}
{"event": "task_started", "trajectory_id": "bcc3b951-90b5-47b3-8c39-dafe1b2c9eeb", "task_id": "task-07a2025d71ee061f3bd2", "model_version": "scripted-engineering-only"}
{"event": "task_finished", "trajectory_id": "bcc3b951-90b5-47b3-8c39-dafe1b2c9eeb", "task_id": "task-07a2025d71ee061f3bd2", "model_version": "scripted-engineering-only", "outcome": "refused", "task_success": true}
{"event": "task_started", "trajectory_id": "c16f3b36-11c8-4ebe-9d8e-2b032ffd6fcb", "task_id": "task-a48da85fc162e85f19e2", "model_version": "scripted-engineering-only"}
{"event": "task_finished", "trajectory_id": "c16f3b36-11c8-4ebe-9d8e-2b032ffd6fcb", "task_id": "task-a48da85fc162e85f19e2", "model_version": "scripted-engineering-only", "outcome": "escalated", "task_success": true}
{"event": "task_started", "trajectory_id": "1958f826-4df3-438c-b6b1-41b0e99efe5f", "task_id": "task-06b8d71a2bcb3273229e", "model_version": "scripted-engineering-only"}
{"event": "task_finished", "trajectory_id": "1958f826-4df3-438c-b6b1-41b0e99efe5f", "task_id": "task-06b8d71a2bcb3273229e", "model_version": "scripted-engineering-only", "outcome": "escalated", "task_success": true}
{"event": "task_started", "trajectory_id": "76764274-4c14-4896-98fe-4b1a6bb373fb", "task_id": "task-a54dafe4b4e3bb62483d", "model_version": "scripted-engineering-only"}
{"event": "task_finished", "trajectory_id": "76764274-4c14-4896-98fe-4b1a6bb373fb", "task_id": "task-a54dafe4b4e3bb62483d", "model_version": "scripted-engineering-only", "outcome": "escalated", "task_success": true}
{"event": "task_started", "trajectory_id": "aea71f0d-82e0-4cff-b402-2d8a6236b925", "task_id": "task-965bab023d996aea99f2", "model_version": "scripted-engineering-only"}
{"event": "task_finished", "trajectory_id": "aea71f0d-82e0-4cff-b402-2d8a6236b925", "task_id": "task-965bab023d996aea99f2", "model_version": "scripted-engineering-only", "outcome": "completed", "task_success": true}
{"event": "task_started", "trajectory_id": "ccf9eadb-e185-4f5d-b780-14b405d11ac6", "task_id": "task-eba00923d594244d8a50", "model_version": "scripted-engineering-only"}
{"event": "task_finished", "trajectory_id": "ccf9eadb-e185-4f5d-b780-14b405d11ac6", "task_id": "task-eba00923d594244d8a50", "model_version": "scripted-engineering-only", "outcome": "completed", "task_success": true}
{"event": "task_started", "trajectory_id": "6ed69a9e-8b28-411f-b74f-8f933aa0d1e0", "task_id": "task-2d745d5735989f513472", "model_version": "scripted-engineering-only"}
{"event": "task_finished", "trajectory_id": "6ed69a9e-8b28-411f-b74f-8f933aa0d1e0", "task_id": "task-2d745d5735989f513472", "model_version": "scripted-engineering-only", "outcome": "completed", "task_success": true}
{"event": "task_started", "trajectory_id": "a6210acc-2c0c-4322-9c57-ffc2a0d84aa9", "task_id": "task-adce80fcd242644af3be", "model_version": "scripted-engineering-only"}
{"event": "task_finished", "trajectory_id": "a6210acc-2c0c-4322-9c57-ffc2a0d84aa9", "task_id": "task-adce80fcd242644af3be", "model_version": "scripted-engineering-only", "outcome": "escalated", "task_success": true}
{"event": "task_started", "trajectory_id": "d886b5f4-bff9-4492-a0b3-6e1e5241cb6f", "task_id": "task-a3b7dfcd02ab8da95ef8", "model_version": "scripted-engineering-only"}
{"event": "task_finished", "trajectory_id": "d886b5f4-bff9-4492-a0b3-6e1e5241cb6f", "task_id": "task-a3b7dfcd02ab8da95ef8", "model_version": "scripted-engineering-only", "outcome": "escalated", "task_success": true}
{"event": "task_started", "trajectory_id": "36bf6841-91cf-4add-8657-223bb983467e", "task_id": "task-0186019e3d73611b86a1", "model_version": "scripted-engineering-only"}
{"event": "task_finished", "trajectory_id": "36bf6841-91cf-4add-8657-223bb983467e", "task_id": "task-0186019e3d73611b86a1", "model_version": "scripted-engineering-only", "outcome": "escalated", "task_success": true}
{"event": "task_started", "trajectory_id": "e0db3fa5-7a5c-48cb-9b2f-8cf9da6e1827", "task_id": "task-734d5b0d34d0656564ee", "model_version": "scripted-engineering-only"}
{"event": "task_finished", "trajectory_id": "e0db3fa5-7a5c-48cb-9b2f-8cf9da6e1827", "task_id": "task-734d5b0d34d0656564ee", "model_version": "scripted-engineering-only", "outcome": "escalated", "task_success": true}
{"event": "task_started", "trajectory_id": "b66b4245-4cde-48ca-ac78-bda3f08c77b3", "task_id": "task-5dceefde9e586fb8376a", "model_version": "scripted-engineering-only"}
{"event": "task_finished", "trajectory_id": "b66b4245-4cde-48ca-ac78-bda3f08c77b3", "task_id": "task-5dceefde9e586fb8376a", "model_version": "scripted-engineering-only", "outcome": "escalated", "task_success": true}
{"event": "task_started", "trajectory_id": "0cc1b8eb-9325-462c-8dd4-3a692b72d1b3", "task_id": "task-ad1e786facf608c440ac", "model_version": "scripted-engineering-only"}
{"event": "task_finished", "trajectory_id": "0cc1b8eb-9325-462c-8dd4-3a692b72d1b3", "task_id": "task-ad1e786facf608c440ac", "model_version": "scripted-engineering-only", "outcome": "escalated", "task_success": true}
{"event": "task_started", "trajectory_id": "5b226377-1bae-4a9b-abf7-972614ec39f5", "task_id": "task-bb68b21999ce552f5ffc", "model_version": "scripted-engineering-only"}
{"event": "task_finished", "trajectory_id": "5b226377-1bae-4a9b-abf7-972614ec39f5", "task_id": "task-bb68b21999ce552f5ffc", "model_version": "scripted-engineering-only", "outcome": "completed", "task_success": true}
{"event": "task_started", "trajectory_id": "4f5c1290-fadf-452a-b746-a405996e4205", "task_id": "task-a1d394ba1d073d7a2eaa", "model_version": "scripted-engineering-only"}
{"event": "task_finished", "trajectory_id": "4f5c1290-fadf-452a-b746-a405996e4205", "task_id": "task-a1d394ba1d073d7a2eaa", "model_version": "scripted-engineering-only", "outcome": "completed", "task_success": true}
{"event": "task_started", "trajectory_id": "2b802a84-17b6-43a9-8aaf-e903486a831e", "task_id": "task-edb462866dbadf5ed77c", "model_version": "scripted-engineering-only"}
{"event": "task_finished", "trajectory_id": "2b802a84-17b6-43a9-8aaf-e903486a831e", "task_id": "task-edb462866dbadf5ed77c", "model_version": "scripted-engineering-only", "outcome": "completed", "task_success": true}
{"event": "task_started", "trajectory_id": "65008111-42b3-4699-8f1c-0e6d2e5d49a1", "task_id": "task-6dfee218765c8a8ccb03", "model_version": "scripted-engineering-only"}
{"event": "task_finished", "trajectory_id": "65008111-42b3-4699-8f1c-0e6d2e5d49a1", "task_id": "task-6dfee218765c8a8ccb03", "model_version": "scripted-engineering-only", "outcome": "completed", "task_success": true}
{"event": "task_started", "trajectory_id": "886f8479-46e6-452f-9d85-bdcd812f4d32", "task_id": "task-7b7e1c638fa73fcdc0cb", "model_version": "scripted-engineering-only"}
{"event": "task_finished", "trajectory_id": "886f8479-46e6-452f-9d85-bdcd812f4d32", "task_id": "task-7b7e1c638fa73fcdc0cb", "model_version": "scripted-engineering-only", "outcome": "completed", "task_success": true}
{"event": "task_started", "trajectory_id": "4b756c51-567c-43e5-a4bc-093a2017dc71", "task_id": "task-30eeea5e7635d5b1ecb1", "model_version": "scripted-engineering-only"}
{"event": "task_finished", "trajectory_id": "4b756c51-567c-43e5-a4bc-093a2017dc71", "task_id": "task-30eeea5e7635d5b1ecb1", "model_version": "scripted-engineering-only", "outcome": "completed", "task_success": true}
{"event": "task_started", "trajectory_id": "e9cc0b5b-8012-4443-8932-abdf84e5b373", "task_id": "task-d1dddd10b1af24b04d3e", "model_version": "scripted-engineering-only"}
{"event": "task_finished", "trajectory_id": "e9cc0b5b-8012-4443-8932-abdf84e5b373", "task_id": "task-d1dddd10b1af24b04d3e", "model_version": "scripted-engineering-only", "outcome": "escalated", "task_success": true}
{"event": "task_started", "trajectory_id": "f47a4b23-a713-4706-b8cf-094bc7bc2c10", "task_id": "task-afbdfb29b194d7db817e", "model_version": "scripted-engineering-only"}
{"event": "task_finished", "trajectory_id": "f47a4b23-a713-4706-b8cf-094bc7bc2c10", "task_id": "task-afbdfb29b194d7db817e", "model_version": "scripted-engineering-only", "outcome": "escalated", "task_success": true}
{"event": "task_started", "trajectory_id": "d8cce38b-8c72-48c6-96e3-2b880ca17548", "task_id": "task-1cb1631bb12620637a56", "model_version": "scripted-engineering-only"}
{"event": "task_finished", "trajectory_id": "d8cce38b-8c72-48c6-96e3-2b880ca17548", "task_id": "task-1cb1631bb12620637a56", "model_version": "scripted-engineering-only", "outcome": "escalated", "task_success": true}
{"event": "task_started", "trajectory_id": "db333407-10ba-4564-aa50-98683bac0ccc", "task_id": "task-86bd6cb9106510ea039f", "model_version": "scripted-engineering-only"}
{"event": "task_finished", "trajectory_id": "db333407-10ba-4564-aa50-98683bac0ccc", "task_id": "task-86bd6cb9106510ea039f", "model_version": "scripted-engineering-only", "outcome": "escalated", "task_success": true}
{"event": "task_started", "trajectory_id": "b44b9667-f032-4faa-b64a-1e194373d1af", "task_id": "task-28acc947e09e78444ad1", "model_version": "scripted-engineering-only"}
{"event": "task_finished", "trajectory_id": "b44b9667-f032-4faa-b64a-1e194373d1af", "task_id": "task-28acc947e09e78444ad1", "model_version": "scripted-engineering-only", "outcome": "escalated", "task_success": true}
{"event": "task_started", "trajectory_id": "bb65104b-fa60-493b-8875-c58b73bf3787", "task_id": "task-398eead64c3eeb871099", "model_version": "scripted-engineering-only"}
{"event": "task_finished", "trajectory_id": "bb65104b-fa60-493b-8875-c58b73bf3787", "task_id": "task-398eead64c3eeb871099", "model_version": "scripted-engineering-only", "outcome": "escalated", "task_success": true}
{"event": "task_started", "trajectory_id": "a222ea7e-d55b-4b88-aa84-d391317739b3", "task_id": "task-80544b2a08bd57e8e768", "model_version": "scripted-engineering-only"}
{"event": "task_finished", "trajectory_id": "a222ea7e-d55b-4b88-aa84-d391317739b3", "task_id": "task-80544b2a08bd57e8e768", "model_version": "scripted-engineering-only", "outcome": "completed", "task_success": true}
{"event": "task_started", "trajectory_id": "41a5acf1-8793-4b51-b0eb-42aac7d6450d", "task_id": "task-673dbc9dd8f247601722", "model_version": "scripted-engineering-only"}
{"event": "task_finished", "trajectory_id": "41a5acf1-8793-4b51-b0eb-42aac7d6450d", "task_id": "task-673dbc9dd8f247601722", "model_version": "scripted-engineering-only", "outcome": "completed", "task_success": true}
{"event": "task_started", "trajectory_id": "107d3308-62ab-4fc6-a84b-42a5538c0301", "task_id": "task-ed359ba55106b09d8847", "model_version": "scripted-engineering-only"}
{"event": "task_finished", "trajectory_id": "107d3308-62ab-4fc6-a84b-42a5538c0301", "task_id": "task-ed359ba55106b09d8847", "model_version": "scripted-engineering-only", "outcome": "completed", "task_success": true}
{"event": "task_started", "trajectory_id": "2adcb314-93ef-4337-8564-1d12a2a7f32b", "task_id": "task-292ef81ae14a36c27b3f", "model_version": "scripted-engineering-only"}
{"event": "task_finished", "trajectory_id": "2adcb314-93ef-4337-8564-1d12a2a7f32b", "task_id": "task-292ef81ae14a36c27b3f", "model_version": "scripted-engineering-only", "outcome": "refused", "task_success": true}
{"event": "task_started", "trajectory_id": "d195e24c-e2b5-4661-84f7-d2575fa365d0", "task_id": "task-5a00f3a9d86cd9d6c54d", "model_version": "scripted-engineering-only"}
{"event": "task_finished", "trajectory_id": "d195e24c-e2b5-4661-84f7-d2575fa365d0", "task_id": "task-5a00f3a9d86cd9d6c54d", "model_version": "scripted-engineering-only", "outcome": "refused", "task_success": true}
{"event": "task_started", "trajectory_id": "6109718e-df5c-46e3-a1ed-a7dd9f1334b7", "task_id": "task-3b9ce844f270fdf7774d", "model_version": "scripted-engineering-only"}
{"event": "task_finished", "trajectory_id": "6109718e-df5c-46e3-a1ed-a7dd9f1334b7", "task_id": "task-3b9ce844f270fdf7774d", "model_version": "scripted-engineering-only", "outcome": "refused", "task_success": true}
{"event": "task_started", "trajectory_id": "ff9121fb-f89b-4404-a089-f2e40ecae171", "task_id": "task-f9ea9ef01353b4b68e96", "model_version": "scripted-engineering-only"}
{"event": "task_finished", "trajectory_id": "ff9121fb-f89b-4404-a089-f2e40ecae171", "task_id": "task-f9ea9ef01353b4b68e96", "model_version": "scripted-engineering-only", "outcome": "refused", "task_success": true}
{"event": "task_started", "trajectory_id": "7932b03f-58dd-4eed-bb3a-0b29162143c0", "task_id": "task-98171245bbd786a1517a", "model_version": "scripted-engineering-only"}
{"event": "task_finished", "trajectory_id": "7932b03f-58dd-4eed-bb3a-0b29162143c0", "task_id": "task-98171245bbd786a1517a", "model_version": "scripted-engineering-only", "outcome": "refused", "task_success": true}
{"event": "task_started", "trajectory_id": "32da05d2-e0a0-4c6e-9a1e-c719138138c5", "task_id": "task-097a2cdd49eb7039eeda", "model_version": "scripted-engineering-only"}
{"event": "task_finished", "trajectory_id": "32da05d2-e0a0-4c6e-9a1e-c719138138c5", "task_id": "task-097a2cdd49eb7039eeda", "model_version": "scripted-engineering-only", "outcome": "refused", "task_success": true}
{"event": "task_started", "trajectory_id": "83b23012-9a5b-4c47-adae-194e9a99388e", "task_id": "task-dc45c35c4539665fa28a", "model_version": "scripted-engineering-only"}
{"event": "task_finished", "trajectory_id": "83b23012-9a5b-4c47-adae-194e9a99388e", "task_id": "task-dc45c35c4539665fa28a", "model_version": "scripted-engineering-only", "outcome": "escalated", "task_success": true}
{"event": "task_started", "trajectory_id": "8c1360c4-5d84-45e8-9312-cba26ccb76ee", "task_id": "task-012721fdabc6938bfdb4", "model_version": "scripted-engineering-only"}
{"event": "task_finished", "trajectory_id": "8c1360c4-5d84-45e8-9312-cba26ccb76ee", "task_id": "task-012721fdabc6938bfdb4", "model_version": "scripted-engineering-only", "outcome": "escalated", "task_success": true}
{"event": "task_started", "trajectory_id": "113075f7-b8bb-4762-806a-96d6a888a2fc", "task_id": "task-7e2db9056f851620b578", "model_version": "scripted-engineering-only"}
{"event": "task_finished", "trajectory_id": "113075f7-b8bb-4762-806a-96d6a888a2fc", "task_id": "task-7e2db9056f851620b578", "model_version": "scripted-engineering-only", "outcome": "escalated", "task_success": true}
{"event": "task_started", "trajectory_id": "a2aae2da-5b64-4e42-83c3-81cac40144ca", "task_id": "task-56d11969bbac661ba221", "model_version": "scripted-engineering-only"}
{"event": "task_finished", "trajectory_id": "a2aae2da-5b64-4e42-83c3-81cac40144ca", "task_id": "task-56d11969bbac661ba221", "model_version": "scripted-engineering-only", "outcome": "refused", "task_success": true}
{"event": "task_started", "trajectory_id": "a99abd92-87a7-4ece-8a7f-87173fdc7aa1", "task_id": "task-87d7c7fe1cf3dca74c72", "model_version": "scripted-engineering-only"}
{"event": "task_finished", "trajectory_id": "a99abd92-87a7-4ece-8a7f-87173fdc7aa1", "task_id": "task-87d7c7fe1cf3dca74c72", "model_version": "scripted-engineering-only", "outcome": "refused", "task_success": true}
{"event": "task_started", "trajectory_id": "2b372437-96a7-4bcc-9a67-cbf881841ece", "task_id": "task-31dce11192d72a14cb25", "model_version": "scripted-engineering-only"}
{"event": "task_finished", "trajectory_id": "2b372437-96a7-4bcc-9a67-cbf881841ece", "task_id": "task-31dce11192d72a14cb25", "model_version": "scripted-engineering-only", "outcome": "refused", "task_success": true}
{"event": "task_started", "trajectory_id": "b785c55e-c6b7-4728-a361-5714127797c4", "task_id": "task-c9c2d9c2d23545eb0e36", "model_version": "scripted-engineering-only"}
{"event": "task_finished", "trajectory_id": "b785c55e-c6b7-4728-a361-5714127797c4", "task_id": "task-c9c2d9c2d23545eb0e36", "model_version": "scripted-engineering-only", "outcome": "refused", "task_success": true}
{"event": "task_started", "trajectory_id": "76d1ea42-056a-44da-a13c-854352289469", "task_id": "task-9f2dbc26618598f23b3d", "model_version": "scripted-engineering-only"}
{"event": "task_finished", "trajectory_id": "76d1ea42-056a-44da-a13c-854352289469", "task_id": "task-9f2dbc26618598f23b3d", "model_version": "scripted-engineering-only", "outcome": "refused", "task_success": true}
{"event": "task_started", "trajectory_id": "0c949aab-bdd6-47a0-8c24-5b95e7308a37", "task_id": "task-ba01b87f8d3c2b2a0a9d", "model_version": "scripted-engineering-only"}
{"event": "task_finished", "trajectory_id": "0c949aab-bdd6-47a0-8c24-5b95e7308a37", "task_id": "task-ba01b87f8d3c2b2a0a9d", "model_version": "scripted-engineering-only", "outcome": "refused", "task_success": true}
{"event": "task_started", "trajectory_id": "677428bf-899e-464d-8abb-982efdc5c0d4", "task_id": "task-bdd32dbdec43e2d790e2", "model_version": "scripted-engineering-only"}
{"event": "task_finished", "trajectory_id": "677428bf-899e-464d-8abb-982efdc5c0d4", "task_id": "task-bdd32dbdec43e2d790e2", "model_version": "scripted-engineering-only", "outcome": "escalated", "task_success": true}
{"event": "task_started", "trajectory_id": "2cdff4db-e498-4fc8-9a9d-7db13c2ed510", "task_id": "task-abd88aed3619fa1f2adb", "model_version": "scripted-engineering-only"}
{"event": "task_finished", "trajectory_id": "2cdff4db-e498-4fc8-9a9d-7db13c2ed510", "task_id": "task-abd88aed3619fa1f2adb", "model_version": "scripted-engineering-only", "outcome": "escalated", "task_success": true}
{"event": "task_started", "trajectory_id": "32dd0d27-84f7-44d3-9a59-6607eed93df7", "task_id": "task-3679379ac0a63d0c5798", "model_version": "scripted-engineering-only"}
{"event": "task_finished", "trajectory_id": "32dd0d27-84f7-44d3-9a59-6607eed93df7", "task_id": "task-3679379ac0a63d0c5798", "model_version": "scripted-engineering-only", "outcome": "escalated", "task_success": true}
{"event": "task_started", "trajectory_id": "f1c8b2fa-9a1c-4edd-be0f-28740dac48d3", "task_id": "task-ec729be391c4a34fe297", "model_version": "scripted-engineering-only"}
{"event": "task_finished", "trajectory_id": "f1c8b2fa-9a1c-4edd-be0f-28740dac48d3", "task_id": "task-ec729be391c4a34fe297", "model_version": "scripted-engineering-only", "outcome": "completed", "task_success": true}
{"event": "task_started", "trajectory_id": "a22b4b56-d342-450d-b3c3-0cf532f8023a", "task_id": "task-b453a658279db88de3c0", "model_version": "scripted-engineering-only"}
{"event": "task_finished", "trajectory_id": "a22b4b56-d342-450d-b3c3-0cf532f8023a", "task_id": "task-b453a658279db88de3c0", "model_version": "scripted-engineering-only", "outcome": "completed", "task_success": true}
{"event": "task_started", "trajectory_id": "c340518c-2130-4892-a100-abb38083af8c", "task_id": "task-97af2e092bbdb911a25a", "model_version": "scripted-engineering-only"}
{"event": "task_finished", "trajectory_id": "c340518c-2130-4892-a100-abb38083af8c", "task_id": "task-97af2e092bbdb911a25a", "model_version": "scripted-engineering-only", "outcome": "completed", "task_success": true}
{"event": "task_started", "trajectory_id": "5ccc47cf-8c0f-4e36-9669-1bb6ab662d60", "task_id": "task-0724fc5648935c3d16ba", "model_version": "scripted-engineering-only"}
{"event": "task_finished", "trajectory_id": "5ccc47cf-8c0f-4e36-9669-1bb6ab662d60", "task_id": "task-0724fc5648935c3d16ba", "model_version": "scripted-engineering-only", "outcome": "escalated", "task_success": true}
{"event": "task_started", "trajectory_id": "ac0521c9-6bb3-4942-8bbc-bc11e0d7e1ff", "task_id": "task-674a4080fd2f0382b598", "model_version": "scripted-engineering-only"}
{"event": "task_finished", "trajectory_id": "ac0521c9-6bb3-4942-8bbc-bc11e0d7e1ff", "task_id": "task-674a4080fd2f0382b598", "model_version": "scripted-engineering-only", "outcome": "escalated", "task_success": true}
{"event": "task_started", "trajectory_id": "3675743d-1aa3-46dc-9dfd-a28f9cbba076", "task_id": "task-3feda8a21f9775e1db88", "model_version": "scripted-engineering-only"}
{"event": "task_finished", "trajectory_id": "3675743d-1aa3-46dc-9dfd-a28f9cbba076", "task_id": "task-3feda8a21f9775e1db88", "model_version": "scripted-engineering-only", "outcome": "escalated", "task_success": true}
{"event": "task_started", "trajectory_id": "5f5add30-e099-4fb9-8881-58b5c926efa3", "task_id": "task-0e084016f0ee902062e6", "model_version": "scripted-engineering-only"}
{"event": "task_finished", "trajectory_id": "5f5add30-e099-4fb9-8881-58b5c926efa3", "task_id": "task-0e084016f0ee902062e6", "model_version": "scripted-engineering-only", "outcome": "completed", "task_success": true}
{"event": "task_started", "trajectory_id": "13752bdf-42c3-44aa-a63e-014b8e67440c", "task_id": "task-4c6c1f9967c096b34002", "model_version": "scripted-engineering-only"}
{"event": "task_finished", "trajectory_id": "13752bdf-42c3-44aa-a63e-014b8e67440c", "task_id": "task-4c6c1f9967c096b34002", "model_version": "scripted-engineering-only", "outcome": "completed", "task_success": true}
{"event": "task_started", "trajectory_id": "762e5877-34e1-4ae1-ab65-aaeeda4da2c3", "task_id": "task-5d8affbfbc38c6af2a55", "model_version": "scripted-engineering-only"}
{"event": "task_finished", "trajectory_id": "762e5877-34e1-4ae1-ab65-aaeeda4da2c3", "task_id": "task-5d8affbfbc38c6af2a55", "model_version": "scripted-engineering-only", "outcome": "completed", "task_success": true}
{"event": "task_started", "trajectory_id": "fdf565ab-8495-4ff1-8790-daa35767ad83", "task_id": "task-705ae2b6a38ee732fcb6", "model_version": "scripted-engineering-only"}
{"event": "task_finished", "trajectory_id": "fdf565ab-8495-4ff1-8790-daa35767ad83", "task_id": "task-705ae2b6a38ee732fcb6", "model_version": "scripted-engineering-only", "outcome": "refused", "task_success": true}
{"event": "task_started", "trajectory_id": "95694ad5-e809-4b8c-8fed-ca4358ae125c", "task_id": "task-aacc6eab02d55411c926", "model_version": "scripted-engineering-only"}
{"event": "task_finished", "trajectory_id": "95694ad5-e809-4b8c-8fed-ca4358ae125c", "task_id": "task-aacc6eab02d55411c926", "model_version": "scripted-engineering-only", "outcome": "refused", "task_success": true}
{"event": "task_started", "trajectory_id": "28a8cac6-dd5d-4e46-b4be-b1ff22e57b80", "task_id": "task-e69eb5bbc48e257eaed9", "model_version": "scripted-engineering-only"}
{"event": "task_finished", "trajectory_id": "28a8cac6-dd5d-4e46-b4be-b1ff22e57b80", "task_id": "task-e69eb5bbc48e257eaed9", "model_version": "scripted-engineering-only", "outcome": "refused", "task_success": true}
{"event": "task_started", "trajectory_id": "c735640d-00b2-4618-8a6b-140817cba414", "task_id": "task-d218b76a549bb71d32a3", "model_version": "scripted-engineering-only"}
{"event": "task_finished", "trajectory_id": "c735640d-00b2-4618-8a6b-140817cba414", "task_id": "task-d218b76a549bb71d32a3", "model_version": "scripted-engineering-only", "outcome": "escalated", "task_success": true}
{"event": "task_started", "trajectory_id": "e6a45d4d-cc5e-4d8b-84ec-b43a52d6e3dd", "task_id": "task-399f80239f711ea5d908", "model_version": "scripted-engineering-only"}
{"event": "task_finished", "trajectory_id": "e6a45d4d-cc5e-4d8b-84ec-b43a52d6e3dd", "task_id": "task-399f80239f711ea5d908", "model_version": "scripted-engineering-only", "outcome": "escalated", "task_success": true}
{"event": "task_started", "trajectory_id": "ee5f6188-5aaf-40f7-a2ef-8aeb539218eb", "task_id": "task-59a584317a710f1deb73", "model_version": "scripted-engineering-only"}
{"event": "task_finished", "trajectory_id": "ee5f6188-5aaf-40f7-a2ef-8aeb539218eb", "task_id": "task-59a584317a710f1deb73", "model_version": "scripted-engineering-only", "outcome": "escalated", "task_success": true}
{"event": "task_started", "trajectory_id": "61ee5bbf-06ec-40e7-95e2-d1b144fb99fd", "task_id": "task-f72263adb1c1d420111e", "model_version": "scripted-engineering-only"}
{"event": "task_finished", "trajectory_id": "61ee5bbf-06ec-40e7-95e2-d1b144fb99fd", "task_id": "task-f72263adb1c1d420111e", "model_version": "scripted-engineering-only", "outcome": "escalated", "task_success": true}
{"event": "task_started", "trajectory_id": "b8c3b953-feed-4aef-ad4a-fa02f5c466dc", "task_id": "task-90c1813085f31f5299b3", "model_version": "scripted-engineering-only"}
{"event": "task_finished", "trajectory_id": "b8c3b953-feed-4aef-ad4a-fa02f5c466dc", "task_id": "task-90c1813085f31f5299b3", "model_version": "scripted-engineering-only", "outcome": "escalated", "task_success": true}
{"event": "task_started", "trajectory_id": "64fc4805-8855-46ff-9207-58489d00d75e", "task_id": "task-c31ed15c43fec69b21d0", "model_version": "scripted-engineering-only"}
{"event": "task_finished", "trajectory_id": "64fc4805-8855-46ff-9207-58489d00d75e", "task_id": "task-c31ed15c43fec69b21d0", "model_version": "scripted-engineering-only", "outcome": "escalated", "task_success": true}
{"event": "task_started", "trajectory_id": "1d8809d8-b2b4-4f44-8baa-4b7acd7d7f97", "task_id": "task-c4da3551dcd0c1e6d1bc", "model_version": "scripted-engineering-only"}
{"event": "task_finished", "trajectory_id": "1d8809d8-b2b4-4f44-8baa-4b7acd7d7f97", "task_id": "task-c4da3551dcd0c1e6d1bc", "model_version": "scripted-engineering-only", "outcome": "completed", "task_success": true}
{"event": "task_started", "trajectory_id": "078a4b17-3891-40d2-b6b9-a2926c39a898", "task_id": "task-d573e068640729f6fc0c", "model_version": "scripted-engineering-only"}
{"event": "task_finished", "trajectory_id": "078a4b17-3891-40d2-b6b9-a2926c39a898", "task_id": "task-d573e068640729f6fc0c", "model_version": "scripted-engineering-only", "outcome": "completed", "task_success": true}
{"event": "task_started", "trajectory_id": "34d830e3-546b-4fff-918b-d8fee986baef", "task_id": "task-5451f40b657f5bfdccbc", "model_version": "scripted-engineering-only"}
{"event": "task_finished", "trajectory_id": "34d830e3-546b-4fff-918b-d8fee986baef", "task_id": "task-5451f40b657f5bfdccbc", "model_version": "scripted-engineering-only", "outcome": "completed", "task_success": true}
{"event": "task_started", "trajectory_id": "4a31000c-2f7e-460a-91ed-b460501217eb", "task_id": "task-d71f713e079ab5c2b330", "model_version": "scripted-engineering-only"}
{"event": "task_finished", "trajectory_id": "4a31000c-2f7e-460a-91ed-b460501217eb", "task_id": "task-d71f713e079ab5c2b330", "model_version": "scripted-engineering-only", "outcome": "completed", "task_success": true}
{"event": "task_started", "trajectory_id": "aa5d60b4-e9a2-45d3-a5b6-5dbc261d4f6d", "task_id": "task-aa38b5523e6289961272", "model_version": "scripted-engineering-only"}
{"event": "task_finished", "trajectory_id": "aa5d60b4-e9a2-45d3-a5b6-5dbc261d4f6d", "task_id": "task-aa38b5523e6289961272", "model_version": "scripted-engineering-only", "outcome": "completed", "task_success": true}
{"event": "task_started", "trajectory_id": "9e1d5934-8acf-415c-aced-178a4afdf50a", "task_id": "task-45334e54e1889ab54a6c", "model_version": "scripted-engineering-only"}
{"event": "task_finished", "trajectory_id": "9e1d5934-8acf-415c-aced-178a4afdf50a", "task_id": "task-45334e54e1889ab54a6c", "model_version": "scripted-engineering-only", "outcome": "completed", "task_success": true}
{"event": "task_started", "trajectory_id": "45347a7b-bfdc-476d-8b06-fbcf4dda89db", "task_id": "task-c50d95cdd2eabf3b7e52", "model_version": "scripted-engineering-only"}
{"event": "task_finished", "trajectory_id": "45347a7b-bfdc-476d-8b06-fbcf4dda89db", "task_id": "task-c50d95cdd2eabf3b7e52", "model_version": "scripted-engineering-only", "outcome": "completed", "task_success": true}
{"event": "task_started", "trajectory_id": "a7c3ff21-54c4-43e6-85fd-b1894a685d84", "task_id": "task-e730102b9a4395aae8ee", "model_version": "scripted-engineering-only"}
{"event": "task_finished", "trajectory_id": "a7c3ff21-54c4-43e6-85fd-b1894a685d84", "task_id": "task-e730102b9a4395aae8ee", "model_version": "scripted-engineering-only", "outcome": "completed", "task_success": true}
{"event": "task_started", "trajectory_id": "d5003956-b244-4de8-91b3-e2bde6a3a9c6", "task_id": "task-c1422229a8352e1cf4fc", "model_version": "scripted-engineering-only"}
{"event": "task_finished", "trajectory_id": "d5003956-b244-4de8-91b3-e2bde6a3a9c6", "task_id": "task-c1422229a8352e1cf4fc", "model_version": "scripted-engineering-only", "outcome": "completed", "task_success": true}
{"event": "task_started", "trajectory_id": "42169d04-5210-46e8-91df-d7652e8f51c9", "task_id": "task-f67587394339c41f909c", "model_version": "scripted-engineering-only"}
{"event": "task_finished", "trajectory_id": "42169d04-5210-46e8-91df-d7652e8f51c9", "task_id": "task-f67587394339c41f909c", "model_version": "scripted-engineering-only", "outcome": "refused", "task_success": true}
{"event": "task_started", "trajectory_id": "bfa4e701-edb6-4a04-8d5e-d8ff8da5c801", "task_id": "task-b2e0e6a52eb4cbe28b57", "model_version": "scripted-engineering-only"}
{"event": "task_finished", "trajectory_id": "bfa4e701-edb6-4a04-8d5e-d8ff8da5c801", "task_id": "task-b2e0e6a52eb4cbe28b57", "model_version": "scripted-engineering-only", "outcome": "refused", "task_success": true}
{"event": "task_started", "trajectory_id": "07deb6aa-dcf7-4a11-ab7d-cb502e845880", "task_id": "task-271e4f001bfbec4ba37f", "model_version": "scripted-engineering-only"}
{"event": "task_finished", "trajectory_id": "07deb6aa-dcf7-4a11-ab7d-cb502e845880", "task_id": "task-271e4f001bfbec4ba37f", "model_version": "scripted-engineering-only", "outcome": "refused", "task_success": true}
{"event": "task_started", "trajectory_id": "8567baa3-cf21-441a-841d-284d9139d5f4", "task_id": "task-f476ba5bc12924d9bc6b", "model_version": "scripted-engineering-only"}
{"event": "task_finished", "trajectory_id": "8567baa3-cf21-441a-841d-284d9139d5f4", "task_id": "task-f476ba5bc12924d9bc6b", "model_version": "scripted-engineering-only", "outcome": "refused", "task_success": true}
{"event": "task_started", "trajectory_id": "91801829-b32f-46c7-adcc-6709800c2f2b", "task_id": "task-5eb647be1fe8d553a68b", "model_version": "scripted-engineering-only"}
{"event": "task_finished", "trajectory_id": "91801829-b32f-46c7-adcc-6709800c2f2b", "task_id": "task-5eb647be1fe8d553a68b", "model_version": "scripted-engineering-only", "outcome": "refused", "task_success": true}
{"event": "task_started", "trajectory_id": "fee98813-f664-48a0-be2b-f1d688ae10ba", "task_id": "task-07a2025d71ee061f3bd2", "model_version": "scripted-engineering-only"}
{"event": "task_finished", "trajectory_id": "fee98813-f664-48a0-be2b-f1d688ae10ba", "task_id": "task-07a2025d71ee061f3bd2", "model_version": "scripted-engineering-only", "outcome": "refused", "task_success": true}
{"event": "task_started", "trajectory_id": "b75157f9-bb27-4317-ba7d-f4b155c228f7", "task_id": "task-a48da85fc162e85f19e2", "model_version": "scripted-engineering-only"}
{"event": "task_finished", "trajectory_id": "b75157f9-bb27-4317-ba7d-f4b155c228f7", "task_id": "task-a48da85fc162e85f19e2", "model_version": "scripted-engineering-only", "outcome": "escalated", "task_success": true}
{"event": "task_started", "trajectory_id": "38fbacae-0ac3-49ec-a170-536d7ae29f72", "task_id": "task-06b8d71a2bcb3273229e", "model_version": "scripted-engineering-only"}
{"event": "task_finished", "trajectory_id": "38fbacae-0ac3-49ec-a170-536d7ae29f72", "task_id": "task-06b8d71a2bcb3273229e", "model_version": "scripted-engineering-only", "outcome": "escalated", "task_success": true}
{"event": "task_started", "trajectory_id": "f3d3ed98-1a54-4c24-bf22-92de35351e92", "task_id": "task-a54dafe4b4e3bb62483d", "model_version": "scripted-engineering-only"}
{"event": "task_finished", "trajectory_id": "f3d3ed98-1a54-4c24-bf22-92de35351e92", "task_id": "task-a54dafe4b4e3bb62483d", "model_version": "scripted-engineering-only", "outcome": "escalated", "task_success": true}
{"event": "task_started", "trajectory_id": "cebe89d5-638d-4334-8b3e-02a0748204f1", "task_id": "task-965bab023d996aea99f2", "model_version": "scripted-engineering-only"}
{"event": "task_finished", "trajectory_id": "cebe89d5-638d-4334-8b3e-02a0748204f1", "task_id": "task-965bab023d996aea99f2", "model_version": "scripted-engineering-only", "outcome": "completed", "task_success": true}
{"event": "task_started", "trajectory_id": "3a2d76d7-0dd6-421b-b468-01207b1b8fef", "task_id": "task-eba00923d594244d8a50", "model_version": "scripted-engineering-only"}
{"event": "task_finished", "trajectory_id": "3a2d76d7-0dd6-421b-b468-01207b1b8fef", "task_id": "task-eba00923d594244d8a50", "model_version": "scripted-engineering-only", "outcome": "completed", "task_success": true}
{"event": "task_started", "trajectory_id": "2ca9bf17-af8c-4b25-829d-2f055dd938bd", "task_id": "task-2d745d5735989f513472", "model_version": "scripted-engineering-only"}
{"event": "task_finished", "trajectory_id": "2ca9bf17-af8c-4b25-829d-2f055dd938bd", "task_id": "task-2d745d5735989f513472", "model_version": "scripted-engineering-only", "outcome": "completed", "task_success": true}
{"event": "task_started", "trajectory_id": "94a79c67-9dac-434e-9177-46ce9ea36bb1", "task_id": "task-adce80fcd242644af3be", "model_version": "scripted-engineering-only"}
{"event": "task_finished", "trajectory_id": "94a79c67-9dac-434e-9177-46ce9ea36bb1", "task_id": "task-adce80fcd242644af3be", "model_version": "scripted-engineering-only", "outcome": "escalated", "task_success": true}
{"event": "task_started", "trajectory_id": "b05db6b3-c9a2-4341-8a51-01089a0dc9f6", "task_id": "task-a3b7dfcd02ab8da95ef8", "model_version": "scripted-engineering-only"}
{"event": "task_finished", "trajectory_id": "b05db6b3-c9a2-4341-8a51-01089a0dc9f6", "task_id": "task-a3b7dfcd02ab8da95ef8", "model_version": "scripted-engineering-only", "outcome": "escalated", "task_success": true}
{"event": "task_started", "trajectory_id": "a2d1806d-924b-4317-ae41-0451a457d98d", "task_id": "task-0186019e3d73611b86a1", "model_version": "scripted-engineering-only"}
{"event": "task_finished", "trajectory_id": "a2d1806d-924b-4317-ae41-0451a457d98d", "task_id": "task-0186019e3d73611b86a1", "model_version": "scripted-engineering-only", "outcome": "escalated", "task_success": true}
{"event": "task_started", "trajectory_id": "fa22e4e8-2033-4424-b39d-bc88f9bd00a2", "task_id": "task-734d5b0d34d0656564ee", "model_version": "scripted-engineering-only"}
{"event": "task_finished", "trajectory_id": "fa22e4e8-2033-4424-b39d-bc88f9bd00a2", "task_id": "task-734d5b0d34d0656564ee", "model_version": "scripted-engineering-only", "outcome": "escalated", "task_success": true}
{"event": "task_started", "trajectory_id": "06905ad2-67af-4230-8698-a3657d8c4a97", "task_id": "task-5dceefde9e586fb8376a", "model_version": "scripted-engineering-only"}
{"event": "task_finished", "trajectory_id": "06905ad2-67af-4230-8698-a3657d8c4a97", "task_id": "task-5dceefde9e586fb8376a", "model_version": "scripted-engineering-only", "outcome": "escalated", "task_success": true}
{"event": "task_started", "trajectory_id": "6f2fd70e-d069-4b30-85b4-4a240760047e", "task_id": "task-ad1e786facf608c440ac", "model_version": "scripted-engineering-only"}
{"event": "task_finished", "trajectory_id": "6f2fd70e-d069-4b30-85b4-4a240760047e", "task_id": "task-ad1e786facf608c440ac", "model_version": "scripted-engineering-only", "outcome": "escalated", "task_success": true}
{"event": "task_started", "trajectory_id": "6120ec3a-5f53-4ab1-a271-e041d6d6d500", "task_id": "task-bb68b21999ce552f5ffc", "model_version": "scripted-engineering-only"}
{"event": "task_finished", "trajectory_id": "6120ec3a-5f53-4ab1-a271-e041d6d6d500", "task_id": "task-bb68b21999ce552f5ffc", "model_version": "scripted-engineering-only", "outcome": "completed", "task_success": true}
{"event": "task_started", "trajectory_id": "d7e0a197-4b71-4940-985a-9460ca754538", "task_id": "task-a1d394ba1d073d7a2eaa", "model_version": "scripted-engineering-only"}
{"event": "task_finished", "trajectory_id": "d7e0a197-4b71-4940-985a-9460ca754538", "task_id": "task-a1d394ba1d073d7a2eaa", "model_version": "scripted-engineering-only", "outcome": "completed", "task_success": true}
{"event": "task_started", "trajectory_id": "5569f03b-dca3-4a04-8894-0e5f475e9c6f", "task_id": "task-edb462866dbadf5ed77c", "model_version": "scripted-engineering-only"}
{"event": "task_finished", "trajectory_id": "5569f03b-dca3-4a04-8894-0e5f475e9c6f", "task_id": "task-edb462866dbadf5ed77c", "model_version": "scripted-engineering-only", "outcome": "completed", "task_success": true}
{"event": "task_started", "trajectory_id": "e30904f6-d15b-468b-82ae-6764f2d42b7e", "task_id": "task-6dfee218765c8a8ccb03", "model_version": "scripted-engineering-only"}
{"event": "task_finished", "trajectory_id": "e30904f6-d15b-468b-82ae-6764f2d42b7e", "task_id": "task-6dfee218765c8a8ccb03", "model_version": "scripted-engineering-only", "outcome": "completed", "task_success": true}
{"event": "task_started", "trajectory_id": "e28939c0-8f91-4a96-bd0f-701d49455f35", "task_id": "task-7b7e1c638fa73fcdc0cb", "model_version": "scripted-engineering-only"}
{"event": "task_finished", "trajectory_id": "e28939c0-8f91-4a96-bd0f-701d49455f35", "task_id": "task-7b7e1c638fa73fcdc0cb", "model_version": "scripted-engineering-only", "outcome": "completed", "task_success": true}
{"event": "task_started", "trajectory_id": "2ca5fa86-0b4c-4eb1-bbd0-0b285182bcca", "task_id": "task-30eeea5e7635d5b1ecb1", "model_version": "scripted-engineering-only"}
{"event": "task_finished", "trajectory_id": "2ca5fa86-0b4c-4eb1-bbd0-0b285182bcca", "task_id": "task-30eeea5e7635d5b1ecb1", "model_version": "scripted-engineering-only", "outcome": "completed", "task_success": true}
{"event": "task_started", "trajectory_id": "73f89faf-ea0f-4d6a-a6ec-7eeb1b130242", "task_id": "task-d1dddd10b1af24b04d3e", "model_version": "scripted-engineering-only"}
{"event": "task_finished", "trajectory_id": "73f89faf-ea0f-4d6a-a6ec-7eeb1b130242", "task_id": "task-d1dddd10b1af24b04d3e", "model_version": "scripted-engineering-only", "outcome": "escalated", "task_success": true}
{"event": "task_started", "trajectory_id": "431142a1-608b-4cd3-81a6-bd06b30a6fc0", "task_id": "task-afbdfb29b194d7db817e", "model_version": "scripted-engineering-only"}
{"event": "task_finished", "trajectory_id": "431142a1-608b-4cd3-81a6-bd06b30a6fc0", "task_id": "task-afbdfb29b194d7db817e", "model_version": "scripted-engineering-only", "outcome": "escalated", "task_success": true}
{"event": "task_started", "trajectory_id": "2fdb1bcf-f0d5-4adb-9ff8-3e5f9eabda8f", "task_id": "task-1cb1631bb12620637a56", "model_version": "scripted-engineering-only"}
{"event": "task_finished", "trajectory_id": "2fdb1bcf-f0d5-4adb-9ff8-3e5f9eabda8f", "task_id": "task-1cb1631bb12620637a56", "model_version": "scripted-engineering-only", "outcome": "escalated", "task_success": true}
{"event": "task_started", "trajectory_id": "31a1e9ad-c32e-4d23-bc42-0223d92123fd", "task_id": "task-86bd6cb9106510ea039f", "model_version": "scripted-engineering-only"}
{"event": "task_finished", "trajectory_id": "31a1e9ad-c32e-4d23-bc42-0223d92123fd", "task_id": "task-86bd6cb9106510ea039f", "model_version": "scripted-engineering-only", "outcome": "escalated", "task_success": true}
{"event": "task_started", "trajectory_id": "0ab590a0-18a8-4a23-837b-f44be1829486", "task_id": "task-28acc947e09e78444ad1", "model_version": "scripted-engineering-only"}
{"event": "task_finished", "trajectory_id": "0ab590a0-18a8-4a23-837b-f44be1829486", "task_id": "task-28acc947e09e78444ad1", "model_version": "scripted-engineering-only", "outcome": "escalated", "task_success": true}
{"event": "task_started", "trajectory_id": "e5f51db9-a166-40ff-8a14-e225dd5e66ba", "task_id": "task-398eead64c3eeb871099", "model_version": "scripted-engineering-only"}
{"event": "task_finished", "trajectory_id": "e5f51db9-a166-40ff-8a14-e225dd5e66ba", "task_id": "task-398eead64c3eeb871099", "model_version": "scripted-engineering-only", "outcome": "escalated", "task_success": true}
{"event": "task_started", "trajectory_id": "1e1a959e-4c0b-445c-b48c-50f4effec32d", "task_id": "task-80544b2a08bd57e8e768", "model_version": "scripted-engineering-only"}
{"event": "task_finished", "trajectory_id": "1e1a959e-4c0b-445c-b48c-50f4effec32d", "task_id": "task-80544b2a08bd57e8e768", "model_version": "scripted-engineering-only", "outcome": "completed", "task_success": true}
{"event": "task_started", "trajectory_id": "1a05663a-2c6b-4130-8dfc-426b20c5cdb4", "task_id": "task-673dbc9dd8f247601722", "model_version": "scripted-engineering-only"}
{"event": "task_finished", "trajectory_id": "1a05663a-2c6b-4130-8dfc-426b20c5cdb4", "task_id": "task-673dbc9dd8f247601722", "model_version": "scripted-engineering-only", "outcome": "completed", "task_success": true}
{"event": "task_started", "trajectory_id": "641af101-f448-42b6-b323-92b5b051d6bc", "task_id": "task-ed359ba55106b09d8847", "model_version": "scripted-engineering-only"}
{"event": "task_finished", "trajectory_id": "641af101-f448-42b6-b323-92b5b051d6bc", "task_id": "task-ed359ba55106b09d8847", "model_version": "scripted-engineering-only", "outcome": "completed", "task_success": true}
{"event": "task_started", "trajectory_id": "45af761a-84cf-405d-942b-c4630c83d998", "task_id": "task-292ef81ae14a36c27b3f", "model_version": "scripted-engineering-only"}
{"event": "task_finished", "trajectory_id": "45af761a-84cf-405d-942b-c4630c83d998", "task_id": "task-292ef81ae14a36c27b3f", "model_version": "scripted-engineering-only", "outcome": "refused", "task_success": true}
{"event": "task_started", "trajectory_id": "acbe86f1-fa73-4ea7-8fa7-57ea601fd3e1", "task_id": "task-5a00f3a9d86cd9d6c54d", "model_version": "scripted-engineering-only"}
{"event": "task_finished", "trajectory_id": "acbe86f1-fa73-4ea7-8fa7-57ea601fd3e1", "task_id": "task-5a00f3a9d86cd9d6c54d", "model_version": "scripted-engineering-only", "outcome": "refused", "task_success": true}
{"event": "task_started", "trajectory_id": "f3290637-2b80-4b0e-bb08-2f2b9fb6af2c", "task_id": "task-3b9ce844f270fdf7774d", "model_version": "scripted-engineering-only"}
{"event": "task_finished", "trajectory_id": "f3290637-2b80-4b0e-bb08-2f2b9fb6af2c", "task_id": "task-3b9ce844f270fdf7774d", "model_version": "scripted-engineering-only", "outcome": "refused", "task_success": true}
{"event": "task_started", "trajectory_id": "09d19735-c166-49b7-8a38-9387246b1fed", "task_id": "task-f9ea9ef01353b4b68e96", "model_version": "scripted-engineering-only"}
{"event": "task_finished", "trajectory_id": "09d19735-c166-49b7-8a38-9387246b1fed", "task_id": "task-f9ea9ef01353b4b68e96", "model_version": "scripted-engineering-only", "outcome": "refused", "task_success": true}
{"event": "task_started", "trajectory_id": "0aa449c0-2e4a-43c0-8e72-93fcc965189b", "task_id": "task-98171245bbd786a1517a", "model_version": "scripted-engineering-only"}
{"event": "task_finished", "trajectory_id": "0aa449c0-2e4a-43c0-8e72-93fcc965189b", "task_id": "task-98171245bbd786a1517a", "model_version": "scripted-engineering-only", "outcome": "refused", "task_success": true}
{"event": "task_started", "trajectory_id": "8c246281-f580-4d53-8845-c48af49b0b8b", "task_id": "task-097a2cdd49eb7039eeda", "model_version": "scripted-engineering-only"}
{"event": "task_finished", "trajectory_id": "8c246281-f580-4d53-8845-c48af49b0b8b", "task_id": "task-097a2cdd49eb7039eeda", "model_version": "scripted-engineering-only", "outcome": "refused", "task_success": true}
{"event": "task_started", "trajectory_id": "716aae83-108c-43e1-aaca-7207b93c8acb", "task_id": "task-dc45c35c4539665fa28a", "model_version": "scripted-engineering-only"}
{"event": "task_finished", "trajectory_id": "716aae83-108c-43e1-aaca-7207b93c8acb", "task_id": "task-dc45c35c4539665fa28a", "model_version": "scripted-engineering-only", "outcome": "escalated", "task_success": true}
{"event": "task_started", "trajectory_id": "fcad69fa-3657-472e-a2b0-89f8205da811", "task_id": "task-012721fdabc6938bfdb4", "model_version": "scripted-engineering-only"}
{"event": "task_finished", "trajectory_id": "fcad69fa-3657-472e-a2b0-89f8205da811", "task_id": "task-012721fdabc6938bfdb4", "model_version": "scripted-engineering-only", "outcome": "escalated", "task_success": true}
{"event": "task_started", "trajectory_id": "cf5d5a3c-f5b3-435e-aaa3-45e21f9af0a0", "task_id": "task-7e2db9056f851620b578", "model_version": "scripted-engineering-only"}
{"event": "task_finished", "trajectory_id": "cf5d5a3c-f5b3-435e-aaa3-45e21f9af0a0", "task_id": "task-7e2db9056f851620b578", "model_version": "scripted-engineering-only", "outcome": "escalated", "task_success": true}
{"event": "task_started", "trajectory_id": "9ec2d2b8-5877-43c9-91ed-f801c8d388af", "task_id": "task-56d11969bbac661ba221", "model_version": "scripted-engineering-only"}
{"event": "task_finished", "trajectory_id": "9ec2d2b8-5877-43c9-91ed-f801c8d388af", "task_id": "task-56d11969bbac661ba221", "model_version": "scripted-engineering-only", "outcome": "refused", "task_success": true}
{"event": "task_started", "trajectory_id": "4bfda892-9d35-4341-a6f4-0ec1b4b275b2", "task_id": "task-87d7c7fe1cf3dca74c72", "model_version": "scripted-engineering-only"}
{"event": "task_finished", "trajectory_id": "4bfda892-9d35-4341-a6f4-0ec1b4b275b2", "task_id": "task-87d7c7fe1cf3dca74c72", "model_version": "scripted-engineering-only", "outcome": "refused", "task_success": true}
{"event": "task_started", "trajectory_id": "fd23c14c-74a2-43f6-af59-0458a93b424c", "task_id": "task-31dce11192d72a14cb25", "model_version": "scripted-engineering-only"}
{"event": "task_finished", "trajectory_id": "fd23c14c-74a2-43f6-af59-0458a93b424c", "task_id": "task-31dce11192d72a14cb25", "model_version": "scripted-engineering-only", "outcome": "refused", "task_success": true}
{"event": "task_started", "trajectory_id": "4d29a8bf-14e3-4dfe-bf21-5e8726cd6b3a", "task_id": "task-c9c2d9c2d23545eb0e36", "model_version": "scripted-engineering-only"}
{"event": "task_finished", "trajectory_id": "4d29a8bf-14e3-4dfe-bf21-5e8726cd6b3a", "task_id": "task-c9c2d9c2d23545eb0e36", "model_version": "scripted-engineering-only", "outcome": "refused", "task_success": true}
{"event": "task_started", "trajectory_id": "4575c09e-5244-4cf8-9cca-cc37abe51798", "task_id": "task-9f2dbc26618598f23b3d", "model_version": "scripted-engineering-only"}
{"event": "task_finished", "trajectory_id": "4575c09e-5244-4cf8-9cca-cc37abe51798", "task_id": "task-9f2dbc26618598f23b3d", "model_version": "scripted-engineering-only", "outcome": "refused", "task_success": true}
{"event": "task_started", "trajectory_id": "75472bb5-d510-45e7-96d4-7ade0d63ba81", "task_id": "task-ba01b87f8d3c2b2a0a9d", "model_version": "scripted-engineering-only"}
{"event": "task_finished", "trajectory_id": "75472bb5-d510-45e7-96d4-7ade0d63ba81", "task_id": "task-ba01b87f8d3c2b2a0a9d", "model_version": "scripted-engineering-only", "outcome": "refused", "task_success": true}
{"event": "task_started", "trajectory_id": "168512d1-cfe4-4703-b080-a36a468394bd", "task_id": "task-bdd32dbdec43e2d790e2", "model_version": "scripted-engineering-only"}
{"event": "task_finished", "trajectory_id": "168512d1-cfe4-4703-b080-a36a468394bd", "task_id": "task-bdd32dbdec43e2d790e2", "model_version": "scripted-engineering-only", "outcome": "escalated", "task_success": true}
{"event": "task_started", "trajectory_id": "703a9df9-5e5a-4eb1-888c-3fc537415b7a", "task_id": "task-abd88aed3619fa1f2adb", "model_version": "scripted-engineering-only"}
{"event": "task_finished", "trajectory_id": "703a9df9-5e5a-4eb1-888c-3fc537415b7a", "task_id": "task-abd88aed3619fa1f2adb", "model_version": "scripted-engineering-only", "outcome": "escalated", "task_success": true}
{"event": "task_started", "trajectory_id": "3f8d57ad-d994-4234-9c67-6fd54a7d5ada", "task_id": "task-3679379ac0a63d0c5798", "model_version": "scripted-engineering-only"}
{"event": "task_finished", "trajectory_id": "3f8d57ad-d994-4234-9c67-6fd54a7d5ada", "task_id": "task-3679379ac0a63d0c5798", "model_version": "scripted-engineering-only", "outcome": "escalated", "task_success": true}
{"event": "task_started", "trajectory_id": "c5d8f58e-e392-4401-b18b-cd79c30c73c3", "task_id": "task-ec729be391c4a34fe297", "model_version": "scripted-engineering-only"}
{"event": "task_finished", "trajectory_id": "c5d8f58e-e392-4401-b18b-cd79c30c73c3", "task_id": "task-ec729be391c4a34fe297", "model_version": "scripted-engineering-only", "outcome": "completed", "task_success": true}
{"event": "task_started", "trajectory_id": "9e7824f5-0224-4809-a0e9-5b11562f7528", "task_id": "task-b453a658279db88de3c0", "model_version": "scripted-engineering-only"}
{"event": "task_finished", "trajectory_id": "9e7824f5-0224-4809-a0e9-5b11562f7528", "task_id": "task-b453a658279db88de3c0", "model_version": "scripted-engineering-only", "outcome": "completed", "task_success": true}
{"event": "task_started", "trajectory_id": "4db03966-bf1a-4514-aa3d-7b4970dccc63", "task_id": "task-97af2e092bbdb911a25a", "model_version": "scripted-engineering-only"}
{"event": "task_finished", "trajectory_id": "4db03966-bf1a-4514-aa3d-7b4970dccc63", "task_id": "task-97af2e092bbdb911a25a", "model_version": "scripted-engineering-only", "outcome": "completed", "task_success": true}
{"event": "task_started", "trajectory_id": "c6de63cc-5c51-43f7-9bad-a35b2ddbc226", "task_id": "task-0724fc5648935c3d16ba", "model_version": "scripted-engineering-only"}
{"event": "task_finished", "trajectory_id": "c6de63cc-5c51-43f7-9bad-a35b2ddbc226", "task_id": "task-0724fc5648935c3d16ba", "model_version": "scripted-engineering-only", "outcome": "escalated", "task_success": true}
{"event": "task_started", "trajectory_id": "00b274e6-aadb-4b0f-a726-f06de1728e76", "task_id": "task-674a4080fd2f0382b598", "model_version": "scripted-engineering-only"}
{"event": "task_finished", "trajectory_id": "00b274e6-aadb-4b0f-a726-f06de1728e76", "task_id": "task-674a4080fd2f0382b598", "model_version": "scripted-engineering-only", "outcome": "escalated", "task_success": true}
{"event": "task_started", "trajectory_id": "bfa49256-c85c-4098-8cd4-1e6a890e5dba", "task_id": "task-3feda8a21f9775e1db88", "model_version": "scripted-engineering-only"}
{"event": "task_finished", "trajectory_id": "bfa49256-c85c-4098-8cd4-1e6a890e5dba", "task_id": "task-3feda8a21f9775e1db88", "model_version": "scripted-engineering-only", "outcome": "escalated", "task_success": true}
{"event": "task_started", "trajectory_id": "a3f3e5d5-171c-4b21-b338-78c7a87fc07c", "task_id": "task-0e084016f0ee902062e6", "model_version": "scripted-engineering-only"}
{"event": "task_finished", "trajectory_id": "a3f3e5d5-171c-4b21-b338-78c7a87fc07c", "task_id": "task-0e084016f0ee902062e6", "model_version": "scripted-engineering-only", "outcome": "completed", "task_success": true}
{"event": "task_started", "trajectory_id": "7b2f7998-ef76-477a-b660-992a67a2b4cf", "task_id": "task-4c6c1f9967c096b34002", "model_version": "scripted-engineering-only"}
{"event": "task_finished", "trajectory_id": "7b2f7998-ef76-477a-b660-992a67a2b4cf", "task_id": "task-4c6c1f9967c096b34002", "model_version": "scripted-engineering-only", "outcome": "completed", "task_success": true}
{"event": "task_started", "trajectory_id": "4647e0a9-a0f4-493d-ae5a-e8376f2085d5", "task_id": "task-5d8affbfbc38c6af2a55", "model_version": "scripted-engineering-only"}
{"event": "task_finished", "trajectory_id": "4647e0a9-a0f4-493d-ae5a-e8376f2085d5", "task_id": "task-5d8affbfbc38c6af2a55", "model_version": "scripted-engineering-only", "outcome": "completed", "task_success": true}
{"event": "task_started", "trajectory_id": "86f5baf2-c0d8-45f8-a4c7-9a741894abab", "task_id": "task-705ae2b6a38ee732fcb6", "model_version": "scripted-engineering-only"}
{"event": "task_finished", "trajectory_id": "86f5baf2-c0d8-45f8-a4c7-9a741894abab", "task_id": "task-705ae2b6a38ee732fcb6", "model_version": "scripted-engineering-only", "outcome": "refused", "task_success": true}
{"event": "task_started", "trajectory_id": "ebaf9f75-7b52-4ae6-9c24-6d4468f54d3f", "task_id": "task-aacc6eab02d55411c926", "model_version": "scripted-engineering-only"}
{"event": "task_finished", "trajectory_id": "ebaf9f75-7b52-4ae6-9c24-6d4468f54d3f", "task_id": "task-aacc6eab02d55411c926", "model_version": "scripted-engineering-only", "outcome": "refused", "task_success": true}
{"event": "task_started", "trajectory_id": "549b9857-ccfd-4f4a-b00f-807af9a5d53c", "task_id": "task-e69eb5bbc48e257eaed9", "model_version": "scripted-engineering-only"}
{"event": "task_finished", "trajectory_id": "549b9857-ccfd-4f4a-b00f-807af9a5d53c", "task_id": "task-e69eb5bbc48e257eaed9", "model_version": "scripted-engineering-only", "outcome": "refused", "task_success": true}
{"event": "task_started", "trajectory_id": "9cf0c370-e586-48f7-87bf-2b06c1eb4b53", "task_id": "task-d218b76a549bb71d32a3", "model_version": "scripted-engineering-only"}
{"event": "task_finished", "trajectory_id": "9cf0c370-e586-48f7-87bf-2b06c1eb4b53", "task_id": "task-d218b76a549bb71d32a3", "model_version": "scripted-engineering-only", "outcome": "escalated", "task_success": true}
{"event": "task_started", "trajectory_id": "5b3a9f7c-9880-4621-8bac-7068ad59a5bd", "task_id": "task-399f80239f711ea5d908", "model_version": "scripted-engineering-only"}
{"event": "task_finished", "trajectory_id": "5b3a9f7c-9880-4621-8bac-7068ad59a5bd", "task_id": "task-399f80239f711ea5d908", "model_version": "scripted-engineering-only", "outcome": "escalated", "task_success": true}
{"event": "task_started", "trajectory_id": "60c06dd5-2a0c-44a4-9c40-5d1f1187bfea", "task_id": "task-59a584317a710f1deb73", "model_version": "scripted-engineering-only"}
{"event": "task_finished", "trajectory_id": "60c06dd5-2a0c-44a4-9c40-5d1f1187bfea", "task_id": "task-59a584317a710f1deb73", "model_version": "scripted-engineering-only", "outcome": "escalated", "task_success": true}
{"event": "task_started", "trajectory_id": "6d4e1bad-f966-480a-9fc6-e41808b91570", "task_id": "task-f72263adb1c1d420111e", "model_version": "scripted-engineering-only"}
{"event": "task_finished", "trajectory_id": "6d4e1bad-f966-480a-9fc6-e41808b91570", "task_id": "task-f72263adb1c1d420111e", "model_version": "scripted-engineering-only", "outcome": "escalated", "task_success": true}
{"event": "task_started", "trajectory_id": "6f95f6fd-b268-4475-94e1-2585cc94f174", "task_id": "task-90c1813085f31f5299b3", "model_version": "scripted-engineering-only"}
{"event": "task_finished", "trajectory_id": "6f95f6fd-b268-4475-94e1-2585cc94f174", "task_id": "task-90c1813085f31f5299b3", "model_version": "scripted-engineering-only", "outcome": "escalated", "task_success": true}
{"event": "task_started", "trajectory_id": "9b53088d-7923-4d54-a880-7de8f37f5ac3", "task_id": "task-c31ed15c43fec69b21d0", "model_version": "scripted-engineering-only"}
{"event": "task_finished", "trajectory_id": "9b53088d-7923-4d54-a880-7de8f37f5ac3", "task_id": "task-c31ed15c43fec69b21d0", "model_version": "scripted-engineering-only", "outcome": "escalated", "task_success": true}
{"event": "task_started", "trajectory_id": "956d9d66-0077-43bc-846e-36d0b8e0467f", "task_id": "task-c4da3551dcd0c1e6d1bc", "model_version": "scripted-engineering-only"}
{"event": "task_finished", "trajectory_id": "956d9d66-0077-43bc-846e-36d0b8e0467f", "task_id": "task-c4da3551dcd0c1e6d1bc", "model_version": "scripted-engineering-only", "outcome": "completed", "task_success": true}
{"event": "task_started", "trajectory_id": "d8299cb3-f701-4bf7-9979-83ffcaf5907b", "task_id": "task-d573e068640729f6fc0c", "model_version": "scripted-engineering-only"}
{"event": "task_finished", "trajectory_id": "d8299cb3-f701-4bf7-9979-83ffcaf5907b", "task_id": "task-d573e068640729f6fc0c", "model_version": "scripted-engineering-only", "outcome": "completed", "task_success": true}
{"event": "task_started", "trajectory_id": "2f428ead-29ea-46be-abeb-021317f0c83b", "task_id": "task-5451f40b657f5bfdccbc", "model_version": "scripted-engineering-only"}
{"event": "task_finished", "trajectory_id": "2f428ead-29ea-46be-abeb-021317f0c83b", "task_id": "task-5451f40b657f5bfdccbc", "model_version": "scripted-engineering-only", "outcome": "completed", "task_success": true}
{"event": "task_started", "trajectory_id": "060cfe82-f315-4287-801f-9706cffcfe93", "task_id": "task-d71f713e079ab5c2b330", "model_version": "scripted-engineering-only"}
{"event": "task_finished", "trajectory_id": "060cfe82-f315-4287-801f-9706cffcfe93", "task_id": "task-d71f713e079ab5c2b330", "model_version": "scripted-engineering-only", "outcome": "completed", "task_success": true}
{"event": "task_started", "trajectory_id": "3b0b54e8-2ce9-4b05-9744-e527986e75a4", "task_id": "task-aa38b5523e6289961272", "model_version": "scripted-engineering-only"}
{"event": "task_finished", "trajectory_id": "3b0b54e8-2ce9-4b05-9744-e527986e75a4", "task_id": "task-aa38b5523e6289961272", "model_version": "scripted-engineering-only", "outcome": "completed", "task_success": true}
{"event": "task_started", "trajectory_id": "4870c882-ad70-48ba-9242-43d60d8114dd", "task_id": "task-45334e54e1889ab54a6c", "model_version": "scripted-engineering-only"}
{"event": "task_finished", "trajectory_id": "4870c882-ad70-48ba-9242-43d60d8114dd", "task_id": "task-45334e54e1889ab54a6c", "model_version": "scripted-engineering-only", "outcome": "completed", "task_success": true}
{"event": "task_started", "trajectory_id": "a2a1f240-6853-4f3f-83a6-a4ed0af5060c", "task_id": "task-c50d95cdd2eabf3b7e52", "model_version": "scripted-engineering-only"}
{"event": "task_finished", "trajectory_id": "a2a1f240-6853-4f3f-83a6-a4ed0af5060c", "task_id": "task-c50d95cdd2eabf3b7e52", "model_version": "scripted-engineering-only", "outcome": "completed", "task_success": true}
{"event": "task_started", "trajectory_id": "485e8090-35bf-4a7f-81fd-0d78eb6d057d", "task_id": "task-e730102b9a4395aae8ee", "model_version": "scripted-engineering-only"}
{"event": "task_finished", "trajectory_id": "485e8090-35bf-4a7f-81fd-0d78eb6d057d", "task_id": "task-e730102b9a4395aae8ee", "model_version": "scripted-engineering-only", "outcome": "completed", "task_success": true}
{"event": "task_started", "trajectory_id": "14227173-79d0-4da3-b5cc-29671cb4d8fe", "task_id": "task-c1422229a8352e1cf4fc", "model_version": "scripted-engineering-only"}
{"event": "task_finished", "trajectory_id": "14227173-79d0-4da3-b5cc-29671cb4d8fe", "task_id": "task-c1422229a8352e1cf4fc", "model_version": "scripted-engineering-only", "outcome": "completed", "task_success": true}
{"event": "task_started", "trajectory_id": "6808213b-4393-4973-be86-c2be37c55b76", "task_id": "task-f67587394339c41f909c", "model_version": "scripted-engineering-only"}
{"event": "task_finished", "trajectory_id": "6808213b-4393-4973-be86-c2be37c55b76", "task_id": "task-f67587394339c41f909c", "model_version": "scripted-engineering-only", "outcome": "refused", "task_success": true}
{"event": "task_started", "trajectory_id": "38be8447-0f35-4295-950c-81e39889bbd1", "task_id": "task-b2e0e6a52eb4cbe28b57", "model_version": "scripted-engineering-only"}
{"event": "task_finished", "trajectory_id": "38be8447-0f35-4295-950c-81e39889bbd1", "task_id": "task-b2e0e6a52eb4cbe28b57", "model_version": "scripted-engineering-only", "outcome": "refused", "task_success": true}
{"event": "task_started", "trajectory_id": "cf8bea80-f232-42e0-ad92-0191d99d36f6", "task_id": "task-271e4f001bfbec4ba37f", "model_version": "scripted-engineering-only"}
{"event": "task_finished", "trajectory_id": "cf8bea80-f232-42e0-ad92-0191d99d36f6", "task_id": "task-271e4f001bfbec4ba37f", "model_version": "scripted-engineering-only", "outcome": "refused", "task_success": true}
{"event": "task_started", "trajectory_id": "4349c582-92aa-4557-958f-3a93c368d90c", "task_id": "task-f476ba5bc12924d9bc6b", "model_version": "scripted-engineering-only"}
{"event": "task_finished", "trajectory_id": "4349c582-92aa-4557-958f-3a93c368d90c", "task_id": "task-f476ba5bc12924d9bc6b", "model_version": "scripted-engineering-only", "outcome": "refused", "task_success": true}
{"event": "task_started", "trajectory_id": "15487bd5-d69f-43e9-8549-bb34174594a4", "task_id": "task-5eb647be1fe8d553a68b", "model_version": "scripted-engineering-only"}
{"event": "task_finished", "trajectory_id": "15487bd5-d69f-43e9-8549-bb34174594a4", "task_id": "task-5eb647be1fe8d553a68b", "model_version": "scripted-engineering-only", "outcome": "refused", "task_success": true}
{"event": "task_started", "trajectory_id": "96669ae3-856b-4eab-a8f9-4bacb3da6aed", "task_id": "task-07a2025d71ee061f3bd2", "model_version": "scripted-engineering-only"}
{"event": "task_finished", "trajectory_id": "96669ae3-856b-4eab-a8f9-4bacb3da6aed", "task_id": "task-07a2025d71ee061f3bd2", "model_version": "scripted-engineering-only", "outcome": "refused", "task_success": true}
{"event": "task_started", "trajectory_id": "5433e888-db4a-4a6b-8b57-3724c3fc309f", "task_id": "task-a48da85fc162e85f19e2", "model_version": "scripted-engineering-only"}
{"event": "task_finished", "trajectory_id": "5433e888-db4a-4a6b-8b57-3724c3fc309f", "task_id": "task-a48da85fc162e85f19e2", "model_version": "scripted-engineering-only", "outcome": "escalated", "task_success": true}
{"event": "task_started", "trajectory_id": "408d3ff8-f779-4448-859d-3ee6a874b8d1", "task_id": "task-06b8d71a2bcb3273229e", "model_version": "scripted-engineering-only"}
{"event": "task_finished", "trajectory_id": "408d3ff8-f779-4448-859d-3ee6a874b8d1", "task_id": "task-06b8d71a2bcb3273229e", "model_version": "scripted-engineering-only", "outcome": "escalated", "task_success": true}
{"event": "task_started", "trajectory_id": "a2c6cccf-c687-452a-856c-47bf87ca0bce", "task_id": "task-a54dafe4b4e3bb62483d", "model_version": "scripted-engineering-only"}
{"event": "task_finished", "trajectory_id": "a2c6cccf-c687-452a-856c-47bf87ca0bce", "task_id": "task-a54dafe4b4e3bb62483d", "model_version": "scripted-engineering-only", "outcome": "escalated", "task_success": true}
{"event": "task_started", "trajectory_id": "d1fa13b9-2a63-4846-84cf-6b51335e0699", "task_id": "task-965bab023d996aea99f2", "model_version": "scripted-engineering-only"}
{"event": "task_finished", "trajectory_id": "d1fa13b9-2a63-4846-84cf-6b51335e0699", "task_id": "task-965bab023d996aea99f2", "model_version": "scripted-engineering-only", "outcome": "completed", "task_success": true}
{"event": "task_started", "trajectory_id": "2e2064e2-bb19-438e-883d-bc619e018d40", "task_id": "task-eba00923d594244d8a50", "model_version": "scripted-engineering-only"}
{"event": "task_finished", "trajectory_id": "2e2064e2-bb19-438e-883d-bc619e018d40", "task_id": "task-eba00923d594244d8a50", "model_version": "scripted-engineering-only", "outcome": "completed", "task_success": true}
{"event": "task_started", "trajectory_id": "e764cea9-3b1f-430d-8c26-aef00c9a0f64", "task_id": "task-2d745d5735989f513472", "model_version": "scripted-engineering-only"}
{"event": "task_finished", "trajectory_id": "e764cea9-3b1f-430d-8c26-aef00c9a0f64", "task_id": "task-2d745d5735989f513472", "model_version": "scripted-engineering-only", "outcome": "completed", "task_success": true}
{"event": "task_started", "trajectory_id": "2d9e21cf-11a0-4700-897e-2f43fc4d1280", "task_id": "task-adce80fcd242644af3be", "model_version": "scripted-engineering-only"}
{"event": "task_finished", "trajectory_id": "2d9e21cf-11a0-4700-897e-2f43fc4d1280", "task_id": "task-adce80fcd242644af3be", "model_version": "scripted-engineering-only", "outcome": "escalated", "task_success": true}
{"event": "task_started", "trajectory_id": "79a5aac5-fab1-46cb-abc7-2d82f6c5130a", "task_id": "task-a3b7dfcd02ab8da95ef8", "model_version": "scripted-engineering-only"}
{"event": "task_finished", "trajectory_id": "79a5aac5-fab1-46cb-abc7-2d82f6c5130a", "task_id": "task-a3b7dfcd02ab8da95ef8", "model_version": "scripted-engineering-only", "outcome": "escalated", "task_success": true}
{"event": "task_started", "trajectory_id": "fb375873-afe4-4cbe-b413-e6e56f8fc443", "task_id": "task-0186019e3d73611b86a1", "model_version": "scripted-engineering-only"}
{"event": "task_finished", "trajectory_id": "fb375873-afe4-4cbe-b413-e6e56f8fc443", "task_id": "task-0186019e3d73611b86a1", "model_version": "scripted-engineering-only", "outcome": "escalated", "task_success": true}
{"event": "task_started", "trajectory_id": "a9f3b02d-7556-477e-894a-32f43ca23e9e", "task_id": "task-734d5b0d34d0656564ee", "model_version": "scripted-engineering-only"}
{"event": "task_finished", "trajectory_id": "a9f3b02d-7556-477e-894a-32f43ca23e9e", "task_id": "task-734d5b0d34d0656564ee", "model_version": "scripted-engineering-only", "outcome": "escalated", "task_success": true}
{"event": "task_started", "trajectory_id": "fa049fb9-01be-4c5a-a331-fdc8e81c4b8b", "task_id": "task-5dceefde9e586fb8376a", "model_version": "scripted-engineering-only"}
{"event": "task_finished", "trajectory_id": "fa049fb9-01be-4c5a-a331-fdc8e81c4b8b", "task_id": "task-5dceefde9e586fb8376a", "model_version": "scripted-engineering-only", "outcome": "escalated", "task_success": true}
{"event": "task_started", "trajectory_id": "b4eb5363-7941-4809-8c47-062806377f0e", "task_id": "task-ad1e786facf608c440ac", "model_version": "scripted-engineering-only"}
{"event": "task_finished", "trajectory_id": "b4eb5363-7941-4809-8c47-062806377f0e", "task_id": "task-ad1e786facf608c440ac", "model_version": "scripted-engineering-only", "outcome": "escalated", "task_success": true}
{"event": "task_started", "trajectory_id": "8bff09d8-417b-4bfc-919b-c0f5d7720088", "task_id": "task-bb68b21999ce552f5ffc", "model_version": "scripted-engineering-only"}
{"event": "task_finished", "trajectory_id": "8bff09d8-417b-4bfc-919b-c0f5d7720088", "task_id": "task-bb68b21999ce552f5ffc", "model_version": "scripted-engineering-only", "outcome": "completed", "task_success": true}
{"event": "task_started", "trajectory_id": "a331e8d0-fe3d-45b4-a864-5275e806d40a", "task_id": "task-a1d394ba1d073d7a2eaa", "model_version": "scripted-engineering-only"}
{"event": "task_finished", "trajectory_id": "a331e8d0-fe3d-45b4-a864-5275e806d40a", "task_id": "task-a1d394ba1d073d7a2eaa", "model_version": "scripted-engineering-only", "outcome": "completed", "task_success": true}
{"event": "task_started", "trajectory_id": "0dd9fc50-463d-4aad-92f9-6d4429cc7134", "task_id": "task-edb462866dbadf5ed77c", "model_version": "scripted-engineering-only"}
{"event": "task_finished", "trajectory_id": "0dd9fc50-463d-4aad-92f9-6d4429cc7134", "task_id": "task-edb462866dbadf5ed77c", "model_version": "scripted-engineering-only", "outcome": "completed", "task_success": true}
{"event": "task_started", "trajectory_id": "40db4a96-d113-4c57-8e2a-458164fc7ca0", "task_id": "task-6dfee218765c8a8ccb03", "model_version": "scripted-engineering-only"}
{"event": "task_finished", "trajectory_id": "40db4a96-d113-4c57-8e2a-458164fc7ca0", "task_id": "task-6dfee218765c8a8ccb03", "model_version": "scripted-engineering-only", "outcome": "completed", "task_success": true}
{"event": "task_started", "trajectory_id": "2546efe1-e35f-4d71-9b43-282d2c2ccd2c", "task_id": "task-7b7e1c638fa73fcdc0cb", "model_version": "scripted-engineering-only"}
{"event": "task_finished", "trajectory_id": "2546efe1-e35f-4d71-9b43-282d2c2ccd2c", "task_id": "task-7b7e1c638fa73fcdc0cb", "model_version": "scripted-engineering-only", "outcome": "completed", "task_success": true}
{"event": "task_started", "trajectory_id": "c50d1eea-f25c-4309-bf22-6c30e6493b2b", "task_id": "task-30eeea5e7635d5b1ecb1", "model_version": "scripted-engineering-only"}
{"event": "task_finished", "trajectory_id": "c50d1eea-f25c-4309-bf22-6c30e6493b2b", "task_id": "task-30eeea5e7635d5b1ecb1", "model_version": "scripted-engineering-only", "outcome": "completed", "task_success": true}
{"event": "task_started", "trajectory_id": "50dcf67c-4073-4afc-a03c-ebe9ee12c144", "task_id": "task-d1dddd10b1af24b04d3e", "model_version": "scripted-engineering-only"}
{"event": "task_finished", "trajectory_id": "50dcf67c-4073-4afc-a03c-ebe9ee12c144", "task_id": "task-d1dddd10b1af24b04d3e", "model_version": "scripted-engineering-only", "outcome": "escalated", "task_success": true}
{"event": "task_started", "trajectory_id": "0e5d6ef4-d488-4305-8f9b-2fc5db6a9a3a", "task_id": "task-afbdfb29b194d7db817e", "model_version": "scripted-engineering-only"}
{"event": "task_finished", "trajectory_id": "0e5d6ef4-d488-4305-8f9b-2fc5db6a9a3a", "task_id": "task-afbdfb29b194d7db817e", "model_version": "scripted-engineering-only", "outcome": "escalated", "task_success": true}
{"event": "task_started", "trajectory_id": "aad45c4f-52e8-42a0-86fc-63fbc5e6bcf4", "task_id": "task-1cb1631bb12620637a56", "model_version": "scripted-engineering-only"}
{"event": "task_finished", "trajectory_id": "aad45c4f-52e8-42a0-86fc-63fbc5e6bcf4", "task_id": "task-1cb1631bb12620637a56", "model_version": "scripted-engineering-only", "outcome": "escalated", "task_success": true}
{"event": "task_started", "trajectory_id": "e99d180a-9c37-46cb-9857-afb58000357a", "task_id": "task-86bd6cb9106510ea039f", "model_version": "scripted-engineering-only"}
{"event": "task_finished", "trajectory_id": "e99d180a-9c37-46cb-9857-afb58000357a", "task_id": "task-86bd6cb9106510ea039f", "model_version": "scripted-engineering-only", "outcome": "escalated", "task_success": true}
{"event": "task_started", "trajectory_id": "f3af00b2-d657-4d43-9434-4591ce062d28", "task_id": "task-28acc947e09e78444ad1", "model_version": "scripted-engineering-only"}
{"event": "task_finished", "trajectory_id": "f3af00b2-d657-4d43-9434-4591ce062d28", "task_id": "task-28acc947e09e78444ad1", "model_version": "scripted-engineering-only", "outcome": "escalated", "task_success": true}
{"event": "task_started", "trajectory_id": "26f3ce82-dad9-42da-b11e-44b9044c6020", "task_id": "task-398eead64c3eeb871099", "model_version": "scripted-engineering-only"}
{"event": "task_finished", "trajectory_id": "26f3ce82-dad9-42da-b11e-44b9044c6020", "task_id": "task-398eead64c3eeb871099", "model_version": "scripted-engineering-only", "outcome": "escalated", "task_success": true}
{"event": "task_started", "trajectory_id": "9c0bc176-d6f5-400b-9f24-f8f45ce56342", "task_id": "task-80544b2a08bd57e8e768", "model_version": "scripted-engineering-only"}
{"event": "task_finished", "trajectory_id": "9c0bc176-d6f5-400b-9f24-f8f45ce56342", "task_id": "task-80544b2a08bd57e8e768", "model_version": "scripted-engineering-only", "outcome": "completed", "task_success": true}
{"event": "task_started", "trajectory_id": "ee823481-9792-4c54-8286-a5c4b08e66b2", "task_id": "task-673dbc9dd8f247601722", "model_version": "scripted-engineering-only"}
{"event": "task_finished", "trajectory_id": "ee823481-9792-4c54-8286-a5c4b08e66b2", "task_id": "task-673dbc9dd8f247601722", "model_version": "scripted-engineering-only", "outcome": "completed", "task_success": true}
{"event": "task_started", "trajectory_id": "035c902c-b331-49f4-94cf-36066fdbabee", "task_id": "task-ed359ba55106b09d8847", "model_version": "scripted-engineering-only"}
{"event": "task_finished", "trajectory_id": "035c902c-b331-49f4-94cf-36066fdbabee", "task_id": "task-ed359ba55106b09d8847", "model_version": "scripted-engineering-only", "outcome": "completed", "task_success": true}
{"event": "task_started", "trajectory_id": "bd280ede-cc94-40cb-b84d-dc5b7a23e611", "task_id": "task-292ef81ae14a36c27b3f", "model_version": "scripted-engineering-only"}
{"event": "task_finished", "trajectory_id": "bd280ede-cc94-40cb-b84d-dc5b7a23e611", "task_id": "task-292ef81ae14a36c27b3f", "model_version": "scripted-engineering-only", "outcome": "refused", "task_success": true}
{"event": "task_started", "trajectory_id": "a1507de5-4454-4fc6-85ac-0babb5e95394", "task_id": "task-5a00f3a9d86cd9d6c54d", "model_version": "scripted-engineering-only"}
{"event": "task_finished", "trajectory_id": "a1507de5-4454-4fc6-85ac-0babb5e95394", "task_id": "task-5a00f3a9d86cd9d6c54d", "model_version": "scripted-engineering-only", "outcome": "refused", "task_success": true}
{"event": "task_started", "trajectory_id": "60801943-99d8-4495-b180-d7d9531ab7d0", "task_id": "task-3b9ce844f270fdf7774d", "model_version": "scripted-engineering-only"}
{"event": "task_finished", "trajectory_id": "60801943-99d8-4495-b180-d7d9531ab7d0", "task_id": "task-3b9ce844f270fdf7774d", "model_version": "scripted-engineering-only", "outcome": "refused", "task_success": true}
{"event": "task_started", "trajectory_id": "4b6a7154-5a86-4d4a-b2f6-cb9ffa907a13", "task_id": "task-f9ea9ef01353b4b68e96", "model_version": "scripted-engineering-only"}
{"event": "task_finished", "trajectory_id": "4b6a7154-5a86-4d4a-b2f6-cb9ffa907a13", "task_id": "task-f9ea9ef01353b4b68e96", "model_version": "scripted-engineering-only", "outcome": "refused", "task_success": true}
{"event": "task_started", "trajectory_id": "275fc860-9336-4b69-ace2-f5cae3b7b386", "task_id": "task-98171245bbd786a1517a", "model_version": "scripted-engineering-only"}
{"event": "task_finished", "trajectory_id": "275fc860-9336-4b69-ace2-f5cae3b7b386", "task_id": "task-98171245bbd786a1517a", "model_version": "scripted-engineering-only", "outcome": "refused", "task_success": true}
{"event": "task_started", "trajectory_id": "834c743e-9507-4b62-b52d-4c1b2800affc", "task_id": "task-097a2cdd49eb7039eeda", "model_version": "scripted-engineering-only"}
{"event": "task_finished", "trajectory_id": "834c743e-9507-4b62-b52d-4c1b2800affc", "task_id": "task-097a2cdd49eb7039eeda", "model_version": "scripted-engineering-only", "outcome": "refused", "task_success": true}
{"event": "task_started", "trajectory_id": "829148b8-cd78-4b66-b848-4afcb5af9ed9", "task_id": "task-dc45c35c4539665fa28a", "model_version": "scripted-engineering-only"}
{"event": "task_finished", "trajectory_id": "829148b8-cd78-4b66-b848-4afcb5af9ed9", "task_id": "task-dc45c35c4539665fa28a", "model_version": "scripted-engineering-only", "outcome": "escalated", "task_success": true}
{"event": "task_started", "trajectory_id": "f4ddd724-3cd2-4b77-8ea4-9d1e6cff93c4", "task_id": "task-012721fdabc6938bfdb4", "model_version": "scripted-engineering-only"}
{"event": "task_finished", "trajectory_id": "f4ddd724-3cd2-4b77-8ea4-9d1e6cff93c4", "task_id": "task-012721fdabc6938bfdb4", "model_version": "scripted-engineering-only", "outcome": "escalated", "task_success": true}
{"event": "task_started", "trajectory_id": "c25a0011-68fd-4407-ad9b-146c5b480f53", "task_id": "task-7e2db9056f851620b578", "model_version": "scripted-engineering-only"}
{"event": "task_finished", "trajectory_id": "c25a0011-68fd-4407-ad9b-146c5b480f53", "task_id": "task-7e2db9056f851620b578", "model_version": "scripted-engineering-only", "outcome": "escalated", "task_success": true}
{"event": "task_started", "trajectory_id": "8dacac44-54d6-40d8-b812-0691e4aacf39", "task_id": "task-56d11969bbac661ba221", "model_version": "scripted-engineering-only"}
{"event": "task_finished", "trajectory_id": "8dacac44-54d6-40d8-b812-0691e4aacf39", "task_id": "task-56d11969bbac661ba221", "model_version": "scripted-engineering-only", "outcome": "refused", "task_success": true}
{"event": "task_started", "trajectory_id": "406bac66-b540-4cfb-b874-4343370b3b17", "task_id": "task-87d7c7fe1cf3dca74c72", "model_version": "scripted-engineering-only"}
{"event": "task_finished", "trajectory_id": "406bac66-b540-4cfb-b874-4343370b3b17", "task_id": "task-87d7c7fe1cf3dca74c72", "model_version": "scripted-engineering-only", "outcome": "refused", "task_success": true}
{"event": "task_started", "trajectory_id": "ccbf725f-8f50-4ece-b746-f0925d68e28c", "task_id": "task-31dce11192d72a14cb25", "model_version": "scripted-engineering-only"}
{"event": "task_finished", "trajectory_id": "ccbf725f-8f50-4ece-b746-f0925d68e28c", "task_id": "task-31dce11192d72a14cb25", "model_version": "scripted-engineering-only", "outcome": "refused", "task_success": true}
{"event": "task_started", "trajectory_id": "78dc1768-d507-4c70-82c2-15f5ecf6ebde", "task_id": "task-c9c2d9c2d23545eb0e36", "model_version": "scripted-engineering-only"}
{"event": "task_finished", "trajectory_id": "78dc1768-d507-4c70-82c2-15f5ecf6ebde", "task_id": "task-c9c2d9c2d23545eb0e36", "model_version": "scripted-engineering-only", "outcome": "refused", "task_success": true}
{"event": "task_started", "trajectory_id": "a02957c9-fe3f-409a-9e12-ce3eebcceddc", "task_id": "task-9f2dbc26618598f23b3d", "model_version": "scripted-engineering-only"}
{"event": "task_finished", "trajectory_id": "a02957c9-fe3f-409a-9e12-ce3eebcceddc", "task_id": "task-9f2dbc26618598f23b3d", "model_version": "scripted-engineering-only", "outcome": "refused", "task_success": true}
{"event": "task_started", "trajectory_id": "c0b21d8a-7eab-496f-9d05-de7c349a0dd7", "task_id": "task-ba01b87f8d3c2b2a0a9d", "model_version": "scripted-engineering-only"}
{"event": "task_finished", "trajectory_id": "c0b21d8a-7eab-496f-9d05-de7c349a0dd7", "task_id": "task-ba01b87f8d3c2b2a0a9d", "model_version": "scripted-engineering-only", "outcome": "refused", "task_success": true}
{"event": "task_started", "trajectory_id": "98371413-0771-4062-990c-9eae65b5069a", "task_id": "task-bdd32dbdec43e2d790e2", "model_version": "scripted-engineering-only"}
{"event": "task_finished", "trajectory_id": "98371413-0771-4062-990c-9eae65b5069a", "task_id": "task-bdd32dbdec43e2d790e2", "model_version": "scripted-engineering-only", "outcome": "escalated", "task_success": true}
{"event": "task_started", "trajectory_id": "069be1af-bc1d-4cce-9512-4b260be0d171", "task_id": "task-abd88aed3619fa1f2adb", "model_version": "scripted-engineering-only"}
{"event": "task_finished", "trajectory_id": "069be1af-bc1d-4cce-9512-4b260be0d171", "task_id": "task-abd88aed3619fa1f2adb", "model_version": "scripted-engineering-only", "outcome": "escalated", "task_success": true}
{"event": "task_started", "trajectory_id": "0826fd44-e690-4f8b-9ee5-2b6637875b71", "task_id": "task-3679379ac0a63d0c5798", "model_version": "scripted-engineering-only"}
{"event": "task_finished", "trajectory_id": "0826fd44-e690-4f8b-9ee5-2b6637875b71", "task_id": "task-3679379ac0a63d0c5798", "model_version": "scripted-engineering-only", "outcome": "escalated", "task_success": true}
{"event": "task_started", "trajectory_id": "572e4f3e-4292-4723-95a2-93cedf272428", "task_id": "task-ec729be391c4a34fe297", "model_version": "scripted-engineering-only"}
{"event": "task_finished", "trajectory_id": "572e4f3e-4292-4723-95a2-93cedf272428", "task_id": "task-ec729be391c4a34fe297", "model_version": "scripted-engineering-only", "outcome": "completed", "task_success": true}
{"event": "task_started", "trajectory_id": "4d0bd2a8-53ae-4774-a87f-19764e35b4ac", "task_id": "task-b453a658279db88de3c0", "model_version": "scripted-engineering-only"}
{"event": "task_finished", "trajectory_id": "4d0bd2a8-53ae-4774-a87f-19764e35b4ac", "task_id": "task-b453a658279db88de3c0", "model_version": "scripted-engineering-only", "outcome": "completed", "task_success": true}
{"event": "task_started", "trajectory_id": "11b83032-6397-4715-87c8-18b8cd1c9215", "task_id": "task-97af2e092bbdb911a25a", "model_version": "scripted-engineering-only"}
{"event": "task_finished", "trajectory_id": "11b83032-6397-4715-87c8-18b8cd1c9215", "task_id": "task-97af2e092bbdb911a25a", "model_version": "scripted-engineering-only", "outcome": "completed", "task_success": true}
{"event": "task_started", "trajectory_id": "9ccf3d59-b54c-44df-be23-9332ddf3c2e1", "task_id": "task-0724fc5648935c3d16ba", "model_version": "scripted-engineering-only"}
{"event": "task_finished", "trajectory_id": "9ccf3d59-b54c-44df-be23-9332ddf3c2e1", "task_id": "task-0724fc5648935c3d16ba", "model_version": "scripted-engineering-only", "outcome": "escalated", "task_success": true}
{"event": "task_started", "trajectory_id": "61e3374c-ee46-4b56-a26c-0435ced619a4", "task_id": "task-674a4080fd2f0382b598", "model_version": "scripted-engineering-only"}
{"event": "task_finished", "trajectory_id": "61e3374c-ee46-4b56-a26c-0435ced619a4", "task_id": "task-674a4080fd2f0382b598", "model_version": "scripted-engineering-only", "outcome": "escalated", "task_success": true}
{"event": "task_started", "trajectory_id": "5efcccb8-4aed-48bf-9ea3-df502186f41c", "task_id": "task-3feda8a21f9775e1db88", "model_version": "scripted-engineering-only"}
{"event": "task_finished", "trajectory_id": "5efcccb8-4aed-48bf-9ea3-df502186f41c", "task_id": "task-3feda8a21f9775e1db88", "model_version": "scripted-engineering-only", "outcome": "escalated", "task_success": true}
{"event": "task_started", "trajectory_id": "cae8b66e-94fc-42d4-b746-a71d8960fa6f", "task_id": "task-0e084016f0ee902062e6", "model_version": "scripted-engineering-only"}
{"event": "task_finished", "trajectory_id": "cae8b66e-94fc-42d4-b746-a71d8960fa6f", "task_id": "task-0e084016f0ee902062e6", "model_version": "scripted-engineering-only", "outcome": "completed", "task_success": true}
{"event": "task_started", "trajectory_id": "b360d63f-f8c1-4783-8328-a2bf957b1068", "task_id": "task-4c6c1f9967c096b34002", "model_version": "scripted-engineering-only"}
{"event": "task_finished", "trajectory_id": "b360d63f-f8c1-4783-8328-a2bf957b1068", "task_id": "task-4c6c1f9967c096b34002", "model_version": "scripted-engineering-only", "outcome": "completed", "task_success": true}
{"event": "task_started", "trajectory_id": "a90bf5e4-f410-430b-bf96-b100304cf65d", "task_id": "task-5d8affbfbc38c6af2a55", "model_version": "scripted-engineering-only"}
{"event": "task_finished", "trajectory_id": "a90bf5e4-f410-430b-bf96-b100304cf65d", "task_id": "task-5d8affbfbc38c6af2a55", "model_version": "scripted-engineering-only", "outcome": "completed", "task_success": true}
{"event": "task_started", "trajectory_id": "9a0d08c1-fff6-4314-9fb8-f1ee4eda6660", "task_id": "task-705ae2b6a38ee732fcb6", "model_version": "scripted-engineering-only"}
{"event": "task_finished", "trajectory_id": "9a0d08c1-fff6-4314-9fb8-f1ee4eda6660", "task_id": "task-705ae2b6a38ee732fcb6", "model_version": "scripted-engineering-only", "outcome": "refused", "task_success": true}
{"event": "task_started", "trajectory_id": "ab6b72c6-ffb6-4d28-9421-fa530fd1b394", "task_id": "task-aacc6eab02d55411c926", "model_version": "scripted-engineering-only"}
{"event": "task_finished", "trajectory_id": "ab6b72c6-ffb6-4d28-9421-fa530fd1b394", "task_id": "task-aacc6eab02d55411c926", "model_version": "scripted-engineering-only", "outcome": "refused", "task_success": true}
{"event": "task_started", "trajectory_id": "155fe6af-b496-4e43-ab98-0b8988bd79ff", "task_id": "task-e69eb5bbc48e257eaed9", "model_version": "scripted-engineering-only"}
{"event": "task_finished", "trajectory_id": "155fe6af-b496-4e43-ab98-0b8988bd79ff", "task_id": "task-e69eb5bbc48e257eaed9", "model_version": "scripted-engineering-only", "outcome": "refused", "task_success": true}
{"event": "task_started", "trajectory_id": "ef15b1c8-6a60-427f-b4f2-ce7d938bfffe", "task_id": "task-d218b76a549bb71d32a3", "model_version": "scripted-engineering-only"}
{"event": "task_finished", "trajectory_id": "ef15b1c8-6a60-427f-b4f2-ce7d938bfffe", "task_id": "task-d218b76a549bb71d32a3", "model_version": "scripted-engineering-only", "outcome": "escalated", "task_success": true}
{"event": "task_started", "trajectory_id": "d9d9f75b-c58f-4173-91b8-f3b0aac3868b", "task_id": "task-399f80239f711ea5d908", "model_version": "scripted-engineering-only"}
{"event": "task_finished", "trajectory_id": "d9d9f75b-c58f-4173-91b8-f3b0aac3868b", "task_id": "task-399f80239f711ea5d908", "model_version": "scripted-engineering-only", "outcome": "escalated", "task_success": true}
{"event": "task_started", "trajectory_id": "5c482ae1-2405-4432-a868-4c8740e17792", "task_id": "task-59a584317a710f1deb73", "model_version": "scripted-engineering-only"}
{"event": "task_finished", "trajectory_id": "5c482ae1-2405-4432-a868-4c8740e17792", "task_id": "task-59a584317a710f1deb73", "model_version": "scripted-engineering-only", "outcome": "escalated", "task_success": true}
{"event": "task_started", "trajectory_id": "32ff82eb-744f-44b8-a732-68d240f248a5", "task_id": "task-f72263adb1c1d420111e", "model_version": "scripted-engineering-only"}
{"event": "task_finished", "trajectory_id": "32ff82eb-744f-44b8-a732-68d240f248a5", "task_id": "task-f72263adb1c1d420111e", "model_version": "scripted-engineering-only", "outcome": "escalated", "task_success": true}
{"event": "task_started", "trajectory_id": "74457e93-6e78-4041-baf0-1a162d235b48", "task_id": "task-90c1813085f31f5299b3", "model_version": "scripted-engineering-only"}
{"event": "task_finished", "trajectory_id": "74457e93-6e78-4041-baf0-1a162d235b48", "task_id": "task-90c1813085f31f5299b3", "model_version": "scripted-engineering-only", "outcome": "escalated", "task_success": true}
{"event": "task_started", "trajectory_id": "b16623c0-91dd-4d6f-8420-b7fdecca1568", "task_id": "task-c31ed15c43fec69b21d0", "model_version": "scripted-engineering-only"}
{"event": "task_finished", "trajectory_id": "b16623c0-91dd-4d6f-8420-b7fdecca1568", "task_id": "task-c31ed15c43fec69b21d0", "model_version": "scripted-engineering-only", "outcome": "escalated", "task_success": true}
{"event": "task_started", "trajectory_id": "579e01d6-108b-48de-a2fc-eec0719d977c", "task_id": "task-c4da3551dcd0c1e6d1bc", "model_version": "scripted-engineering-only"}
{"event": "task_finished", "trajectory_id": "579e01d6-108b-48de-a2fc-eec0719d977c", "task_id": "task-c4da3551dcd0c1e6d1bc", "model_version": "scripted-engineering-only", "outcome": "completed", "task_success": true}
{"event": "task_started", "trajectory_id": "38e83adf-a8a8-4a27-949b-196b1c3fc755", "task_id": "task-d573e068640729f6fc0c", "model_version": "scripted-engineering-only"}
{"event": "task_finished", "trajectory_id": "38e83adf-a8a8-4a27-949b-196b1c3fc755", "task_id": "task-d573e068640729f6fc0c", "model_version": "scripted-engineering-only", "outcome": "completed", "task_success": true}
{"event": "task_started", "trajectory_id": "e2bcbb32-9581-4577-b8fd-7fd4c57fabeb", "task_id": "task-5451f40b657f5bfdccbc", "model_version": "scripted-engineering-only"}
{"event": "task_finished", "trajectory_id": "e2bcbb32-9581-4577-b8fd-7fd4c57fabeb", "task_id": "task-5451f40b657f5bfdccbc", "model_version": "scripted-engineering-only", "outcome": "completed", "task_success": true}
{"event": "task_started", "trajectory_id": "4488bc17-ba3e-460b-8f47-aac8701d51ad", "task_id": "task-d71f713e079ab5c2b330", "model_version": "scripted-engineering-only"}
{"event": "task_finished", "trajectory_id": "4488bc17-ba3e-460b-8f47-aac8701d51ad", "task_id": "task-d71f713e079ab5c2b330", "model_version": "scripted-engineering-only", "outcome": "completed", "task_success": true}
{"event": "task_started", "trajectory_id": "948a2828-ce32-4979-aebc-5647340782f4", "task_id": "task-aa38b5523e6289961272", "model_version": "scripted-engineering-only"}
{"event": "task_finished", "trajectory_id": "948a2828-ce32-4979-aebc-5647340782f4", "task_id": "task-aa38b5523e6289961272", "model_version": "scripted-engineering-only", "outcome": "completed", "task_success": true}
{"event": "task_started", "trajectory_id": "43674b4b-0fe2-4d5d-b07e-3b95550c0e0f", "task_id": "task-45334e54e1889ab54a6c", "model_version": "scripted-engineering-only"}
{"event": "task_finished", "trajectory_id": "43674b4b-0fe2-4d5d-b07e-3b95550c0e0f", "task_id": "task-45334e54e1889ab54a6c", "model_version": "scripted-engineering-only", "outcome": "completed", "task_success": true}
{"event": "task_started", "trajectory_id": "9731130c-8914-4dfa-bb3d-1b6f40aeba4f", "task_id": "task-c50d95cdd2eabf3b7e52", "model_version": "scripted-engineering-only"}
{"event": "task_finished", "trajectory_id": "9731130c-8914-4dfa-bb3d-1b6f40aeba4f", "task_id": "task-c50d95cdd2eabf3b7e52", "model_version": "scripted-engineering-only", "outcome": "completed", "task_success": true}
{"event": "task_started", "trajectory_id": "2be2257e-770f-488b-9d96-efa892764b61", "task_id": "task-e730102b9a4395aae8ee", "model_version": "scripted-engineering-only"}
{"event": "task_finished", "trajectory_id": "2be2257e-770f-488b-9d96-efa892764b61", "task_id": "task-e730102b9a4395aae8ee", "model_version": "scripted-engineering-only", "outcome": "completed", "task_success": true}
{"event": "task_started", "trajectory_id": "703109fb-3d3b-43f6-b6cf-acfa833956df", "task_id": "task-c1422229a8352e1cf4fc", "model_version": "scripted-engineering-only"}
{"event": "task_finished", "trajectory_id": "703109fb-3d3b-43f6-b6cf-acfa833956df", "task_id": "task-c1422229a8352e1cf4fc", "model_version": "scripted-engineering-only", "outcome": "completed", "task_success": true}
{"event": "task_started", "trajectory_id": "91490f99-9c7c-4c36-9288-ea94038dee53", "task_id": "task-f67587394339c41f909c", "model_version": "scripted-engineering-only"}
{"event": "task_finished", "trajectory_id": "91490f99-9c7c-4c36-9288-ea94038dee53", "task_id": "task-f67587394339c41f909c", "model_version": "scripted-engineering-only", "outcome": "refused", "task_success": true}
{"event": "task_started", "trajectory_id": "1482e3a3-a6d9-4c4a-b446-7465da2e5a01", "task_id": "task-b2e0e6a52eb4cbe28b57", "model_version": "scripted-engineering-only"}
{"event": "task_finished", "trajectory_id": "1482e3a3-a6d9-4c4a-b446-7465da2e5a01", "task_id": "task-b2e0e6a52eb4cbe28b57", "model_version": "scripted-engineering-only", "outcome": "refused", "task_success": true}
{"event": "task_started", "trajectory_id": "a87d2ff8-1b40-430e-87fb-2590e2c51323", "task_id": "task-271e4f001bfbec4ba37f", "model_version": "scripted-engineering-only"}
{"event": "task_finished", "trajectory_id": "a87d2ff8-1b40-430e-87fb-2590e2c51323", "task_id": "task-271e4f001bfbec4ba37f", "model_version": "scripted-engineering-only", "outcome": "refused", "task_success": true}
{"event": "task_started", "trajectory_id": "e8ea0454-2162-4626-9fa4-cda72fb057c6", "task_id": "task-f476ba5bc12924d9bc6b", "model_version": "scripted-engineering-only"}
{"event": "task_finished", "trajectory_id": "e8ea0454-2162-4626-9fa4-cda72fb057c6", "task_id": "task-f476ba5bc12924d9bc6b", "model_version": "scripted-engineering-only", "outcome": "refused", "task_success": true}
{"event": "task_started", "trajectory_id": "0eaa44ed-7da2-434d-83cb-38cfe31f1c64", "task_id": "task-5eb647be1fe8d553a68b", "model_version": "scripted-engineering-only"}
{"event": "task_finished", "trajectory_id": "0eaa44ed-7da2-434d-83cb-38cfe31f1c64", "task_id": "task-5eb647be1fe8d553a68b", "model_version": "scripted-engineering-only", "outcome": "refused", "task_success": true}
{"event": "task_started", "trajectory_id": "2d4de43a-9896-4646-944b-4b175f35fc93", "task_id": "task-07a2025d71ee061f3bd2", "model_version": "scripted-engineering-only"}
{"event": "task_finished", "trajectory_id": "2d4de43a-9896-4646-944b-4b175f35fc93", "task_id": "task-07a2025d71ee061f3bd2", "model_version": "scripted-engineering-only", "outcome": "refused", "task_success": true}
{"event": "task_started", "trajectory_id": "06814242-4caf-4366-804f-5ec05081827d", "task_id": "task-a48da85fc162e85f19e2", "model_version": "scripted-engineering-only"}
{"event": "task_finished", "trajectory_id": "06814242-4caf-4366-804f-5ec05081827d", "task_id": "task-a48da85fc162e85f19e2", "model_version": "scripted-engineering-only", "outcome": "escalated", "task_success": true}
{"event": "task_started", "trajectory_id": "f5f79176-a9c3-4555-8c4b-8b21a14f0f8c", "task_id": "task-06b8d71a2bcb3273229e", "model_version": "scripted-engineering-only"}
{"event": "task_finished", "trajectory_id": "f5f79176-a9c3-4555-8c4b-8b21a14f0f8c", "task_id": "task-06b8d71a2bcb3273229e", "model_version": "scripted-engineering-only", "outcome": "escalated", "task_success": true}
{"event": "task_started", "trajectory_id": "293ec8eb-5337-435f-a714-b105b28bb5a4", "task_id": "task-a54dafe4b4e3bb62483d", "model_version": "scripted-engineering-only"}
{"event": "task_finished", "trajectory_id": "293ec8eb-5337-435f-a714-b105b28bb5a4", "task_id": "task-a54dafe4b4e3bb62483d", "model_version": "scripted-engineering-only", "outcome": "escalated", "task_success": true}
{"event": "task_started", "trajectory_id": "f23e8db5-18c3-4339-b4f2-8fff503b0edb", "task_id": "task-965bab023d996aea99f2", "model_version": "scripted-engineering-only"}
{"event": "task_finished", "trajectory_id": "f23e8db5-18c3-4339-b4f2-8fff503b0edb", "task_id": "task-965bab023d996aea99f2", "model_version": "scripted-engineering-only", "outcome": "completed", "task_success": true}
{"event": "task_started", "trajectory_id": "eae40d68-cbfc-4147-bfd6-3193d6f44e95", "task_id": "task-eba00923d594244d8a50", "model_version": "scripted-engineering-only"}
{"event": "task_finished", "trajectory_id": "eae40d68-cbfc-4147-bfd6-3193d6f44e95", "task_id": "task-eba00923d594244d8a50", "model_version": "scripted-engineering-only", "outcome": "completed", "task_success": true}
{"event": "task_started", "trajectory_id": "4f8bae22-f4b3-4f7b-860f-32e2de6bc78f", "task_id": "task-2d745d5735989f513472", "model_version": "scripted-engineering-only"}
{"event": "task_finished", "trajectory_id": "4f8bae22-f4b3-4f7b-860f-32e2de6bc78f", "task_id": "task-2d745d5735989f513472", "model_version": "scripted-engineering-only", "outcome": "completed", "task_success": true}
{"event": "task_started", "trajectory_id": "87aeb513-847e-4130-8e11-7d9406377f83", "task_id": "task-adce80fcd242644af3be", "model_version": "scripted-engineering-only"}
{"event": "task_finished", "trajectory_id": "87aeb513-847e-4130-8e11-7d9406377f83", "task_id": "task-adce80fcd242644af3be", "model_version": "scripted-engineering-only", "outcome": "escalated", "task_success": true}
{"event": "task_started", "trajectory_id": "1665e982-239c-4da3-99d4-dcb584b10ec3", "task_id": "task-a3b7dfcd02ab8da95ef8", "model_version": "scripted-engineering-only"}
{"event": "task_finished", "trajectory_id": "1665e982-239c-4da3-99d4-dcb584b10ec3", "task_id": "task-a3b7dfcd02ab8da95ef8", "model_version": "scripted-engineering-only", "outcome": "escalated", "task_success": true}
{"event": "task_started", "trajectory_id": "dbd8652b-18b1-4484-805a-25c4829ca23e", "task_id": "task-0186019e3d73611b86a1", "model_version": "scripted-engineering-only"}
{"event": "task_finished", "trajectory_id": "dbd8652b-18b1-4484-805a-25c4829ca23e", "task_id": "task-0186019e3d73611b86a1", "model_version": "scripted-engineering-only", "outcome": "escalated", "task_success": true}
{"event": "task_started", "trajectory_id": "e1ac84b3-9c57-40ce-ad63-08206a82b824", "task_id": "task-734d5b0d34d0656564ee", "model_version": "scripted-engineering-only"}
{"event": "task_finished", "trajectory_id": "e1ac84b3-9c57-40ce-ad63-08206a82b824", "task_id": "task-734d5b0d34d0656564ee", "model_version": "scripted-engineering-only", "outcome": "escalated", "task_success": true}
{"event": "task_started", "trajectory_id": "f09ba08e-5122-4f72-98f7-34ff230d3907", "task_id": "task-5dceefde9e586fb8376a", "model_version": "scripted-engineering-only"}
{"event": "task_finished", "trajectory_id": "f09ba08e-5122-4f72-98f7-34ff230d3907", "task_id": "task-5dceefde9e586fb8376a", "model_version": "scripted-engineering-only", "outcome": "escalated", "task_success": true}
{"event": "task_started", "trajectory_id": "b169f7d5-6669-4e01-8869-819990cd4780", "task_id": "task-ad1e786facf608c440ac", "model_version": "scripted-engineering-only"}
{"event": "task_finished", "trajectory_id": "b169f7d5-6669-4e01-8869-819990cd4780", "task_id": "task-ad1e786facf608c440ac", "model_version": "scripted-engineering-only", "outcome": "escalated", "task_success": true}
{"event": "task_started", "trajectory_id": "6f2576c7-9d47-45ee-85d9-f760c3ee4a4d", "task_id": "task-bb68b21999ce552f5ffc", "model_version": "scripted-engineering-only"}
{"event": "task_finished", "trajectory_id": "6f2576c7-9d47-45ee-85d9-f760c3ee4a4d", "task_id": "task-bb68b21999ce552f5ffc", "model_version": "scripted-engineering-only", "outcome": "completed", "task_success": true}
{"event": "task_started", "trajectory_id": "ea391e3d-4e32-428e-a293-2c656d714743", "task_id": "task-a1d394ba1d073d7a2eaa", "model_version": "scripted-engineering-only"}
{"event": "task_finished", "trajectory_id": "ea391e3d-4e32-428e-a293-2c656d714743", "task_id": "task-a1d394ba1d073d7a2eaa", "model_version": "scripted-engineering-only", "outcome": "completed", "task_success": true}
{"event": "task_started", "trajectory_id": "721a9540-d0d9-4748-af94-f8cef75eba70", "task_id": "task-edb462866dbadf5ed77c", "model_version": "scripted-engineering-only"}
{"event": "task_finished", "trajectory_id": "721a9540-d0d9-4748-af94-f8cef75eba70", "task_id": "task-edb462866dbadf5ed77c", "model_version": "scripted-engineering-only", "outcome": "completed", "task_success": true}
{"event": "task_started", "trajectory_id": "01f6088b-1a00-4584-8da6-01eae5cd1bef", "task_id": "task-6dfee218765c8a8ccb03", "model_version": "scripted-engineering-only"}
{"event": "task_finished", "trajectory_id": "01f6088b-1a00-4584-8da6-01eae5cd1bef", "task_id": "task-6dfee218765c8a8ccb03", "model_version": "scripted-engineering-only", "outcome": "completed", "task_success": true}
{"event": "task_started", "trajectory_id": "8c956260-2c3d-4a3e-aaca-93277c8ac9af", "task_id": "task-7b7e1c638fa73fcdc0cb", "model_version": "scripted-engineering-only"}
{"event": "task_finished", "trajectory_id": "8c956260-2c3d-4a3e-aaca-93277c8ac9af", "task_id": "task-7b7e1c638fa73fcdc0cb", "model_version": "scripted-engineering-only", "outcome": "completed", "task_success": true}
{"event": "task_started", "trajectory_id": "5b5196dd-e4c4-4c22-86a7-78ec55b1ec6d", "task_id": "task-30eeea5e7635d5b1ecb1", "model_version": "scripted-engineering-only"}
{"event": "task_finished", "trajectory_id": "5b5196dd-e4c4-4c22-86a7-78ec55b1ec6d", "task_id": "task-30eeea5e7635d5b1ecb1", "model_version": "scripted-engineering-only", "outcome": "completed", "task_success": true}
{"event": "task_started", "trajectory_id": "a5e58ea0-68ed-44a8-a6ef-745b2b7d9823", "task_id": "task-d1dddd10b1af24b04d3e", "model_version": "scripted-engineering-only"}
{"event": "task_finished", "trajectory_id": "a5e58ea0-68ed-44a8-a6ef-745b2b7d9823", "task_id": "task-d1dddd10b1af24b04d3e", "model_version": "scripted-engineering-only", "outcome": "escalated", "task_success": true}
{"event": "task_started", "trajectory_id": "dcb95091-d67f-4ac9-97e4-5437116f2be6", "task_id": "task-afbdfb29b194d7db817e", "model_version": "scripted-engineering-only"}
{"event": "task_finished", "trajectory_id": "dcb95091-d67f-4ac9-97e4-5437116f2be6", "task_id": "task-afbdfb29b194d7db817e", "model_version": "scripted-engineering-only", "outcome": "escalated", "task_success": true}
{"event": "task_started", "trajectory_id": "595e7344-b625-4f42-9fa3-0a0d98f460df", "task_id": "task-1cb1631bb12620637a56", "model_version": "scripted-engineering-only"}
{"event": "task_finished", "trajectory_id": "595e7344-b625-4f42-9fa3-0a0d98f460df", "task_id": "task-1cb1631bb12620637a56", "model_version": "scripted-engineering-only", "outcome": "escalated", "task_success": true}
{"event": "task_started", "trajectory_id": "030983c1-367e-47b1-873a-899bc27082ff", "task_id": "task-86bd6cb9106510ea039f", "model_version": "scripted-engineering-only"}
{"event": "task_finished", "trajectory_id": "030983c1-367e-47b1-873a-899bc27082ff", "task_id": "task-86bd6cb9106510ea039f", "model_version": "scripted-engineering-only", "outcome": "escalated", "task_success": true}
{"event": "task_started", "trajectory_id": "46d76fe1-a434-434f-90de-126eaed565fe", "task_id": "task-28acc947e09e78444ad1", "model_version": "scripted-engineering-only"}
{"event": "task_finished", "trajectory_id": "46d76fe1-a434-434f-90de-126eaed565fe", "task_id": "task-28acc947e09e78444ad1", "model_version": "scripted-engineering-only", "outcome": "escalated", "task_success": true}
{"event": "task_started", "trajectory_id": "b76d972c-2faf-41c5-8f7a-7159da1394c5", "task_id": "task-398eead64c3eeb871099", "model_version": "scripted-engineering-only"}
{"event": "task_finished", "trajectory_id": "b76d972c-2faf-41c5-8f7a-7159da1394c5", "task_id": "task-398eead64c3eeb871099", "model_version": "scripted-engineering-only", "outcome": "escalated", "task_success": true}
{"event": "task_started", "trajectory_id": "860d096e-b13e-42f1-bf29-79c6d60ee7ca", "task_id": "task-80544b2a08bd57e8e768", "model_version": "scripted-engineering-only"}
{"event": "task_finished", "trajectory_id": "860d096e-b13e-42f1-bf29-79c6d60ee7ca", "task_id": "task-80544b2a08bd57e8e768", "model_version": "scripted-engineering-only", "outcome": "completed", "task_success": true}
{"event": "task_started", "trajectory_id": "d509ecdc-e672-4acc-99f5-20721d785a7a", "task_id": "task-673dbc9dd8f247601722", "model_version": "scripted-engineering-only"}
{"event": "task_finished", "trajectory_id": "d509ecdc-e672-4acc-99f5-20721d785a7a", "task_id": "task-673dbc9dd8f247601722", "model_version": "scripted-engineering-only", "outcome": "completed", "task_success": true}
{"event": "task_started", "trajectory_id": "4d6a7498-bd2d-4b4f-911d-6411a69fcfdc", "task_id": "task-ed359ba55106b09d8847", "model_version": "scripted-engineering-only"}
{"event": "task_finished", "trajectory_id": "4d6a7498-bd2d-4b4f-911d-6411a69fcfdc", "task_id": "task-ed359ba55106b09d8847", "model_version": "scripted-engineering-only", "outcome": "completed", "task_success": true}
{"event": "task_started", "trajectory_id": "d555de5d-e971-474a-a5a9-642de1711a1e", "task_id": "task-292ef81ae14a36c27b3f", "model_version": "scripted-engineering-only"}
{"event": "task_finished", "trajectory_id": "d555de5d-e971-474a-a5a9-642de1711a1e", "task_id": "task-292ef81ae14a36c27b3f", "model_version": "scripted-engineering-only", "outcome": "refused", "task_success": true}
{"event": "task_started", "trajectory_id": "20d35851-c7d2-4bb9-9b8d-b6cc1e2d1a0b", "task_id": "task-5a00f3a9d86cd9d6c54d", "model_version": "scripted-engineering-only"}
{"event": "task_finished", "trajectory_id": "20d35851-c7d2-4bb9-9b8d-b6cc1e2d1a0b", "task_id": "task-5a00f3a9d86cd9d6c54d", "model_version": "scripted-engineering-only", "outcome": "refused", "task_success": true}
{"event": "task_started", "trajectory_id": "71b81d59-0f00-40fd-8541-ac88b535e764", "task_id": "task-3b9ce844f270fdf7774d", "model_version": "scripted-engineering-only"}
{"event": "task_finished", "trajectory_id": "71b81d59-0f00-40fd-8541-ac88b535e764", "task_id": "task-3b9ce844f270fdf7774d", "model_version": "scripted-engineering-only", "outcome": "refused", "task_success": true}
{"event": "task_started", "trajectory_id": "002f5412-4eb8-4158-9064-16eae0a74df2", "task_id": "task-f9ea9ef01353b4b68e96", "model_version": "scripted-engineering-only"}
{"event": "task_finished", "trajectory_id": "002f5412-4eb8-4158-9064-16eae0a74df2", "task_id": "task-f9ea9ef01353b4b68e96", "model_version": "scripted-engineering-only", "outcome": "refused", "task_success": true}
{"event": "task_started", "trajectory_id": "ebd369e6-ee08-48cf-8dba-22b1a9d8f458", "task_id": "task-98171245bbd786a1517a", "model_version": "scripted-engineering-only"}
{"event": "task_finished", "trajectory_id": "ebd369e6-ee08-48cf-8dba-22b1a9d8f458", "task_id": "task-98171245bbd786a1517a", "model_version": "scripted-engineering-only", "outcome": "refused", "task_success": true}
{"event": "task_started", "trajectory_id": "e1998d62-2b6d-4eb2-966f-a3c1bd84f4f6", "task_id": "task-097a2cdd49eb7039eeda", "model_version": "scripted-engineering-only"}
{"event": "task_finished", "trajectory_id": "e1998d62-2b6d-4eb2-966f-a3c1bd84f4f6", "task_id": "task-097a2cdd49eb7039eeda", "model_version": "scripted-engineering-only", "outcome": "refused", "task_success": true}
{"event": "task_started", "trajectory_id": "40d16d6f-de46-42a0-81cf-74c38e161467", "task_id": "task-dc45c35c4539665fa28a", "model_version": "scripted-engineering-only"}
{"event": "task_finished", "trajectory_id": "40d16d6f-de46-42a0-81cf-74c38e161467", "task_id": "task-dc45c35c4539665fa28a", "model_version": "scripted-engineering-only", "outcome": "escalated", "task_success": true}
{"event": "task_started", "trajectory_id": "802b85a7-8a10-4e45-8f1b-cc9ffc1030a7", "task_id": "task-012721fdabc6938bfdb4", "model_version": "scripted-engineering-only"}
{"event": "task_finished", "trajectory_id": "802b85a7-8a10-4e45-8f1b-cc9ffc1030a7", "task_id": "task-012721fdabc6938bfdb4", "model_version": "scripted-engineering-only", "outcome": "escalated", "task_success": true}
{"event": "task_started", "trajectory_id": "a51d3ee2-a642-42eb-af4f-d8fc5faf0328", "task_id": "task-7e2db9056f851620b578", "model_version": "scripted-engineering-only"}
{"event": "task_finished", "trajectory_id": "a51d3ee2-a642-42eb-af4f-d8fc5faf0328", "task_id": "task-7e2db9056f851620b578", "model_version": "scripted-engineering-only", "outcome": "escalated", "task_success": true}
{"event": "task_started", "trajectory_id": "b56479ac-efb2-4583-90da-ad2a36b699b6", "task_id": "task-56d11969bbac661ba221", "model_version": "scripted-engineering-only"}
{"event": "task_finished", "trajectory_id": "b56479ac-efb2-4583-90da-ad2a36b699b6", "task_id": "task-56d11969bbac661ba221", "model_version": "scripted-engineering-only", "outcome": "refused", "task_success": true}
{"event": "task_started", "trajectory_id": "f567cf84-233a-4628-b820-7f839f04988e", "task_id": "task-87d7c7fe1cf3dca74c72", "model_version": "scripted-engineering-only"}
{"event": "task_finished", "trajectory_id": "f567cf84-233a-4628-b820-7f839f04988e", "task_id": "task-87d7c7fe1cf3dca74c72", "model_version": "scripted-engineering-only", "outcome": "refused", "task_success": true}
{"event": "task_started", "trajectory_id": "d5cc6193-3833-4ada-8d17-fa716de8d218", "task_id": "task-31dce11192d72a14cb25", "model_version": "scripted-engineering-only"}
{"event": "task_finished", "trajectory_id": "d5cc6193-3833-4ada-8d17-fa716de8d218", "task_id": "task-31dce11192d72a14cb25", "model_version": "scripted-engineering-only", "outcome": "refused", "task_success": true}
{"event": "task_started", "trajectory_id": "7b52e7d1-4ccc-4e05-8ee0-dc70b7acf2bb", "task_id": "task-c9c2d9c2d23545eb0e36", "model_version": "scripted-engineering-only"}
{"event": "task_finished", "trajectory_id": "7b52e7d1-4ccc-4e05-8ee0-dc70b7acf2bb", "task_id": "task-c9c2d9c2d23545eb0e36", "model_version": "scripted-engineering-only", "outcome": "refused", "task_success": true}
{"event": "task_started", "trajectory_id": "5e88c0a7-10a6-470c-97d4-2da3b8845e81", "task_id": "task-9f2dbc26618598f23b3d", "model_version": "scripted-engineering-only"}
{"event": "task_finished", "trajectory_id": "5e88c0a7-10a6-470c-97d4-2da3b8845e81", "task_id": "task-9f2dbc26618598f23b3d", "model_version": "scripted-engineering-only", "outcome": "refused", "task_success": true}
{"event": "task_started", "trajectory_id": "76f1974e-a39d-41a4-914e-c55a85000d9e", "task_id": "task-ba01b87f8d3c2b2a0a9d", "model_version": "scripted-engineering-only"}
{"event": "task_finished", "trajectory_id": "76f1974e-a39d-41a4-914e-c55a85000d9e", "task_id": "task-ba01b87f8d3c2b2a0a9d", "model_version": "scripted-engineering-only", "outcome": "refused", "task_success": true}
{"event": "task_started", "trajectory_id": "24050862-93c6-435c-9813-bcdf09656416", "task_id": "task-bdd32dbdec43e2d790e2", "model_version": "scripted-engineering-only"}
{"event": "task_finished", "trajectory_id": "24050862-93c6-435c-9813-bcdf09656416", "task_id": "task-bdd32dbdec43e2d790e2", "model_version": "scripted-engineering-only", "outcome": "escalated", "task_success": true}
{"event": "task_started", "trajectory_id": "5cc88e11-69fc-4e88-a464-2debce1973ff", "task_id": "task-abd88aed3619fa1f2adb", "model_version": "scripted-engineering-only"}
{"event": "task_finished", "trajectory_id": "5cc88e11-69fc-4e88-a464-2debce1973ff", "task_id": "task-abd88aed3619fa1f2adb", "model_version": "scripted-engineering-only", "outcome": "escalated", "task_success": true}
{"event": "task_started", "trajectory_id": "61809dd4-a449-4cf7-95c4-8ebc56e2c8e0", "task_id": "task-3679379ac0a63d0c5798", "model_version": "scripted-engineering-only"}
{"event": "task_finished", "trajectory_id": "61809dd4-a449-4cf7-95c4-8ebc56e2c8e0", "task_id": "task-3679379ac0a63d0c5798", "model_version": "scripted-engineering-only", "outcome": "escalated", "task_success": true}
{"event": "task_started", "trajectory_id": "56f4a59a-3f44-4b5e-afb7-54330e17bde4", "task_id": "task-ec729be391c4a34fe297", "model_version": "scripted-engineering-only"}
{"event": "task_finished", "trajectory_id": "56f4a59a-3f44-4b5e-afb7-54330e17bde4", "task_id": "task-ec729be391c4a34fe297", "model_version": "scripted-engineering-only", "outcome": "completed", "task_success": true}
{"event": "task_started", "trajectory_id": "6ab8986d-65b0-4931-ab0d-fff207f852fd", "task_id": "task-b453a658279db88de3c0", "model_version": "scripted-engineering-only"}
{"event": "task_finished", "trajectory_id": "6ab8986d-65b0-4931-ab0d-fff207f852fd", "task_id": "task-b453a658279db88de3c0", "model_version": "scripted-engineering-only", "outcome": "completed", "task_success": true}
{"event": "task_started", "trajectory_id": "4cb93742-b74c-4c02-8c01-64c4839b18e3", "task_id": "task-97af2e092bbdb911a25a", "model_version": "scripted-engineering-only"}
{"event": "task_finished", "trajectory_id": "4cb93742-b74c-4c02-8c01-64c4839b18e3", "task_id": "task-97af2e092bbdb911a25a", "model_version": "scripted-engineering-only", "outcome": "completed", "task_success": true}
{"event": "task_started", "trajectory_id": "11d54a08-81e1-402f-a1b1-1ff2b3ff1f23", "task_id": "task-0724fc5648935c3d16ba", "model_version": "scripted-engineering-only"}
{"event": "task_finished", "trajectory_id": "11d54a08-81e1-402f-a1b1-1ff2b3ff1f23", "task_id": "task-0724fc5648935c3d16ba", "model_version": "scripted-engineering-only", "outcome": "escalated", "task_success": true}
{"event": "task_started", "trajectory_id": "24269ba8-784b-474d-8867-10620b6f5323", "task_id": "task-674a4080fd2f0382b598", "model_version": "scripted-engineering-only"}
{"event": "task_finished", "trajectory_id": "24269ba8-784b-474d-8867-10620b6f5323", "task_id": "task-674a4080fd2f0382b598", "model_version": "scripted-engineering-only", "outcome": "escalated", "task_success": true}
{"event": "task_started", "trajectory_id": "54df3e2a-0a45-4d7c-adad-48eb8b34a18a", "task_id": "task-3feda8a21f9775e1db88", "model_version": "scripted-engineering-only"}
{"event": "task_finished", "trajectory_id": "54df3e2a-0a45-4d7c-adad-48eb8b34a18a", "task_id": "task-3feda8a21f9775e1db88", "model_version": "scripted-engineering-only", "outcome": "escalated", "task_success": true}
{"event": "task_started", "trajectory_id": "6a51c482-0a8a-4f46-9579-a14e5ae8d334", "task_id": "task-0e084016f0ee902062e6", "model_version": "scripted-engineering-only"}
{"event": "task_finished", "trajectory_id": "6a51c482-0a8a-4f46-9579-a14e5ae8d334", "task_id": "task-0e084016f0ee902062e6", "model_version": "scripted-engineering-only", "outcome": "completed", "task_success": true}
{"event": "task_started", "trajectory_id": "d39d8200-a8ab-415d-b445-bb9953fdb924", "task_id": "task-4c6c1f9967c096b34002", "model_version": "scripted-engineering-only"}
{"event": "task_finished", "trajectory_id": "d39d8200-a8ab-415d-b445-bb9953fdb924", "task_id": "task-4c6c1f9967c096b34002", "model_version": "scripted-engineering-only", "outcome": "completed", "task_success": true}
{"event": "task_started", "trajectory_id": "24553dc4-0974-468d-bfde-12c277f653e7", "task_id": "task-5d8affbfbc38c6af2a55", "model_version": "scripted-engineering-only"}
{"event": "task_finished", "trajectory_id": "24553dc4-0974-468d-bfde-12c277f653e7", "task_id": "task-5d8affbfbc38c6af2a55", "model_version": "scripted-engineering-only", "outcome": "completed", "task_success": true}
{"event": "task_started", "trajectory_id": "fcc9a6b1-685f-4a45-ba52-1c835c233d7f", "task_id": "task-705ae2b6a38ee732fcb6", "model_version": "scripted-engineering-only"}
{"event": "task_finished", "trajectory_id": "fcc9a6b1-685f-4a45-ba52-1c835c233d7f", "task_id": "task-705ae2b6a38ee732fcb6", "model_version": "scripted-engineering-only", "outcome": "refused", "task_success": true}
{"event": "task_started", "trajectory_id": "16d56523-69dd-43d0-b2c5-d63ee2bd6814", "task_id": "task-aacc6eab02d55411c926", "model_version": "scripted-engineering-only"}
{"event": "task_finished", "trajectory_id": "16d56523-69dd-43d0-b2c5-d63ee2bd6814", "task_id": "task-aacc6eab02d55411c926", "model_version": "scripted-engineering-only", "outcome": "refused", "task_success": true}
{"event": "task_started", "trajectory_id": "2a107a09-0e5f-4b06-ba7e-d119ee2ec9b8", "task_id": "task-e69eb5bbc48e257eaed9", "model_version": "scripted-engineering-only"}
{"event": "task_finished", "trajectory_id": "2a107a09-0e5f-4b06-ba7e-d119ee2ec9b8", "task_id": "task-e69eb5bbc48e257eaed9", "model_version": "scripted-engineering-only", "outcome": "refused", "task_success": true}
{"event": "task_started", "trajectory_id": "318bb632-95e1-4a1d-b813-817d4e45610c", "task_id": "task-d218b76a549bb71d32a3", "model_version": "scripted-engineering-only"}
{"event": "task_finished", "trajectory_id": "318bb632-95e1-4a1d-b813-817d4e45610c", "task_id": "task-d218b76a549bb71d32a3", "model_version": "scripted-engineering-only", "outcome": "escalated", "task_success": true}
{"event": "task_started", "trajectory_id": "53902ed9-8c16-49dc-b203-798dce7fab6d", "task_id": "task-399f80239f711ea5d908", "model_version": "scripted-engineering-only"}
{"event": "task_finished", "trajectory_id": "53902ed9-8c16-49dc-b203-798dce7fab6d", "task_id": "task-399f80239f711ea5d908", "model_version": "scripted-engineering-only", "outcome": "escalated", "task_success": true}
{"event": "task_started", "trajectory_id": "ae618092-22c7-4f4a-876b-2ec383e4a2cc", "task_id": "task-59a584317a710f1deb73", "model_version": "scripted-engineering-only"}
{"event": "task_finished", "trajectory_id": "ae618092-22c7-4f4a-876b-2ec383e4a2cc", "task_id": "task-59a584317a710f1deb73", "model_version": "scripted-engineering-only", "outcome": "escalated", "task_success": true}
{"event": "task_started", "trajectory_id": "1795dfda-bcab-4bef-8b91-7bc1f6d89678", "task_id": "task-f72263adb1c1d420111e", "model_version": "scripted-engineering-only"}
{"event": "task_finished", "trajectory_id": "1795dfda-bcab-4bef-8b91-7bc1f6d89678", "task_id": "task-f72263adb1c1d420111e", "model_version": "scripted-engineering-only", "outcome": "escalated", "task_success": true}
{"event": "task_started", "trajectory_id": "03a70c60-ead3-4f9a-8a55-cea7be794293", "task_id": "task-90c1813085f31f5299b3", "model_version": "scripted-engineering-only"}
{"event": "task_finished", "trajectory_id": "03a70c60-ead3-4f9a-8a55-cea7be794293", "task_id": "task-90c1813085f31f5299b3", "model_version": "scripted-engineering-only", "outcome": "escalated", "task_success": true}
{"event": "task_started", "trajectory_id": "b3ab45ea-a29a-472a-960d-f709689178c9", "task_id": "task-c31ed15c43fec69b21d0", "model_version": "scripted-engineering-only"}
{"event": "task_finished", "trajectory_id": "b3ab45ea-a29a-472a-960d-f709689178c9", "task_id": "task-c31ed15c43fec69b21d0", "model_version": "scripted-engineering-only", "outcome": "escalated", "task_success": true}
{"event": "task_started", "trajectory_id": "d7720da5-3bb8-4482-9abc-f4a5fca7bac7", "task_id": "task-c4da3551dcd0c1e6d1bc", "model_version": "scripted-engineering-only"}
{"event": "task_finished", "trajectory_id": "d7720da5-3bb8-4482-9abc-f4a5fca7bac7", "task_id": "task-c4da3551dcd0c1e6d1bc", "model_version": "scripted-engineering-only", "outcome": "completed", "task_success": true}
{"event": "task_started", "trajectory_id": "412d2419-e015-421e-9adb-c04bdb51a1a7", "task_id": "task-d573e068640729f6fc0c", "model_version": "scripted-engineering-only"}
{"event": "task_finished", "trajectory_id": "412d2419-e015-421e-9adb-c04bdb51a1a7", "task_id": "task-d573e068640729f6fc0c", "model_version": "scripted-engineering-only", "outcome": "completed", "task_success": true}
{"event": "task_started", "trajectory_id": "1091d4df-519e-4d13-acbb-abd77e2398b1", "task_id": "task-5451f40b657f5bfdccbc", "model_version": "scripted-engineering-only"}
{"event": "task_finished", "trajectory_id": "1091d4df-519e-4d13-acbb-abd77e2398b1", "task_id": "task-5451f40b657f5bfdccbc", "model_version": "scripted-engineering-only", "outcome": "completed", "task_success": true}
{"event": "task_started", "trajectory_id": "445fb9c9-07ab-4847-a257-77e4803e606c", "task_id": "task-d71f713e079ab5c2b330", "model_version": "scripted-engineering-only"}
{"event": "task_finished", "trajectory_id": "445fb9c9-07ab-4847-a257-77e4803e606c", "task_id": "task-d71f713e079ab5c2b330", "model_version": "scripted-engineering-only", "outcome": "completed", "task_success": true}
{"event": "task_started", "trajectory_id": "91190be4-79f7-48a7-94e2-f14a58e108ea", "task_id": "task-aa38b5523e6289961272", "model_version": "scripted-engineering-only"}
{"event": "task_finished", "trajectory_id": "91190be4-79f7-48a7-94e2-f14a58e108ea", "task_id": "task-aa38b5523e6289961272", "model_version": "scripted-engineering-only", "outcome": "completed", "task_success": true}
{"event": "task_started", "trajectory_id": "86c4268f-7209-42a4-ae28-4fdda9d99509", "task_id": "task-45334e54e1889ab54a6c", "model_version": "scripted-engineering-only"}
{"event": "task_finished", "trajectory_id": "86c4268f-7209-42a4-ae28-4fdda9d99509", "task_id": "task-45334e54e1889ab54a6c", "model_version": "scripted-engineering-only", "outcome": "completed", "task_success": true}
{"event": "task_started", "trajectory_id": "56340980-e51a-48fb-8b28-d7de027826f8", "task_id": "task-c50d95cdd2eabf3b7e52", "model_version": "scripted-engineering-only"}
{"event": "task_finished", "trajectory_id": "56340980-e51a-48fb-8b28-d7de027826f8", "task_id": "task-c50d95cdd2eabf3b7e52", "model_version": "scripted-engineering-only", "outcome": "completed", "task_success": true}
{"event": "task_started", "trajectory_id": "e4255f0f-48a3-4a94-8927-0dfab6912e47", "task_id": "task-e730102b9a4395aae8ee", "model_version": "scripted-engineering-only"}
{"event": "task_finished", "trajectory_id": "e4255f0f-48a3-4a94-8927-0dfab6912e47", "task_id": "task-e730102b9a4395aae8ee", "model_version": "scripted-engineering-only", "outcome": "completed", "task_success": true}
{"event": "task_started", "trajectory_id": "36df2b8b-d026-410a-ab0b-93d65f89fd81", "task_id": "task-c1422229a8352e1cf4fc", "model_version": "scripted-engineering-only"}
{"event": "task_finished", "trajectory_id": "36df2b8b-d026-410a-ab0b-93d65f89fd81", "task_id": "task-c1422229a8352e1cf4fc", "model_version": "scripted-engineering-only", "outcome": "completed", "task_success": true}
{"event": "task_started", "trajectory_id": "567d6be5-5461-4a42-bc5d-1b59bcb7e920", "task_id": "task-f67587394339c41f909c", "model_version": "scripted-engineering-only"}
{"event": "task_finished", "trajectory_id": "567d6be5-5461-4a42-bc5d-1b59bcb7e920", "task_id": "task-f67587394339c41f909c", "model_version": "scripted-engineering-only", "outcome": "refused", "task_success": true}
{"event": "task_started", "trajectory_id": "be761452-7519-44f9-8f76-bfb3cd6dc4e8", "task_id": "task-b2e0e6a52eb4cbe28b57", "model_version": "scripted-engineering-only"}
{"event": "task_finished", "trajectory_id": "be761452-7519-44f9-8f76-bfb3cd6dc4e8", "task_id": "task-b2e0e6a52eb4cbe28b57", "model_version": "scripted-engineering-only", "outcome": "refused", "task_success": true}
{"event": "task_started", "trajectory_id": "d6330f73-ea71-4d30-8051-ada63a3c8519", "task_id": "task-271e4f001bfbec4ba37f", "model_version": "scripted-engineering-only"}
{"event": "task_finished", "trajectory_id": "d6330f73-ea71-4d30-8051-ada63a3c8519", "task_id": "task-271e4f001bfbec4ba37f", "model_version": "scripted-engineering-only", "outcome": "refused", "task_success": true}
{"event": "task_started", "trajectory_id": "216864d5-9d98-459b-a70a-f12e464f9662", "task_id": "task-f476ba5bc12924d9bc6b", "model_version": "scripted-engineering-only"}
{"event": "task_finished", "trajectory_id": "216864d5-9d98-459b-a70a-f12e464f9662", "task_id": "task-f476ba5bc12924d9bc6b", "model_version": "scripted-engineering-only", "outcome": "refused", "task_success": true}
{"event": "task_started", "trajectory_id": "be7124be-566d-4d55-b607-45a590e9b171", "task_id": "task-5eb647be1fe8d553a68b", "model_version": "scripted-engineering-only"}
{"event": "task_finished", "trajectory_id": "be7124be-566d-4d55-b607-45a590e9b171", "task_id": "task-5eb647be1fe8d553a68b", "model_version": "scripted-engineering-only", "outcome": "refused", "task_success": true}
{"event": "task_started", "trajectory_id": "a2992036-3a13-495f-9ffb-e34fb84388e7", "task_id": "task-07a2025d71ee061f3bd2", "model_version": "scripted-engineering-only"}
{"event": "task_finished", "trajectory_id": "a2992036-3a13-495f-9ffb-e34fb84388e7", "task_id": "task-07a2025d71ee061f3bd2", "model_version": "scripted-engineering-only", "outcome": "refused", "task_success": true}
{"event": "task_started", "trajectory_id": "13f48da2-93ad-41ca-b60e-d02859403256", "task_id": "task-a48da85fc162e85f19e2", "model_version": "scripted-engineering-only"}
{"event": "task_finished", "trajectory_id": "13f48da2-93ad-41ca-b60e-d02859403256", "task_id": "task-a48da85fc162e85f19e2", "model_version": "scripted-engineering-only", "outcome": "escalated", "task_success": true}
{"event": "task_started", "trajectory_id": "32b6e8b2-8148-4f5a-9308-2bbc437d81e2", "task_id": "task-06b8d71a2bcb3273229e", "model_version": "scripted-engineering-only"}
{"event": "task_finished", "trajectory_id": "32b6e8b2-8148-4f5a-9308-2bbc437d81e2", "task_id": "task-06b8d71a2bcb3273229e", "model_version": "scripted-engineering-only", "outcome": "escalated", "task_success": true}
{"event": "task_started", "trajectory_id": "21532b62-36e5-4337-9277-890053cbe7ba", "task_id": "task-a54dafe4b4e3bb62483d", "model_version": "scripted-engineering-only"}
{"event": "task_finished", "trajectory_id": "21532b62-36e5-4337-9277-890053cbe7ba", "task_id": "task-a54dafe4b4e3bb62483d", "model_version": "scripted-engineering-only", "outcome": "escalated", "task_success": true}
{"event": "task_started", "trajectory_id": "b2d0d00b-c7f9-422c-9b4f-b932a910c668", "task_id": "task-965bab023d996aea99f2", "model_version": "scripted-engineering-only"}
{"event": "task_finished", "trajectory_id": "b2d0d00b-c7f9-422c-9b4f-b932a910c668", "task_id": "task-965bab023d996aea99f2", "model_version": "scripted-engineering-only", "outcome": "completed", "task_success": true}
{"event": "task_started", "trajectory_id": "b2019ba0-04b6-42de-8a28-183fc7c72389", "task_id": "task-eba00923d594244d8a50", "model_version": "scripted-engineering-only"}
{"event": "task_finished", "trajectory_id": "b2019ba0-04b6-42de-8a28-183fc7c72389", "task_id": "task-eba00923d594244d8a50", "model_version": "scripted-engineering-only", "outcome": "completed", "task_success": true}
{"event": "task_started", "trajectory_id": "62075483-f9e0-4ee6-9328-5f3d29dbc182", "task_id": "task-2d745d5735989f513472", "model_version": "scripted-engineering-only"}
{"event": "task_finished", "trajectory_id": "62075483-f9e0-4ee6-9328-5f3d29dbc182", "task_id": "task-2d745d5735989f513472", "model_version": "scripted-engineering-only", "outcome": "completed", "task_success": true}
{"event": "task_started", "trajectory_id": "68fdaf37-0fa5-4d58-b54a-63c8a31912cd", "task_id": "task-adce80fcd242644af3be", "model_version": "scripted-engineering-only"}
{"event": "task_finished", "trajectory_id": "68fdaf37-0fa5-4d58-b54a-63c8a31912cd", "task_id": "task-adce80fcd242644af3be", "model_version": "scripted-engineering-only", "outcome": "escalated", "task_success": true}
{"event": "task_started", "trajectory_id": "8d08c4a0-fc1d-4395-a019-2d67ec2868da", "task_id": "task-a3b7dfcd02ab8da95ef8", "model_version": "scripted-engineering-only"}
{"event": "task_finished", "trajectory_id": "8d08c4a0-fc1d-4395-a019-2d67ec2868da", "task_id": "task-a3b7dfcd02ab8da95ef8", "model_version": "scripted-engineering-only", "outcome": "escalated", "task_success": true}
{"event": "task_started", "trajectory_id": "9649f637-4d2f-4075-8f34-bd9a26f26e0f", "task_id": "task-0186019e3d73611b86a1", "model_version": "scripted-engineering-only"}
{"event": "task_finished", "trajectory_id": "9649f637-4d2f-4075-8f34-bd9a26f26e0f", "task_id": "task-0186019e3d73611b86a1", "model_version": "scripted-engineering-only", "outcome": "escalated", "task_success": true}
{"event": "task_started", "trajectory_id": "bbb8e3d1-4a9d-4e86-8a9a-5e3dd38c4779", "task_id": "task-734d5b0d34d0656564ee", "model_version": "scripted-engineering-only"}
{"event": "task_finished", "trajectory_id": "bbb8e3d1-4a9d-4e86-8a9a-5e3dd38c4779", "task_id": "task-734d5b0d34d0656564ee", "model_version": "scripted-engineering-only", "outcome": "escalated", "task_success": true}
{"event": "task_started", "trajectory_id": "fb8d66b0-2c75-4b7d-a2ea-f8cccabc6174", "task_id": "task-5dceefde9e586fb8376a", "model_version": "scripted-engineering-only"}
{"event": "task_finished", "trajectory_id": "fb8d66b0-2c75-4b7d-a2ea-f8cccabc6174", "task_id": "task-5dceefde9e586fb8376a", "model_version": "scripted-engineering-only", "outcome": "escalated", "task_success": true}
{"event": "task_started", "trajectory_id": "8b043535-a99f-473d-a3ad-50e7086c3900", "task_id": "task-ad1e786facf608c440ac", "model_version": "scripted-engineering-only"}
{"event": "task_finished", "trajectory_id": "8b043535-a99f-473d-a3ad-50e7086c3900", "task_id": "task-ad1e786facf608c440ac", "model_version": "scripted-engineering-only", "outcome": "escalated", "task_success": true}
{"event": "task_started", "trajectory_id": "7904dad6-d682-4911-97ec-6ebca8cdbcfd", "task_id": "task-bb68b21999ce552f5ffc", "model_version": "scripted-engineering-only"}
{"event": "task_finished", "trajectory_id": "7904dad6-d682-4911-97ec-6ebca8cdbcfd", "task_id": "task-bb68b21999ce552f5ffc", "model_version": "scripted-engineering-only", "outcome": "completed", "task_success": true}
{"event": "task_started", "trajectory_id": "243dac14-fb52-4daf-ab11-d95fff82fd8f", "task_id": "task-a1d394ba1d073d7a2eaa", "model_version": "scripted-engineering-only"}
{"event": "task_finished", "trajectory_id": "243dac14-fb52-4daf-ab11-d95fff82fd8f", "task_id": "task-a1d394ba1d073d7a2eaa", "model_version": "scripted-engineering-only", "outcome": "completed", "task_success": true}
{"event": "task_started", "trajectory_id": "74f0e36e-08b0-4859-9054-ed980360c363", "task_id": "task-edb462866dbadf5ed77c", "model_version": "scripted-engineering-only"}
{"event": "task_finished", "trajectory_id": "74f0e36e-08b0-4859-9054-ed980360c363", "task_id": "task-edb462866dbadf5ed77c", "model_version": "scripted-engineering-only", "outcome": "completed", "task_success": true}
{"event": "task_started", "trajectory_id": "674dc41c-9eb5-46cd-b213-112a300d7c78", "task_id": "task-6dfee218765c8a8ccb03", "model_version": "scripted-engineering-only"}
{"event": "task_finished", "trajectory_id": "674dc41c-9eb5-46cd-b213-112a300d7c78", "task_id": "task-6dfee218765c8a8ccb03", "model_version": "scripted-engineering-only", "outcome": "completed", "task_success": true}
{"event": "task_started", "trajectory_id": "0b03936a-0ab8-4010-a444-68e9d0334a06", "task_id": "task-7b7e1c638fa73fcdc0cb", "model_version": "scripted-engineering-only"}
{"event": "task_finished", "trajectory_id": "0b03936a-0ab8-4010-a444-68e9d0334a06", "task_id": "task-7b7e1c638fa73fcdc0cb", "model_version": "scripted-engineering-only", "outcome": "completed", "task_success": true}
{"event": "task_started", "trajectory_id": "e7950104-d11c-4ac8-9cde-f590c217028d", "task_id": "task-30eeea5e7635d5b1ecb1", "model_version": "scripted-engineering-only"}
{"event": "task_finished", "trajectory_id": "e7950104-d11c-4ac8-9cde-f590c217028d", "task_id": "task-30eeea5e7635d5b1ecb1", "model_version": "scripted-engineering-only", "outcome": "completed", "task_success": true}
{"event": "task_started", "trajectory_id": "a7749dc1-623b-415a-9fbb-28585290c404", "task_id": "task-d1dddd10b1af24b04d3e", "model_version": "scripted-engineering-only"}
{"event": "task_finished", "trajectory_id": "a7749dc1-623b-415a-9fbb-28585290c404", "task_id": "task-d1dddd10b1af24b04d3e", "model_version": "scripted-engineering-only", "outcome": "escalated", "task_success": true}
{"event": "task_started", "trajectory_id": "b96bca39-e0bf-4768-8c90-6c70186925f2", "task_id": "task-afbdfb29b194d7db817e", "model_version": "scripted-engineering-only"}
{"event": "task_finished", "trajectory_id": "b96bca39-e0bf-4768-8c90-6c70186925f2", "task_id": "task-afbdfb29b194d7db817e", "model_version": "scripted-engineering-only", "outcome": "escalated", "task_success": true}
{"event": "task_started", "trajectory_id": "c5e98b8b-6337-4472-a92f-87b8f3477e2e", "task_id": "task-1cb1631bb12620637a56", "model_version": "scripted-engineering-only"}
{"event": "task_finished", "trajectory_id": "c5e98b8b-6337-4472-a92f-87b8f3477e2e", "task_id": "task-1cb1631bb12620637a56", "model_version": "scripted-engineering-only", "outcome": "escalated", "task_success": true}
{"event": "task_started", "trajectory_id": "148d15a0-fcac-4fc6-b03d-0dd89f11e745", "task_id": "task-86bd6cb9106510ea039f", "model_version": "scripted-engineering-only"}
{"event": "task_finished", "trajectory_id": "148d15a0-fcac-4fc6-b03d-0dd89f11e745", "task_id": "task-86bd6cb9106510ea039f", "model_version": "scripted-engineering-only", "outcome": "escalated", "task_success": true}
{"event": "task_started", "trajectory_id": "b3a5f20a-38d2-4780-8ff8-799b12a13304", "task_id": "task-28acc947e09e78444ad1", "model_version": "scripted-engineering-only"}
{"event": "task_finished", "trajectory_id": "b3a5f20a-38d2-4780-8ff8-799b12a13304", "task_id": "task-28acc947e09e78444ad1", "model_version": "scripted-engineering-only", "outcome": "escalated", "task_success": true}
{"event": "task_started", "trajectory_id": "6d4a5280-7b10-4be3-b756-baf2ab0ca3bf", "task_id": "task-398eead64c3eeb871099", "model_version": "scripted-engineering-only"}
{"event": "task_finished", "trajectory_id": "6d4a5280-7b10-4be3-b756-baf2ab0ca3bf", "task_id": "task-398eead64c3eeb871099", "model_version": "scripted-engineering-only", "outcome": "escalated", "task_success": true}
{"event": "task_started", "trajectory_id": "79d92378-8094-43da-b92e-a2e22a046c91", "task_id": "task-80544b2a08bd57e8e768", "model_version": "scripted-engineering-only"}
{"event": "task_finished", "trajectory_id": "79d92378-8094-43da-b92e-a2e22a046c91", "task_id": "task-80544b2a08bd57e8e768", "model_version": "scripted-engineering-only", "outcome": "completed", "task_success": true}
{"event": "task_started", "trajectory_id": "7db0a621-c544-41d0-a9fa-67ca9eb68b14", "task_id": "task-673dbc9dd8f247601722", "model_version": "scripted-engineering-only"}
{"event": "task_finished", "trajectory_id": "7db0a621-c544-41d0-a9fa-67ca9eb68b14", "task_id": "task-673dbc9dd8f247601722", "model_version": "scripted-engineering-only", "outcome": "completed", "task_success": true}
{"event": "task_started", "trajectory_id": "6016e84e-9162-4910-8275-3ce3ff1ad9fb", "task_id": "task-ed359ba55106b09d8847", "model_version": "scripted-engineering-only"}
{"event": "task_finished", "trajectory_id": "6016e84e-9162-4910-8275-3ce3ff1ad9fb", "task_id": "task-ed359ba55106b09d8847", "model_version": "scripted-engineering-only", "outcome": "completed", "task_success": true}
{"event": "task_started", "trajectory_id": "6654be8c-df9d-4ed3-bc61-f186512d0390", "task_id": "task-292ef81ae14a36c27b3f", "model_version": "scripted-engineering-only"}
{"event": "task_finished", "trajectory_id": "6654be8c-df9d-4ed3-bc61-f186512d0390", "task_id": "task-292ef81ae14a36c27b3f", "model_version": "scripted-engineering-only", "outcome": "refused", "task_success": true}
{"event": "task_started", "trajectory_id": "51618998-d26d-425b-bd60-97a9782d2f54", "task_id": "task-5a00f3a9d86cd9d6c54d", "model_version": "scripted-engineering-only"}
{"event": "task_finished", "trajectory_id": "51618998-d26d-425b-bd60-97a9782d2f54", "task_id": "task-5a00f3a9d86cd9d6c54d", "model_version": "scripted-engineering-only", "outcome": "refused", "task_success": true}
{"event": "task_started", "trajectory_id": "3425e08e-bcd7-47a8-92fc-f6c9825758ba", "task_id": "task-3b9ce844f270fdf7774d", "model_version": "scripted-engineering-only"}
{"event": "task_finished", "trajectory_id": "3425e08e-bcd7-47a8-92fc-f6c9825758ba", "task_id": "task-3b9ce844f270fdf7774d", "model_version": "scripted-engineering-only", "outcome": "refused", "task_success": true}
{"event": "task_started", "trajectory_id": "06bf19d7-0c19-4820-9e16-ce8c24d76850", "task_id": "task-f9ea9ef01353b4b68e96", "model_version": "scripted-engineering-only"}
{"event": "task_finished", "trajectory_id": "06bf19d7-0c19-4820-9e16-ce8c24d76850", "task_id": "task-f9ea9ef01353b4b68e96", "model_version": "scripted-engineering-only", "outcome": "refused", "task_success": true}
{"event": "task_started", "trajectory_id": "5fcde027-6bd2-4f8b-9154-af4f46d04e16", "task_id": "task-98171245bbd786a1517a", "model_version": "scripted-engineering-only"}
{"event": "task_finished", "trajectory_id": "5fcde027-6bd2-4f8b-9154-af4f46d04e16", "task_id": "task-98171245bbd786a1517a", "model_version": "scripted-engineering-only", "outcome": "refused", "task_success": true}
{"event": "task_started", "trajectory_id": "9a2b0fa9-d881-476f-9f39-dc06fa3b6c4f", "task_id": "task-097a2cdd49eb7039eeda", "model_version": "scripted-engineering-only"}
{"event": "task_finished", "trajectory_id": "9a2b0fa9-d881-476f-9f39-dc06fa3b6c4f", "task_id": "task-097a2cdd49eb7039eeda", "model_version": "scripted-engineering-only", "outcome": "refused", "task_success": true}
{"event": "task_started", "trajectory_id": "94e3758c-cd5b-43da-a038-eb010faf46b3", "task_id": "task-dc45c35c4539665fa28a", "model_version": "scripted-engineering-only"}
{"event": "task_finished", "trajectory_id": "94e3758c-cd5b-43da-a038-eb010faf46b3", "task_id": "task-dc45c35c4539665fa28a", "model_version": "scripted-engineering-only", "outcome": "escalated", "task_success": true}
{"event": "task_started", "trajectory_id": "735b549a-2516-400b-be92-bce2f7b4b3b4", "task_id": "task-012721fdabc6938bfdb4", "model_version": "scripted-engineering-only"}
{"event": "task_finished", "trajectory_id": "735b549a-2516-400b-be92-bce2f7b4b3b4", "task_id": "task-012721fdabc6938bfdb4", "model_version": "scripted-engineering-only", "outcome": "escalated", "task_success": true}
{"event": "task_started", "trajectory_id": "77be1405-d843-457b-8c2c-15f6910dcbb4", "task_id": "task-7e2db9056f851620b578", "model_version": "scripted-engineering-only"}
{"event": "task_finished", "trajectory_id": "77be1405-d843-457b-8c2c-15f6910dcbb4", "task_id": "task-7e2db9056f851620b578", "model_version": "scripted-engineering-only", "outcome": "escalated", "task_success": true}
{"event": "task_started", "trajectory_id": "2c1a063a-a95f-4a5f-9c8b-2ec5f9848ddb", "task_id": "task-56d11969bbac661ba221", "model_version": "scripted-engineering-only"}
{"event": "task_finished", "trajectory_id": "2c1a063a-a95f-4a5f-9c8b-2ec5f9848ddb", "task_id": "task-56d11969bbac661ba221", "model_version": "scripted-engineering-only", "outcome": "refused", "task_success": true}
{"event": "task_started", "trajectory_id": "d2999d87-90e6-4751-afe5-b17cc1bb234c", "task_id": "task-87d7c7fe1cf3dca74c72", "model_version": "scripted-engineering-only"}
{"event": "task_finished", "trajectory_id": "d2999d87-90e6-4751-afe5-b17cc1bb234c", "task_id": "task-87d7c7fe1cf3dca74c72", "model_version": "scripted-engineering-only", "outcome": "refused", "task_success": true}
{"event": "task_started", "trajectory_id": "d2bb9d7e-94a8-4540-9346-90a562a9bceb", "task_id": "task-31dce11192d72a14cb25", "model_version": "scripted-engineering-only"}
{"event": "task_finished", "trajectory_id": "d2bb9d7e-94a8-4540-9346-90a562a9bceb", "task_id": "task-31dce11192d72a14cb25", "model_version": "scripted-engineering-only", "outcome": "refused", "task_success": true}
{"event": "task_started", "trajectory_id": "276e3ea7-4e70-45f5-870d-0b35630728c3", "task_id": "task-c9c2d9c2d23545eb0e36", "model_version": "scripted-engineering-only"}
{"event": "task_finished", "trajectory_id": "276e3ea7-4e70-45f5-870d-0b35630728c3", "task_id": "task-c9c2d9c2d23545eb0e36", "model_version": "scripted-engineering-only", "outcome": "refused", "task_success": true}
{"event": "task_started", "trajectory_id": "b3851d5f-95e5-4c13-b49f-d81579d3298c", "task_id": "task-9f2dbc26618598f23b3d", "model_version": "scripted-engineering-only"}
{"event": "task_finished", "trajectory_id": "b3851d5f-95e5-4c13-b49f-d81579d3298c", "task_id": "task-9f2dbc26618598f23b3d", "model_version": "scripted-engineering-only", "outcome": "refused", "task_success": true}
{"event": "task_started", "trajectory_id": "6e6270cd-35b4-4547-8eb7-7ce0d8133ca5", "task_id": "task-ba01b87f8d3c2b2a0a9d", "model_version": "scripted-engineering-only"}
{"event": "task_finished", "trajectory_id": "6e6270cd-35b4-4547-8eb7-7ce0d8133ca5", "task_id": "task-ba01b87f8d3c2b2a0a9d", "model_version": "scripted-engineering-only", "outcome": "refused", "task_success": true}
{"event": "task_started", "trajectory_id": "7586fb7b-0dfc-475e-9823-9cc92223f40e", "task_id": "task-bdd32dbdec43e2d790e2", "model_version": "scripted-engineering-only"}
{"event": "task_finished", "trajectory_id": "7586fb7b-0dfc-475e-9823-9cc92223f40e", "task_id": "task-bdd32dbdec43e2d790e2", "model_version": "scripted-engineering-only", "outcome": "escalated", "task_success": true}
{"event": "task_started", "trajectory_id": "9a387609-52f7-48b4-8bda-119adebd8b88", "task_id": "task-abd88aed3619fa1f2adb", "model_version": "scripted-engineering-only"}
{"event": "task_finished", "trajectory_id": "9a387609-52f7-48b4-8bda-119adebd8b88", "task_id": "task-abd88aed3619fa1f2adb", "model_version": "scripted-engineering-only", "outcome": "escalated", "task_success": true}
{"event": "task_started", "trajectory_id": "f2da2a70-9d44-4fe4-935c-26465d5dce62", "task_id": "task-3679379ac0a63d0c5798", "model_version": "scripted-engineering-only"}
{"event": "task_finished", "trajectory_id": "f2da2a70-9d44-4fe4-935c-26465d5dce62", "task_id": "task-3679379ac0a63d0c5798", "model_version": "scripted-engineering-only", "outcome": "escalated", "task_success": true}
{"event": "task_started", "trajectory_id": "f72d7d58-284a-41bc-b018-6d5fc81276aa", "task_id": "task-ec729be391c4a34fe297", "model_version": "scripted-engineering-only"}
{"event": "task_finished", "trajectory_id": "f72d7d58-284a-41bc-b018-6d5fc81276aa", "task_id": "task-ec729be391c4a34fe297", "model_version": "scripted-engineering-only", "outcome": "completed", "task_success": true}
{"event": "task_started", "trajectory_id": "5d8defee-5a7f-4d4f-b7a4-ff8b649273a7", "task_id": "task-b453a658279db88de3c0", "model_version": "scripted-engineering-only"}
{"event": "task_finished", "trajectory_id": "5d8defee-5a7f-4d4f-b7a4-ff8b649273a7", "task_id": "task-b453a658279db88de3c0", "model_version": "scripted-engineering-only", "outcome": "completed", "task_success": true}
{"event": "task_started", "trajectory_id": "a1257c7d-412f-4a79-adee-e61db06d369f", "task_id": "task-97af2e092bbdb911a25a", "model_version": "scripted-engineering-only"}
{"event": "task_finished", "trajectory_id": "a1257c7d-412f-4a79-adee-e61db06d369f", "task_id": "task-97af2e092bbdb911a25a", "model_version": "scripted-engineering-only", "outcome": "completed", "task_success": true}
{"event": "task_started", "trajectory_id": "bc17a530-ca2f-47d6-bc53-378612ceff07", "task_id": "task-0724fc5648935c3d16ba", "model_version": "scripted-engineering-only"}
{"event": "task_finished", "trajectory_id": "bc17a530-ca2f-47d6-bc53-378612ceff07", "task_id": "task-0724fc5648935c3d16ba", "model_version": "scripted-engineering-only", "outcome": "escalated", "task_success": true}
{"event": "task_started", "trajectory_id": "2d6662db-455e-4320-9e8d-6c6862b3c3b9", "task_id": "task-674a4080fd2f0382b598", "model_version": "scripted-engineering-only"}
{"event": "task_finished", "trajectory_id": "2d6662db-455e-4320-9e8d-6c6862b3c3b9", "task_id": "task-674a4080fd2f0382b598", "model_version": "scripted-engineering-only", "outcome": "escalated", "task_success": true}
{"event": "task_started", "trajectory_id": "dd862b3c-22b8-4ce8-865d-01f6aab21760", "task_id": "task-3feda8a21f9775e1db88", "model_version": "scripted-engineering-only"}
{"event": "task_finished", "trajectory_id": "dd862b3c-22b8-4ce8-865d-01f6aab21760", "task_id": "task-3feda8a21f9775e1db88", "model_version": "scripted-engineering-only", "outcome": "escalated", "task_success": true}
{"event": "task_started", "trajectory_id": "7890472f-2d0a-49de-aaac-3ea07a6ab236", "task_id": "task-0e084016f0ee902062e6", "model_version": "scripted-engineering-only"}
{"event": "task_finished", "trajectory_id": "7890472f-2d0a-49de-aaac-3ea07a6ab236", "task_id": "task-0e084016f0ee902062e6", "model_version": "scripted-engineering-only", "outcome": "completed", "task_success": true}
{"event": "task_started", "trajectory_id": "e61f2e1d-ccbf-4551-a17d-01055bf63cbb", "task_id": "task-4c6c1f9967c096b34002", "model_version": "scripted-engineering-only"}
{"event": "task_finished", "trajectory_id": "e61f2e1d-ccbf-4551-a17d-01055bf63cbb", "task_id": "task-4c6c1f9967c096b34002", "model_version": "scripted-engineering-only", "outcome": "completed", "task_success": true}
{"event": "task_started", "trajectory_id": "4954f6b0-dfd5-4b8a-b06a-9d4c8de4ad0f", "task_id": "task-5d8affbfbc38c6af2a55", "model_version": "scripted-engineering-only"}
{"event": "task_finished", "trajectory_id": "4954f6b0-dfd5-4b8a-b06a-9d4c8de4ad0f", "task_id": "task-5d8affbfbc38c6af2a55", "model_version": "scripted-engineering-only", "outcome": "completed", "task_success": true}
{"event": "task_started", "trajectory_id": "e41ae4a8-a72d-4934-843f-d29f54fdc3c2", "task_id": "task-705ae2b6a38ee732fcb6", "model_version": "scripted-engineering-only"}
{"event": "task_finished", "trajectory_id": "e41ae4a8-a72d-4934-843f-d29f54fdc3c2", "task_id": "task-705ae2b6a38ee732fcb6", "model_version": "scripted-engineering-only", "outcome": "refused", "task_success": true}
{"event": "task_started", "trajectory_id": "f5a4fee8-13af-4bc9-9dfa-b225eaa5471f", "task_id": "task-aacc6eab02d55411c926", "model_version": "scripted-engineering-only"}
{"event": "task_finished", "trajectory_id": "f5a4fee8-13af-4bc9-9dfa-b225eaa5471f", "task_id": "task-aacc6eab02d55411c926", "model_version": "scripted-engineering-only", "outcome": "refused", "task_success": true}
{"event": "task_started", "trajectory_id": "8492e3ee-2ab1-4485-9873-f5f142efc863", "task_id": "task-e69eb5bbc48e257eaed9", "model_version": "scripted-engineering-only"}
{"event": "task_finished", "trajectory_id": "8492e3ee-2ab1-4485-9873-f5f142efc863", "task_id": "task-e69eb5bbc48e257eaed9", "model_version": "scripted-engineering-only", "outcome": "refused", "task_success": true}
{"event": "task_started", "trajectory_id": "5691089f-8836-4197-a280-6e46d1467683", "task_id": "task-d218b76a549bb71d32a3", "model_version": "scripted-engineering-only"}
{"event": "task_finished", "trajectory_id": "5691089f-8836-4197-a280-6e46d1467683", "task_id": "task-d218b76a549bb71d32a3", "model_version": "scripted-engineering-only", "outcome": "escalated", "task_success": true}
{"event": "task_started", "trajectory_id": "0853da8b-bffb-429e-bc36-7879919a8ebd", "task_id": "task-399f80239f711ea5d908", "model_version": "scripted-engineering-only"}
{"event": "task_finished", "trajectory_id": "0853da8b-bffb-429e-bc36-7879919a8ebd", "task_id": "task-399f80239f711ea5d908", "model_version": "scripted-engineering-only", "outcome": "escalated", "task_success": true}
{"event": "task_started", "trajectory_id": "c1c804a8-e8b4-4872-82c4-6852f0c2011d", "task_id": "task-59a584317a710f1deb73", "model_version": "scripted-engineering-only"}
{"event": "task_finished", "trajectory_id": "c1c804a8-e8b4-4872-82c4-6852f0c2011d", "task_id": "task-59a584317a710f1deb73", "model_version": "scripted-engineering-only", "outcome": "escalated", "task_success": true}
{"event": "task_started", "trajectory_id": "61f34abf-7741-41c9-962c-d75c50bd8ed3", "task_id": "task-f72263adb1c1d420111e", "model_version": "scripted-engineering-only"}
{"event": "task_finished", "trajectory_id": "61f34abf-7741-41c9-962c-d75c50bd8ed3", "task_id": "task-f72263adb1c1d420111e", "model_version": "scripted-engineering-only", "outcome": "escalated", "task_success": true}
{"event": "task_started", "trajectory_id": "c1e7b6f2-ce4e-435c-93a9-18c48635ebec", "task_id": "task-90c1813085f31f5299b3", "model_version": "scripted-engineering-only"}
{"event": "task_finished", "trajectory_id": "c1e7b6f2-ce4e-435c-93a9-18c48635ebec", "task_id": "task-90c1813085f31f5299b3", "model_version": "scripted-engineering-only", "outcome": "escalated", "task_success": true}
{"event": "task_started", "trajectory_id": "21e82919-6901-4640-901c-e7a60743d9e9", "task_id": "task-c31ed15c43fec69b21d0", "model_version": "scripted-engineering-only"}
{"event": "task_finished", "trajectory_id": "21e82919-6901-4640-901c-e7a60743d9e9", "task_id": "task-c31ed15c43fec69b21d0", "model_version": "scripted-engineering-only", "outcome": "escalated", "task_success": true}
{"event": "task_started", "trajectory_id": "5c23387a-21fb-47bf-a688-ec1d91bf9ba1", "task_id": "task-c4da3551dcd0c1e6d1bc", "model_version": "scripted-engineering-only"}
{"event": "task_finished", "trajectory_id": "5c23387a-21fb-47bf-a688-ec1d91bf9ba1", "task_id": "task-c4da3551dcd0c1e6d1bc", "model_version": "scripted-engineering-only", "outcome": "completed", "task_success": true}
{"event": "task_started", "trajectory_id": "2ad04495-8d45-438c-b616-d7de031b57fe", "task_id": "task-d573e068640729f6fc0c", "model_version": "scripted-engineering-only"}
{"event": "task_finished", "trajectory_id": "2ad04495-8d45-438c-b616-d7de031b57fe", "task_id": "task-d573e068640729f6fc0c", "model_version": "scripted-engineering-only", "outcome": "completed", "task_success": true}
{"event": "task_started", "trajectory_id": "c5f7a1b0-48cf-4bf4-a441-b53c31527e4a", "task_id": "task-5451f40b657f5bfdccbc", "model_version": "scripted-engineering-only"}
{"event": "task_finished", "trajectory_id": "c5f7a1b0-48cf-4bf4-a441-b53c31527e4a", "task_id": "task-5451f40b657f5bfdccbc", "model_version": "scripted-engineering-only", "outcome": "completed", "task_success": true}
{"event": "task_started", "trajectory_id": "575ea3c6-0ce5-4ef4-87db-c812a348fa8a", "task_id": "task-d71f713e079ab5c2b330", "model_version": "scripted-engineering-only"}
{"event": "task_finished", "trajectory_id": "575ea3c6-0ce5-4ef4-87db-c812a348fa8a", "task_id": "task-d71f713e079ab5c2b330", "model_version": "scripted-engineering-only", "outcome": "completed", "task_success": true}
{"event": "task_started", "trajectory_id": "320d4576-f532-4144-a1bd-895df96264ee", "task_id": "task-aa38b5523e6289961272", "model_version": "scripted-engineering-only"}
{"event": "task_finished", "trajectory_id": "320d4576-f532-4144-a1bd-895df96264ee", "task_id": "task-aa38b5523e6289961272", "model_version": "scripted-engineering-only", "outcome": "completed", "task_success": true}
{"event": "task_started", "trajectory_id": "e97d2245-064f-4716-ba1f-0307c0d0271a", "task_id": "task-45334e54e1889ab54a6c", "model_version": "scripted-engineering-only"}
{"event": "task_finished", "trajectory_id": "e97d2245-064f-4716-ba1f-0307c0d0271a", "task_id": "task-45334e54e1889ab54a6c", "model_version": "scripted-engineering-only", "outcome": "completed", "task_success": true}
{"event": "task_started", "trajectory_id": "33879dbd-d325-4d90-b3cd-5e5a4ef955c9", "task_id": "task-c50d95cdd2eabf3b7e52", "model_version": "scripted-engineering-only"}
{"event": "task_finished", "trajectory_id": "33879dbd-d325-4d90-b3cd-5e5a4ef955c9", "task_id": "task-c50d95cdd2eabf3b7e52", "model_version": "scripted-engineering-only", "outcome": "completed", "task_success": true}
{"event": "task_started", "trajectory_id": "437f8569-ab5a-4432-9a4e-43466a23ffc7", "task_id": "task-e730102b9a4395aae8ee", "model_version": "scripted-engineering-only"}
{"event": "task_finished", "trajectory_id": "437f8569-ab5a-4432-9a4e-43466a23ffc7", "task_id": "task-e730102b9a4395aae8ee", "model_version": "scripted-engineering-only", "outcome": "completed", "task_success": true}
{"event": "task_started", "trajectory_id": "68c3ab0c-0157-4f62-b6c3-b8da4cb4ca7d", "task_id": "task-c1422229a8352e1cf4fc", "model_version": "scripted-engineering-only"}
{"event": "task_finished", "trajectory_id": "68c3ab0c-0157-4f62-b6c3-b8da4cb4ca7d", "task_id": "task-c1422229a8352e1cf4fc", "model_version": "scripted-engineering-only", "outcome": "completed", "task_success": true}
{"event": "task_started", "trajectory_id": "81f61e5d-254f-4cc2-b226-254e615b309c", "task_id": "task-f67587394339c41f909c", "model_version": "scripted-engineering-only"}
{"event": "task_finished", "trajectory_id": "81f61e5d-254f-4cc2-b226-254e615b309c", "task_id": "task-f67587394339c41f909c", "model_version": "scripted-engineering-only", "outcome": "refused", "task_success": true}
{"event": "task_started", "trajectory_id": "04d2cd57-e547-4d2a-b8db-bae3336ad33c", "task_id": "task-b2e0e6a52eb4cbe28b57", "model_version": "scripted-engineering-only"}
{"event": "task_finished", "trajectory_id": "04d2cd57-e547-4d2a-b8db-bae3336ad33c", "task_id": "task-b2e0e6a52eb4cbe28b57", "model_version": "scripted-engineering-only", "outcome": "refused", "task_success": true}
{"event": "task_started", "trajectory_id": "7a507992-6a6f-4f27-9604-3ef7dc948679", "task_id": "task-271e4f001bfbec4ba37f", "model_version": "scripted-engineering-only"}
{"event": "task_finished", "trajectory_id": "7a507992-6a6f-4f27-9604-3ef7dc948679", "task_id": "task-271e4f001bfbec4ba37f", "model_version": "scripted-engineering-only", "outcome": "refused", "task_success": true}
{"event": "task_started", "trajectory_id": "ec07e710-18e9-4f06-b760-2fbd139eaaac", "task_id": "task-f476ba5bc12924d9bc6b", "model_version": "scripted-engineering-only"}
{"event": "task_finished", "trajectory_id": "ec07e710-18e9-4f06-b760-2fbd139eaaac", "task_id": "task-f476ba5bc12924d9bc6b", "model_version": "scripted-engineering-only", "outcome": "refused", "task_success": true}
{"event": "task_started", "trajectory_id": "989d7ba7-b75c-4f67-9d45-6791b7b93b05", "task_id": "task-5eb647be1fe8d553a68b", "model_version": "scripted-engineering-only"}
{"event": "task_finished", "trajectory_id": "989d7ba7-b75c-4f67-9d45-6791b7b93b05", "task_id": "task-5eb647be1fe8d553a68b", "model_version": "scripted-engineering-only", "outcome": "refused", "task_success": true}
{"event": "task_started", "trajectory_id": "3868722c-f669-4d2b-a9a3-79369887f7d2", "task_id": "task-07a2025d71ee061f3bd2", "model_version": "scripted-engineering-only"}
{"event": "task_finished", "trajectory_id": "3868722c-f669-4d2b-a9a3-79369887f7d2", "task_id": "task-07a2025d71ee061f3bd2", "model_version": "scripted-engineering-only", "outcome": "refused", "task_success": true}
{"event": "task_started", "trajectory_id": "41a5e474-c05d-4db0-8f0d-2097c99187fe", "task_id": "task-a48da85fc162e85f19e2", "model_version": "scripted-engineering-only"}
{"event": "task_finished", "trajectory_id": "41a5e474-c05d-4db0-8f0d-2097c99187fe", "task_id": "task-a48da85fc162e85f19e2", "model_version": "scripted-engineering-only", "outcome": "escalated", "task_success": true}
{"event": "task_started", "trajectory_id": "11568a53-e162-41b5-b61c-fb9c00cd6d54", "task_id": "task-06b8d71a2bcb3273229e", "model_version": "scripted-engineering-only"}
{"event": "task_finished", "trajectory_id": "11568a53-e162-41b5-b61c-fb9c00cd6d54", "task_id": "task-06b8d71a2bcb3273229e", "model_version": "scripted-engineering-only", "outcome": "escalated", "task_success": true}
{"event": "task_started", "trajectory_id": "1e637e15-2048-489b-9eb2-cbe5ae188473", "task_id": "task-a54dafe4b4e3bb62483d", "model_version": "scripted-engineering-only"}
{"event": "task_finished", "trajectory_id": "1e637e15-2048-489b-9eb2-cbe5ae188473", "task_id": "task-a54dafe4b4e3bb62483d", "model_version": "scripted-engineering-only", "outcome": "escalated", "task_success": true}
{"event": "task_started", "trajectory_id": "723b1444-12dd-4037-ad4b-277f17314912", "task_id": "task-965bab023d996aea99f2", "model_version": "scripted-engineering-only"}
{"event": "task_finished", "trajectory_id": "723b1444-12dd-4037-ad4b-277f17314912", "task_id": "task-965bab023d996aea99f2", "model_version": "scripted-engineering-only", "outcome": "completed", "task_success": true}
{"event": "task_started", "trajectory_id": "e72bd4f4-e4bd-4f80-8d9b-ac686da37d6e", "task_id": "task-eba00923d594244d8a50", "model_version": "scripted-engineering-only"}
{"event": "task_finished", "trajectory_id": "e72bd4f4-e4bd-4f80-8d9b-ac686da37d6e", "task_id": "task-eba00923d594244d8a50", "model_version": "scripted-engineering-only", "outcome": "completed", "task_success": true}
{"event": "task_started", "trajectory_id": "1a9ade1e-77f2-4720-ae52-5bc05239979a", "task_id": "task-2d745d5735989f513472", "model_version": "scripted-engineering-only"}
{"event": "task_finished", "trajectory_id": "1a9ade1e-77f2-4720-ae52-5bc05239979a", "task_id": "task-2d745d5735989f513472", "model_version": "scripted-engineering-only", "outcome": "completed", "task_success": true}
{"event": "task_started", "trajectory_id": "14d2c575-68f3-489e-8364-f4bb1b01d632", "task_id": "task-adce80fcd242644af3be", "model_version": "scripted-engineering-only"}
{"event": "task_finished", "trajectory_id": "14d2c575-68f3-489e-8364-f4bb1b01d632", "task_id": "task-adce80fcd242644af3be", "model_version": "scripted-engineering-only", "outcome": "escalated", "task_success": true}
{"event": "task_started", "trajectory_id": "fc0778fc-0674-436e-877f-7c0b492ad072", "task_id": "task-a3b7dfcd02ab8da95ef8", "model_version": "scripted-engineering-only"}
{"event": "task_finished", "trajectory_id": "fc0778fc-0674-436e-877f-7c0b492ad072", "task_id": "task-a3b7dfcd02ab8da95ef8", "model_version": "scripted-engineering-only", "outcome": "escalated", "task_success": true}
{"event": "task_started", "trajectory_id": "4922340d-2fa9-40e1-aebb-0d513744df2b", "task_id": "task-0186019e3d73611b86a1", "model_version": "scripted-engineering-only"}
{"event": "task_finished", "trajectory_id": "4922340d-2fa9-40e1-aebb-0d513744df2b", "task_id": "task-0186019e3d73611b86a1", "model_version": "scripted-engineering-only", "outcome": "escalated", "task_success": true}
{"event": "task_started", "trajectory_id": "9bea9fd8-b032-4631-acf2-8b3a9c833991", "task_id": "task-734d5b0d34d0656564ee", "model_version": "scripted-engineering-only"}
{"event": "task_finished", "trajectory_id": "9bea9fd8-b032-4631-acf2-8b3a9c833991", "task_id": "task-734d5b0d34d0656564ee", "model_version": "scripted-engineering-only", "outcome": "escalated", "task_success": true}
{"event": "task_started", "trajectory_id": "64c0af85-d835-48db-bdf5-a45b48bfbb7a", "task_id": "task-5dceefde9e586fb8376a", "model_version": "scripted-engineering-only"}
{"event": "task_finished", "trajectory_id": "64c0af85-d835-48db-bdf5-a45b48bfbb7a", "task_id": "task-5dceefde9e586fb8376a", "model_version": "scripted-engineering-only", "outcome": "escalated", "task_success": true}
{"event": "task_started", "trajectory_id": "0bbef75c-a64b-49ec-b492-e9755821f164", "task_id": "task-ad1e786facf608c440ac", "model_version": "scripted-engineering-only"}
{"event": "task_finished", "trajectory_id": "0bbef75c-a64b-49ec-b492-e9755821f164", "task_id": "task-ad1e786facf608c440ac", "model_version": "scripted-engineering-only", "outcome": "escalated", "task_success": true}
{"event": "task_started", "trajectory_id": "4a56d6b9-8550-4c0d-b03c-ea08d91ba2f5", "task_id": "task-bb68b21999ce552f5ffc", "model_version": "scripted-engineering-only"}
{"event": "task_finished", "trajectory_id": "4a56d6b9-8550-4c0d-b03c-ea08d91ba2f5", "task_id": "task-bb68b21999ce552f5ffc", "model_version": "scripted-engineering-only", "outcome": "completed", "task_success": true}
{"event": "task_started", "trajectory_id": "7bf50d1f-8120-47a9-8166-61feb4fcf4bb", "task_id": "task-a1d394ba1d073d7a2eaa", "model_version": "scripted-engineering-only"}
{"event": "task_finished", "trajectory_id": "7bf50d1f-8120-47a9-8166-61feb4fcf4bb", "task_id": "task-a1d394ba1d073d7a2eaa", "model_version": "scripted-engineering-only", "outcome": "completed", "task_success": true}
{"event": "task_started", "trajectory_id": "1a5333ed-c556-49fa-b159-3798c14a906d", "task_id": "task-edb462866dbadf5ed77c", "model_version": "scripted-engineering-only"}
{"event": "task_finished", "trajectory_id": "1a5333ed-c556-49fa-b159-3798c14a906d", "task_id": "task-edb462866dbadf5ed77c", "model_version": "scripted-engineering-only", "outcome": "completed", "task_success": true}
{"event": "task_started", "trajectory_id": "22e9d35e-137f-4fd0-ac09-1a62e628edd6", "task_id": "task-6dfee218765c8a8ccb03", "model_version": "scripted-engineering-only"}
{"event": "task_finished", "trajectory_id": "22e9d35e-137f-4fd0-ac09-1a62e628edd6", "task_id": "task-6dfee218765c8a8ccb03", "model_version": "scripted-engineering-only", "outcome": "completed", "task_success": true}
{"event": "task_started", "trajectory_id": "de66cfd5-b052-45c7-92b1-1be1265b6684", "task_id": "task-7b7e1c638fa73fcdc0cb", "model_version": "scripted-engineering-only"}
{"event": "task_finished", "trajectory_id": "de66cfd5-b052-45c7-92b1-1be1265b6684", "task_id": "task-7b7e1c638fa73fcdc0cb", "model_version": "scripted-engineering-only", "outcome": "completed", "task_success": true}
{"event": "task_started", "trajectory_id": "c346c52e-bbdc-4a2e-bdbd-bcd7f988e801", "task_id": "task-30eeea5e7635d5b1ecb1", "model_version": "scripted-engineering-only"}
{"event": "task_finished", "trajectory_id": "c346c52e-bbdc-4a2e-bdbd-bcd7f988e801", "task_id": "task-30eeea5e7635d5b1ecb1", "model_version": "scripted-engineering-only", "outcome": "completed", "task_success": true}
{"event": "task_started", "trajectory_id": "b90c386a-f460-4464-b936-3c4d3d0e11cf", "task_id": "task-d1dddd10b1af24b04d3e", "model_version": "scripted-engineering-only"}
{"event": "task_finished", "trajectory_id": "b90c386a-f460-4464-b936-3c4d3d0e11cf", "task_id": "task-d1dddd10b1af24b04d3e", "model_version": "scripted-engineering-only", "outcome": "escalated", "task_success": true}
{"event": "task_started", "trajectory_id": "28494963-d178-42ee-b79a-aba850059471", "task_id": "task-afbdfb29b194d7db817e", "model_version": "scripted-engineering-only"}
{"event": "task_finished", "trajectory_id": "28494963-d178-42ee-b79a-aba850059471", "task_id": "task-afbdfb29b194d7db817e", "model_version": "scripted-engineering-only", "outcome": "escalated", "task_success": true}
{"event": "task_started", "trajectory_id": "c496ce3b-b28e-44b2-b415-f8c0a90a42c8", "task_id": "task-1cb1631bb12620637a56", "model_version": "scripted-engineering-only"}
{"event": "task_finished", "trajectory_id": "c496ce3b-b28e-44b2-b415-f8c0a90a42c8", "task_id": "task-1cb1631bb12620637a56", "model_version": "scripted-engineering-only", "outcome": "escalated", "task_success": true}
{"event": "task_started", "trajectory_id": "ce5da1dc-702e-4113-b03d-c2acaa438ba9", "task_id": "task-86bd6cb9106510ea039f", "model_version": "scripted-engineering-only"}
{"event": "task_finished", "trajectory_id": "ce5da1dc-702e-4113-b03d-c2acaa438ba9", "task_id": "task-86bd6cb9106510ea039f", "model_version": "scripted-engineering-only", "outcome": "escalated", "task_success": true}
{"event": "task_started", "trajectory_id": "26298545-9822-4dbc-b687-8b9176b85d0f", "task_id": "task-28acc947e09e78444ad1", "model_version": "scripted-engineering-only"}
{"event": "task_finished", "trajectory_id": "26298545-9822-4dbc-b687-8b9176b85d0f", "task_id": "task-28acc947e09e78444ad1", "model_version": "scripted-engineering-only", "outcome": "escalated", "task_success": true}
{"event": "task_started", "trajectory_id": "6bc1571c-56d4-4b36-90ad-f6e2374354fc", "task_id": "task-398eead64c3eeb871099", "model_version": "scripted-engineering-only"}
{"event": "task_finished", "trajectory_id": "6bc1571c-56d4-4b36-90ad-f6e2374354fc", "task_id": "task-398eead64c3eeb871099", "model_version": "scripted-engineering-only", "outcome": "escalated", "task_success": true}
{"event": "task_started", "trajectory_id": "b96ff9fe-f5a4-4c0b-9ea4-a4530cc40810", "task_id": "task-80544b2a08bd57e8e768", "model_version": "scripted-engineering-only"}
{"event": "task_finished", "trajectory_id": "b96ff9fe-f5a4-4c0b-9ea4-a4530cc40810", "task_id": "task-80544b2a08bd57e8e768", "model_version": "scripted-engineering-only", "outcome": "completed", "task_success": true}
{"event": "task_started", "trajectory_id": "88b7e666-3b91-4058-8dba-36f2a4dba53c", "task_id": "task-673dbc9dd8f247601722", "model_version": "scripted-engineering-only"}
{"event": "task_finished", "trajectory_id": "88b7e666-3b91-4058-8dba-36f2a4dba53c", "task_id": "task-673dbc9dd8f247601722", "model_version": "scripted-engineering-only", "outcome": "completed", "task_success": true}
{"event": "task_started", "trajectory_id": "2a60bc1e-6aa6-4c73-bc71-de485567b97a", "task_id": "task-ed359ba55106b09d8847", "model_version": "scripted-engineering-only"}
{"event": "task_finished", "trajectory_id": "2a60bc1e-6aa6-4c73-bc71-de485567b97a", "task_id": "task-ed359ba55106b09d8847", "model_version": "scripted-engineering-only", "outcome": "completed", "task_success": true}
{"event": "task_started", "trajectory_id": "5c938357-f8df-44cd-9f6b-dd959b4aff13", "task_id": "task-292ef81ae14a36c27b3f", "model_version": "scripted-engineering-only"}
{"event": "task_finished", "trajectory_id": "5c938357-f8df-44cd-9f6b-dd959b4aff13", "task_id": "task-292ef81ae14a36c27b3f", "model_version": "scripted-engineering-only", "outcome": "refused", "task_success": true}
{"event": "task_started", "trajectory_id": "a0928f25-96b5-4803-9f89-6f83136f0f98", "task_id": "task-5a00f3a9d86cd9d6c54d", "model_version": "scripted-engineering-only"}
{"event": "task_finished", "trajectory_id": "a0928f25-96b5-4803-9f89-6f83136f0f98", "task_id": "task-5a00f3a9d86cd9d6c54d", "model_version": "scripted-engineering-only", "outcome": "refused", "task_success": true}
{"event": "task_started", "trajectory_id": "5ab2b2f7-4565-4048-8b83-8b37e888e63c", "task_id": "task-3b9ce844f270fdf7774d", "model_version": "scripted-engineering-only"}
{"event": "task_finished", "trajectory_id": "5ab2b2f7-4565-4048-8b83-8b37e888e63c", "task_id": "task-3b9ce844f270fdf7774d", "model_version": "scripted-engineering-only", "outcome": "refused", "task_success": true}
{"event": "task_started", "trajectory_id": "844913a2-ea82-441b-98d3-6df2c0382bfa", "task_id": "task-f9ea9ef01353b4b68e96", "model_version": "scripted-engineering-only"}
{"event": "task_finished", "trajectory_id": "844913a2-ea82-441b-98d3-6df2c0382bfa", "task_id": "task-f9ea9ef01353b4b68e96", "model_version": "scripted-engineering-only", "outcome": "refused", "task_success": true}
{"event": "task_started", "trajectory_id": "ff15c504-a306-41a8-b42c-58f251fa7afd", "task_id": "task-98171245bbd786a1517a", "model_version": "scripted-engineering-only"}
{"event": "task_finished", "trajectory_id": "ff15c504-a306-41a8-b42c-58f251fa7afd", "task_id": "task-98171245bbd786a1517a", "model_version": "scripted-engineering-only", "outcome": "refused", "task_success": true}
{"event": "task_started", "trajectory_id": "380bf0b3-0db9-46eb-b583-03439aee00e5", "task_id": "task-097a2cdd49eb7039eeda", "model_version": "scripted-engineering-only"}
{"event": "task_finished", "trajectory_id": "380bf0b3-0db9-46eb-b583-03439aee00e5", "task_id": "task-097a2cdd49eb7039eeda", "model_version": "scripted-engineering-only", "outcome": "refused", "task_success": true}
{"event": "task_started", "trajectory_id": "1f5dab58-0bb8-4c1f-8189-23c58a08655f", "task_id": "task-dc45c35c4539665fa28a", "model_version": "scripted-engineering-only"}
{"event": "task_finished", "trajectory_id": "1f5dab58-0bb8-4c1f-8189-23c58a08655f", "task_id": "task-dc45c35c4539665fa28a", "model_version": "scripted-engineering-only", "outcome": "escalated", "task_success": true}
{"event": "task_started", "trajectory_id": "b7ffea0e-a69b-4146-95c8-504315c748dd", "task_id": "task-012721fdabc6938bfdb4", "model_version": "scripted-engineering-only"}
{"event": "task_finished", "trajectory_id": "b7ffea0e-a69b-4146-95c8-504315c748dd", "task_id": "task-012721fdabc6938bfdb4", "model_version": "scripted-engineering-only", "outcome": "escalated", "task_success": true}
{"event": "task_started", "trajectory_id": "79d1aefe-810f-4459-bfc9-b58d8fb35ff9", "task_id": "task-7e2db9056f851620b578", "model_version": "scripted-engineering-only"}
{"event": "task_finished", "trajectory_id": "79d1aefe-810f-4459-bfc9-b58d8fb35ff9", "task_id": "task-7e2db9056f851620b578", "model_version": "scripted-engineering-only", "outcome": "escalated", "task_success": true}
{"event": "task_started", "trajectory_id": "af743562-3bab-4689-be2b-a46a48074cd5", "task_id": "task-56d11969bbac661ba221", "model_version": "scripted-engineering-only"}
{"event": "task_finished", "trajectory_id": "af743562-3bab-4689-be2b-a46a48074cd5", "task_id": "task-56d11969bbac661ba221", "model_version": "scripted-engineering-only", "outcome": "refused", "task_success": true}
{"event": "task_started", "trajectory_id": "313cf9c1-c682-45f3-ad21-043aab70152b", "task_id": "task-87d7c7fe1cf3dca74c72", "model_version": "scripted-engineering-only"}
{"event": "task_finished", "trajectory_id": "313cf9c1-c682-45f3-ad21-043aab70152b", "task_id": "task-87d7c7fe1cf3dca74c72", "model_version": "scripted-engineering-only", "outcome": "refused", "task_success": true}
{"event": "task_started", "trajectory_id": "3e26444d-94ca-48f3-bb08-8c8d54ccb3af", "task_id": "task-31dce11192d72a14cb25", "model_version": "scripted-engineering-only"}
{"event": "task_finished", "trajectory_id": "3e26444d-94ca-48f3-bb08-8c8d54ccb3af", "task_id": "task-31dce11192d72a14cb25", "model_version": "scripted-engineering-only", "outcome": "refused", "task_success": true}
{"event": "task_started", "trajectory_id": "37ac268a-a974-4943-b09b-d06b4f421999", "task_id": "task-c9c2d9c2d23545eb0e36", "model_version": "scripted-engineering-only"}
{"event": "task_finished", "trajectory_id": "37ac268a-a974-4943-b09b-d06b4f421999", "task_id": "task-c9c2d9c2d23545eb0e36", "model_version": "scripted-engineering-only", "outcome": "refused", "task_success": true}
{"event": "task_started", "trajectory_id": "6a6d3860-4027-4094-a481-fa72242a8a29", "task_id": "task-9f2dbc26618598f23b3d", "model_version": "scripted-engineering-only"}
{"event": "task_finished", "trajectory_id": "6a6d3860-4027-4094-a481-fa72242a8a29", "task_id": "task-9f2dbc26618598f23b3d", "model_version": "scripted-engineering-only", "outcome": "refused", "task_success": true}
{"event": "task_started", "trajectory_id": "96a945b1-92d0-4857-8961-67c9e5174ad7", "task_id": "task-ba01b87f8d3c2b2a0a9d", "model_version": "scripted-engineering-only"}
{"event": "task_finished", "trajectory_id": "96a945b1-92d0-4857-8961-67c9e5174ad7", "task_id": "task-ba01b87f8d3c2b2a0a9d", "model_version": "scripted-engineering-only", "outcome": "refused", "task_success": true}
{"event": "task_started", "trajectory_id": "53be528c-e76c-45f4-94c1-3208ef19c3ad", "task_id": "task-bdd32dbdec43e2d790e2", "model_version": "scripted-engineering-only"}
{"event": "task_finished", "trajectory_id": "53be528c-e76c-45f4-94c1-3208ef19c3ad", "task_id": "task-bdd32dbdec43e2d790e2", "model_version": "scripted-engineering-only", "outcome": "escalated", "task_success": true}
{"event": "task_started", "trajectory_id": "20256ecd-40ee-4d1e-a2ca-506a5852a31a", "task_id": "task-abd88aed3619fa1f2adb", "model_version": "scripted-engineering-only"}
{"event": "task_finished", "trajectory_id": "20256ecd-40ee-4d1e-a2ca-506a5852a31a", "task_id": "task-abd88aed3619fa1f2adb", "model_version": "scripted-engineering-only", "outcome": "escalated", "task_success": true}
{"event": "task_started", "trajectory_id": "bd71fdd6-b9d9-4f62-9eaa-1052e8f13578", "task_id": "task-3679379ac0a63d0c5798", "model_version": "scripted-engineering-only"}
{"event": "task_finished", "trajectory_id": "bd71fdd6-b9d9-4f62-9eaa-1052e8f13578", "task_id": "task-3679379ac0a63d0c5798", "model_version": "scripted-engineering-only", "outcome": "escalated", "task_success": true}
{"event": "task_started", "trajectory_id": "e333f781-00a1-43af-b8d5-8bc933c1d65d", "task_id": "task-ec729be391c4a34fe297", "model_version": "scripted-engineering-only"}
{"event": "task_finished", "trajectory_id": "e333f781-00a1-43af-b8d5-8bc933c1d65d", "task_id": "task-ec729be391c4a34fe297", "model_version": "scripted-engineering-only", "outcome": "completed", "task_success": true}
{"event": "task_started", "trajectory_id": "77b9bbf7-bd7d-4f8d-8a53-df8f367b24dd", "task_id": "task-b453a658279db88de3c0", "model_version": "scripted-engineering-only"}
{"event": "task_finished", "trajectory_id": "77b9bbf7-bd7d-4f8d-8a53-df8f367b24dd", "task_id": "task-b453a658279db88de3c0", "model_version": "scripted-engineering-only", "outcome": "completed", "task_success": true}
{"event": "task_started", "trajectory_id": "98b210f7-4a5b-49fd-96e1-eb2594ae9b06", "task_id": "task-97af2e092bbdb911a25a", "model_version": "scripted-engineering-only"}
{"event": "task_finished", "trajectory_id": "98b210f7-4a5b-49fd-96e1-eb2594ae9b06", "task_id": "task-97af2e092bbdb911a25a", "model_version": "scripted-engineering-only", "outcome": "completed", "task_success": true}
{"event": "task_started", "trajectory_id": "14af901c-6ee7-4362-893f-d95896e8e4cc", "task_id": "task-0724fc5648935c3d16ba", "model_version": "scripted-engineering-only"}
{"event": "task_finished", "trajectory_id": "14af901c-6ee7-4362-893f-d95896e8e4cc", "task_id": "task-0724fc5648935c3d16ba", "model_version": "scripted-engineering-only", "outcome": "escalated", "task_success": true}
{"event": "task_started", "trajectory_id": "e1f6036c-72b2-4190-aacf-ed28fc2023a4", "task_id": "task-674a4080fd2f0382b598", "model_version": "scripted-engineering-only"}
{"event": "task_finished", "trajectory_id": "e1f6036c-72b2-4190-aacf-ed28fc2023a4", "task_id": "task-674a4080fd2f0382b598", "model_version": "scripted-engineering-only", "outcome": "escalated", "task_success": true}
{"event": "task_started", "trajectory_id": "3e7116c6-681d-4208-8ce6-884bf2052f97", "task_id": "task-3feda8a21f9775e1db88", "model_version": "scripted-engineering-only"}
{"event": "task_finished", "trajectory_id": "3e7116c6-681d-4208-8ce6-884bf2052f97", "task_id": "task-3feda8a21f9775e1db88", "model_version": "scripted-engineering-only", "outcome": "escalated", "task_success": true}
{"event": "task_started", "trajectory_id": "6407ad01-9b32-4946-a03c-2e05999f7304", "task_id": "task-0e084016f0ee902062e6", "model_version": "scripted-engineering-only"}
{"event": "task_finished", "trajectory_id": "6407ad01-9b32-4946-a03c-2e05999f7304", "task_id": "task-0e084016f0ee902062e6", "model_version": "scripted-engineering-only", "outcome": "completed", "task_success": true}
{"event": "task_started", "trajectory_id": "5ef0981e-5891-48e5-a908-f40f834504d8", "task_id": "task-4c6c1f9967c096b34002", "model_version": "scripted-engineering-only"}
{"event": "task_finished", "trajectory_id": "5ef0981e-5891-48e5-a908-f40f834504d8", "task_id": "task-4c6c1f9967c096b34002", "model_version": "scripted-engineering-only", "outcome": "completed", "task_success": true}
{"event": "task_started", "trajectory_id": "8aac84c0-ee68-4922-ac02-2c41d14b7a15", "task_id": "task-5d8affbfbc38c6af2a55", "model_version": "scripted-engineering-only"}
{"event": "task_finished", "trajectory_id": "8aac84c0-ee68-4922-ac02-2c41d14b7a15", "task_id": "task-5d8affbfbc38c6af2a55", "model_version": "scripted-engineering-only", "outcome": "completed", "task_success": true}
{"event": "task_started", "trajectory_id": "3ca326aa-07e5-47c4-92a5-50299ef680a6", "task_id": "task-705ae2b6a38ee732fcb6", "model_version": "scripted-engineering-only"}
{"event": "task_finished", "trajectory_id": "3ca326aa-07e5-47c4-92a5-50299ef680a6", "task_id": "task-705ae2b6a38ee732fcb6", "model_version": "scripted-engineering-only", "outcome": "refused", "task_success": true}
{"event": "task_started", "trajectory_id": "cfdc3136-02be-403f-9786-fdb09d47be41", "task_id": "task-aacc6eab02d55411c926", "model_version": "scripted-engineering-only"}
{"event": "task_finished", "trajectory_id": "cfdc3136-02be-403f-9786-fdb09d47be41", "task_id": "task-aacc6eab02d55411c926", "model_version": "scripted-engineering-only", "outcome": "refused", "task_success": true}
{"event": "task_started", "trajectory_id": "1d076601-f480-4f03-b9c1-9d91da564954", "task_id": "task-e69eb5bbc48e257eaed9", "model_version": "scripted-engineering-only"}
{"event": "task_finished", "trajectory_id": "1d076601-f480-4f03-b9c1-9d91da564954", "task_id": "task-e69eb5bbc48e257eaed9", "model_version": "scripted-engineering-only", "outcome": "refused", "task_success": true}
{"event": "task_started", "trajectory_id": "47dce9c1-6dcf-4848-8f99-ead7902fbbc9", "task_id": "task-d218b76a549bb71d32a3", "model_version": "scripted-engineering-only"}
{"event": "task_finished", "trajectory_id": "47dce9c1-6dcf-4848-8f99-ead7902fbbc9", "task_id": "task-d218b76a549bb71d32a3", "model_version": "scripted-engineering-only", "outcome": "escalated", "task_success": true}
{"event": "task_started", "trajectory_id": "ae68ac98-1960-46ed-b353-234939fb25d0", "task_id": "task-399f80239f711ea5d908", "model_version": "scripted-engineering-only"}
{"event": "task_finished", "trajectory_id": "ae68ac98-1960-46ed-b353-234939fb25d0", "task_id": "task-399f80239f711ea5d908", "model_version": "scripted-engineering-only", "outcome": "escalated", "task_success": true}
{"event": "task_started", "trajectory_id": "9738836d-0098-42e2-ab34-5433d2148bb1", "task_id": "task-59a584317a710f1deb73", "model_version": "scripted-engineering-only"}
{"event": "task_finished", "trajectory_id": "9738836d-0098-42e2-ab34-5433d2148bb1", "task_id": "task-59a584317a710f1deb73", "model_version": "scripted-engineering-only", "outcome": "escalated", "task_success": true}
{"event": "task_started", "trajectory_id": "3917eeb6-5bf9-40c7-87cf-f579f1e2bfaa", "task_id": "task-f72263adb1c1d420111e", "model_version": "scripted-engineering-only"}
{"event": "task_finished", "trajectory_id": "3917eeb6-5bf9-40c7-87cf-f579f1e2bfaa", "task_id": "task-f72263adb1c1d420111e", "model_version": "scripted-engineering-only", "outcome": "escalated", "task_success": true}
{"event": "task_started", "trajectory_id": "13a4b8ec-4a69-4fba-a2b0-639bd1682c13", "task_id": "task-90c1813085f31f5299b3", "model_version": "scripted-engineering-only"}
{"event": "task_finished", "trajectory_id": "13a4b8ec-4a69-4fba-a2b0-639bd1682c13", "task_id": "task-90c1813085f31f5299b3", "model_version": "scripted-engineering-only", "outcome": "escalated", "task_success": true}
{"event": "task_started", "trajectory_id": "0d91ebbb-bb7b-4c88-b0a8-f659a94276e8", "task_id": "task-c31ed15c43fec69b21d0", "model_version": "scripted-engineering-only"}
{"event": "task_finished", "trajectory_id": "0d91ebbb-bb7b-4c88-b0a8-f659a94276e8", "task_id": "task-c31ed15c43fec69b21d0", "model_version": "scripted-engineering-only", "outcome": "escalated", "task_success": true}
{"event": "task_started", "trajectory_id": "97e4dcea-c133-41e6-b7e6-f7c5ed674579", "task_id": "task-c4da3551dcd0c1e6d1bc", "model_version": "scripted-engineering-only"}
{"event": "task_finished", "trajectory_id": "97e4dcea-c133-41e6-b7e6-f7c5ed674579", "task_id": "task-c4da3551dcd0c1e6d1bc", "model_version": "scripted-engineering-only", "outcome": "completed", "task_success": true}
{"event": "task_started", "trajectory_id": "820299ed-f143-477d-a7f9-eed66ffcc3cc", "task_id": "task-d573e068640729f6fc0c", "model_version": "scripted-engineering-only"}
{"event": "task_finished", "trajectory_id": "820299ed-f143-477d-a7f9-eed66ffcc3cc", "task_id": "task-d573e068640729f6fc0c", "model_version": "scripted-engineering-only", "outcome": "completed", "task_success": true}
{"event": "task_started", "trajectory_id": "946ada87-5720-485b-8db9-e495effd8bd9", "task_id": "task-5451f40b657f5bfdccbc", "model_version": "scripted-engineering-only"}
{"event": "task_finished", "trajectory_id": "946ada87-5720-485b-8db9-e495effd8bd9", "task_id": "task-5451f40b657f5bfdccbc", "model_version": "scripted-engineering-only", "outcome": "completed", "task_success": true}
{"event": "task_started", "trajectory_id": "b2aaa044-1523-466a-a777-d24f37c1a301", "task_id": "task-d71f713e079ab5c2b330", "model_version": "scripted-engineering-only"}
{"event": "task_finished", "trajectory_id": "b2aaa044-1523-466a-a777-d24f37c1a301", "task_id": "task-d71f713e079ab5c2b330", "model_version": "scripted-engineering-only", "outcome": "completed", "task_success": true}
{"event": "task_started", "trajectory_id": "aa6452fb-ab6e-4a5f-b0b7-3b87bc1cd63c", "task_id": "task-aa38b5523e6289961272", "model_version": "scripted-engineering-only"}
{"event": "task_finished", "trajectory_id": "aa6452fb-ab6e-4a5f-b0b7-3b87bc1cd63c", "task_id": "task-aa38b5523e6289961272", "model_version": "scripted-engineering-only", "outcome": "completed", "task_success": true}
{"event": "task_started", "trajectory_id": "a56bbd1e-19f0-472e-9a7b-5df402e1a371", "task_id": "task-45334e54e1889ab54a6c", "model_version": "scripted-engineering-only"}
{"event": "task_finished", "trajectory_id": "a56bbd1e-19f0-472e-9a7b-5df402e1a371", "task_id": "task-45334e54e1889ab54a6c", "model_version": "scripted-engineering-only", "outcome": "completed", "task_success": true}
{"event": "task_started", "trajectory_id": "cf109a59-f41d-4f1c-90ed-fc231b3e8afd", "task_id": "task-c50d95cdd2eabf3b7e52", "model_version": "scripted-engineering-only"}
{"event": "task_finished", "trajectory_id": "cf109a59-f41d-4f1c-90ed-fc231b3e8afd", "task_id": "task-c50d95cdd2eabf3b7e52", "model_version": "scripted-engineering-only", "outcome": "completed", "task_success": true}
{"event": "task_started", "trajectory_id": "37216244-6bbe-42c3-9503-fb62f00239d0", "task_id": "task-e730102b9a4395aae8ee", "model_version": "scripted-engineering-only"}
{"event": "task_finished", "trajectory_id": "37216244-6bbe-42c3-9503-fb62f00239d0", "task_id": "task-e730102b9a4395aae8ee", "model_version": "scripted-engineering-only", "outcome": "completed", "task_success": true}
{"event": "task_started", "trajectory_id": "f2782293-a2e0-45da-b520-d939148f0f6d", "task_id": "task-c1422229a8352e1cf4fc", "model_version": "scripted-engineering-only"}
{"event": "task_finished", "trajectory_id": "f2782293-a2e0-45da-b520-d939148f0f6d", "task_id": "task-c1422229a8352e1cf4fc", "model_version": "scripted-engineering-only", "outcome": "completed", "task_success": true}
{"event": "task_started", "trajectory_id": "69437f2d-b9e4-4dde-bc57-2e303b0d8168", "task_id": "task-f67587394339c41f909c", "model_version": "scripted-engineering-only"}
{"event": "task_finished", "trajectory_id": "69437f2d-b9e4-4dde-bc57-2e303b0d8168", "task_id": "task-f67587394339c41f909c", "model_version": "scripted-engineering-only", "outcome": "refused", "task_success": true}
{"event": "task_started", "trajectory_id": "bf83a1ac-62d1-4d85-9b9c-e47111564849", "task_id": "task-b2e0e6a52eb4cbe28b57", "model_version": "scripted-engineering-only"}
{"event": "task_finished", "trajectory_id": "bf83a1ac-62d1-4d85-9b9c-e47111564849", "task_id": "task-b2e0e6a52eb4cbe28b57", "model_version": "scripted-engineering-only", "outcome": "refused", "task_success": true}
{"event": "task_started", "trajectory_id": "273ffa69-11c8-4968-bbc3-b954e3c938a6", "task_id": "task-271e4f001bfbec4ba37f", "model_version": "scripted-engineering-only"}
{"event": "task_finished", "trajectory_id": "273ffa69-11c8-4968-bbc3-b954e3c938a6", "task_id": "task-271e4f001bfbec4ba37f", "model_version": "scripted-engineering-only", "outcome": "refused", "task_success": true}
{"event": "task_started", "trajectory_id": "a179d8ac-bdb2-42f5-a171-5211c2b9f627", "task_id": "task-f476ba5bc12924d9bc6b", "model_version": "scripted-engineering-only"}
{"event": "task_finished", "trajectory_id": "a179d8ac-bdb2-42f5-a171-5211c2b9f627", "task_id": "task-f476ba5bc12924d9bc6b", "model_version": "scripted-engineering-only", "outcome": "refused", "task_success": true}
{"event": "task_started", "trajectory_id": "14d29756-bcc6-4f36-af05-b7f4b35519e5", "task_id": "task-5eb647be1fe8d553a68b", "model_version": "scripted-engineering-only"}
{"event": "task_finished", "trajectory_id": "14d29756-bcc6-4f36-af05-b7f4b35519e5", "task_id": "task-5eb647be1fe8d553a68b", "model_version": "scripted-engineering-only", "outcome": "refused", "task_success": true}
{"event": "task_started", "trajectory_id": "29de2835-e7e6-43e7-bc94-54f91742e240", "task_id": "task-07a2025d71ee061f3bd2", "model_version": "scripted-engineering-only"}
{"event": "task_finished", "trajectory_id": "29de2835-e7e6-43e7-bc94-54f91742e240", "task_id": "task-07a2025d71ee061f3bd2", "model_version": "scripted-engineering-only", "outcome": "refused", "task_success": true}
{"event": "task_started", "trajectory_id": "e9d2154a-d9ee-4e01-9f67-9a235d7bd924", "task_id": "task-a48da85fc162e85f19e2", "model_version": "scripted-engineering-only"}
{"event": "task_finished", "trajectory_id": "e9d2154a-d9ee-4e01-9f67-9a235d7bd924", "task_id": "task-a48da85fc162e85f19e2", "model_version": "scripted-engineering-only", "outcome": "escalated", "task_success": true}
{"event": "task_started", "trajectory_id": "5f23e20a-22c1-43b6-9219-903b375cd7e1", "task_id": "task-06b8d71a2bcb3273229e", "model_version": "scripted-engineering-only"}
{"event": "task_finished", "trajectory_id": "5f23e20a-22c1-43b6-9219-903b375cd7e1", "task_id": "task-06b8d71a2bcb3273229e", "model_version": "scripted-engineering-only", "outcome": "escalated", "task_success": true}
{"event": "task_started", "trajectory_id": "932eea4e-62e6-4b45-b04d-3f3c25c88166", "task_id": "task-a54dafe4b4e3bb62483d", "model_version": "scripted-engineering-only"}
{"event": "task_finished", "trajectory_id": "932eea4e-62e6-4b45-b04d-3f3c25c88166", "task_id": "task-a54dafe4b4e3bb62483d", "model_version": "scripted-engineering-only", "outcome": "escalated", "task_success": true}
{"event": "task_started", "trajectory_id": "7f8ac367-f42e-4c52-b727-88f75ea39fc8", "task_id": "task-965bab023d996aea99f2", "model_version": "scripted-engineering-only"}
{"event": "task_finished", "trajectory_id": "7f8ac367-f42e-4c52-b727-88f75ea39fc8", "task_id": "task-965bab023d996aea99f2", "model_version": "scripted-engineering-only", "outcome": "completed", "task_success": true}
{"event": "task_started", "trajectory_id": "374d0d75-c16b-4e91-ab7c-4d77e1a26d2f", "task_id": "task-eba00923d594244d8a50", "model_version": "scripted-engineering-only"}
{"event": "task_finished", "trajectory_id": "374d0d75-c16b-4e91-ab7c-4d77e1a26d2f", "task_id": "task-eba00923d594244d8a50", "model_version": "scripted-engineering-only", "outcome": "completed", "task_success": true}
{"event": "task_started", "trajectory_id": "9d32bb9a-48f0-4506-8fcd-93eeea926944", "task_id": "task-2d745d5735989f513472", "model_version": "scripted-engineering-only"}
{"event": "task_finished", "trajectory_id": "9d32bb9a-48f0-4506-8fcd-93eeea926944", "task_id": "task-2d745d5735989f513472", "model_version": "scripted-engineering-only", "outcome": "completed", "task_success": true}
{"event": "task_started", "trajectory_id": "e47e7a43-822c-4eb5-bc49-041eb6bb59e2", "task_id": "task-adce80fcd242644af3be", "model_version": "scripted-engineering-only"}
{"event": "task_finished", "trajectory_id": "e47e7a43-822c-4eb5-bc49-041eb6bb59e2", "task_id": "task-adce80fcd242644af3be", "model_version": "scripted-engineering-only", "outcome": "escalated", "task_success": true}
{"event": "task_started", "trajectory_id": "83b26bfc-4350-47cf-a3b3-8d885e58b444", "task_id": "task-a3b7dfcd02ab8da95ef8", "model_version": "scripted-engineering-only"}
{"event": "task_finished", "trajectory_id": "83b26bfc-4350-47cf-a3b3-8d885e58b444", "task_id": "task-a3b7dfcd02ab8da95ef8", "model_version": "scripted-engineering-only", "outcome": "escalated", "task_success": true}
{"event": "task_started", "trajectory_id": "6b7b15cd-3829-4674-a886-e68aba29973f", "task_id": "task-0186019e3d73611b86a1", "model_version": "scripted-engineering-only"}
{"event": "task_finished", "trajectory_id": "6b7b15cd-3829-4674-a886-e68aba29973f", "task_id": "task-0186019e3d73611b86a1", "model_version": "scripted-engineering-only", "outcome": "escalated", "task_success": true}
{"event": "task_started", "trajectory_id": "653b0218-432c-4495-a47b-7e217da8740a", "task_id": "task-734d5b0d34d0656564ee", "model_version": "scripted-engineering-only"}
{"event": "task_finished", "trajectory_id": "653b0218-432c-4495-a47b-7e217da8740a", "task_id": "task-734d5b0d34d0656564ee", "model_version": "scripted-engineering-only", "outcome": "escalated", "task_success": true}
{"event": "task_started", "trajectory_id": "fd6c6752-1019-4aa8-b999-22fac6057460", "task_id": "task-5dceefde9e586fb8376a", "model_version": "scripted-engineering-only"}
{"event": "task_finished", "trajectory_id": "fd6c6752-1019-4aa8-b999-22fac6057460", "task_id": "task-5dceefde9e586fb8376a", "model_version": "scripted-engineering-only", "outcome": "escalated", "task_success": true}
{"event": "task_started", "trajectory_id": "dd712f16-fa88-4c35-a418-3baeebc611b8", "task_id": "task-ad1e786facf608c440ac", "model_version": "scripted-engineering-only"}
{"event": "task_finished", "trajectory_id": "dd712f16-fa88-4c35-a418-3baeebc611b8", "task_id": "task-ad1e786facf608c440ac", "model_version": "scripted-engineering-only", "outcome": "escalated", "task_success": true}
{"event": "task_started", "trajectory_id": "d95aa28f-83ff-4322-84db-ba4c8e498c01", "task_id": "task-bb68b21999ce552f5ffc", "model_version": "scripted-engineering-only"}
{"event": "task_finished", "trajectory_id": "d95aa28f-83ff-4322-84db-ba4c8e498c01", "task_id": "task-bb68b21999ce552f5ffc", "model_version": "scripted-engineering-only", "outcome": "completed", "task_success": true}
{"event": "task_started", "trajectory_id": "f1e04b94-e2bd-4295-ada0-f384b652248d", "task_id": "task-a1d394ba1d073d7a2eaa", "model_version": "scripted-engineering-only"}
{"event": "task_finished", "trajectory_id": "f1e04b94-e2bd-4295-ada0-f384b652248d", "task_id": "task-a1d394ba1d073d7a2eaa", "model_version": "scripted-engineering-only", "outcome": "completed", "task_success": true}
{"event": "task_started", "trajectory_id": "43c725f0-2743-4fba-a042-a4e1ff394ecd", "task_id": "task-edb462866dbadf5ed77c", "model_version": "scripted-engineering-only"}
{"event": "task_finished", "trajectory_id": "43c725f0-2743-4fba-a042-a4e1ff394ecd", "task_id": "task-edb462866dbadf5ed77c", "model_version": "scripted-engineering-only", "outcome": "completed", "task_success": true}
{"event": "task_started", "trajectory_id": "3d3f6615-d1ee-4893-9903-41a97c599c5c", "task_id": "task-6dfee218765c8a8ccb03", "model_version": "scripted-engineering-only"}
{"event": "task_finished", "trajectory_id": "3d3f6615-d1ee-4893-9903-41a97c599c5c", "task_id": "task-6dfee218765c8a8ccb03", "model_version": "scripted-engineering-only", "outcome": "completed", "task_success": true}
{"event": "task_started", "trajectory_id": "b215e669-27ff-4636-a297-fc21235520a8", "task_id": "task-7b7e1c638fa73fcdc0cb", "model_version": "scripted-engineering-only"}
{"event": "task_finished", "trajectory_id": "b215e669-27ff-4636-a297-fc21235520a8", "task_id": "task-7b7e1c638fa73fcdc0cb", "model_version": "scripted-engineering-only", "outcome": "completed", "task_success": true}
{"event": "task_started", "trajectory_id": "c50b2e85-9cd9-4ddc-a879-536f882c75e2", "task_id": "task-30eeea5e7635d5b1ecb1", "model_version": "scripted-engineering-only"}
{"event": "task_finished", "trajectory_id": "c50b2e85-9cd9-4ddc-a879-536f882c75e2", "task_id": "task-30eeea5e7635d5b1ecb1", "model_version": "scripted-engineering-only", "outcome": "completed", "task_success": true}
{"event": "task_started", "trajectory_id": "a1d80c8b-c818-4c23-8456-9ddbd3305fd1", "task_id": "task-d1dddd10b1af24b04d3e", "model_version": "scripted-engineering-only"}
{"event": "task_finished", "trajectory_id": "a1d80c8b-c818-4c23-8456-9ddbd3305fd1", "task_id": "task-d1dddd10b1af24b04d3e", "model_version": "scripted-engineering-only", "outcome": "escalated", "task_success": true}
{"event": "task_started", "trajectory_id": "d72d8ff8-c0e1-4f0a-b126-ccde5668d2c6", "task_id": "task-afbdfb29b194d7db817e", "model_version": "scripted-engineering-only"}
{"event": "task_finished", "trajectory_id": "d72d8ff8-c0e1-4f0a-b126-ccde5668d2c6", "task_id": "task-afbdfb29b194d7db817e", "model_version": "scripted-engineering-only", "outcome": "escalated", "task_success": true}
{"event": "task_started", "trajectory_id": "350294c1-bf70-4ed2-9499-bfde5f9bd718", "task_id": "task-1cb1631bb12620637a56", "model_version": "scripted-engineering-only"}
{"event": "task_finished", "trajectory_id": "350294c1-bf70-4ed2-9499-bfde5f9bd718", "task_id": "task-1cb1631bb12620637a56", "model_version": "scripted-engineering-only", "outcome": "escalated", "task_success": true}
{"event": "task_started", "trajectory_id": "e43c7053-c19a-4a1c-adf6-1aeac5d599f5", "task_id": "task-86bd6cb9106510ea039f", "model_version": "scripted-engineering-only"}
{"event": "task_finished", "trajectory_id": "e43c7053-c19a-4a1c-adf6-1aeac5d599f5", "task_id": "task-86bd6cb9106510ea039f", "model_version": "scripted-engineering-only", "outcome": "escalated", "task_success": true}
{"event": "task_started", "trajectory_id": "98a50727-fe24-47dc-b2e8-66f756682dba", "task_id": "task-28acc947e09e78444ad1", "model_version": "scripted-engineering-only"}
{"event": "task_finished", "trajectory_id": "98a50727-fe24-47dc-b2e8-66f756682dba", "task_id": "task-28acc947e09e78444ad1", "model_version": "scripted-engineering-only", "outcome": "escalated", "task_success": true}
{"event": "task_started", "trajectory_id": "1dae67df-b901-4ff0-83df-dbd05832a5dd", "task_id": "task-398eead64c3eeb871099", "model_version": "scripted-engineering-only"}
{"event": "task_finished", "trajectory_id": "1dae67df-b901-4ff0-83df-dbd05832a5dd", "task_id": "task-398eead64c3eeb871099", "model_version": "scripted-engineering-only", "outcome": "escalated", "task_success": true}
{"event": "task_started", "trajectory_id": "77612557-9682-4373-be17-9498013d73f9", "task_id": "task-80544b2a08bd57e8e768", "model_version": "scripted-engineering-only"}
{"event": "task_finished", "trajectory_id": "77612557-9682-4373-be17-9498013d73f9", "task_id": "task-80544b2a08bd57e8e768", "model_version": "scripted-engineering-only", "outcome": "completed", "task_success": true}
{"event": "task_started", "trajectory_id": "8bc00672-17d9-4fb5-95fb-6ab4643ae008", "task_id": "task-673dbc9dd8f247601722", "model_version": "scripted-engineering-only"}
{"event": "task_finished", "trajectory_id": "8bc00672-17d9-4fb5-95fb-6ab4643ae008", "task_id": "task-673dbc9dd8f247601722", "model_version": "scripted-engineering-only", "outcome": "completed", "task_success": true}
{"event": "task_started", "trajectory_id": "d199a225-653a-4782-9852-a1f195b140f0", "task_id": "task-ed359ba55106b09d8847", "model_version": "scripted-engineering-only"}
{"event": "task_finished", "trajectory_id": "d199a225-653a-4782-9852-a1f195b140f0", "task_id": "task-ed359ba55106b09d8847", "model_version": "scripted-engineering-only", "outcome": "completed", "task_success": true}
{"event": "task_started", "trajectory_id": "ee5dc246-41ea-40cc-a805-22c16c922b9c", "task_id": "task-292ef81ae14a36c27b3f", "model_version": "scripted-engineering-only"}
{"event": "task_finished", "trajectory_id": "ee5dc246-41ea-40cc-a805-22c16c922b9c", "task_id": "task-292ef81ae14a36c27b3f", "model_version": "scripted-engineering-only", "outcome": "refused", "task_success": true}
{"event": "task_started", "trajectory_id": "6fcc73b3-b6ff-473d-bdf5-dfa40290b8f8", "task_id": "task-5a00f3a9d86cd9d6c54d", "model_version": "scripted-engineering-only"}
{"event": "task_finished", "trajectory_id": "6fcc73b3-b6ff-473d-bdf5-dfa40290b8f8", "task_id": "task-5a00f3a9d86cd9d6c54d", "model_version": "scripted-engineering-only", "outcome": "refused", "task_success": true}
{"event": "task_started", "trajectory_id": "7a6288fe-48dc-45cd-b7e5-a689052a3f95", "task_id": "task-3b9ce844f270fdf7774d", "model_version": "scripted-engineering-only"}
{"event": "task_finished", "trajectory_id": "7a6288fe-48dc-45cd-b7e5-a689052a3f95", "task_id": "task-3b9ce844f270fdf7774d", "model_version": "scripted-engineering-only", "outcome": "refused", "task_success": true}
{"event": "task_started", "trajectory_id": "d84adb25-8359-4fbe-9823-e3c553143b69", "task_id": "task-f9ea9ef01353b4b68e96", "model_version": "scripted-engineering-only"}
{"event": "task_finished", "trajectory_id": "d84adb25-8359-4fbe-9823-e3c553143b69", "task_id": "task-f9ea9ef01353b4b68e96", "model_version": "scripted-engineering-only", "outcome": "refused", "task_success": true}
{"event": "task_started", "trajectory_id": "f2b85248-f01f-47a1-aa9f-3b48da4b0e2b", "task_id": "task-98171245bbd786a1517a", "model_version": "scripted-engineering-only"}
{"event": "task_finished", "trajectory_id": "f2b85248-f01f-47a1-aa9f-3b48da4b0e2b", "task_id": "task-98171245bbd786a1517a", "model_version": "scripted-engineering-only", "outcome": "refused", "task_success": true}
{"event": "task_started", "trajectory_id": "f6ca113e-6d9d-460a-a9c1-8be336efe908", "task_id": "task-097a2cdd49eb7039eeda", "model_version": "scripted-engineering-only"}
{"event": "task_finished", "trajectory_id": "f6ca113e-6d9d-460a-a9c1-8be336efe908", "task_id": "task-097a2cdd49eb7039eeda", "model_version": "scripted-engineering-only", "outcome": "refused", "task_success": true}
{"event": "task_started", "trajectory_id": "8187e997-b86d-4a03-8775-32e1e6a80257", "task_id": "task-dc45c35c4539665fa28a", "model_version": "scripted-engineering-only"}
{"event": "task_finished", "trajectory_id": "8187e997-b86d-4a03-8775-32e1e6a80257", "task_id": "task-dc45c35c4539665fa28a", "model_version": "scripted-engineering-only", "outcome": "escalated", "task_success": true}
{"event": "task_started", "trajectory_id": "140a7dd2-3d86-40da-898a-9fd81a4b3908", "task_id": "task-012721fdabc6938bfdb4", "model_version": "scripted-engineering-only"}
{"event": "task_finished", "trajectory_id": "140a7dd2-3d86-40da-898a-9fd81a4b3908", "task_id": "task-012721fdabc6938bfdb4", "model_version": "scripted-engineering-only", "outcome": "escalated", "task_success": true}
{"event": "task_started", "trajectory_id": "17cdff21-aaf8-4e00-9e57-1ecec0d27601", "task_id": "task-7e2db9056f851620b578", "model_version": "scripted-engineering-only"}
{"event": "task_finished", "trajectory_id": "17cdff21-aaf8-4e00-9e57-1ecec0d27601", "task_id": "task-7e2db9056f851620b578", "model_version": "scripted-engineering-only", "outcome": "escalated", "task_success": true}
{"event": "task_started", "trajectory_id": "c25914b0-d295-40f6-ac29-5688c7128802", "task_id": "task-56d11969bbac661ba221", "model_version": "scripted-engineering-only"}
{"event": "task_finished", "trajectory_id": "c25914b0-d295-40f6-ac29-5688c7128802", "task_id": "task-56d11969bbac661ba221", "model_version": "scripted-engineering-only", "outcome": "refused", "task_success": true}
{"event": "task_started", "trajectory_id": "871abfd3-7601-4f54-bf40-57a7f0a7a511", "task_id": "task-87d7c7fe1cf3dca74c72", "model_version": "scripted-engineering-only"}
{"event": "task_finished", "trajectory_id": "871abfd3-7601-4f54-bf40-57a7f0a7a511", "task_id": "task-87d7c7fe1cf3dca74c72", "model_version": "scripted-engineering-only", "outcome": "refused", "task_success": true}
{"event": "task_started", "trajectory_id": "c010b0a0-7f45-436d-b2b3-09625145ee80", "task_id": "task-31dce11192d72a14cb25", "model_version": "scripted-engineering-only"}
{"event": "task_finished", "trajectory_id": "c010b0a0-7f45-436d-b2b3-09625145ee80", "task_id": "task-31dce11192d72a14cb25", "model_version": "scripted-engineering-only", "outcome": "refused", "task_success": true}
{"event": "task_started", "trajectory_id": "8ebc42ee-0b66-40df-8f99-5d1f75a2877f", "task_id": "task-c9c2d9c2d23545eb0e36", "model_version": "scripted-engineering-only"}
{"event": "task_finished", "trajectory_id": "8ebc42ee-0b66-40df-8f99-5d1f75a2877f", "task_id": "task-c9c2d9c2d23545eb0e36", "model_version": "scripted-engineering-only", "outcome": "refused", "task_success": true}
{"event": "task_started", "trajectory_id": "1688d8f6-8174-4799-b88b-967197bcb298", "task_id": "task-9f2dbc26618598f23b3d", "model_version": "scripted-engineering-only"}
{"event": "task_finished", "trajectory_id": "1688d8f6-8174-4799-b88b-967197bcb298", "task_id": "task-9f2dbc26618598f23b3d", "model_version": "scripted-engineering-only", "outcome": "refused", "task_success": true}
{"event": "task_started", "trajectory_id": "4061d58e-eead-4a6b-a889-f30ac509adfe", "task_id": "task-ba01b87f8d3c2b2a0a9d", "model_version": "scripted-engineering-only"}
{"event": "task_finished", "trajectory_id": "4061d58e-eead-4a6b-a889-f30ac509adfe", "task_id": "task-ba01b87f8d3c2b2a0a9d", "model_version": "scripted-engineering-only", "outcome": "refused", "task_success": true}
{"event": "task_started", "trajectory_id": "4010e60c-386b-459b-a6cf-be3e1528946b", "task_id": "task-bdd32dbdec43e2d790e2", "model_version": "scripted-engineering-only"}
{"event": "task_finished", "trajectory_id": "4010e60c-386b-459b-a6cf-be3e1528946b", "task_id": "task-bdd32dbdec43e2d790e2", "model_version": "scripted-engineering-only", "outcome": "escalated", "task_success": true}
{"event": "task_started", "trajectory_id": "25c8affc-e7e8-4914-a7b9-4c503619a514", "task_id": "task-abd88aed3619fa1f2adb", "model_version": "scripted-engineering-only"}
{"event": "task_finished", "trajectory_id": "25c8affc-e7e8-4914-a7b9-4c503619a514", "task_id": "task-abd88aed3619fa1f2adb", "model_version": "scripted-engineering-only", "outcome": "escalated", "task_success": true}
{"event": "task_started", "trajectory_id": "a8588d72-c379-4725-a0da-a0aca05217ac", "task_id": "task-3679379ac0a63d0c5798", "model_version": "scripted-engineering-only"}
{"event": "task_finished", "trajectory_id": "a8588d72-c379-4725-a0da-a0aca05217ac", "task_id": "task-3679379ac0a63d0c5798", "model_version": "scripted-engineering-only", "outcome": "escalated", "task_success": true}
{"event": "task_started", "trajectory_id": "cfe89c8b-6ab9-4b19-b2a0-16fb787570ef", "task_id": "task-ec729be391c4a34fe297", "model_version": "scripted-engineering-only"}
{"event": "task_finished", "trajectory_id": "cfe89c8b-6ab9-4b19-b2a0-16fb787570ef", "task_id": "task-ec729be391c4a34fe297", "model_version": "scripted-engineering-only", "outcome": "completed", "task_success": true}
{"event": "task_started", "trajectory_id": "ed886f7d-3c52-4070-b7f8-804114849d1c", "task_id": "task-b453a658279db88de3c0", "model_version": "scripted-engineering-only"}
{"event": "task_finished", "trajectory_id": "ed886f7d-3c52-4070-b7f8-804114849d1c", "task_id": "task-b453a658279db88de3c0", "model_version": "scripted-engineering-only", "outcome": "completed", "task_success": true}
{"event": "task_started", "trajectory_id": "28a02ff9-ea72-428b-ade0-0ee4935c5f81", "task_id": "task-97af2e092bbdb911a25a", "model_version": "scripted-engineering-only"}
{"event": "task_finished", "trajectory_id": "28a02ff9-ea72-428b-ade0-0ee4935c5f81", "task_id": "task-97af2e092bbdb911a25a", "model_version": "scripted-engineering-only", "outcome": "completed", "task_success": true}
{"event": "task_started", "trajectory_id": "88930359-fbed-44f6-aabb-0524fecc94bc", "task_id": "task-0724fc5648935c3d16ba", "model_version": "scripted-engineering-only"}
{"event": "task_finished", "trajectory_id": "88930359-fbed-44f6-aabb-0524fecc94bc", "task_id": "task-0724fc5648935c3d16ba", "model_version": "scripted-engineering-only", "outcome": "escalated", "task_success": true}
{"event": "task_started", "trajectory_id": "4d212d45-1235-49bf-ae7d-ec1144ea53a9", "task_id": "task-674a4080fd2f0382b598", "model_version": "scripted-engineering-only"}
{"event": "task_finished", "trajectory_id": "4d212d45-1235-49bf-ae7d-ec1144ea53a9", "task_id": "task-674a4080fd2f0382b598", "model_version": "scripted-engineering-only", "outcome": "escalated", "task_success": true}
{"event": "task_started", "trajectory_id": "07535713-a8b8-48e8-be20-46f702fb99ee", "task_id": "task-3feda8a21f9775e1db88", "model_version": "scripted-engineering-only"}
{"event": "task_finished", "trajectory_id": "07535713-a8b8-48e8-be20-46f702fb99ee", "task_id": "task-3feda8a21f9775e1db88", "model_version": "scripted-engineering-only", "outcome": "escalated", "task_success": true}
{"event": "task_started", "trajectory_id": "d0a92b10-2779-4181-9c59-8178ba690534", "task_id": "task-0e084016f0ee902062e6", "model_version": "scripted-engineering-only"}
{"event": "task_finished", "trajectory_id": "d0a92b10-2779-4181-9c59-8178ba690534", "task_id": "task-0e084016f0ee902062e6", "model_version": "scripted-engineering-only", "outcome": "completed", "task_success": true}
{"event": "task_started", "trajectory_id": "3b1040e7-82f2-4aef-82f2-d903af66586a", "task_id": "task-4c6c1f9967c096b34002", "model_version": "scripted-engineering-only"}
{"event": "task_finished", "trajectory_id": "3b1040e7-82f2-4aef-82f2-d903af66586a", "task_id": "task-4c6c1f9967c096b34002", "model_version": "scripted-engineering-only", "outcome": "completed", "task_success": true}
{"event": "task_started", "trajectory_id": "4f76787a-29d1-45c6-8033-29697fa45d20", "task_id": "task-5d8affbfbc38c6af2a55", "model_version": "scripted-engineering-only"}
{"event": "task_finished", "trajectory_id": "4f76787a-29d1-45c6-8033-29697fa45d20", "task_id": "task-5d8affbfbc38c6af2a55", "model_version": "scripted-engineering-only", "outcome": "completed", "task_success": true}
{"event": "task_started", "trajectory_id": "b0a8c440-62cf-4673-afcb-411d7fae0b87", "task_id": "task-705ae2b6a38ee732fcb6", "model_version": "scripted-engineering-only"}
{"event": "task_finished", "trajectory_id": "b0a8c440-62cf-4673-afcb-411d7fae0b87", "task_id": "task-705ae2b6a38ee732fcb6", "model_version": "scripted-engineering-only", "outcome": "refused", "task_success": true}
{"event": "task_started", "trajectory_id": "f73fa0fe-e2ab-4b30-8c05-9b40e7c3f529", "task_id": "task-aacc6eab02d55411c926", "model_version": "scripted-engineering-only"}
{"event": "task_finished", "trajectory_id": "f73fa0fe-e2ab-4b30-8c05-9b40e7c3f529", "task_id": "task-aacc6eab02d55411c926", "model_version": "scripted-engineering-only", "outcome": "refused", "task_success": true}
{"event": "task_started", "trajectory_id": "3db3c79c-8bde-4580-8fb8-1f0239b4e0da", "task_id": "task-e69eb5bbc48e257eaed9", "model_version": "scripted-engineering-only"}
{"event": "task_finished", "trajectory_id": "3db3c79c-8bde-4580-8fb8-1f0239b4e0da", "task_id": "task-e69eb5bbc48e257eaed9", "model_version": "scripted-engineering-only", "outcome": "refused", "task_success": true}
{"event": "task_started", "trajectory_id": "b9905e8c-afa5-4f28-9728-8a46bd712238", "task_id": "task-d218b76a549bb71d32a3", "model_version": "scripted-engineering-only"}
{"event": "task_finished", "trajectory_id": "b9905e8c-afa5-4f28-9728-8a46bd712238", "task_id": "task-d218b76a549bb71d32a3", "model_version": "scripted-engineering-only", "outcome": "escalated", "task_success": true}
{"event": "task_started", "trajectory_id": "3da590a5-3d63-491f-83a8-0bdf753cdad3", "task_id": "task-399f80239f711ea5d908", "model_version": "scripted-engineering-only"}
{"event": "task_finished", "trajectory_id": "3da590a5-3d63-491f-83a8-0bdf753cdad3", "task_id": "task-399f80239f711ea5d908", "model_version": "scripted-engineering-only", "outcome": "escalated", "task_success": true}
{"event": "task_started", "trajectory_id": "fa2fd8f5-21fe-48e8-9800-7837c6ec0079", "task_id": "task-59a584317a710f1deb73", "model_version": "scripted-engineering-only"}
{"event": "task_finished", "trajectory_id": "fa2fd8f5-21fe-48e8-9800-7837c6ec0079", "task_id": "task-59a584317a710f1deb73", "model_version": "scripted-engineering-only", "outcome": "escalated", "task_success": true}
{"event": "task_started", "trajectory_id": "2617efb9-c148-43c2-bde7-cde0b4937bd7", "task_id": "task-f72263adb1c1d420111e", "model_version": "scripted-engineering-only"}
{"event": "task_finished", "trajectory_id": "2617efb9-c148-43c2-bde7-cde0b4937bd7", "task_id": "task-f72263adb1c1d420111e", "model_version": "scripted-engineering-only", "outcome": "escalated", "task_success": true}
{"event": "task_started", "trajectory_id": "1feef480-971b-41e3-aa11-60d3c65d2bfd", "task_id": "task-90c1813085f31f5299b3", "model_version": "scripted-engineering-only"}
{"event": "task_finished", "trajectory_id": "1feef480-971b-41e3-aa11-60d3c65d2bfd", "task_id": "task-90c1813085f31f5299b3", "model_version": "scripted-engineering-only", "outcome": "escalated", "task_success": true}
{"event": "task_started", "trajectory_id": "d1dd316f-b3db-45e9-a7f1-7d4a2fce804b", "task_id": "task-c31ed15c43fec69b21d0", "model_version": "scripted-engineering-only"}
{"event": "task_finished", "trajectory_id": "d1dd316f-b3db-45e9-a7f1-7d4a2fce804b", "task_id": "task-c31ed15c43fec69b21d0", "model_version": "scripted-engineering-only", "outcome": "escalated", "task_success": true}
{"event": "task_started", "trajectory_id": "021348d3-1768-4a29-b377-5115595e370b", "task_id": "task-c4da3551dcd0c1e6d1bc", "model_version": "scripted-engineering-only"}
{"event": "task_finished", "trajectory_id": "021348d3-1768-4a29-b377-5115595e370b", "task_id": "task-c4da3551dcd0c1e6d1bc", "model_version": "scripted-engineering-only", "outcome": "completed", "task_success": true}
{"event": "task_started", "trajectory_id": "a5268b26-84c1-4e80-8670-5bf96ac45929", "task_id": "task-d573e068640729f6fc0c", "model_version": "scripted-engineering-only"}
{"event": "task_finished", "trajectory_id": "a5268b26-84c1-4e80-8670-5bf96ac45929", "task_id": "task-d573e068640729f6fc0c", "model_version": "scripted-engineering-only", "outcome": "completed", "task_success": true}
{"event": "task_started", "trajectory_id": "4e037521-7e5f-4ef1-9552-56458a35230b", "task_id": "task-5451f40b657f5bfdccbc", "model_version": "scripted-engineering-only"}
{"event": "task_finished", "trajectory_id": "4e037521-7e5f-4ef1-9552-56458a35230b", "task_id": "task-5451f40b657f5bfdccbc", "model_version": "scripted-engineering-only", "outcome": "completed", "task_success": true}
{"event": "task_started", "trajectory_id": "f32e4137-5dcc-4c51-9b22-378136fb31cb", "task_id": "task-d71f713e079ab5c2b330", "model_version": "scripted-engineering-only"}
{"event": "task_finished", "trajectory_id": "f32e4137-5dcc-4c51-9b22-378136fb31cb", "task_id": "task-d71f713e079ab5c2b330", "model_version": "scripted-engineering-only", "outcome": "completed", "task_success": true}
{"event": "task_started", "trajectory_id": "1044aee1-f57b-4d67-ae9f-aeb9f0ac6c3b", "task_id": "task-aa38b5523e6289961272", "model_version": "scripted-engineering-only"}
{"event": "task_finished", "trajectory_id": "1044aee1-f57b-4d67-ae9f-aeb9f0ac6c3b", "task_id": "task-aa38b5523e6289961272", "model_version": "scripted-engineering-only", "outcome": "completed", "task_success": true}
{"event": "task_started", "trajectory_id": "95e55a83-e7cb-4118-8d11-292bae263700", "task_id": "task-45334e54e1889ab54a6c", "model_version": "scripted-engineering-only"}
{"event": "task_finished", "trajectory_id": "95e55a83-e7cb-4118-8d11-292bae263700", "task_id": "task-45334e54e1889ab54a6c", "model_version": "scripted-engineering-only", "outcome": "completed", "task_success": true}
{"event": "task_started", "trajectory_id": "3ccc0203-8897-449b-b890-e3e0bdf43510", "task_id": "task-c50d95cdd2eabf3b7e52", "model_version": "scripted-engineering-only"}
{"event": "task_finished", "trajectory_id": "3ccc0203-8897-449b-b890-e3e0bdf43510", "task_id": "task-c50d95cdd2eabf3b7e52", "model_version": "scripted-engineering-only", "outcome": "completed", "task_success": true}
{"event": "task_started", "trajectory_id": "86f4188e-763d-4453-b194-51889264d811", "task_id": "task-e730102b9a4395aae8ee", "model_version": "scripted-engineering-only"}
{"event": "task_finished", "trajectory_id": "86f4188e-763d-4453-b194-51889264d811", "task_id": "task-e730102b9a4395aae8ee", "model_version": "scripted-engineering-only", "outcome": "completed", "task_success": true}
{"event": "task_started", "trajectory_id": "4652c79a-707a-467f-adb2-024029e30756", "task_id": "task-c1422229a8352e1cf4fc", "model_version": "scripted-engineering-only"}
{"event": "task_finished", "trajectory_id": "4652c79a-707a-467f-adb2-024029e30756", "task_id": "task-c1422229a8352e1cf4fc", "model_version": "scripted-engineering-only", "outcome": "completed", "task_success": true}
{"event": "task_started", "trajectory_id": "72f27ca4-0d0b-45c0-86b1-8d46472fb2de", "task_id": "task-f67587394339c41f909c", "model_version": "scripted-engineering-only"}
{"event": "task_finished", "trajectory_id": "72f27ca4-0d0b-45c0-86b1-8d46472fb2de", "task_id": "task-f67587394339c41f909c", "model_version": "scripted-engineering-only", "outcome": "refused", "task_success": true}
{"event": "task_started", "trajectory_id": "367cfcac-51ec-48c6-a661-bf521101b97f", "task_id": "task-b2e0e6a52eb4cbe28b57", "model_version": "scripted-engineering-only"}
{"event": "task_finished", "trajectory_id": "367cfcac-51ec-48c6-a661-bf521101b97f", "task_id": "task-b2e0e6a52eb4cbe28b57", "model_version": "scripted-engineering-only", "outcome": "refused", "task_success": true}
{"event": "task_started", "trajectory_id": "3704edcd-4e53-4572-aea6-9f80b8052884", "task_id": "task-271e4f001bfbec4ba37f", "model_version": "scripted-engineering-only"}
{"event": "task_finished", "trajectory_id": "3704edcd-4e53-4572-aea6-9f80b8052884", "task_id": "task-271e4f001bfbec4ba37f", "model_version": "scripted-engineering-only", "outcome": "refused", "task_success": true}
{"event": "task_started", "trajectory_id": "e60f6f89-03fc-43be-8316-f47800c2d328", "task_id": "task-f476ba5bc12924d9bc6b", "model_version": "scripted-engineering-only"}
{"event": "task_finished", "trajectory_id": "e60f6f89-03fc-43be-8316-f47800c2d328", "task_id": "task-f476ba5bc12924d9bc6b", "model_version": "scripted-engineering-only", "outcome": "refused", "task_success": true}
{"event": "task_started", "trajectory_id": "670de849-1be2-4cdd-8c02-557d001fc5cd", "task_id": "task-5eb647be1fe8d553a68b", "model_version": "scripted-engineering-only"}
{"event": "task_finished", "trajectory_id": "670de849-1be2-4cdd-8c02-557d001fc5cd", "task_id": "task-5eb647be1fe8d553a68b", "model_version": "scripted-engineering-only", "outcome": "refused", "task_success": true}
{"event": "task_started", "trajectory_id": "ea162c35-6759-4770-8182-a277dc24e51c", "task_id": "task-07a2025d71ee061f3bd2", "model_version": "scripted-engineering-only"}
{"event": "task_finished", "trajectory_id": "ea162c35-6759-4770-8182-a277dc24e51c", "task_id": "task-07a2025d71ee061f3bd2", "model_version": "scripted-engineering-only", "outcome": "refused", "task_success": true}
{"event": "task_started", "trajectory_id": "f0539757-9f95-44a2-b4f3-fb446d9b13c8", "task_id": "task-a48da85fc162e85f19e2", "model_version": "scripted-engineering-only"}
{"event": "task_finished", "trajectory_id": "f0539757-9f95-44a2-b4f3-fb446d9b13c8", "task_id": "task-a48da85fc162e85f19e2", "model_version": "scripted-engineering-only", "outcome": "escalated", "task_success": true}
{"event": "task_started", "trajectory_id": "fa14ad09-78d4-4f4b-9580-94d9d143f076", "task_id": "task-06b8d71a2bcb3273229e", "model_version": "scripted-engineering-only"}
{"event": "task_finished", "trajectory_id": "fa14ad09-78d4-4f4b-9580-94d9d143f076", "task_id": "task-06b8d71a2bcb3273229e", "model_version": "scripted-engineering-only", "outcome": "escalated", "task_success": true}
{"event": "task_started", "trajectory_id": "f59c90ce-3db9-4ac3-ac6d-52be67c6f6b7", "task_id": "task-a54dafe4b4e3bb62483d", "model_version": "scripted-engineering-only"}
{"event": "task_finished", "trajectory_id": "f59c90ce-3db9-4ac3-ac6d-52be67c6f6b7", "task_id": "task-a54dafe4b4e3bb62483d", "model_version": "scripted-engineering-only", "outcome": "escalated", "task_success": true}
{"event": "task_started", "trajectory_id": "142160df-8cee-4d89-9f4f-f766b9eb80df", "task_id": "task-965bab023d996aea99f2", "model_version": "scripted-engineering-only"}
{"event": "task_finished", "trajectory_id": "142160df-8cee-4d89-9f4f-f766b9eb80df", "task_id": "task-965bab023d996aea99f2", "model_version": "scripted-engineering-only", "outcome": "completed", "task_success": true}
{"event": "task_started", "trajectory_id": "b321c344-2606-459c-8b09-22371aff884e", "task_id": "task-eba00923d594244d8a50", "model_version": "scripted-engineering-only"}
{"event": "task_finished", "trajectory_id": "b321c344-2606-459c-8b09-22371aff884e", "task_id": "task-eba00923d594244d8a50", "model_version": "scripted-engineering-only", "outcome": "completed", "task_success": true}
{"event": "task_started", "trajectory_id": "6b9962c9-6c38-43eb-aac9-63e996786269", "task_id": "task-2d745d5735989f513472", "model_version": "scripted-engineering-only"}
{"event": "task_finished", "trajectory_id": "6b9962c9-6c38-43eb-aac9-63e996786269", "task_id": "task-2d745d5735989f513472", "model_version": "scripted-engineering-only", "outcome": "completed", "task_success": true}
{"event": "task_started", "trajectory_id": "0fde1675-fe17-417c-aa6e-784fc8bebfad", "task_id": "task-adce80fcd242644af3be", "model_version": "scripted-engineering-only"}
{"event": "task_finished", "trajectory_id": "0fde1675-fe17-417c-aa6e-784fc8bebfad", "task_id": "task-adce80fcd242644af3be", "model_version": "scripted-engineering-only", "outcome": "escalated", "task_success": true}
{"event": "task_started", "trajectory_id": "a646e502-571b-4da7-a97f-0f6f216d53a2", "task_id": "task-a3b7dfcd02ab8da95ef8", "model_version": "scripted-engineering-only"}
{"event": "task_finished", "trajectory_id": "a646e502-571b-4da7-a97f-0f6f216d53a2", "task_id": "task-a3b7dfcd02ab8da95ef8", "model_version": "scripted-engineering-only", "outcome": "escalated", "task_success": true}
{"event": "task_started", "trajectory_id": "caeb8c0b-9a22-467b-b12e-3beac2f7cd9a", "task_id": "task-0186019e3d73611b86a1", "model_version": "scripted-engineering-only"}
{"event": "task_finished", "trajectory_id": "caeb8c0b-9a22-467b-b12e-3beac2f7cd9a", "task_id": "task-0186019e3d73611b86a1", "model_version": "scripted-engineering-only", "outcome": "escalated", "task_success": true}
{"event": "task_started", "trajectory_id": "c0e78f6d-2de9-463e-a9b2-92b4bcf1fdc9", "task_id": "task-734d5b0d34d0656564ee", "model_version": "scripted-engineering-only"}
{"event": "task_finished", "trajectory_id": "c0e78f6d-2de9-463e-a9b2-92b4bcf1fdc9", "task_id": "task-734d5b0d34d0656564ee", "model_version": "scripted-engineering-only", "outcome": "escalated", "task_success": true}
{"event": "task_started", "trajectory_id": "52cafb35-cc54-4cd2-984d-d54ba448f54c", "task_id": "task-5dceefde9e586fb8376a", "model_version": "scripted-engineering-only"}
{"event": "task_finished", "trajectory_id": "52cafb35-cc54-4cd2-984d-d54ba448f54c", "task_id": "task-5dceefde9e586fb8376a", "model_version": "scripted-engineering-only", "outcome": "escalated", "task_success": true}
{"event": "task_started", "trajectory_id": "336b53f4-e17e-4ca3-8dd3-a3fcf38370b9", "task_id": "task-ad1e786facf608c440ac", "model_version": "scripted-engineering-only"}
{"event": "task_finished", "trajectory_id": "336b53f4-e17e-4ca3-8dd3-a3fcf38370b9", "task_id": "task-ad1e786facf608c440ac", "model_version": "scripted-engineering-only", "outcome": "escalated", "task_success": true}
{"event": "task_started", "trajectory_id": "0f25588d-a3ee-415d-aab3-d247ae7b1ccd", "task_id": "task-bb68b21999ce552f5ffc", "model_version": "scripted-engineering-only"}
{"event": "task_finished", "trajectory_id": "0f25588d-a3ee-415d-aab3-d247ae7b1ccd", "task_id": "task-bb68b21999ce552f5ffc", "model_version": "scripted-engineering-only", "outcome": "completed", "task_success": true}
{"event": "task_started", "trajectory_id": "02598605-0cd8-4dec-b2f7-c741f45f6cc7", "task_id": "task-a1d394ba1d073d7a2eaa", "model_version": "scripted-engineering-only"}
{"event": "task_finished", "trajectory_id": "02598605-0cd8-4dec-b2f7-c741f45f6cc7", "task_id": "task-a1d394ba1d073d7a2eaa", "model_version": "scripted-engineering-only", "outcome": "completed", "task_success": true}
{"event": "task_started", "trajectory_id": "92281bdc-9c46-4e4a-ad42-062da5046282", "task_id": "task-edb462866dbadf5ed77c", "model_version": "scripted-engineering-only"}
{"event": "task_finished", "trajectory_id": "92281bdc-9c46-4e4a-ad42-062da5046282", "task_id": "task-edb462866dbadf5ed77c", "model_version": "scripted-engineering-only", "outcome": "completed", "task_success": true}
{"event": "task_started", "trajectory_id": "8afe597f-43c5-4e82-b27a-b42db29840f5", "task_id": "task-6dfee218765c8a8ccb03", "model_version": "scripted-engineering-only"}
{"event": "task_finished", "trajectory_id": "8afe597f-43c5-4e82-b27a-b42db29840f5", "task_id": "task-6dfee218765c8a8ccb03", "model_version": "scripted-engineering-only", "outcome": "completed", "task_success": true}
{"event": "task_started", "trajectory_id": "3a5509aa-7121-44d0-b0e2-7a513fa2e523", "task_id": "task-7b7e1c638fa73fcdc0cb", "model_version": "scripted-engineering-only"}
{"event": "task_finished", "trajectory_id": "3a5509aa-7121-44d0-b0e2-7a513fa2e523", "task_id": "task-7b7e1c638fa73fcdc0cb", "model_version": "scripted-engineering-only", "outcome": "completed", "task_success": true}
{"event": "task_started", "trajectory_id": "fd6f8c38-762a-4e20-ba47-3d70aadd9505", "task_id": "task-30eeea5e7635d5b1ecb1", "model_version": "scripted-engineering-only"}
{"event": "task_finished", "trajectory_id": "fd6f8c38-762a-4e20-ba47-3d70aadd9505", "task_id": "task-30eeea5e7635d5b1ecb1", "model_version": "scripted-engineering-only", "outcome": "completed", "task_success": true}
{"event": "task_started", "trajectory_id": "f70e5ce9-26c2-474a-bd56-0eb9c27d9451", "task_id": "task-d1dddd10b1af24b04d3e", "model_version": "scripted-engineering-only"}
{"event": "task_finished", "trajectory_id": "f70e5ce9-26c2-474a-bd56-0eb9c27d9451", "task_id": "task-d1dddd10b1af24b04d3e", "model_version": "scripted-engineering-only", "outcome": "escalated", "task_success": true}
{"event": "task_started", "trajectory_id": "fe8e89ce-4a8f-4fbe-b838-6cce9752e5cb", "task_id": "task-afbdfb29b194d7db817e", "model_version": "scripted-engineering-only"}
{"event": "task_finished", "trajectory_id": "fe8e89ce-4a8f-4fbe-b838-6cce9752e5cb", "task_id": "task-afbdfb29b194d7db817e", "model_version": "scripted-engineering-only", "outcome": "escalated", "task_success": true}
{"event": "task_started", "trajectory_id": "e60e5095-4678-4d4d-b936-066c390775e0", "task_id": "task-1cb1631bb12620637a56", "model_version": "scripted-engineering-only"}
{"event": "task_finished", "trajectory_id": "e60e5095-4678-4d4d-b936-066c390775e0", "task_id": "task-1cb1631bb12620637a56", "model_version": "scripted-engineering-only", "outcome": "escalated", "task_success": true}
{"event": "task_started", "trajectory_id": "a5f470df-be04-4f76-b7bd-ba9c18acaeb9", "task_id": "task-86bd6cb9106510ea039f", "model_version": "scripted-engineering-only"}
{"event": "task_finished", "trajectory_id": "a5f470df-be04-4f76-b7bd-ba9c18acaeb9", "task_id": "task-86bd6cb9106510ea039f", "model_version": "scripted-engineering-only", "outcome": "escalated", "task_success": true}
{"event": "task_started", "trajectory_id": "2b0d9e7d-0e54-47df-b3e4-45bdd55c001a", "task_id": "task-28acc947e09e78444ad1", "model_version": "scripted-engineering-only"}
{"event": "task_finished", "trajectory_id": "2b0d9e7d-0e54-47df-b3e4-45bdd55c001a", "task_id": "task-28acc947e09e78444ad1", "model_version": "scripted-engineering-only", "outcome": "escalated", "task_success": true}
{"event": "task_started", "trajectory_id": "64881454-967d-4684-99c6-da71b03179db", "task_id": "task-398eead64c3eeb871099", "model_version": "scripted-engineering-only"}
{"event": "task_finished", "trajectory_id": "64881454-967d-4684-99c6-da71b03179db", "task_id": "task-398eead64c3eeb871099", "model_version": "scripted-engineering-only", "outcome": "escalated", "task_success": true}
{"event": "task_started", "trajectory_id": "d9ce7a9a-b19f-41bd-a5e9-d5aa2f943407", "task_id": "task-80544b2a08bd57e8e768", "model_version": "scripted-engineering-only"}
{"event": "task_finished", "trajectory_id": "d9ce7a9a-b19f-41bd-a5e9-d5aa2f943407", "task_id": "task-80544b2a08bd57e8e768", "model_version": "scripted-engineering-only", "outcome": "completed", "task_success": true}
{"event": "task_started", "trajectory_id": "ab63bdd7-f689-4ddd-9c0b-dcafc70cd6d1", "task_id": "task-673dbc9dd8f247601722", "model_version": "scripted-engineering-only"}
{"event": "task_finished", "trajectory_id": "ab63bdd7-f689-4ddd-9c0b-dcafc70cd6d1", "task_id": "task-673dbc9dd8f247601722", "model_version": "scripted-engineering-only", "outcome": "completed", "task_success": true}
{"event": "task_started", "trajectory_id": "cf033b4e-e9b7-4e69-a63e-e5e4fcc8eb44", "task_id": "task-ed359ba55106b09d8847", "model_version": "scripted-engineering-only"}
{"event": "task_finished", "trajectory_id": "cf033b4e-e9b7-4e69-a63e-e5e4fcc8eb44", "task_id": "task-ed359ba55106b09d8847", "model_version": "scripted-engineering-only", "outcome": "completed", "task_success": true}
{"event": "task_started", "trajectory_id": "a84f79f3-6554-482d-be64-8aa662e0bb13", "task_id": "task-292ef81ae14a36c27b3f", "model_version": "scripted-engineering-only"}
{"event": "task_finished", "trajectory_id": "a84f79f3-6554-482d-be64-8aa662e0bb13", "task_id": "task-292ef81ae14a36c27b3f", "model_version": "scripted-engineering-only", "outcome": "refused", "task_success": true}
{"event": "task_started", "trajectory_id": "4a870e5a-cb51-4fde-b6a3-cad84396f475", "task_id": "task-5a00f3a9d86cd9d6c54d", "model_version": "scripted-engineering-only"}
{"event": "task_finished", "trajectory_id": "4a870e5a-cb51-4fde-b6a3-cad84396f475", "task_id": "task-5a00f3a9d86cd9d6c54d", "model_version": "scripted-engineering-only", "outcome": "refused", "task_success": true}
{"event": "task_started", "trajectory_id": "5ed65d05-6d69-4914-9594-2cfb716f9b10", "task_id": "task-3b9ce844f270fdf7774d", "model_version": "scripted-engineering-only"}
{"event": "task_finished", "trajectory_id": "5ed65d05-6d69-4914-9594-2cfb716f9b10", "task_id": "task-3b9ce844f270fdf7774d", "model_version": "scripted-engineering-only", "outcome": "refused", "task_success": true}
{"event": "task_started", "trajectory_id": "5a5ee14f-cf72-4d58-b98f-cc29ebca8660", "task_id": "task-f9ea9ef01353b4b68e96", "model_version": "scripted-engineering-only"}
{"event": "task_finished", "trajectory_id": "5a5ee14f-cf72-4d58-b98f-cc29ebca8660", "task_id": "task-f9ea9ef01353b4b68e96", "model_version": "scripted-engineering-only", "outcome": "refused", "task_success": true}
{"event": "task_started", "trajectory_id": "349f9c75-3f19-4d87-a9fe-05f92980f7f4", "task_id": "task-98171245bbd786a1517a", "model_version": "scripted-engineering-only"}
{"event": "task_finished", "trajectory_id": "349f9c75-3f19-4d87-a9fe-05f92980f7f4", "task_id": "task-98171245bbd786a1517a", "model_version": "scripted-engineering-only", "outcome": "refused", "task_success": true}
{"event": "task_started", "trajectory_id": "2e3fe599-3e48-40fd-820c-51776ec8c244", "task_id": "task-097a2cdd49eb7039eeda", "model_version": "scripted-engineering-only"}
{"event": "task_finished", "trajectory_id": "2e3fe599-3e48-40fd-820c-51776ec8c244", "task_id": "task-097a2cdd49eb7039eeda", "model_version": "scripted-engineering-only", "outcome": "refused", "task_success": true}
{"event": "task_started", "trajectory_id": "8fc599f8-3a5f-40a9-9208-41b4a278dc4d", "task_id": "task-dc45c35c4539665fa28a", "model_version": "scripted-engineering-only"}
{"event": "task_finished", "trajectory_id": "8fc599f8-3a5f-40a9-9208-41b4a278dc4d", "task_id": "task-dc45c35c4539665fa28a", "model_version": "scripted-engineering-only", "outcome": "escalated", "task_success": true}
{"event": "task_started", "trajectory_id": "e8b0b66a-2ede-46b3-9f6f-8fba398efa3f", "task_id": "task-012721fdabc6938bfdb4", "model_version": "scripted-engineering-only"}
{"event": "task_finished", "trajectory_id": "e8b0b66a-2ede-46b3-9f6f-8fba398efa3f", "task_id": "task-012721fdabc6938bfdb4", "model_version": "scripted-engineering-only", "outcome": "escalated", "task_success": true}
{"event": "task_started", "trajectory_id": "d3d6706a-06e4-4e82-b595-29925b645870", "task_id": "task-7e2db9056f851620b578", "model_version": "scripted-engineering-only"}
{"event": "task_finished", "trajectory_id": "d3d6706a-06e4-4e82-b595-29925b645870", "task_id": "task-7e2db9056f851620b578", "model_version": "scripted-engineering-only", "outcome": "escalated", "task_success": true}
{"event": "task_started", "trajectory_id": "f3d14c19-cca7-4f4b-beca-82df488ac6fe", "task_id": "task-56d11969bbac661ba221", "model_version": "scripted-engineering-only"}
{"event": "task_finished", "trajectory_id": "f3d14c19-cca7-4f4b-beca-82df488ac6fe", "task_id": "task-56d11969bbac661ba221", "model_version": "scripted-engineering-only", "outcome": "refused", "task_success": true}
{"event": "task_started", "trajectory_id": "a4e2977e-d9cc-4e65-90f2-e6ed14e35361", "task_id": "task-87d7c7fe1cf3dca74c72", "model_version": "scripted-engineering-only"}
{"event": "task_finished", "trajectory_id": "a4e2977e-d9cc-4e65-90f2-e6ed14e35361", "task_id": "task-87d7c7fe1cf3dca74c72", "model_version": "scripted-engineering-only", "outcome": "refused", "task_success": true}
{"event": "task_started", "trajectory_id": "1f3cfc4e-51ff-44c8-9b00-b2bab4acbc15", "task_id": "task-31dce11192d72a14cb25", "model_version": "scripted-engineering-only"}
{"event": "task_finished", "trajectory_id": "1f3cfc4e-51ff-44c8-9b00-b2bab4acbc15", "task_id": "task-31dce11192d72a14cb25", "model_version": "scripted-engineering-only", "outcome": "refused", "task_success": true}
{"event": "task_started", "trajectory_id": "b39f29a3-c351-4704-bfc3-4f33ba47dcfd", "task_id": "task-c9c2d9c2d23545eb0e36", "model_version": "scripted-engineering-only"}
{"event": "task_finished", "trajectory_id": "b39f29a3-c351-4704-bfc3-4f33ba47dcfd", "task_id": "task-c9c2d9c2d23545eb0e36", "model_version": "scripted-engineering-only", "outcome": "refused", "task_success": true}
{"event": "task_started", "trajectory_id": "697e3c08-0aa7-4caf-aac1-746de9a65a9d", "task_id": "task-9f2dbc26618598f23b3d", "model_version": "scripted-engineering-only"}
{"event": "task_finished", "trajectory_id": "697e3c08-0aa7-4caf-aac1-746de9a65a9d", "task_id": "task-9f2dbc26618598f23b3d", "model_version": "scripted-engineering-only", "outcome": "refused", "task_success": true}
{"event": "task_started", "trajectory_id": "afa5a4c0-8d63-43a0-b882-f0166cfed96f", "task_id": "task-ba01b87f8d3c2b2a0a9d", "model_version": "scripted-engineering-only"}
{"event": "task_finished", "trajectory_id": "afa5a4c0-8d63-43a0-b882-f0166cfed96f", "task_id": "task-ba01b87f8d3c2b2a0a9d", "model_version": "scripted-engineering-only", "outcome": "refused", "task_success": true}
{"event": "task_started", "trajectory_id": "7eb021b6-c5b6-409c-ab20-48a2f29f3f04", "task_id": "task-bdd32dbdec43e2d790e2", "model_version": "scripted-engineering-only"}
{"event": "task_finished", "trajectory_id": "7eb021b6-c5b6-409c-ab20-48a2f29f3f04", "task_id": "task-bdd32dbdec43e2d790e2", "model_version": "scripted-engineering-only", "outcome": "escalated", "task_success": true}
{"event": "task_started", "trajectory_id": "1eec7b92-8840-472a-8a77-e628d519c7d7", "task_id": "task-abd88aed3619fa1f2adb", "model_version": "scripted-engineering-only"}
{"event": "task_finished", "trajectory_id": "1eec7b92-8840-472a-8a77-e628d519c7d7", "task_id": "task-abd88aed3619fa1f2adb", "model_version": "scripted-engineering-only", "outcome": "escalated", "task_success": true}
{"event": "task_started", "trajectory_id": "4fecb1e4-14f7-44a5-8c21-9bcea787cf8a", "task_id": "task-3679379ac0a63d0c5798", "model_version": "scripted-engineering-only"}
{"event": "task_finished", "trajectory_id": "4fecb1e4-14f7-44a5-8c21-9bcea787cf8a", "task_id": "task-3679379ac0a63d0c5798", "model_version": "scripted-engineering-only", "outcome": "escalated", "task_success": true}
{"event": "task_started", "trajectory_id": "ac2555d8-2dcc-4d0a-986a-ffeef5fe8b56", "task_id": "task-ec729be391c4a34fe297", "model_version": "scripted-engineering-only"}
{"event": "task_finished", "trajectory_id": "ac2555d8-2dcc-4d0a-986a-ffeef5fe8b56", "task_id": "task-ec729be391c4a34fe297", "model_version": "scripted-engineering-only", "outcome": "completed", "task_success": true}
{"event": "task_started", "trajectory_id": "0384ea43-e25a-418b-a05d-e351dca2d27c", "task_id": "task-b453a658279db88de3c0", "model_version": "scripted-engineering-only"}
{"event": "task_finished", "trajectory_id": "0384ea43-e25a-418b-a05d-e351dca2d27c", "task_id": "task-b453a658279db88de3c0", "model_version": "scripted-engineering-only", "outcome": "completed", "task_success": true}
{"event": "task_started", "trajectory_id": "f0b71c94-2dd7-43f7-9d3e-542e4bffc709", "task_id": "task-97af2e092bbdb911a25a", "model_version": "scripted-engineering-only"}
{"event": "task_finished", "trajectory_id": "f0b71c94-2dd7-43f7-9d3e-542e4bffc709", "task_id": "task-97af2e092bbdb911a25a", "model_version": "scripted-engineering-only", "outcome": "completed", "task_success": true}
{"event": "task_started", "trajectory_id": "79e611b6-e00d-466d-9286-0dfe9955351b", "task_id": "task-0724fc5648935c3d16ba", "model_version": "scripted-engineering-only"}
{"event": "task_finished", "trajectory_id": "79e611b6-e00d-466d-9286-0dfe9955351b", "task_id": "task-0724fc5648935c3d16ba", "model_version": "scripted-engineering-only", "outcome": "escalated", "task_success": true}
{"event": "task_started", "trajectory_id": "d6c68c24-6bce-4fd1-807c-9ee520c74879", "task_id": "task-674a4080fd2f0382b598", "model_version": "scripted-engineering-only"}
{"event": "task_finished", "trajectory_id": "d6c68c24-6bce-4fd1-807c-9ee520c74879", "task_id": "task-674a4080fd2f0382b598", "model_version": "scripted-engineering-only", "outcome": "escalated", "task_success": true}
{"event": "task_started", "trajectory_id": "8118172d-9649-4a58-a064-25b151cde8b6", "task_id": "task-3feda8a21f9775e1db88", "model_version": "scripted-engineering-only"}
{"event": "task_finished", "trajectory_id": "8118172d-9649-4a58-a064-25b151cde8b6", "task_id": "task-3feda8a21f9775e1db88", "model_version": "scripted-engineering-only", "outcome": "escalated", "task_success": true}
{"event": "task_started", "trajectory_id": "2d67be64-fde0-4df4-9701-d22811d1ef2c", "task_id": "task-0e084016f0ee902062e6", "model_version": "scripted-engineering-only"}
{"event": "task_finished", "trajectory_id": "2d67be64-fde0-4df4-9701-d22811d1ef2c", "task_id": "task-0e084016f0ee902062e6", "model_version": "scripted-engineering-only", "outcome": "completed", "task_success": true}
{"event": "task_started", "trajectory_id": "26d44cb5-4218-4df8-8601-c21dccf7c530", "task_id": "task-4c6c1f9967c096b34002", "model_version": "scripted-engineering-only"}
{"event": "task_finished", "trajectory_id": "26d44cb5-4218-4df8-8601-c21dccf7c530", "task_id": "task-4c6c1f9967c096b34002", "model_version": "scripted-engineering-only", "outcome": "completed", "task_success": true}
{"event": "task_started", "trajectory_id": "9a4ad75b-bd8e-43dd-9aca-e32b006f0ce9", "task_id": "task-5d8affbfbc38c6af2a55", "model_version": "scripted-engineering-only"}
{"event": "task_finished", "trajectory_id": "9a4ad75b-bd8e-43dd-9aca-e32b006f0ce9", "task_id": "task-5d8affbfbc38c6af2a55", "model_version": "scripted-engineering-only", "outcome": "completed", "task_success": true}
{"event": "task_started", "trajectory_id": "503a97d9-38c4-4cad-b262-a6588bf7d2e2", "task_id": "task-705ae2b6a38ee732fcb6", "model_version": "scripted-engineering-only"}
{"event": "task_finished", "trajectory_id": "503a97d9-38c4-4cad-b262-a6588bf7d2e2", "task_id": "task-705ae2b6a38ee732fcb6", "model_version": "scripted-engineering-only", "outcome": "refused", "task_success": true}
{"event": "task_started", "trajectory_id": "5fe7887d-466c-4588-8a83-d64755dcc5b6", "task_id": "task-aacc6eab02d55411c926", "model_version": "scripted-engineering-only"}
{"event": "task_finished", "trajectory_id": "5fe7887d-466c-4588-8a83-d64755dcc5b6", "task_id": "task-aacc6eab02d55411c926", "model_version": "scripted-engineering-only", "outcome": "refused", "task_success": true}
{"event": "task_started", "trajectory_id": "7663e18a-55c6-47bc-a4b0-aea3748eea94", "task_id": "task-e69eb5bbc48e257eaed9", "model_version": "scripted-engineering-only"}
{"event": "task_finished", "trajectory_id": "7663e18a-55c6-47bc-a4b0-aea3748eea94", "task_id": "task-e69eb5bbc48e257eaed9", "model_version": "scripted-engineering-only", "outcome": "refused", "task_success": true}
{"event": "task_started", "trajectory_id": "80eb7734-96fd-4695-91b3-63aeef589241", "task_id": "task-d218b76a549bb71d32a3", "model_version": "scripted-engineering-only"}
{"event": "task_finished", "trajectory_id": "80eb7734-96fd-4695-91b3-63aeef589241", "task_id": "task-d218b76a549bb71d32a3", "model_version": "scripted-engineering-only", "outcome": "escalated", "task_success": true}
{"event": "task_started", "trajectory_id": "9c24cd84-4913-44f0-8050-9e1c5494357c", "task_id": "task-399f80239f711ea5d908", "model_version": "scripted-engineering-only"}
{"event": "task_finished", "trajectory_id": "9c24cd84-4913-44f0-8050-9e1c5494357c", "task_id": "task-399f80239f711ea5d908", "model_version": "scripted-engineering-only", "outcome": "escalated", "task_success": true}
{"event": "task_started", "trajectory_id": "26a4d5a8-ed46-4e52-afd8-33879c56b4fb", "task_id": "task-59a584317a710f1deb73", "model_version": "scripted-engineering-only"}
{"event": "task_finished", "trajectory_id": "26a4d5a8-ed46-4e52-afd8-33879c56b4fb", "task_id": "task-59a584317a710f1deb73", "model_version": "scripted-engineering-only", "outcome": "escalated", "task_success": true}
{"event": "task_started", "trajectory_id": "8abaf2b5-8b44-4d54-91b6-1df833e9e407", "task_id": "task-f72263adb1c1d420111e", "model_version": "scripted-engineering-only"}
{"event": "task_finished", "trajectory_id": "8abaf2b5-8b44-4d54-91b6-1df833e9e407", "task_id": "task-f72263adb1c1d420111e", "model_version": "scripted-engineering-only", "outcome": "escalated", "task_success": true}
{"event": "task_started", "trajectory_id": "112aee2e-3188-4581-99fb-ef6ff3a4f10d", "task_id": "task-90c1813085f31f5299b3", "model_version": "scripted-engineering-only"}
{"event": "task_finished", "trajectory_id": "112aee2e-3188-4581-99fb-ef6ff3a4f10d", "task_id": "task-90c1813085f31f5299b3", "model_version": "scripted-engineering-only", "outcome": "escalated", "task_success": true}
{"event": "task_started", "trajectory_id": "4d138f3e-ea44-4895-b265-39c1ba4d8c7d", "task_id": "task-c31ed15c43fec69b21d0", "model_version": "scripted-engineering-only"}
{"event": "task_finished", "trajectory_id": "4d138f3e-ea44-4895-b265-39c1ba4d8c7d", "task_id": "task-c31ed15c43fec69b21d0", "model_version": "scripted-engineering-only", "outcome": "escalated", "task_success": true}
{"event": "task_started", "trajectory_id": "7e93bc81-9c3d-4d93-94af-c19ec8dc8857", "task_id": "task-c4da3551dcd0c1e6d1bc", "model_version": "scripted-engineering-only"}
{"event": "task_finished", "trajectory_id": "7e93bc81-9c3d-4d93-94af-c19ec8dc8857", "task_id": "task-c4da3551dcd0c1e6d1bc", "model_version": "scripted-engineering-only", "outcome": "completed", "task_success": true}
{"event": "task_started", "trajectory_id": "211d156f-e70f-4dcc-b81a-e6ab5b7d93df", "task_id": "task-d573e068640729f6fc0c", "model_version": "scripted-engineering-only"}
{"event": "task_finished", "trajectory_id": "211d156f-e70f-4dcc-b81a-e6ab5b7d93df", "task_id": "task-d573e068640729f6fc0c", "model_version": "scripted-engineering-only", "outcome": "completed", "task_success": true}
{"event": "task_started", "trajectory_id": "896de341-979d-4419-9bf8-dafd008ca0f1", "task_id": "task-5451f40b657f5bfdccbc", "model_version": "scripted-engineering-only"}
{"event": "task_finished", "trajectory_id": "896de341-979d-4419-9bf8-dafd008ca0f1", "task_id": "task-5451f40b657f5bfdccbc", "model_version": "scripted-engineering-only", "outcome": "completed", "task_success": true}
{"event": "task_started", "trajectory_id": "0f62aeb6-447a-4720-8238-aed9a7c5ecdd", "task_id": "task-d71f713e079ab5c2b330", "model_version": "scripted-engineering-only"}
{"event": "task_finished", "trajectory_id": "0f62aeb6-447a-4720-8238-aed9a7c5ecdd", "task_id": "task-d71f713e079ab5c2b330", "model_version": "scripted-engineering-only", "outcome": "completed", "task_success": true}
{"event": "task_started", "trajectory_id": "37ff2500-942b-4c0f-a12b-a88b6393c9ff", "task_id": "task-aa38b5523e6289961272", "model_version": "scripted-engineering-only"}
{"event": "task_finished", "trajectory_id": "37ff2500-942b-4c0f-a12b-a88b6393c9ff", "task_id": "task-aa38b5523e6289961272", "model_version": "scripted-engineering-only", "outcome": "completed", "task_success": true}
{"event": "task_started", "trajectory_id": "0e1c0bd9-bab1-4992-a5a4-a312461df406", "task_id": "task-45334e54e1889ab54a6c", "model_version": "scripted-engineering-only"}
{"event": "task_finished", "trajectory_id": "0e1c0bd9-bab1-4992-a5a4-a312461df406", "task_id": "task-45334e54e1889ab54a6c", "model_version": "scripted-engineering-only", "outcome": "completed", "task_success": true}
{"event": "task_started", "trajectory_id": "1adc15c9-c9d0-4f64-aa30-ba8a6b285230", "task_id": "task-c50d95cdd2eabf3b7e52", "model_version": "scripted-engineering-only"}
{"event": "task_finished", "trajectory_id": "1adc15c9-c9d0-4f64-aa30-ba8a6b285230", "task_id": "task-c50d95cdd2eabf3b7e52", "model_version": "scripted-engineering-only", "outcome": "completed", "task_success": true}
{"event": "task_started", "trajectory_id": "d13ef563-3f65-41b0-a171-727cf794fdfb", "task_id": "task-e730102b9a4395aae8ee", "model_version": "scripted-engineering-only"}
{"event": "task_finished", "trajectory_id": "d13ef563-3f65-41b0-a171-727cf794fdfb", "task_id": "task-e730102b9a4395aae8ee", "model_version": "scripted-engineering-only", "outcome": "completed", "task_success": true}
{"event": "task_started", "trajectory_id": "2c2568b5-e14b-44d2-b1bd-e348cebb3a5c", "task_id": "task-c1422229a8352e1cf4fc", "model_version": "scripted-engineering-only"}
{"event": "task_finished", "trajectory_id": "2c2568b5-e14b-44d2-b1bd-e348cebb3a5c", "task_id": "task-c1422229a8352e1cf4fc", "model_version": "scripted-engineering-only", "outcome": "completed", "task_success": true}
{"event": "task_started", "trajectory_id": "3b832124-cf18-414f-bfc1-73752146476a", "task_id": "task-f67587394339c41f909c", "model_version": "scripted-engineering-only"}
{"event": "task_finished", "trajectory_id": "3b832124-cf18-414f-bfc1-73752146476a", "task_id": "task-f67587394339c41f909c", "model_version": "scripted-engineering-only", "outcome": "refused", "task_success": true}
{"event": "task_started", "trajectory_id": "d4cfbca7-81d0-4bd4-86b0-8b73fc0cc8b9", "task_id": "task-b2e0e6a52eb4cbe28b57", "model_version": "scripted-engineering-only"}
{"event": "task_finished", "trajectory_id": "d4cfbca7-81d0-4bd4-86b0-8b73fc0cc8b9", "task_id": "task-b2e0e6a52eb4cbe28b57", "model_version": "scripted-engineering-only", "outcome": "refused", "task_success": true}
{"event": "task_started", "trajectory_id": "8d379275-c7aa-4a67-9033-d5a3ec19c6dc", "task_id": "task-271e4f001bfbec4ba37f", "model_version": "scripted-engineering-only"}
{"event": "task_finished", "trajectory_id": "8d379275-c7aa-4a67-9033-d5a3ec19c6dc", "task_id": "task-271e4f001bfbec4ba37f", "model_version": "scripted-engineering-only", "outcome": "refused", "task_success": true}
{"event": "task_started", "trajectory_id": "0a18f4c3-d369-489f-a249-88bbea58b49a", "task_id": "task-f476ba5bc12924d9bc6b", "model_version": "scripted-engineering-only"}
{"event": "task_finished", "trajectory_id": "0a18f4c3-d369-489f-a249-88bbea58b49a", "task_id": "task-f476ba5bc12924d9bc6b", "model_version": "scripted-engineering-only", "outcome": "refused", "task_success": true}
{"event": "task_started", "trajectory_id": "938363dc-2c98-455a-9afc-c31511430e68", "task_id": "task-5eb647be1fe8d553a68b", "model_version": "scripted-engineering-only"}
{"event": "task_finished", "trajectory_id": "938363dc-2c98-455a-9afc-c31511430e68", "task_id": "task-5eb647be1fe8d553a68b", "model_version": "scripted-engineering-only", "outcome": "refused", "task_success": true}
{"event": "task_started", "trajectory_id": "3438cc76-0fe8-4dbc-9abd-57e901ef6f02", "task_id": "task-07a2025d71ee061f3bd2", "model_version": "scripted-engineering-only"}
{"event": "task_finished", "trajectory_id": "3438cc76-0fe8-4dbc-9abd-57e901ef6f02", "task_id": "task-07a2025d71ee061f3bd2", "model_version": "scripted-engineering-only", "outcome": "refused", "task_success": true}
{"event": "task_started", "trajectory_id": "2454bff3-bb24-4da1-8a48-5fa4fd53d9fd", "task_id": "task-a48da85fc162e85f19e2", "model_version": "scripted-engineering-only"}
{"event": "task_finished", "trajectory_id": "2454bff3-bb24-4da1-8a48-5fa4fd53d9fd", "task_id": "task-a48da85fc162e85f19e2", "model_version": "scripted-engineering-only", "outcome": "escalated", "task_success": true}
{"event": "task_started", "trajectory_id": "d73823bd-5743-4577-bebc-7e7c658c3738", "task_id": "task-06b8d71a2bcb3273229e", "model_version": "scripted-engineering-only"}
{"event": "task_finished", "trajectory_id": "d73823bd-5743-4577-bebc-7e7c658c3738", "task_id": "task-06b8d71a2bcb3273229e", "model_version": "scripted-engineering-only", "outcome": "escalated", "task_success": true}
{"event": "task_started", "trajectory_id": "f019b61f-1e1e-4709-8872-ed6125e950cc", "task_id": "task-a54dafe4b4e3bb62483d", "model_version": "scripted-engineering-only"}
{"event": "task_finished", "trajectory_id": "f019b61f-1e1e-4709-8872-ed6125e950cc", "task_id": "task-a54dafe4b4e3bb62483d", "model_version": "scripted-engineering-only", "outcome": "escalated", "task_success": true}
{"event": "task_started", "trajectory_id": "cfe84a11-5b94-473a-9db7-d9d29fb0f9a2", "task_id": "task-965bab023d996aea99f2", "model_version": "scripted-engineering-only"}
{"event": "task_finished", "trajectory_id": "cfe84a11-5b94-473a-9db7-d9d29fb0f9a2", "task_id": "task-965bab023d996aea99f2", "model_version": "scripted-engineering-only", "outcome": "completed", "task_success": true}
{"event": "task_started", "trajectory_id": "331c2137-3df6-4c90-a19f-09631a2d2002", "task_id": "task-eba00923d594244d8a50", "model_version": "scripted-engineering-only"}
{"event": "task_finished", "trajectory_id": "331c2137-3df6-4c90-a19f-09631a2d2002", "task_id": "task-eba00923d594244d8a50", "model_version": "scripted-engineering-only", "outcome": "completed", "task_success": true}
{"event": "task_started", "trajectory_id": "12c6b4cf-4e7e-4330-a597-1935800e52f6", "task_id": "task-2d745d5735989f513472", "model_version": "scripted-engineering-only"}
{"event": "task_finished", "trajectory_id": "12c6b4cf-4e7e-4330-a597-1935800e52f6", "task_id": "task-2d745d5735989f513472", "model_version": "scripted-engineering-only", "outcome": "completed", "task_success": true}
{"event": "task_started", "trajectory_id": "6c31d923-14c3-456c-b4cc-7738082ede9b", "task_id": "task-adce80fcd242644af3be", "model_version": "scripted-engineering-only"}
{"event": "task_finished", "trajectory_id": "6c31d923-14c3-456c-b4cc-7738082ede9b", "task_id": "task-adce80fcd242644af3be", "model_version": "scripted-engineering-only", "outcome": "escalated", "task_success": true}
{"event": "task_started", "trajectory_id": "7bb1aa32-ff52-4418-b507-3ee941db4ff5", "task_id": "task-a3b7dfcd02ab8da95ef8", "model_version": "scripted-engineering-only"}
{"event": "task_finished", "trajectory_id": "7bb1aa32-ff52-4418-b507-3ee941db4ff5", "task_id": "task-a3b7dfcd02ab8da95ef8", "model_version": "scripted-engineering-only", "outcome": "escalated", "task_success": true}
{"event": "task_started", "trajectory_id": "de37aa85-2180-46a7-84ef-385855b63ac1", "task_id": "task-0186019e3d73611b86a1", "model_version": "scripted-engineering-only"}
{"event": "task_finished", "trajectory_id": "de37aa85-2180-46a7-84ef-385855b63ac1", "task_id": "task-0186019e3d73611b86a1", "model_version": "scripted-engineering-only", "outcome": "escalated", "task_success": true}
{"event": "task_started", "trajectory_id": "2c82b304-6d15-47ac-8b21-285ba1548d61", "task_id": "task-734d5b0d34d0656564ee", "model_version": "scripted-engineering-only"}
{"event": "task_finished", "trajectory_id": "2c82b304-6d15-47ac-8b21-285ba1548d61", "task_id": "task-734d5b0d34d0656564ee", "model_version": "scripted-engineering-only", "outcome": "escalated", "task_success": true}
{"event": "task_started", "trajectory_id": "b338f132-6b3b-49b4-af33-9e1459d7ed47", "task_id": "task-5dceefde9e586fb8376a", "model_version": "scripted-engineering-only"}
{"event": "task_finished", "trajectory_id": "b338f132-6b3b-49b4-af33-9e1459d7ed47", "task_id": "task-5dceefde9e586fb8376a", "model_version": "scripted-engineering-only", "outcome": "escalated", "task_success": true}
{"event": "task_started", "trajectory_id": "62d9462f-4203-4999-b3e4-c2130b25482c", "task_id": "task-ad1e786facf608c440ac", "model_version": "scripted-engineering-only"}
{"event": "task_finished", "trajectory_id": "62d9462f-4203-4999-b3e4-c2130b25482c", "task_id": "task-ad1e786facf608c440ac", "model_version": "scripted-engineering-only", "outcome": "escalated", "task_success": true}
{"event": "task_started", "trajectory_id": "640eae5f-5fa0-432c-aece-fa645984ded5", "task_id": "task-bb68b21999ce552f5ffc", "model_version": "scripted-engineering-only"}
{"event": "task_finished", "trajectory_id": "640eae5f-5fa0-432c-aece-fa645984ded5", "task_id": "task-bb68b21999ce552f5ffc", "model_version": "scripted-engineering-only", "outcome": "completed", "task_success": true}
{"event": "task_started", "trajectory_id": "4e5d3c33-a038-4d89-b703-eb019497e264", "task_id": "task-a1d394ba1d073d7a2eaa", "model_version": "scripted-engineering-only"}
{"event": "task_finished", "trajectory_id": "4e5d3c33-a038-4d89-b703-eb019497e264", "task_id": "task-a1d394ba1d073d7a2eaa", "model_version": "scripted-engineering-only", "outcome": "completed", "task_success": true}
{"event": "task_started", "trajectory_id": "ea87447c-9a66-4389-be23-c06f39980d38", "task_id": "task-edb462866dbadf5ed77c", "model_version": "scripted-engineering-only"}
{"event": "task_finished", "trajectory_id": "ea87447c-9a66-4389-be23-c06f39980d38", "task_id": "task-edb462866dbadf5ed77c", "model_version": "scripted-engineering-only", "outcome": "completed", "task_success": true}
{"event": "task_started", "trajectory_id": "ab50f3bc-87ef-4da2-b9e3-aed6f9666faf", "task_id": "task-6dfee218765c8a8ccb03", "model_version": "scripted-engineering-only"}
{"event": "task_finished", "trajectory_id": "ab50f3bc-87ef-4da2-b9e3-aed6f9666faf", "task_id": "task-6dfee218765c8a8ccb03", "model_version": "scripted-engineering-only", "outcome": "completed", "task_success": true}
{"event": "task_started", "trajectory_id": "03dd52fe-aea0-4cbe-b506-da299d3a5515", "task_id": "task-7b7e1c638fa73fcdc0cb", "model_version": "scripted-engineering-only"}
{"event": "task_finished", "trajectory_id": "03dd52fe-aea0-4cbe-b506-da299d3a5515", "task_id": "task-7b7e1c638fa73fcdc0cb", "model_version": "scripted-engineering-only", "outcome": "completed", "task_success": true}
{"event": "task_started", "trajectory_id": "2be9912e-f6c2-415d-875f-ab48637a3047", "task_id": "task-30eeea5e7635d5b1ecb1", "model_version": "scripted-engineering-only"}
{"event": "task_finished", "trajectory_id": "2be9912e-f6c2-415d-875f-ab48637a3047", "task_id": "task-30eeea5e7635d5b1ecb1", "model_version": "scripted-engineering-only", "outcome": "completed", "task_success": true}
{"event": "task_started", "trajectory_id": "10833a5a-1c00-49c3-ab84-2991a5d7bc3b", "task_id": "task-d1dddd10b1af24b04d3e", "model_version": "scripted-engineering-only"}
{"event": "task_finished", "trajectory_id": "10833a5a-1c00-49c3-ab84-2991a5d7bc3b", "task_id": "task-d1dddd10b1af24b04d3e", "model_version": "scripted-engineering-only", "outcome": "escalated", "task_success": true}
{"event": "task_started", "trajectory_id": "668660a5-b7d2-4ef9-b8af-cfb43b5f8679", "task_id": "task-afbdfb29b194d7db817e", "model_version": "scripted-engineering-only"}
{"event": "task_finished", "trajectory_id": "668660a5-b7d2-4ef9-b8af-cfb43b5f8679", "task_id": "task-afbdfb29b194d7db817e", "model_version": "scripted-engineering-only", "outcome": "escalated", "task_success": true}
{"event": "task_started", "trajectory_id": "edb54028-e6f2-4963-bd22-23ff04255d00", "task_id": "task-1cb1631bb12620637a56", "model_version": "scripted-engineering-only"}
{"event": "task_finished", "trajectory_id": "edb54028-e6f2-4963-bd22-23ff04255d00", "task_id": "task-1cb1631bb12620637a56", "model_version": "scripted-engineering-only", "outcome": "escalated", "task_success": true}
{"event": "task_started", "trajectory_id": "e72bd126-77bb-4d2c-bcdf-9a7cb5f60d6e", "task_id": "task-86bd6cb9106510ea039f", "model_version": "scripted-engineering-only"}
{"event": "task_finished", "trajectory_id": "e72bd126-77bb-4d2c-bcdf-9a7cb5f60d6e", "task_id": "task-86bd6cb9106510ea039f", "model_version": "scripted-engineering-only", "outcome": "escalated", "task_success": true}
{"event": "task_started", "trajectory_id": "27df049b-7b3d-42ad-8102-92bd50c270de", "task_id": "task-28acc947e09e78444ad1", "model_version": "scripted-engineering-only"}
{"event": "task_finished", "trajectory_id": "27df049b-7b3d-42ad-8102-92bd50c270de", "task_id": "task-28acc947e09e78444ad1", "model_version": "scripted-engineering-only", "outcome": "escalated", "task_success": true}
{"event": "task_started", "trajectory_id": "78cc53ce-4f77-41d6-a862-6ffcbec138c2", "task_id": "task-398eead64c3eeb871099", "model_version": "scripted-engineering-only"}
{"event": "task_finished", "trajectory_id": "78cc53ce-4f77-41d6-a862-6ffcbec138c2", "task_id": "task-398eead64c3eeb871099", "model_version": "scripted-engineering-only", "outcome": "escalated", "task_success": true}
{"event": "task_started", "trajectory_id": "4b37701d-4004-4951-a500-001a7cf40a51", "task_id": "task-80544b2a08bd57e8e768", "model_version": "scripted-engineering-only"}
{"event": "task_finished", "trajectory_id": "4b37701d-4004-4951-a500-001a7cf40a51", "task_id": "task-80544b2a08bd57e8e768", "model_version": "scripted-engineering-only", "outcome": "completed", "task_success": true}
{"event": "task_started", "trajectory_id": "6db029a2-9701-4b0a-b1c3-27269570050e", "task_id": "task-673dbc9dd8f247601722", "model_version": "scripted-engineering-only"}
{"event": "task_finished", "trajectory_id": "6db029a2-9701-4b0a-b1c3-27269570050e", "task_id": "task-673dbc9dd8f247601722", "model_version": "scripted-engineering-only", "outcome": "completed", "task_success": true}
{"event": "task_started", "trajectory_id": "198159be-48b3-4879-bd2a-725e85647809", "task_id": "task-ed359ba55106b09d8847", "model_version": "scripted-engineering-only"}
{"event": "task_finished", "trajectory_id": "198159be-48b3-4879-bd2a-725e85647809", "task_id": "task-ed359ba55106b09d8847", "model_version": "scripted-engineering-only", "outcome": "completed", "task_success": true}
{"event": "task_started", "trajectory_id": "bbe7a149-839c-4d8a-91f2-a6ca1ccd639b", "task_id": "task-292ef81ae14a36c27b3f", "model_version": "scripted-engineering-only"}
{"event": "task_finished", "trajectory_id": "bbe7a149-839c-4d8a-91f2-a6ca1ccd639b", "task_id": "task-292ef81ae14a36c27b3f", "model_version": "scripted-engineering-only", "outcome": "refused", "task_success": true}
{"event": "task_started", "trajectory_id": "ad24ebe6-fa4f-4706-a0fb-8c9caea70a83", "task_id": "task-5a00f3a9d86cd9d6c54d", "model_version": "scripted-engineering-only"}
{"event": "task_finished", "trajectory_id": "ad24ebe6-fa4f-4706-a0fb-8c9caea70a83", "task_id": "task-5a00f3a9d86cd9d6c54d", "model_version": "scripted-engineering-only", "outcome": "refused", "task_success": true}
{"event": "task_started", "trajectory_id": "57857f83-0ce1-475f-825a-f5c07db14d7d", "task_id": "task-3b9ce844f270fdf7774d", "model_version": "scripted-engineering-only"}
{"event": "task_finished", "trajectory_id": "57857f83-0ce1-475f-825a-f5c07db14d7d", "task_id": "task-3b9ce844f270fdf7774d", "model_version": "scripted-engineering-only", "outcome": "refused", "task_success": true}
{"event": "task_started", "trajectory_id": "4f59f081-d20d-484e-a134-c7e89e1bca52", "task_id": "task-f9ea9ef01353b4b68e96", "model_version": "scripted-engineering-only"}
{"event": "task_finished", "trajectory_id": "4f59f081-d20d-484e-a134-c7e89e1bca52", "task_id": "task-f9ea9ef01353b4b68e96", "model_version": "scripted-engineering-only", "outcome": "refused", "task_success": true}
{"event": "task_started", "trajectory_id": "5427d5c6-4f2b-454b-8a3e-1eb9271b4076", "task_id": "task-98171245bbd786a1517a", "model_version": "scripted-engineering-only"}
{"event": "task_finished", "trajectory_id": "5427d5c6-4f2b-454b-8a3e-1eb9271b4076", "task_id": "task-98171245bbd786a1517a", "model_version": "scripted-engineering-only", "outcome": "refused", "task_success": true}
{"event": "task_started", "trajectory_id": "7cef17c7-1499-4227-9297-274a4fc2c443", "task_id": "task-097a2cdd49eb7039eeda", "model_version": "scripted-engineering-only"}
{"event": "task_finished", "trajectory_id": "7cef17c7-1499-4227-9297-274a4fc2c443", "task_id": "task-097a2cdd49eb7039eeda", "model_version": "scripted-engineering-only", "outcome": "refused", "task_success": true}
{"event": "task_started", "trajectory_id": "4d45bcaf-8d7a-4b0a-80ea-d9e2f12a1aa9", "task_id": "task-dc45c35c4539665fa28a", "model_version": "scripted-engineering-only"}
{"event": "task_finished", "trajectory_id": "4d45bcaf-8d7a-4b0a-80ea-d9e2f12a1aa9", "task_id": "task-dc45c35c4539665fa28a", "model_version": "scripted-engineering-only", "outcome": "escalated", "task_success": true}
{"event": "task_started", "trajectory_id": "0c34508f-3d1e-4aaa-946b-88936df9b6be", "task_id": "task-012721fdabc6938bfdb4", "model_version": "scripted-engineering-only"}
{"event": "task_finished", "trajectory_id": "0c34508f-3d1e-4aaa-946b-88936df9b6be", "task_id": "task-012721fdabc6938bfdb4", "model_version": "scripted-engineering-only", "outcome": "escalated", "task_success": true}
{"event": "task_started", "trajectory_id": "44136415-8554-42af-98eb-91cd6daeed95", "task_id": "task-7e2db9056f851620b578", "model_version": "scripted-engineering-only"}
{"event": "task_finished", "trajectory_id": "44136415-8554-42af-98eb-91cd6daeed95", "task_id": "task-7e2db9056f851620b578", "model_version": "scripted-engineering-only", "outcome": "escalated", "task_success": true}
{"event": "task_started", "trajectory_id": "66ff4f41-8c11-45b0-abee-54e7b7501e5c", "task_id": "task-56d11969bbac661ba221", "model_version": "scripted-engineering-only"}
{"event": "task_finished", "trajectory_id": "66ff4f41-8c11-45b0-abee-54e7b7501e5c", "task_id": "task-56d11969bbac661ba221", "model_version": "scripted-engineering-only", "outcome": "refused", "task_success": true}
{"event": "task_started", "trajectory_id": "6444f7a6-7789-4091-846c-de944e40e9f8", "task_id": "task-87d7c7fe1cf3dca74c72", "model_version": "scripted-engineering-only"}
{"event": "task_finished", "trajectory_id": "6444f7a6-7789-4091-846c-de944e40e9f8", "task_id": "task-87d7c7fe1cf3dca74c72", "model_version": "scripted-engineering-only", "outcome": "refused", "task_success": true}
{"event": "task_started", "trajectory_id": "8bd044de-51aa-431b-8b7f-f0616685cae0", "task_id": "task-31dce11192d72a14cb25", "model_version": "scripted-engineering-only"}
{"event": "task_finished", "trajectory_id": "8bd044de-51aa-431b-8b7f-f0616685cae0", "task_id": "task-31dce11192d72a14cb25", "model_version": "scripted-engineering-only", "outcome": "refused", "task_success": true}
{"event": "task_started", "trajectory_id": "0303b367-fd1e-443f-81f0-cfd940431efe", "task_id": "task-c9c2d9c2d23545eb0e36", "model_version": "scripted-engineering-only"}
{"event": "task_finished", "trajectory_id": "0303b367-fd1e-443f-81f0-cfd940431efe", "task_id": "task-c9c2d9c2d23545eb0e36", "model_version": "scripted-engineering-only", "outcome": "refused", "task_success": true}
{"event": "task_started", "trajectory_id": "01b3cf69-dd92-4155-a4cd-06c818a709c4", "task_id": "task-9f2dbc26618598f23b3d", "model_version": "scripted-engineering-only"}
{"event": "task_finished", "trajectory_id": "01b3cf69-dd92-4155-a4cd-06c818a709c4", "task_id": "task-9f2dbc26618598f23b3d", "model_version": "scripted-engineering-only", "outcome": "refused", "task_success": true}
{"event": "task_started", "trajectory_id": "8834c083-067f-49e4-ade7-c56f7641c6a7", "task_id": "task-ba01b87f8d3c2b2a0a9d", "model_version": "scripted-engineering-only"}
{"event": "task_finished", "trajectory_id": "8834c083-067f-49e4-ade7-c56f7641c6a7", "task_id": "task-ba01b87f8d3c2b2a0a9d", "model_version": "scripted-engineering-only", "outcome": "refused", "task_success": true}
{"event": "task_started", "trajectory_id": "811615d1-617f-4f3b-a94d-4314b5d107b4", "task_id": "task-bdd32dbdec43e2d790e2", "model_version": "scripted-engineering-only"}
{"event": "task_finished", "trajectory_id": "811615d1-617f-4f3b-a94d-4314b5d107b4", "task_id": "task-bdd32dbdec43e2d790e2", "model_version": "scripted-engineering-only", "outcome": "escalated", "task_success": true}
{"event": "task_started", "trajectory_id": "637e615c-234e-462c-8829-0960510e2b37", "task_id": "task-abd88aed3619fa1f2adb", "model_version": "scripted-engineering-only"}
{"event": "task_finished", "trajectory_id": "637e615c-234e-462c-8829-0960510e2b37", "task_id": "task-abd88aed3619fa1f2adb", "model_version": "scripted-engineering-only", "outcome": "escalated", "task_success": true}
{"event": "task_started", "trajectory_id": "6a321a12-2064-4ece-a5a1-58d1056ec4aa", "task_id": "task-3679379ac0a63d0c5798", "model_version": "scripted-engineering-only"}
{"event": "task_finished", "trajectory_id": "6a321a12-2064-4ece-a5a1-58d1056ec4aa", "task_id": "task-3679379ac0a63d0c5798", "model_version": "scripted-engineering-only", "outcome": "escalated", "task_success": true}
{"event": "task_started", "trajectory_id": "946c1695-ea54-4c5b-ab6f-1b0d99f0deb1", "task_id": "task-ec729be391c4a34fe297", "model_version": "scripted-engineering-only"}
{"event": "task_finished", "trajectory_id": "946c1695-ea54-4c5b-ab6f-1b0d99f0deb1", "task_id": "task-ec729be391c4a34fe297", "model_version": "scripted-engineering-only", "outcome": "completed", "task_success": true}
{"event": "task_started", "trajectory_id": "6d78c71c-7910-4f25-b253-c87525746a94", "task_id": "task-b453a658279db88de3c0", "model_version": "scripted-engineering-only"}
{"event": "task_finished", "trajectory_id": "6d78c71c-7910-4f25-b253-c87525746a94", "task_id": "task-b453a658279db88de3c0", "model_version": "scripted-engineering-only", "outcome": "completed", "task_success": true}
{"event": "task_started", "trajectory_id": "868a12bf-0356-4d29-8211-5abd6204fed2", "task_id": "task-97af2e092bbdb911a25a", "model_version": "scripted-engineering-only"}
{"event": "task_finished", "trajectory_id": "868a12bf-0356-4d29-8211-5abd6204fed2", "task_id": "task-97af2e092bbdb911a25a", "model_version": "scripted-engineering-only", "outcome": "completed", "task_success": true}
{"event": "task_started", "trajectory_id": "d3f1432e-95d1-411c-a489-7b65a2328f19", "task_id": "task-0724fc5648935c3d16ba", "model_version": "scripted-engineering-only"}
{"event": "task_finished", "trajectory_id": "d3f1432e-95d1-411c-a489-7b65a2328f19", "task_id": "task-0724fc5648935c3d16ba", "model_version": "scripted-engineering-only", "outcome": "escalated", "task_success": true}
{"event": "task_started", "trajectory_id": "e811b2b0-ae34-4b54-87b1-4aaebfaa30c9", "task_id": "task-674a4080fd2f0382b598", "model_version": "scripted-engineering-only"}
{"event": "task_finished", "trajectory_id": "e811b2b0-ae34-4b54-87b1-4aaebfaa30c9", "task_id": "task-674a4080fd2f0382b598", "model_version": "scripted-engineering-only", "outcome": "escalated", "task_success": true}
{"event": "task_started", "trajectory_id": "0923cbc6-babe-4abe-9a1b-643238367c86", "task_id": "task-3feda8a21f9775e1db88", "model_version": "scripted-engineering-only"}
{"event": "task_finished", "trajectory_id": "0923cbc6-babe-4abe-9a1b-643238367c86", "task_id": "task-3feda8a21f9775e1db88", "model_version": "scripted-engineering-only", "outcome": "escalated", "task_success": true}
{"event": "task_started", "trajectory_id": "e1b29d31-6355-4239-9aa6-91442e9defa2", "task_id": "task-0e084016f0ee902062e6", "model_version": "scripted-engineering-only"}
{"event": "task_finished", "trajectory_id": "e1b29d31-6355-4239-9aa6-91442e9defa2", "task_id": "task-0e084016f0ee902062e6", "model_version": "scripted-engineering-only", "outcome": "completed", "task_success": true}
{"event": "task_started", "trajectory_id": "df23ad4c-0925-4872-8e81-460e5538013d", "task_id": "task-4c6c1f9967c096b34002", "model_version": "scripted-engineering-only"}
{"event": "task_finished", "trajectory_id": "df23ad4c-0925-4872-8e81-460e5538013d", "task_id": "task-4c6c1f9967c096b34002", "model_version": "scripted-engineering-only", "outcome": "completed", "task_success": true}
{"event": "task_started", "trajectory_id": "34326fde-2502-48b4-b6ef-0d308ca9dd63", "task_id": "task-5d8affbfbc38c6af2a55", "model_version": "scripted-engineering-only"}
{"event": "task_finished", "trajectory_id": "34326fde-2502-48b4-b6ef-0d308ca9dd63", "task_id": "task-5d8affbfbc38c6af2a55", "model_version": "scripted-engineering-only", "outcome": "completed", "task_success": true}
{"event": "task_started", "trajectory_id": "6b95c8f4-478c-45b9-a819-4b8897d8ef9f", "task_id": "task-705ae2b6a38ee732fcb6", "model_version": "scripted-engineering-only"}
{"event": "task_finished", "trajectory_id": "6b95c8f4-478c-45b9-a819-4b8897d8ef9f", "task_id": "task-705ae2b6a38ee732fcb6", "model_version": "scripted-engineering-only", "outcome": "refused", "task_success": true}
{"event": "task_started", "trajectory_id": "d4fd7047-0c2d-4420-8950-b48fdc5b8e92", "task_id": "task-aacc6eab02d55411c926", "model_version": "scripted-engineering-only"}
{"event": "task_finished", "trajectory_id": "d4fd7047-0c2d-4420-8950-b48fdc5b8e92", "task_id": "task-aacc6eab02d55411c926", "model_version": "scripted-engineering-only", "outcome": "refused", "task_success": true}
{"event": "task_started", "trajectory_id": "e868cc1c-df93-40bc-9e2d-3b6a2152cd0b", "task_id": "task-e69eb5bbc48e257eaed9", "model_version": "scripted-engineering-only"}
{"event": "task_finished", "trajectory_id": "e868cc1c-df93-40bc-9e2d-3b6a2152cd0b", "task_id": "task-e69eb5bbc48e257eaed9", "model_version": "scripted-engineering-only", "outcome": "refused", "task_success": true}
{"event": "task_started", "trajectory_id": "b4742b93-89e1-408d-86d1-7e260749af50", "task_id": "task-d218b76a549bb71d32a3", "model_version": "scripted-engineering-only"}
{"event": "task_finished", "trajectory_id": "b4742b93-89e1-408d-86d1-7e260749af50", "task_id": "task-d218b76a549bb71d32a3", "model_version": "scripted-engineering-only", "outcome": "escalated", "task_success": true}
{"event": "task_started", "trajectory_id": "cc98756a-f718-4541-8795-219cd242e446", "task_id": "task-399f80239f711ea5d908", "model_version": "scripted-engineering-only"}
{"event": "task_finished", "trajectory_id": "cc98756a-f718-4541-8795-219cd242e446", "task_id": "task-399f80239f711ea5d908", "model_version": "scripted-engineering-only", "outcome": "escalated", "task_success": true}
{"event": "task_started", "trajectory_id": "1e0883a5-72e6-42b5-9adf-bc9ef14145dc", "task_id": "task-59a584317a710f1deb73", "model_version": "scripted-engineering-only"}
{"event": "task_finished", "trajectory_id": "1e0883a5-72e6-42b5-9adf-bc9ef14145dc", "task_id": "task-59a584317a710f1deb73", "model_version": "scripted-engineering-only", "outcome": "escalated", "task_success": true}
{"event": "task_started", "trajectory_id": "859e619e-5915-4a0b-b07c-64f0121e3e8e", "task_id": "task-f72263adb1c1d420111e", "model_version": "scripted-engineering-only"}
{"event": "task_finished", "trajectory_id": "859e619e-5915-4a0b-b07c-64f0121e3e8e", "task_id": "task-f72263adb1c1d420111e", "model_version": "scripted-engineering-only", "outcome": "escalated", "task_success": true}
{"event": "task_started", "trajectory_id": "225d4a8c-28ee-4830-a7c7-d603727b0df6", "task_id": "task-90c1813085f31f5299b3", "model_version": "scripted-engineering-only"}
{"event": "task_finished", "trajectory_id": "225d4a8c-28ee-4830-a7c7-d603727b0df6", "task_id": "task-90c1813085f31f5299b3", "model_version": "scripted-engineering-only", "outcome": "escalated", "task_success": true}
{"event": "task_started", "trajectory_id": "b4313173-6f35-4064-98d4-f8c9e45cb953", "task_id": "task-c31ed15c43fec69b21d0", "model_version": "scripted-engineering-only"}
{"event": "task_finished", "trajectory_id": "b4313173-6f35-4064-98d4-f8c9e45cb953", "task_id": "task-c31ed15c43fec69b21d0", "model_version": "scripted-engineering-only", "outcome": "escalated", "task_success": true}
{"event": "task_started", "trajectory_id": "d3d92669-3444-4fcc-a0a7-49529c4421db", "task_id": "task-c4da3551dcd0c1e6d1bc", "model_version": "scripted-engineering-only"}
{"event": "task_finished", "trajectory_id": "d3d92669-3444-4fcc-a0a7-49529c4421db", "task_id": "task-c4da3551dcd0c1e6d1bc", "model_version": "scripted-engineering-only", "outcome": "completed", "task_success": true}
{"event": "task_started", "trajectory_id": "60a361c0-9a73-45c8-abe4-be8d3a908527", "task_id": "task-d573e068640729f6fc0c", "model_version": "scripted-engineering-only"}
{"event": "task_finished", "trajectory_id": "60a361c0-9a73-45c8-abe4-be8d3a908527", "task_id": "task-d573e068640729f6fc0c", "model_version": "scripted-engineering-only", "outcome": "completed", "task_success": true}
{"event": "task_started", "trajectory_id": "70fdfd52-e2d4-401a-9478-ee7b4ea6818f", "task_id": "task-5451f40b657f5bfdccbc", "model_version": "scripted-engineering-only"}
{"event": "task_finished", "trajectory_id": "70fdfd52-e2d4-401a-9478-ee7b4ea6818f", "task_id": "task-5451f40b657f5bfdccbc", "model_version": "scripted-engineering-only", "outcome": "completed", "task_success": true}
{"event": "task_started", "trajectory_id": "46a1be91-13e0-4a18-9ecc-e3e8a5f378e0", "task_id": "task-d71f713e079ab5c2b330", "model_version": "scripted-engineering-only"}
{"event": "task_finished", "trajectory_id": "46a1be91-13e0-4a18-9ecc-e3e8a5f378e0", "task_id": "task-d71f713e079ab5c2b330", "model_version": "scripted-engineering-only", "outcome": "completed", "task_success": true}
{"event": "task_started", "trajectory_id": "91e2d092-830d-48a2-be65-cfa02464808f", "task_id": "task-aa38b5523e6289961272", "model_version": "scripted-engineering-only"}
{"event": "task_finished", "trajectory_id": "91e2d092-830d-48a2-be65-cfa02464808f", "task_id": "task-aa38b5523e6289961272", "model_version": "scripted-engineering-only", "outcome": "completed", "task_success": true}
{"event": "task_started", "trajectory_id": "de9146e1-c6f2-4dcb-a1ba-82d95f65d528", "task_id": "task-45334e54e1889ab54a6c", "model_version": "scripted-engineering-only"}
{"event": "task_finished", "trajectory_id": "de9146e1-c6f2-4dcb-a1ba-82d95f65d528", "task_id": "task-45334e54e1889ab54a6c", "model_version": "scripted-engineering-only", "outcome": "completed", "task_success": true}
{"event": "task_started", "trajectory_id": "e1383dc3-549a-4c81-9193-e8b613ca64ba", "task_id": "task-c50d95cdd2eabf3b7e52", "model_version": "scripted-engineering-only"}
{"event": "task_finished", "trajectory_id": "e1383dc3-549a-4c81-9193-e8b613ca64ba", "task_id": "task-c50d95cdd2eabf3b7e52", "model_version": "scripted-engineering-only", "outcome": "completed", "task_success": true}
{"event": "task_started", "trajectory_id": "43445d8f-55ef-451d-b6b6-7dabd26797e2", "task_id": "task-e730102b9a4395aae8ee", "model_version": "scripted-engineering-only"}
{"event": "task_finished", "trajectory_id": "43445d8f-55ef-451d-b6b6-7dabd26797e2", "task_id": "task-e730102b9a4395aae8ee", "model_version": "scripted-engineering-only", "outcome": "completed", "task_success": true}
{"event": "task_started", "trajectory_id": "56eebef2-b91b-4ed3-8b04-91f79066a519", "task_id": "task-c1422229a8352e1cf4fc", "model_version": "scripted-engineering-only"}
{"event": "task_finished", "trajectory_id": "56eebef2-b91b-4ed3-8b04-91f79066a519", "task_id": "task-c1422229a8352e1cf4fc", "model_version": "scripted-engineering-only", "outcome": "completed", "task_success": true}
{"event": "task_started", "trajectory_id": "faf6c7b3-6859-4450-b6e5-b6d6ae10fde6", "task_id": "task-f67587394339c41f909c", "model_version": "scripted-engineering-only"}
{"event": "task_finished", "trajectory_id": "faf6c7b3-6859-4450-b6e5-b6d6ae10fde6", "task_id": "task-f67587394339c41f909c", "model_version": "scripted-engineering-only", "outcome": "refused", "task_success": true}
{"event": "task_started", "trajectory_id": "e4ae2097-8d2d-4624-ba38-915927270ccc", "task_id": "task-b2e0e6a52eb4cbe28b57", "model_version": "scripted-engineering-only"}
{"event": "task_finished", "trajectory_id": "e4ae2097-8d2d-4624-ba38-915927270ccc", "task_id": "task-b2e0e6a52eb4cbe28b57", "model_version": "scripted-engineering-only", "outcome": "refused", "task_success": true}
{"event": "task_started", "trajectory_id": "dd4f9a56-a4ad-426e-a30f-282e206280a5", "task_id": "task-271e4f001bfbec4ba37f", "model_version": "scripted-engineering-only"}
{"event": "task_finished", "trajectory_id": "dd4f9a56-a4ad-426e-a30f-282e206280a5", "task_id": "task-271e4f001bfbec4ba37f", "model_version": "scripted-engineering-only", "outcome": "refused", "task_success": true}
{"event": "task_started", "trajectory_id": "32c51382-accb-4354-97cc-5f481de8b69c", "task_id": "task-f476ba5bc12924d9bc6b", "model_version": "scripted-engineering-only"}
{"event": "task_finished", "trajectory_id": "32c51382-accb-4354-97cc-5f481de8b69c", "task_id": "task-f476ba5bc12924d9bc6b", "model_version": "scripted-engineering-only", "outcome": "refused", "task_success": true}
{"event": "task_started", "trajectory_id": "09923fc3-208f-472d-bbba-330e37d94b8d", "task_id": "task-5eb647be1fe8d553a68b", "model_version": "scripted-engineering-only"}
{"event": "task_finished", "trajectory_id": "09923fc3-208f-472d-bbba-330e37d94b8d", "task_id": "task-5eb647be1fe8d553a68b", "model_version": "scripted-engineering-only", "outcome": "refused", "task_success": true}
{"event": "task_started", "trajectory_id": "2341e23c-bd36-4550-90d6-b2e97bc9f948", "task_id": "task-07a2025d71ee061f3bd2", "model_version": "scripted-engineering-only"}
{"event": "task_finished", "trajectory_id": "2341e23c-bd36-4550-90d6-b2e97bc9f948", "task_id": "task-07a2025d71ee061f3bd2", "model_version": "scripted-engineering-only", "outcome": "refused", "task_success": true}
{"event": "task_started", "trajectory_id": "ca508621-93e2-4035-8e76-f663e1da3b56", "task_id": "task-a48da85fc162e85f19e2", "model_version": "scripted-engineering-only"}
{"event": "task_finished", "trajectory_id": "ca508621-93e2-4035-8e76-f663e1da3b56", "task_id": "task-a48da85fc162e85f19e2", "model_version": "scripted-engineering-only", "outcome": "escalated", "task_success": true}
{"event": "task_started", "trajectory_id": "a06c15cc-81e7-4a7e-8120-e278e3412560", "task_id": "task-06b8d71a2bcb3273229e", "model_version": "scripted-engineering-only"}
{"event": "task_finished", "trajectory_id": "a06c15cc-81e7-4a7e-8120-e278e3412560", "task_id": "task-06b8d71a2bcb3273229e", "model_version": "scripted-engineering-only", "outcome": "escalated", "task_success": true}
{"event": "task_started", "trajectory_id": "ab25b7c2-c4d9-4a61-a6f7-8c5d0c7aa5c3", "task_id": "task-a54dafe4b4e3bb62483d", "model_version": "scripted-engineering-only"}
{"event": "task_finished", "trajectory_id": "ab25b7c2-c4d9-4a61-a6f7-8c5d0c7aa5c3", "task_id": "task-a54dafe4b4e3bb62483d", "model_version": "scripted-engineering-only", "outcome": "escalated", "task_success": true}
{"event": "task_started", "trajectory_id": "dee5b6cf-2f54-44d9-bb2f-94fbfcf6d7f8", "task_id": "task-965bab023d996aea99f2", "model_version": "scripted-engineering-only"}
{"event": "task_finished", "trajectory_id": "dee5b6cf-2f54-44d9-bb2f-94fbfcf6d7f8", "task_id": "task-965bab023d996aea99f2", "model_version": "scripted-engineering-only", "outcome": "completed", "task_success": true}
{"event": "task_started", "trajectory_id": "e75e8538-5f10-449d-ac86-57e04d6eb5da", "task_id": "task-eba00923d594244d8a50", "model_version": "scripted-engineering-only"}
{"event": "task_finished", "trajectory_id": "e75e8538-5f10-449d-ac86-57e04d6eb5da", "task_id": "task-eba00923d594244d8a50", "model_version": "scripted-engineering-only", "outcome": "completed", "task_success": true}
{"event": "task_started", "trajectory_id": "75172960-d8b5-4525-965c-bf40dd00aebf", "task_id": "task-2d745d5735989f513472", "model_version": "scripted-engineering-only"}
{"event": "task_finished", "trajectory_id": "75172960-d8b5-4525-965c-bf40dd00aebf", "task_id": "task-2d745d5735989f513472", "model_version": "scripted-engineering-only", "outcome": "completed", "task_success": true}
{"event": "task_started", "trajectory_id": "4d857cfd-644e-4456-9daf-51c6b3221321", "task_id": "task-adce80fcd242644af3be", "model_version": "scripted-engineering-only"}
{"event": "task_finished", "trajectory_id": "4d857cfd-644e-4456-9daf-51c6b3221321", "task_id": "task-adce80fcd242644af3be", "model_version": "scripted-engineering-only", "outcome": "escalated", "task_success": true}
{"event": "task_started", "trajectory_id": "16b0dbcb-750d-47ae-9c93-dde651a53a85", "task_id": "task-a3b7dfcd02ab8da95ef8", "model_version": "scripted-engineering-only"}
{"event": "task_finished", "trajectory_id": "16b0dbcb-750d-47ae-9c93-dde651a53a85", "task_id": "task-a3b7dfcd02ab8da95ef8", "model_version": "scripted-engineering-only", "outcome": "escalated", "task_success": true}
{"event": "task_started", "trajectory_id": "77d28558-48e9-4caa-980e-d19b0a16ded1", "task_id": "task-0186019e3d73611b86a1", "model_version": "scripted-engineering-only"}
{"event": "task_finished", "trajectory_id": "77d28558-48e9-4caa-980e-d19b0a16ded1", "task_id": "task-0186019e3d73611b86a1", "model_version": "scripted-engineering-only", "outcome": "escalated", "task_success": true}
{"event": "task_started", "trajectory_id": "763e21a5-9834-4152-bd56-ef9aade95334", "task_id": "task-734d5b0d34d0656564ee", "model_version": "scripted-engineering-only"}
{"event": "task_finished", "trajectory_id": "763e21a5-9834-4152-bd56-ef9aade95334", "task_id": "task-734d5b0d34d0656564ee", "model_version": "scripted-engineering-only", "outcome": "escalated", "task_success": true}
{"event": "task_started", "trajectory_id": "055c5829-bd47-415b-bd6c-dd96c1aff9ef", "task_id": "task-5dceefde9e586fb8376a", "model_version": "scripted-engineering-only"}
{"event": "task_finished", "trajectory_id": "055c5829-bd47-415b-bd6c-dd96c1aff9ef", "task_id": "task-5dceefde9e586fb8376a", "model_version": "scripted-engineering-only", "outcome": "escalated", "task_success": true}
{"event": "task_started", "trajectory_id": "b9f18237-b09e-4ba1-bd07-0617a2e6323c", "task_id": "task-ad1e786facf608c440ac", "model_version": "scripted-engineering-only"}
{"event": "task_finished", "trajectory_id": "b9f18237-b09e-4ba1-bd07-0617a2e6323c", "task_id": "task-ad1e786facf608c440ac", "model_version": "scripted-engineering-only", "outcome": "escalated", "task_success": true}
{"event": "task_started", "trajectory_id": "b6adb9c9-e08e-41ac-a628-88b2441d8a3c", "task_id": "task-bb68b21999ce552f5ffc", "model_version": "scripted-engineering-only"}
{"event": "task_finished", "trajectory_id": "b6adb9c9-e08e-41ac-a628-88b2441d8a3c", "task_id": "task-bb68b21999ce552f5ffc", "model_version": "scripted-engineering-only", "outcome": "completed", "task_success": true}
{"event": "task_started", "trajectory_id": "c50c1e29-47fc-4c8e-a6bf-fd9af743d2d3", "task_id": "task-a1d394ba1d073d7a2eaa", "model_version": "scripted-engineering-only"}
{"event": "task_finished", "trajectory_id": "c50c1e29-47fc-4c8e-a6bf-fd9af743d2d3", "task_id": "task-a1d394ba1d073d7a2eaa", "model_version": "scripted-engineering-only", "outcome": "completed", "task_success": true}
{"event": "task_started", "trajectory_id": "502a8449-8b38-4ae9-a819-46c553667a88", "task_id": "task-edb462866dbadf5ed77c", "model_version": "scripted-engineering-only"}
{"event": "task_finished", "trajectory_id": "502a8449-8b38-4ae9-a819-46c553667a88", "task_id": "task-edb462866dbadf5ed77c", "model_version": "scripted-engineering-only", "outcome": "completed", "task_success": true}
{"event": "task_started", "trajectory_id": "f1358042-73e6-4732-88ce-3775238f8338", "task_id": "task-6dfee218765c8a8ccb03", "model_version": "scripted-engineering-only"}
{"event": "task_finished", "trajectory_id": "f1358042-73e6-4732-88ce-3775238f8338", "task_id": "task-6dfee218765c8a8ccb03", "model_version": "scripted-engineering-only", "outcome": "completed", "task_success": true}
{"event": "task_started", "trajectory_id": "352ceb6f-1d21-4d3a-8fdc-02822384fc89", "task_id": "task-7b7e1c638fa73fcdc0cb", "model_version": "scripted-engineering-only"}
{"event": "task_finished", "trajectory_id": "352ceb6f-1d21-4d3a-8fdc-02822384fc89", "task_id": "task-7b7e1c638fa73fcdc0cb", "model_version": "scripted-engineering-only", "outcome": "completed", "task_success": true}
{"event": "task_started", "trajectory_id": "bae19a50-51de-4d4d-a74d-030db97a3139", "task_id": "task-30eeea5e7635d5b1ecb1", "model_version": "scripted-engineering-only"}
{"event": "task_finished", "trajectory_id": "bae19a50-51de-4d4d-a74d-030db97a3139", "task_id": "task-30eeea5e7635d5b1ecb1", "model_version": "scripted-engineering-only", "outcome": "completed", "task_success": true}
{"event": "task_started", "trajectory_id": "60896e01-a437-4aea-8d3e-e31304ea4f14", "task_id": "task-d1dddd10b1af24b04d3e", "model_version": "scripted-engineering-only"}
{"event": "task_finished", "trajectory_id": "60896e01-a437-4aea-8d3e-e31304ea4f14", "task_id": "task-d1dddd10b1af24b04d3e", "model_version": "scripted-engineering-only", "outcome": "escalated", "task_success": true}
{"event": "task_started", "trajectory_id": "2b1ff2be-821f-42d4-89dd-6ed554e9074c", "task_id": "task-afbdfb29b194d7db817e", "model_version": "scripted-engineering-only"}
{"event": "task_finished", "trajectory_id": "2b1ff2be-821f-42d4-89dd-6ed554e9074c", "task_id": "task-afbdfb29b194d7db817e", "model_version": "scripted-engineering-only", "outcome": "escalated", "task_success": true}
{"event": "task_started", "trajectory_id": "42f6c51a-9c49-4ca7-bf8c-9dd3d6b735b2", "task_id": "task-1cb1631bb12620637a56", "model_version": "scripted-engineering-only"}
{"event": "task_finished", "trajectory_id": "42f6c51a-9c49-4ca7-bf8c-9dd3d6b735b2", "task_id": "task-1cb1631bb12620637a56", "model_version": "scripted-engineering-only", "outcome": "escalated", "task_success": true}
{"event": "task_started", "trajectory_id": "a43bc396-c28c-4304-ab42-b0c4987d91e1", "task_id": "task-86bd6cb9106510ea039f", "model_version": "scripted-engineering-only"}
{"event": "task_finished", "trajectory_id": "a43bc396-c28c-4304-ab42-b0c4987d91e1", "task_id": "task-86bd6cb9106510ea039f", "model_version": "scripted-engineering-only", "outcome": "escalated", "task_success": true}
{"event": "task_started", "trajectory_id": "c6f209ba-c499-469e-991d-3ad123ab7e44", "task_id": "task-28acc947e09e78444ad1", "model_version": "scripted-engineering-only"}
{"event": "task_finished", "trajectory_id": "c6f209ba-c499-469e-991d-3ad123ab7e44", "task_id": "task-28acc947e09e78444ad1", "model_version": "scripted-engineering-only", "outcome": "escalated", "task_success": true}
{"event": "task_started", "trajectory_id": "ff4e1c8a-a525-4bc0-9adb-46a28bf9cab7", "task_id": "task-398eead64c3eeb871099", "model_version": "scripted-engineering-only"}
{"event": "task_finished", "trajectory_id": "ff4e1c8a-a525-4bc0-9adb-46a28bf9cab7", "task_id": "task-398eead64c3eeb871099", "model_version": "scripted-engineering-only", "outcome": "escalated", "task_success": true}
{"event": "task_started", "trajectory_id": "62afe517-245f-4a40-a179-c224299fd84b", "task_id": "task-80544b2a08bd57e8e768", "model_version": "scripted-engineering-only"}
{"event": "task_finished", "trajectory_id": "62afe517-245f-4a40-a179-c224299fd84b", "task_id": "task-80544b2a08bd57e8e768", "model_version": "scripted-engineering-only", "outcome": "completed", "task_success": true}
{"event": "task_started", "trajectory_id": "fdcfc3fe-6c07-4d4f-953c-b077f36e1392", "task_id": "task-673dbc9dd8f247601722", "model_version": "scripted-engineering-only"}
{"event": "task_finished", "trajectory_id": "fdcfc3fe-6c07-4d4f-953c-b077f36e1392", "task_id": "task-673dbc9dd8f247601722", "model_version": "scripted-engineering-only", "outcome": "completed", "task_success": true}
{"event": "task_started", "trajectory_id": "3f6565b0-0874-451a-903b-4a956d2ffa6d", "task_id": "task-ed359ba55106b09d8847", "model_version": "scripted-engineering-only"}
{"event": "task_finished", "trajectory_id": "3f6565b0-0874-451a-903b-4a956d2ffa6d", "task_id": "task-ed359ba55106b09d8847", "model_version": "scripted-engineering-only", "outcome": "completed", "task_success": true}
{"event": "task_started", "trajectory_id": "376fb3f1-642c-410a-ba9b-ab9a12d7e29e", "task_id": "task-292ef81ae14a36c27b3f", "model_version": "scripted-engineering-only"}
{"event": "task_finished", "trajectory_id": "376fb3f1-642c-410a-ba9b-ab9a12d7e29e", "task_id": "task-292ef81ae14a36c27b3f", "model_version": "scripted-engineering-only", "outcome": "refused", "task_success": true}
{"event": "task_started", "trajectory_id": "db4531f1-f749-48e0-ac25-0b73fe8a3166", "task_id": "task-5a00f3a9d86cd9d6c54d", "model_version": "scripted-engineering-only"}
{"event": "task_finished", "trajectory_id": "db4531f1-f749-48e0-ac25-0b73fe8a3166", "task_id": "task-5a00f3a9d86cd9d6c54d", "model_version": "scripted-engineering-only", "outcome": "refused", "task_success": true}
{"event": "task_started", "trajectory_id": "63d04ad8-ffd3-4aa8-881e-caf2bcf47ebe", "task_id": "task-3b9ce844f270fdf7774d", "model_version": "scripted-engineering-only"}
{"event": "task_finished", "trajectory_id": "63d04ad8-ffd3-4aa8-881e-caf2bcf47ebe", "task_id": "task-3b9ce844f270fdf7774d", "model_version": "scripted-engineering-only", "outcome": "refused", "task_success": true}
{"event": "task_started", "trajectory_id": "c1cbd688-6ba1-4df9-8b6e-fd7e40e536b0", "task_id": "task-f9ea9ef01353b4b68e96", "model_version": "scripted-engineering-only"}
{"event": "task_finished", "trajectory_id": "c1cbd688-6ba1-4df9-8b6e-fd7e40e536b0", "task_id": "task-f9ea9ef01353b4b68e96", "model_version": "scripted-engineering-only", "outcome": "refused", "task_success": true}
{"event": "task_started", "trajectory_id": "f63f920e-3cc4-4962-ae18-de0b17a5b5f7", "task_id": "task-98171245bbd786a1517a", "model_version": "scripted-engineering-only"}
{"event": "task_finished", "trajectory_id": "f63f920e-3cc4-4962-ae18-de0b17a5b5f7", "task_id": "task-98171245bbd786a1517a", "model_version": "scripted-engineering-only", "outcome": "refused", "task_success": true}
{"event": "task_started", "trajectory_id": "0ff5a700-0d80-44bc-99ae-fc9ac4d1837c", "task_id": "task-097a2cdd49eb7039eeda", "model_version": "scripted-engineering-only"}
{"event": "task_finished", "trajectory_id": "0ff5a700-0d80-44bc-99ae-fc9ac4d1837c", "task_id": "task-097a2cdd49eb7039eeda", "model_version": "scripted-engineering-only", "outcome": "refused", "task_success": true}
{"event": "task_started", "trajectory_id": "e94e9a9a-3ece-49c2-b539-ea0a45065d69", "task_id": "task-dc45c35c4539665fa28a", "model_version": "scripted-engineering-only"}
{"event": "task_finished", "trajectory_id": "e94e9a9a-3ece-49c2-b539-ea0a45065d69", "task_id": "task-dc45c35c4539665fa28a", "model_version": "scripted-engineering-only", "outcome": "escalated", "task_success": true}
{"event": "task_started", "trajectory_id": "93e45a3f-6dd8-4a80-9536-5e8935287d40", "task_id": "task-012721fdabc6938bfdb4", "model_version": "scripted-engineering-only"}
{"event": "task_finished", "trajectory_id": "93e45a3f-6dd8-4a80-9536-5e8935287d40", "task_id": "task-012721fdabc6938bfdb4", "model_version": "scripted-engineering-only", "outcome": "escalated", "task_success": true}
{"event": "task_started", "trajectory_id": "32f95fbe-d80b-4e03-8c96-f59b2845fdd6", "task_id": "task-7e2db9056f851620b578", "model_version": "scripted-engineering-only"}
{"event": "task_finished", "trajectory_id": "32f95fbe-d80b-4e03-8c96-f59b2845fdd6", "task_id": "task-7e2db9056f851620b578", "model_version": "scripted-engineering-only", "outcome": "escalated", "task_success": true}
{"event": "task_started", "trajectory_id": "50bb5f15-416e-4f0f-b2d7-48dab95d5988", "task_id": "task-56d11969bbac661ba221", "model_version": "scripted-engineering-only"}
{"event": "task_finished", "trajectory_id": "50bb5f15-416e-4f0f-b2d7-48dab95d5988", "task_id": "task-56d11969bbac661ba221", "model_version": "scripted-engineering-only", "outcome": "refused", "task_success": true}
{"event": "task_started", "trajectory_id": "3d669038-0a51-4adb-aca1-8059193ef43f", "task_id": "task-87d7c7fe1cf3dca74c72", "model_version": "scripted-engineering-only"}
{"event": "task_finished", "trajectory_id": "3d669038-0a51-4adb-aca1-8059193ef43f", "task_id": "task-87d7c7fe1cf3dca74c72", "model_version": "scripted-engineering-only", "outcome": "refused", "task_success": true}
{"event": "task_started", "trajectory_id": "a5f6ddcd-eaa5-424f-b3ca-84e587964c2c", "task_id": "task-31dce11192d72a14cb25", "model_version": "scripted-engineering-only"}
{"event": "task_finished", "trajectory_id": "a5f6ddcd-eaa5-424f-b3ca-84e587964c2c", "task_id": "task-31dce11192d72a14cb25", "model_version": "scripted-engineering-only", "outcome": "refused", "task_success": true}
{"event": "task_started", "trajectory_id": "9ddab285-f7fe-43f6-8f42-8a9430f4c589", "task_id": "task-c9c2d9c2d23545eb0e36", "model_version": "scripted-engineering-only"}
{"event": "task_finished", "trajectory_id": "9ddab285-f7fe-43f6-8f42-8a9430f4c589", "task_id": "task-c9c2d9c2d23545eb0e36", "model_version": "scripted-engineering-only", "outcome": "refused", "task_success": true}
{"event": "task_started", "trajectory_id": "f3086c3d-29fd-4008-a731-ee6a3b64fae2", "task_id": "task-9f2dbc26618598f23b3d", "model_version": "scripted-engineering-only"}
{"event": "task_finished", "trajectory_id": "f3086c3d-29fd-4008-a731-ee6a3b64fae2", "task_id": "task-9f2dbc26618598f23b3d", "model_version": "scripted-engineering-only", "outcome": "refused", "task_success": true}
{"event": "task_started", "trajectory_id": "cfa5f6e8-5d75-4dc4-8487-a1f7f80c678e", "task_id": "task-ba01b87f8d3c2b2a0a9d", "model_version": "scripted-engineering-only"}
{"event": "task_finished", "trajectory_id": "cfa5f6e8-5d75-4dc4-8487-a1f7f80c678e", "task_id": "task-ba01b87f8d3c2b2a0a9d", "model_version": "scripted-engineering-only", "outcome": "refused", "task_success": true}
{"event": "task_started", "trajectory_id": "9e83312d-65c6-42fe-991d-7b6a75dfea7a", "task_id": "task-bdd32dbdec43e2d790e2", "model_version": "scripted-engineering-only"}
{"event": "task_finished", "trajectory_id": "9e83312d-65c6-42fe-991d-7b6a75dfea7a", "task_id": "task-bdd32dbdec43e2d790e2", "model_version": "scripted-engineering-only", "outcome": "escalated", "task_success": true}
{"event": "task_started", "trajectory_id": "51efc37f-4a12-4b03-8927-f8849c0c65f5", "task_id": "task-abd88aed3619fa1f2adb", "model_version": "scripted-engineering-only"}
{"event": "task_finished", "trajectory_id": "51efc37f-4a12-4b03-8927-f8849c0c65f5", "task_id": "task-abd88aed3619fa1f2adb", "model_version": "scripted-engineering-only", "outcome": "escalated", "task_success": true}
{"event": "task_started", "trajectory_id": "d11462f1-c0e0-4f18-b923-4d42de2733f0", "task_id": "task-3679379ac0a63d0c5798", "model_version": "scripted-engineering-only"}
{"event": "task_finished", "trajectory_id": "d11462f1-c0e0-4f18-b923-4d42de2733f0", "task_id": "task-3679379ac0a63d0c5798", "model_version": "scripted-engineering-only", "outcome": "escalated", "task_success": true}
{"event": "task_started", "trajectory_id": "db361af7-2b75-4020-803c-b76a5e3a9e3a", "task_id": "task-ec729be391c4a34fe297", "model_version": "scripted-engineering-only"}
{"event": "task_finished", "trajectory_id": "db361af7-2b75-4020-803c-b76a5e3a9e3a", "task_id": "task-ec729be391c4a34fe297", "model_version": "scripted-engineering-only", "outcome": "completed", "task_success": true}
{"event": "task_started", "trajectory_id": "9747035c-4ce8-4001-8211-3261469c66d8", "task_id": "task-b453a658279db88de3c0", "model_version": "scripted-engineering-only"}
{"event": "task_finished", "trajectory_id": "9747035c-4ce8-4001-8211-3261469c66d8", "task_id": "task-b453a658279db88de3c0", "model_version": "scripted-engineering-only", "outcome": "completed", "task_success": true}
{"event": "task_started", "trajectory_id": "a72d082a-f76c-43f9-8a32-52e75b73cd72", "task_id": "task-97af2e092bbdb911a25a", "model_version": "scripted-engineering-only"}
{"event": "task_finished", "trajectory_id": "a72d082a-f76c-43f9-8a32-52e75b73cd72", "task_id": "task-97af2e092bbdb911a25a", "model_version": "scripted-engineering-only", "outcome": "completed", "task_success": true}
{"event": "task_started", "trajectory_id": "bc535a35-ccd0-4c73-9b3f-db341fd5b6eb", "task_id": "task-0724fc5648935c3d16ba", "model_version": "scripted-engineering-only"}
{"event": "task_finished", "trajectory_id": "bc535a35-ccd0-4c73-9b3f-db341fd5b6eb", "task_id": "task-0724fc5648935c3d16ba", "model_version": "scripted-engineering-only", "outcome": "escalated", "task_success": true}
{"event": "task_started", "trajectory_id": "0c729940-753d-4d77-b25f-d5d020f8b32c", "task_id": "task-674a4080fd2f0382b598", "model_version": "scripted-engineering-only"}
{"event": "task_finished", "trajectory_id": "0c729940-753d-4d77-b25f-d5d020f8b32c", "task_id": "task-674a4080fd2f0382b598", "model_version": "scripted-engineering-only", "outcome": "escalated", "task_success": true}
{"event": "task_started", "trajectory_id": "866bd8bd-ed04-4191-9ff4-8b1ec69a9d84", "task_id": "task-3feda8a21f9775e1db88", "model_version": "scripted-engineering-only"}
{"event": "task_finished", "trajectory_id": "866bd8bd-ed04-4191-9ff4-8b1ec69a9d84", "task_id": "task-3feda8a21f9775e1db88", "model_version": "scripted-engineering-only", "outcome": "escalated", "task_success": true}
{"event": "task_started", "trajectory_id": "03332398-b803-41f8-8aae-29cb2224c58e", "task_id": "task-0e084016f0ee902062e6", "model_version": "scripted-engineering-only"}
{"event": "task_finished", "trajectory_id": "03332398-b803-41f8-8aae-29cb2224c58e", "task_id": "task-0e084016f0ee902062e6", "model_version": "scripted-engineering-only", "outcome": "completed", "task_success": true}
{"event": "task_started", "trajectory_id": "9f2e8f14-1f71-4e06-bf7a-bbc56b23c1a5", "task_id": "task-4c6c1f9967c096b34002", "model_version": "scripted-engineering-only"}
{"event": "task_finished", "trajectory_id": "9f2e8f14-1f71-4e06-bf7a-bbc56b23c1a5", "task_id": "task-4c6c1f9967c096b34002", "model_version": "scripted-engineering-only", "outcome": "completed", "task_success": true}
{"event": "task_started", "trajectory_id": "acd33f83-462d-4e7c-a5b9-951231447431", "task_id": "task-5d8affbfbc38c6af2a55", "model_version": "scripted-engineering-only"}
{"event": "task_finished", "trajectory_id": "acd33f83-462d-4e7c-a5b9-951231447431", "task_id": "task-5d8affbfbc38c6af2a55", "model_version": "scripted-engineering-only", "outcome": "completed", "task_success": true}
{"event": "task_started", "trajectory_id": "d9e3a01f-f7b1-4b6f-aa7c-87c0d4e3f52a", "task_id": "task-705ae2b6a38ee732fcb6", "model_version": "scripted-engineering-only"}
{"event": "task_finished", "trajectory_id": "d9e3a01f-f7b1-4b6f-aa7c-87c0d4e3f52a", "task_id": "task-705ae2b6a38ee732fcb6", "model_version": "scripted-engineering-only", "outcome": "refused", "task_success": true}
{"event": "task_started", "trajectory_id": "a6e21539-e968-431d-9e29-b5cc0c2c1e2c", "task_id": "task-aacc6eab02d55411c926", "model_version": "scripted-engineering-only"}
{"event": "task_finished", "trajectory_id": "a6e21539-e968-431d-9e29-b5cc0c2c1e2c", "task_id": "task-aacc6eab02d55411c926", "model_version": "scripted-engineering-only", "outcome": "refused", "task_success": true}
{"event": "task_started", "trajectory_id": "ed821fe6-2888-4d08-9ca2-8d01c97ed69b", "task_id": "task-e69eb5bbc48e257eaed9", "model_version": "scripted-engineering-only"}
{"event": "task_finished", "trajectory_id": "ed821fe6-2888-4d08-9ca2-8d01c97ed69b", "task_id": "task-e69eb5bbc48e257eaed9", "model_version": "scripted-engineering-only", "outcome": "refused", "task_success": true}
{"event": "task_started", "trajectory_id": "c03b0d49-b2ac-47a5-88ca-0b59b8f251ce", "task_id": "task-d218b76a549bb71d32a3", "model_version": "scripted-engineering-only"}
{"event": "task_finished", "trajectory_id": "c03b0d49-b2ac-47a5-88ca-0b59b8f251ce", "task_id": "task-d218b76a549bb71d32a3", "model_version": "scripted-engineering-only", "outcome": "escalated", "task_success": true}
{"event": "task_started", "trajectory_id": "919bfc69-cccb-4f1e-b35d-54670aea2863", "task_id": "task-399f80239f711ea5d908", "model_version": "scripted-engineering-only"}
{"event": "task_finished", "trajectory_id": "919bfc69-cccb-4f1e-b35d-54670aea2863", "task_id": "task-399f80239f711ea5d908", "model_version": "scripted-engineering-only", "outcome": "escalated", "task_success": true}
{"event": "task_started", "trajectory_id": "8f828921-2492-4b77-8982-160557cde750", "task_id": "task-59a584317a710f1deb73", "model_version": "scripted-engineering-only"}
{"event": "task_finished", "trajectory_id": "8f828921-2492-4b77-8982-160557cde750", "task_id": "task-59a584317a710f1deb73", "model_version": "scripted-engineering-only", "outcome": "escalated", "task_success": true}
{"event": "task_started", "trajectory_id": "c3ba4ee0-0f66-4768-82e2-a40f9921899b", "task_id": "task-f72263adb1c1d420111e", "model_version": "scripted-engineering-only"}
{"event": "task_finished", "trajectory_id": "c3ba4ee0-0f66-4768-82e2-a40f9921899b", "task_id": "task-f72263adb1c1d420111e", "model_version": "scripted-engineering-only", "outcome": "escalated", "task_success": true}
{"event": "task_started", "trajectory_id": "1c3c9d43-8c48-4e41-b929-50023466e3eb", "task_id": "task-90c1813085f31f5299b3", "model_version": "scripted-engineering-only"}
{"event": "task_finished", "trajectory_id": "1c3c9d43-8c48-4e41-b929-50023466e3eb", "task_id": "task-90c1813085f31f5299b3", "model_version": "scripted-engineering-only", "outcome": "escalated", "task_success": true}
{"event": "task_started", "trajectory_id": "4565298d-2e3f-4557-bc2e-9ea8cc0e77d7", "task_id": "task-c31ed15c43fec69b21d0", "model_version": "scripted-engineering-only"}
{"event": "task_finished", "trajectory_id": "4565298d-2e3f-4557-bc2e-9ea8cc0e77d7", "task_id": "task-c31ed15c43fec69b21d0", "model_version": "scripted-engineering-only", "outcome": "escalated", "task_success": true}
{"event": "task_started", "trajectory_id": "e7a67fec-74df-4625-90e5-8917eea4df80", "task_id": "task-c4da3551dcd0c1e6d1bc", "model_version": "scripted-engineering-only"}
{"event": "task_finished", "trajectory_id": "e7a67fec-74df-4625-90e5-8917eea4df80", "task_id": "task-c4da3551dcd0c1e6d1bc", "model_version": "scripted-engineering-only", "outcome": "completed", "task_success": true}
{"event": "task_started", "trajectory_id": "f240084f-4dc7-4191-b380-465c61861ceb", "task_id": "task-d573e068640729f6fc0c", "model_version": "scripted-engineering-only"}
{"event": "task_finished", "trajectory_id": "f240084f-4dc7-4191-b380-465c61861ceb", "task_id": "task-d573e068640729f6fc0c", "model_version": "scripted-engineering-only", "outcome": "completed", "task_success": true}
{"event": "task_started", "trajectory_id": "5f825f31-8b1a-4d7a-970a-0db43eae1605", "task_id": "task-5451f40b657f5bfdccbc", "model_version": "scripted-engineering-only"}
{"event": "task_finished", "trajectory_id": "5f825f31-8b1a-4d7a-970a-0db43eae1605", "task_id": "task-5451f40b657f5bfdccbc", "model_version": "scripted-engineering-only", "outcome": "completed", "task_success": true}
{"event": "task_started", "trajectory_id": "5a4a04b3-df5f-4ff4-8e2c-ea8be3b1935c", "task_id": "task-d71f713e079ab5c2b330", "model_version": "scripted-engineering-only"}
{"event": "task_finished", "trajectory_id": "5a4a04b3-df5f-4ff4-8e2c-ea8be3b1935c", "task_id": "task-d71f713e079ab5c2b330", "model_version": "scripted-engineering-only", "outcome": "completed", "task_success": true}
{"event": "task_started", "trajectory_id": "fd91f112-6bcd-4ce6-acf3-ba587480417c", "task_id": "task-aa38b5523e6289961272", "model_version": "scripted-engineering-only"}
{"event": "task_finished", "trajectory_id": "fd91f112-6bcd-4ce6-acf3-ba587480417c", "task_id": "task-aa38b5523e6289961272", "model_version": "scripted-engineering-only", "outcome": "completed", "task_success": true}
{"event": "task_started", "trajectory_id": "801a534e-bb60-470a-8796-9c4b655f9679", "task_id": "task-45334e54e1889ab54a6c", "model_version": "scripted-engineering-only"}
{"event": "task_finished", "trajectory_id": "801a534e-bb60-470a-8796-9c4b655f9679", "task_id": "task-45334e54e1889ab54a6c", "model_version": "scripted-engineering-only", "outcome": "completed", "task_success": true}
{"event": "task_started", "trajectory_id": "aa9f1bf1-f349-483c-bb32-3b8ba7e8cc03", "task_id": "task-c50d95cdd2eabf3b7e52", "model_version": "scripted-engineering-only"}
{"event": "task_finished", "trajectory_id": "aa9f1bf1-f349-483c-bb32-3b8ba7e8cc03", "task_id": "task-c50d95cdd2eabf3b7e52", "model_version": "scripted-engineering-only", "outcome": "completed", "task_success": true}
{"event": "task_started", "trajectory_id": "4c6b495d-4b05-44d5-a175-61c97b807dd2", "task_id": "task-e730102b9a4395aae8ee", "model_version": "scripted-engineering-only"}
{"event": "task_finished", "trajectory_id": "4c6b495d-4b05-44d5-a175-61c97b807dd2", "task_id": "task-e730102b9a4395aae8ee", "model_version": "scripted-engineering-only", "outcome": "completed", "task_success": true}
{"event": "task_started", "trajectory_id": "03b1577f-637f-4e03-ba63-e8d6c1ce2e20", "task_id": "task-c1422229a8352e1cf4fc", "model_version": "scripted-engineering-only"}
{"event": "task_finished", "trajectory_id": "03b1577f-637f-4e03-ba63-e8d6c1ce2e20", "task_id": "task-c1422229a8352e1cf4fc", "model_version": "scripted-engineering-only", "outcome": "completed", "task_success": true}
{"event": "task_started", "trajectory_id": "21d0df1a-2813-4078-9409-e119227ae0d6", "task_id": "task-f67587394339c41f909c", "model_version": "scripted-engineering-only"}
{"event": "task_finished", "trajectory_id": "21d0df1a-2813-4078-9409-e119227ae0d6", "task_id": "task-f67587394339c41f909c", "model_version": "scripted-engineering-only", "outcome": "refused", "task_success": true}
{"event": "task_started", "trajectory_id": "a3661150-2c31-4fae-9105-d90e8bd18949", "task_id": "task-b2e0e6a52eb4cbe28b57", "model_version": "scripted-engineering-only"}
{"event": "task_finished", "trajectory_id": "a3661150-2c31-4fae-9105-d90e8bd18949", "task_id": "task-b2e0e6a52eb4cbe28b57", "model_version": "scripted-engineering-only", "outcome": "refused", "task_success": true}
{"event": "task_started", "trajectory_id": "804a8b39-f886-46ee-833d-0c7bf950ca8b", "task_id": "task-271e4f001bfbec4ba37f", "model_version": "scripted-engineering-only"}
{"event": "task_finished", "trajectory_id": "804a8b39-f886-46ee-833d-0c7bf950ca8b", "task_id": "task-271e4f001bfbec4ba37f", "model_version": "scripted-engineering-only", "outcome": "refused", "task_success": true}
{"event": "task_started", "trajectory_id": "ee3936b0-1c3a-49c3-a439-6c937edf8e0c", "task_id": "task-f476ba5bc12924d9bc6b", "model_version": "scripted-engineering-only"}
{"event": "task_finished", "trajectory_id": "ee3936b0-1c3a-49c3-a439-6c937edf8e0c", "task_id": "task-f476ba5bc12924d9bc6b", "model_version": "scripted-engineering-only", "outcome": "refused", "task_success": true}
{"event": "task_started", "trajectory_id": "676ee8a6-3d17-4a62-9d3e-20f4e6fa44ba", "task_id": "task-5eb647be1fe8d553a68b", "model_version": "scripted-engineering-only"}
{"event": "task_finished", "trajectory_id": "676ee8a6-3d17-4a62-9d3e-20f4e6fa44ba", "task_id": "task-5eb647be1fe8d553a68b", "model_version": "scripted-engineering-only", "outcome": "refused", "task_success": true}
{"event": "task_started", "trajectory_id": "f7f7421e-356f-4ce8-9b6e-0980e5d0dfa9", "task_id": "task-07a2025d71ee061f3bd2", "model_version": "scripted-engineering-only"}
{"event": "task_finished", "trajectory_id": "f7f7421e-356f-4ce8-9b6e-0980e5d0dfa9", "task_id": "task-07a2025d71ee061f3bd2", "model_version": "scripted-engineering-only", "outcome": "refused", "task_success": true}
{"event": "task_started", "trajectory_id": "3f8d1f18-2d15-471e-9cdc-425b0eb3e33c", "task_id": "task-a48da85fc162e85f19e2", "model_version": "scripted-engineering-only"}
{"event": "task_finished", "trajectory_id": "3f8d1f18-2d15-471e-9cdc-425b0eb3e33c", "task_id": "task-a48da85fc162e85f19e2", "model_version": "scripted-engineering-only", "outcome": "escalated", "task_success": true}
{"event": "task_started", "trajectory_id": "d47f2789-017e-4e4a-a7e6-ff469b1abb8d", "task_id": "task-06b8d71a2bcb3273229e", "model_version": "scripted-engineering-only"}
{"event": "task_finished", "trajectory_id": "d47f2789-017e-4e4a-a7e6-ff469b1abb8d", "task_id": "task-06b8d71a2bcb3273229e", "model_version": "scripted-engineering-only", "outcome": "escalated", "task_success": true}
{"event": "task_started", "trajectory_id": "189c5493-a740-4384-9537-52bb4abc1e79", "task_id": "task-a54dafe4b4e3bb62483d", "model_version": "scripted-engineering-only"}
{"event": "task_finished", "trajectory_id": "189c5493-a740-4384-9537-52bb4abc1e79", "task_id": "task-a54dafe4b4e3bb62483d", "model_version": "scripted-engineering-only", "outcome": "escalated", "task_success": true}
{"event": "task_started", "trajectory_id": "6653987c-0081-4a70-b794-3716a5be1c4d", "task_id": "task-965bab023d996aea99f2", "model_version": "scripted-engineering-only"}
{"event": "task_finished", "trajectory_id": "6653987c-0081-4a70-b794-3716a5be1c4d", "task_id": "task-965bab023d996aea99f2", "model_version": "scripted-engineering-only", "outcome": "completed", "task_success": true}
{"event": "task_started", "trajectory_id": "874b4ba2-3b33-4393-a7c6-f091d9ed59b7", "task_id": "task-eba00923d594244d8a50", "model_version": "scripted-engineering-only"}
{"event": "task_finished", "trajectory_id": "874b4ba2-3b33-4393-a7c6-f091d9ed59b7", "task_id": "task-eba00923d594244d8a50", "model_version": "scripted-engineering-only", "outcome": "completed", "task_success": true}
{"event": "task_started", "trajectory_id": "7ee31d85-494a-4a46-a597-a58287aa4025", "task_id": "task-2d745d5735989f513472", "model_version": "scripted-engineering-only"}
{"event": "task_finished", "trajectory_id": "7ee31d85-494a-4a46-a597-a58287aa4025", "task_id": "task-2d745d5735989f513472", "model_version": "scripted-engineering-only", "outcome": "completed", "task_success": true}
{"event": "task_started", "trajectory_id": "504698ca-2f7e-4be4-a1b1-7a92f895428c", "task_id": "task-adce80fcd242644af3be", "model_version": "scripted-engineering-only"}
{"event": "task_finished", "trajectory_id": "504698ca-2f7e-4be4-a1b1-7a92f895428c", "task_id": "task-adce80fcd242644af3be", "model_version": "scripted-engineering-only", "outcome": "escalated", "task_success": true}
{"event": "task_started", "trajectory_id": "72d27248-0d62-4c50-88b6-59ebb1bdea6a", "task_id": "task-a3b7dfcd02ab8da95ef8", "model_version": "scripted-engineering-only"}
{"event": "task_finished", "trajectory_id": "72d27248-0d62-4c50-88b6-59ebb1bdea6a", "task_id": "task-a3b7dfcd02ab8da95ef8", "model_version": "scripted-engineering-only", "outcome": "escalated", "task_success": true}
{"event": "task_started", "trajectory_id": "3bec6f59-a9de-4935-ba46-61b9ae224717", "task_id": "task-0186019e3d73611b86a1", "model_version": "scripted-engineering-only"}
{"event": "task_finished", "trajectory_id": "3bec6f59-a9de-4935-ba46-61b9ae224717", "task_id": "task-0186019e3d73611b86a1", "model_version": "scripted-engineering-only", "outcome": "escalated", "task_success": true}
{"event": "task_started", "trajectory_id": "3f211e5a-e5fc-4f54-b6da-25a941d4ffb3", "task_id": "task-734d5b0d34d0656564ee", "model_version": "scripted-engineering-only"}
{"event": "task_finished", "trajectory_id": "3f211e5a-e5fc-4f54-b6da-25a941d4ffb3", "task_id": "task-734d5b0d34d0656564ee", "model_version": "scripted-engineering-only", "outcome": "escalated", "task_success": true}
{"event": "task_started", "trajectory_id": "0815262f-e8e5-44ba-ac9b-8255454f9c5c", "task_id": "task-5dceefde9e586fb8376a", "model_version": "scripted-engineering-only"}
{"event": "task_finished", "trajectory_id": "0815262f-e8e5-44ba-ac9b-8255454f9c5c", "task_id": "task-5dceefde9e586fb8376a", "model_version": "scripted-engineering-only", "outcome": "escalated", "task_success": true}
{"event": "task_started", "trajectory_id": "ef478678-86dc-4e14-849b-9a06ff48f3d8", "task_id": "task-ad1e786facf608c440ac", "model_version": "scripted-engineering-only"}
{"event": "task_finished", "trajectory_id": "ef478678-86dc-4e14-849b-9a06ff48f3d8", "task_id": "task-ad1e786facf608c440ac", "model_version": "scripted-engineering-only", "outcome": "escalated", "task_success": true}
{"event": "task_started", "trajectory_id": "b514ae91-73cb-4264-ade8-6ddd8c874d79", "task_id": "task-bb68b21999ce552f5ffc", "model_version": "scripted-engineering-only"}
{"event": "task_finished", "trajectory_id": "b514ae91-73cb-4264-ade8-6ddd8c874d79", "task_id": "task-bb68b21999ce552f5ffc", "model_version": "scripted-engineering-only", "outcome": "completed", "task_success": true}
{"event": "task_started", "trajectory_id": "0aae6d99-7e14-4da4-b881-891decb1ea98", "task_id": "task-a1d394ba1d073d7a2eaa", "model_version": "scripted-engineering-only"}
{"event": "task_finished", "trajectory_id": "0aae6d99-7e14-4da4-b881-891decb1ea98", "task_id": "task-a1d394ba1d073d7a2eaa", "model_version": "scripted-engineering-only", "outcome": "completed", "task_success": true}
{"event": "task_started", "trajectory_id": "ec5471c4-fff5-4066-9779-10e91f87055e", "task_id": "task-edb462866dbadf5ed77c", "model_version": "scripted-engineering-only"}
{"event": "task_finished", "trajectory_id": "ec5471c4-fff5-4066-9779-10e91f87055e", "task_id": "task-edb462866dbadf5ed77c", "model_version": "scripted-engineering-only", "outcome": "completed", "task_success": true}
{"event": "task_started", "trajectory_id": "90f3240d-453c-45b7-9e80-8d9c075dab64", "task_id": "task-6dfee218765c8a8ccb03", "model_version": "scripted-engineering-only"}
{"event": "task_finished", "trajectory_id": "90f3240d-453c-45b7-9e80-8d9c075dab64", "task_id": "task-6dfee218765c8a8ccb03", "model_version": "scripted-engineering-only", "outcome": "completed", "task_success": true}
{"event": "task_started", "trajectory_id": "b91ac649-6b57-4ddb-9249-9496b612ce28", "task_id": "task-7b7e1c638fa73fcdc0cb", "model_version": "scripted-engineering-only"}
{"event": "task_finished", "trajectory_id": "b91ac649-6b57-4ddb-9249-9496b612ce28", "task_id": "task-7b7e1c638fa73fcdc0cb", "model_version": "scripted-engineering-only", "outcome": "completed", "task_success": true}
{"event": "task_started", "trajectory_id": "9535d47d-7d22-412d-9ee0-1b5b0e820f11", "task_id": "task-30eeea5e7635d5b1ecb1", "model_version": "scripted-engineering-only"}
{"event": "task_finished", "trajectory_id": "9535d47d-7d22-412d-9ee0-1b5b0e820f11", "task_id": "task-30eeea5e7635d5b1ecb1", "model_version": "scripted-engineering-only", "outcome": "completed", "task_success": true}
{"event": "task_started", "trajectory_id": "d240dab5-d084-430d-bff0-79b4ec3707cc", "task_id": "task-d1dddd10b1af24b04d3e", "model_version": "scripted-engineering-only"}
{"event": "task_finished", "trajectory_id": "d240dab5-d084-430d-bff0-79b4ec3707cc", "task_id": "task-d1dddd10b1af24b04d3e", "model_version": "scripted-engineering-only", "outcome": "escalated", "task_success": true}
{"event": "task_started", "trajectory_id": "409571ba-4f7d-4136-85d8-289e3c34397b", "task_id": "task-afbdfb29b194d7db817e", "model_version": "scripted-engineering-only"}
{"event": "task_finished", "trajectory_id": "409571ba-4f7d-4136-85d8-289e3c34397b", "task_id": "task-afbdfb29b194d7db817e", "model_version": "scripted-engineering-only", "outcome": "escalated", "task_success": true}
{"event": "task_started", "trajectory_id": "bef22c7e-6e53-4d54-99f1-cda7999b029e", "task_id": "task-1cb1631bb12620637a56", "model_version": "scripted-engineering-only"}
{"event": "task_finished", "trajectory_id": "bef22c7e-6e53-4d54-99f1-cda7999b029e", "task_id": "task-1cb1631bb12620637a56", "model_version": "scripted-engineering-only", "outcome": "escalated", "task_success": true}
{"event": "task_started", "trajectory_id": "a7482bdc-e81b-46e7-9dcb-35c408537948", "task_id": "task-86bd6cb9106510ea039f", "model_version": "scripted-engineering-only"}
{"event": "task_finished", "trajectory_id": "a7482bdc-e81b-46e7-9dcb-35c408537948", "task_id": "task-86bd6cb9106510ea039f", "model_version": "scripted-engineering-only", "outcome": "escalated", "task_success": true}
{"event": "task_started", "trajectory_id": "857746c5-da6e-4a46-b013-b1b1e387c923", "task_id": "task-28acc947e09e78444ad1", "model_version": "scripted-engineering-only"}
{"event": "task_finished", "trajectory_id": "857746c5-da6e-4a46-b013-b1b1e387c923", "task_id": "task-28acc947e09e78444ad1", "model_version": "scripted-engineering-only", "outcome": "escalated", "task_success": true}
{"event": "task_started", "trajectory_id": "7b940209-50f2-4b83-939b-7d07abf79dc0", "task_id": "task-398eead64c3eeb871099", "model_version": "scripted-engineering-only"}
{"event": "task_finished", "trajectory_id": "7b940209-50f2-4b83-939b-7d07abf79dc0", "task_id": "task-398eead64c3eeb871099", "model_version": "scripted-engineering-only", "outcome": "escalated", "task_success": true}
{"event": "task_started", "trajectory_id": "f224173b-fd9b-46df-98ef-ff9e40ff8758", "task_id": "task-80544b2a08bd57e8e768", "model_version": "scripted-engineering-only"}
{"event": "task_finished", "trajectory_id": "f224173b-fd9b-46df-98ef-ff9e40ff8758", "task_id": "task-80544b2a08bd57e8e768", "model_version": "scripted-engineering-only", "outcome": "completed", "task_success": true}
{"event": "task_started", "trajectory_id": "924b6cf8-c55c-4b09-a4c3-000852107422", "task_id": "task-673dbc9dd8f247601722", "model_version": "scripted-engineering-only"}
{"event": "task_finished", "trajectory_id": "924b6cf8-c55c-4b09-a4c3-000852107422", "task_id": "task-673dbc9dd8f247601722", "model_version": "scripted-engineering-only", "outcome": "completed", "task_success": true}
{"event": "task_started", "trajectory_id": "c170cb04-fb66-4975-b222-e5dddc61221c", "task_id": "task-ed359ba55106b09d8847", "model_version": "scripted-engineering-only"}
{"event": "task_finished", "trajectory_id": "c170cb04-fb66-4975-b222-e5dddc61221c", "task_id": "task-ed359ba55106b09d8847", "model_version": "scripted-engineering-only", "outcome": "completed", "task_success": true}
{"event": "task_started", "trajectory_id": "699d796b-07d3-432c-8d8d-82851fe865d1", "task_id": "task-292ef81ae14a36c27b3f", "model_version": "scripted-engineering-only"}
{"event": "task_finished", "trajectory_id": "699d796b-07d3-432c-8d8d-82851fe865d1", "task_id": "task-292ef81ae14a36c27b3f", "model_version": "scripted-engineering-only", "outcome": "refused", "task_success": true}
{"event": "task_started", "trajectory_id": "8d0a863e-3f91-4ee3-864a-1154ddc2a458", "task_id": "task-5a00f3a9d86cd9d6c54d", "model_version": "scripted-engineering-only"}
{"event": "task_finished", "trajectory_id": "8d0a863e-3f91-4ee3-864a-1154ddc2a458", "task_id": "task-5a00f3a9d86cd9d6c54d", "model_version": "scripted-engineering-only", "outcome": "refused", "task_success": true}
{"event": "task_started", "trajectory_id": "aeeb285a-c20c-4da4-99c7-77188df09186", "task_id": "task-3b9ce844f270fdf7774d", "model_version": "scripted-engineering-only"}
{"event": "task_finished", "trajectory_id": "aeeb285a-c20c-4da4-99c7-77188df09186", "task_id": "task-3b9ce844f270fdf7774d", "model_version": "scripted-engineering-only", "outcome": "refused", "task_success": true}
{"event": "task_started", "trajectory_id": "447551b2-6165-4e97-851a-6fe49c573846", "task_id": "task-f9ea9ef01353b4b68e96", "model_version": "scripted-engineering-only"}
{"event": "task_finished", "trajectory_id": "447551b2-6165-4e97-851a-6fe49c573846", "task_id": "task-f9ea9ef01353b4b68e96", "model_version": "scripted-engineering-only", "outcome": "refused", "task_success": true}
{"event": "task_started", "trajectory_id": "5aa6e70a-f35b-440e-ae7d-2a0c25df2861", "task_id": "task-98171245bbd786a1517a", "model_version": "scripted-engineering-only"}
{"event": "task_finished", "trajectory_id": "5aa6e70a-f35b-440e-ae7d-2a0c25df2861", "task_id": "task-98171245bbd786a1517a", "model_version": "scripted-engineering-only", "outcome": "refused", "task_success": true}
{"event": "task_started", "trajectory_id": "e943f1d3-3bb7-41a4-bda9-153a263d2f96", "task_id": "task-097a2cdd49eb7039eeda", "model_version": "scripted-engineering-only"}
{"event": "task_finished", "trajectory_id": "e943f1d3-3bb7-41a4-bda9-153a263d2f96", "task_id": "task-097a2cdd49eb7039eeda", "model_version": "scripted-engineering-only", "outcome": "refused", "task_success": true}
{"event": "task_started", "trajectory_id": "315a7a76-fb01-4da0-a8ff-de348dc0ed24", "task_id": "task-dc45c35c4539665fa28a", "model_version": "scripted-engineering-only"}
{"event": "task_finished", "trajectory_id": "315a7a76-fb01-4da0-a8ff-de348dc0ed24", "task_id": "task-dc45c35c4539665fa28a", "model_version": "scripted-engineering-only", "outcome": "escalated", "task_success": true}
{"event": "task_started", "trajectory_id": "4e7f0959-5ea2-4555-8833-0e9b653608d0", "task_id": "task-012721fdabc6938bfdb4", "model_version": "scripted-engineering-only"}
{"event": "task_finished", "trajectory_id": "4e7f0959-5ea2-4555-8833-0e9b653608d0", "task_id": "task-012721fdabc6938bfdb4", "model_version": "scripted-engineering-only", "outcome": "escalated", "task_success": true}
{"event": "task_started", "trajectory_id": "72fb0ae4-17ab-4ec7-b1b5-0c0d88733f3e", "task_id": "task-7e2db9056f851620b578", "model_version": "scripted-engineering-only"}
{"event": "task_finished", "trajectory_id": "72fb0ae4-17ab-4ec7-b1b5-0c0d88733f3e", "task_id": "task-7e2db9056f851620b578", "model_version": "scripted-engineering-only", "outcome": "escalated", "task_success": true}
{"event": "task_started", "trajectory_id": "36192321-a3b0-4b70-ba6e-d4662d5556df", "task_id": "task-56d11969bbac661ba221", "model_version": "scripted-engineering-only"}
{"event": "task_finished", "trajectory_id": "36192321-a3b0-4b70-ba6e-d4662d5556df", "task_id": "task-56d11969bbac661ba221", "model_version": "scripted-engineering-only", "outcome": "refused", "task_success": true}
{"event": "task_started", "trajectory_id": "e440f2d9-c8d4-42ae-9959-22766e83ee6a", "task_id": "task-87d7c7fe1cf3dca74c72", "model_version": "scripted-engineering-only"}
{"event": "task_finished", "trajectory_id": "e440f2d9-c8d4-42ae-9959-22766e83ee6a", "task_id": "task-87d7c7fe1cf3dca74c72", "model_version": "scripted-engineering-only", "outcome": "refused", "task_success": true}
{"event": "task_started", "trajectory_id": "021d856c-a6b1-4d25-a709-4f7e7b6ee119", "task_id": "task-31dce11192d72a14cb25", "model_version": "scripted-engineering-only"}
{"event": "task_finished", "trajectory_id": "021d856c-a6b1-4d25-a709-4f7e7b6ee119", "task_id": "task-31dce11192d72a14cb25", "model_version": "scripted-engineering-only", "outcome": "refused", "task_success": true}
{"event": "task_started", "trajectory_id": "c61bd5f5-0484-4d45-b850-1573c59f2531", "task_id": "task-c9c2d9c2d23545eb0e36", "model_version": "scripted-engineering-only"}
{"event": "task_finished", "trajectory_id": "c61bd5f5-0484-4d45-b850-1573c59f2531", "task_id": "task-c9c2d9c2d23545eb0e36", "model_version": "scripted-engineering-only", "outcome": "refused", "task_success": true}
{"event": "task_started", "trajectory_id": "caa41786-5fba-4d98-a017-f6fca3ec334d", "task_id": "task-9f2dbc26618598f23b3d", "model_version": "scripted-engineering-only"}
{"event": "task_finished", "trajectory_id": "caa41786-5fba-4d98-a017-f6fca3ec334d", "task_id": "task-9f2dbc26618598f23b3d", "model_version": "scripted-engineering-only", "outcome": "refused", "task_success": true}
{"event": "task_started", "trajectory_id": "ea75e138-b045-4e99-8395-92c8a38ee148", "task_id": "task-ba01b87f8d3c2b2a0a9d", "model_version": "scripted-engineering-only"}
{"event": "task_finished", "trajectory_id": "ea75e138-b045-4e99-8395-92c8a38ee148", "task_id": "task-ba01b87f8d3c2b2a0a9d", "model_version": "scripted-engineering-only", "outcome": "refused", "task_success": true}
{"event": "task_started", "trajectory_id": "82b82210-f5df-4358-aab6-5772556ad79f", "task_id": "task-bdd32dbdec43e2d790e2", "model_version": "scripted-engineering-only"}
{"event": "task_finished", "trajectory_id": "82b82210-f5df-4358-aab6-5772556ad79f", "task_id": "task-bdd32dbdec43e2d790e2", "model_version": "scripted-engineering-only", "outcome": "escalated", "task_success": true}
{"event": "task_started", "trajectory_id": "eae0e15c-6164-4131-8d90-dde5fe5273ca", "task_id": "task-abd88aed3619fa1f2adb", "model_version": "scripted-engineering-only"}
{"event": "task_finished", "trajectory_id": "eae0e15c-6164-4131-8d90-dde5fe5273ca", "task_id": "task-abd88aed3619fa1f2adb", "model_version": "scripted-engineering-only", "outcome": "escalated", "task_success": true}
{"event": "task_started", "trajectory_id": "b0a672c3-d198-401c-b2ff-61ec6ad8946b", "task_id": "task-3679379ac0a63d0c5798", "model_version": "scripted-engineering-only"}
{"event": "task_finished", "trajectory_id": "b0a672c3-d198-401c-b2ff-61ec6ad8946b", "task_id": "task-3679379ac0a63d0c5798", "model_version": "scripted-engineering-only", "outcome": "escalated", "task_success": true}
{"event": "task_started", "trajectory_id": "f65ce91e-c9cd-4eb9-ad55-721b31bba7db", "task_id": "task-ec729be391c4a34fe297", "model_version": "scripted-engineering-only"}
{"event": "task_finished", "trajectory_id": "f65ce91e-c9cd-4eb9-ad55-721b31bba7db", "task_id": "task-ec729be391c4a34fe297", "model_version": "scripted-engineering-only", "outcome": "completed", "task_success": true}
{"event": "task_started", "trajectory_id": "27c47db3-215a-4f4a-9a8a-0c6451ee0cc8", "task_id": "task-b453a658279db88de3c0", "model_version": "scripted-engineering-only"}
{"event": "task_finished", "trajectory_id": "27c47db3-215a-4f4a-9a8a-0c6451ee0cc8", "task_id": "task-b453a658279db88de3c0", "model_version": "scripted-engineering-only", "outcome": "completed", "task_success": true}
{"event": "task_started", "trajectory_id": "b5e7cf2d-b559-444b-8226-0552052f5018", "task_id": "task-97af2e092bbdb911a25a", "model_version": "scripted-engineering-only"}
{"event": "task_finished", "trajectory_id": "b5e7cf2d-b559-444b-8226-0552052f5018", "task_id": "task-97af2e092bbdb911a25a", "model_version": "scripted-engineering-only", "outcome": "completed", "task_success": true}
{"event": "task_started", "trajectory_id": "b2405dd7-db0d-4480-9738-d268efebf058", "task_id": "task-0724fc5648935c3d16ba", "model_version": "scripted-engineering-only"}
{"event": "task_finished", "trajectory_id": "b2405dd7-db0d-4480-9738-d268efebf058", "task_id": "task-0724fc5648935c3d16ba", "model_version": "scripted-engineering-only", "outcome": "escalated", "task_success": true}
{"event": "task_started", "trajectory_id": "8b1d6089-a600-4595-a753-ec601c86d92d", "task_id": "task-674a4080fd2f0382b598", "model_version": "scripted-engineering-only"}
{"event": "task_finished", "trajectory_id": "8b1d6089-a600-4595-a753-ec601c86d92d", "task_id": "task-674a4080fd2f0382b598", "model_version": "scripted-engineering-only", "outcome": "escalated", "task_success": true}
{"event": "task_started", "trajectory_id": "5945f480-e5f3-4beb-a220-3b9764513946", "task_id": "task-3feda8a21f9775e1db88", "model_version": "scripted-engineering-only"}
{"event": "task_finished", "trajectory_id": "5945f480-e5f3-4beb-a220-3b9764513946", "task_id": "task-3feda8a21f9775e1db88", "model_version": "scripted-engineering-only", "outcome": "escalated", "task_success": true}
{"event": "task_started", "trajectory_id": "f4c0ec26-5385-486c-8dfa-ee6f20789d07", "task_id": "task-0e084016f0ee902062e6", "model_version": "scripted-engineering-only"}
{"event": "task_finished", "trajectory_id": "f4c0ec26-5385-486c-8dfa-ee6f20789d07", "task_id": "task-0e084016f0ee902062e6", "model_version": "scripted-engineering-only", "outcome": "completed", "task_success": true}
{"event": "task_started", "trajectory_id": "27b513cf-9220-409f-92e2-d133c5fdaa6a", "task_id": "task-4c6c1f9967c096b34002", "model_version": "scripted-engineering-only"}
{"event": "task_finished", "trajectory_id": "27b513cf-9220-409f-92e2-d133c5fdaa6a", "task_id": "task-4c6c1f9967c096b34002", "model_version": "scripted-engineering-only", "outcome": "completed", "task_success": true}
{"event": "task_started", "trajectory_id": "ace7bd55-937b-454f-b7a8-a1301a80c9b1", "task_id": "task-5d8affbfbc38c6af2a55", "model_version": "scripted-engineering-only"}
{"event": "task_finished", "trajectory_id": "ace7bd55-937b-454f-b7a8-a1301a80c9b1", "task_id": "task-5d8affbfbc38c6af2a55", "model_version": "scripted-engineering-only", "outcome": "completed", "task_success": true}
{"event": "task_started", "trajectory_id": "fc7f5f85-efe2-4396-9db1-3228acc95ca9", "task_id": "task-705ae2b6a38ee732fcb6", "model_version": "scripted-engineering-only"}
{"event": "task_finished", "trajectory_id": "fc7f5f85-efe2-4396-9db1-3228acc95ca9", "task_id": "task-705ae2b6a38ee732fcb6", "model_version": "scripted-engineering-only", "outcome": "refused", "task_success": true}
{"event": "task_started", "trajectory_id": "9fecd996-c7ae-44f7-abd8-a0ce0e398bac", "task_id": "task-aacc6eab02d55411c926", "model_version": "scripted-engineering-only"}
{"event": "task_finished", "trajectory_id": "9fecd996-c7ae-44f7-abd8-a0ce0e398bac", "task_id": "task-aacc6eab02d55411c926", "model_version": "scripted-engineering-only", "outcome": "refused", "task_success": true}
{"event": "task_started", "trajectory_id": "0f1fe811-5ed0-4158-a4a6-73f8aab42af6", "task_id": "task-e69eb5bbc48e257eaed9", "model_version": "scripted-engineering-only"}
{"event": "task_finished", "trajectory_id": "0f1fe811-5ed0-4158-a4a6-73f8aab42af6", "task_id": "task-e69eb5bbc48e257eaed9", "model_version": "scripted-engineering-only", "outcome": "refused", "task_success": true}
{"event": "task_started", "trajectory_id": "d64d5b52-76de-40a4-8bf4-550c608e79b2", "task_id": "task-d218b76a549bb71d32a3", "model_version": "scripted-engineering-only"}
{"event": "task_finished", "trajectory_id": "d64d5b52-76de-40a4-8bf4-550c608e79b2", "task_id": "task-d218b76a549bb71d32a3", "model_version": "scripted-engineering-only", "outcome": "escalated", "task_success": true}
{"event": "task_started", "trajectory_id": "ec6b1f32-0779-4dc2-b5af-88a7c13f7e40", "task_id": "task-399f80239f711ea5d908", "model_version": "scripted-engineering-only"}
{"event": "task_finished", "trajectory_id": "ec6b1f32-0779-4dc2-b5af-88a7c13f7e40", "task_id": "task-399f80239f711ea5d908", "model_version": "scripted-engineering-only", "outcome": "escalated", "task_success": true}
{"event": "task_started", "trajectory_id": "b485bdb6-bded-448c-b9b4-e81f9fd116e2", "task_id": "task-59a584317a710f1deb73", "model_version": "scripted-engineering-only"}
{"event": "task_finished", "trajectory_id": "b485bdb6-bded-448c-b9b4-e81f9fd116e2", "task_id": "task-59a584317a710f1deb73", "model_version": "scripted-engineering-only", "outcome": "escalated", "task_success": true}
{"event": "task_started", "trajectory_id": "d203ec0f-d0e9-4c3e-a9d6-3d8568560d64", "task_id": "task-f72263adb1c1d420111e", "model_version": "scripted-engineering-only"}
{"event": "task_finished", "trajectory_id": "d203ec0f-d0e9-4c3e-a9d6-3d8568560d64", "task_id": "task-f72263adb1c1d420111e", "model_version": "scripted-engineering-only", "outcome": "escalated", "task_success": true}
{"event": "task_started", "trajectory_id": "94c8475b-cd7f-4d95-8e62-f7b8947f6a41", "task_id": "task-90c1813085f31f5299b3", "model_version": "scripted-engineering-only"}
{"event": "task_finished", "trajectory_id": "94c8475b-cd7f-4d95-8e62-f7b8947f6a41", "task_id": "task-90c1813085f31f5299b3", "model_version": "scripted-engineering-only", "outcome": "escalated", "task_success": true}
{"event": "task_started", "trajectory_id": "5cd15ca4-7ace-4537-bb9a-824e5b0a29bd", "task_id": "task-c31ed15c43fec69b21d0", "model_version": "scripted-engineering-only"}
{"event": "task_finished", "trajectory_id": "5cd15ca4-7ace-4537-bb9a-824e5b0a29bd", "task_id": "task-c31ed15c43fec69b21d0", "model_version": "scripted-engineering-only", "outcome": "escalated", "task_success": true}
{"event": "task_started", "trajectory_id": "0c05cc80-892e-4048-98d6-7d2a2f0bdf0c", "task_id": "task-c4da3551dcd0c1e6d1bc", "model_version": "scripted-engineering-only"}
{"event": "task_finished", "trajectory_id": "0c05cc80-892e-4048-98d6-7d2a2f0bdf0c", "task_id": "task-c4da3551dcd0c1e6d1bc", "model_version": "scripted-engineering-only", "outcome": "completed", "task_success": true}
{"event": "task_started", "trajectory_id": "bb285597-6c0b-4d56-b732-501c2db53c2f", "task_id": "task-d573e068640729f6fc0c", "model_version": "scripted-engineering-only"}
{"event": "task_finished", "trajectory_id": "bb285597-6c0b-4d56-b732-501c2db53c2f", "task_id": "task-d573e068640729f6fc0c", "model_version": "scripted-engineering-only", "outcome": "completed", "task_success": true}
{"event": "task_started", "trajectory_id": "dfd44fd8-ed9f-471b-8fa6-c99b95cdd53c", "task_id": "task-5451f40b657f5bfdccbc", "model_version": "scripted-engineering-only"}
{"event": "task_finished", "trajectory_id": "dfd44fd8-ed9f-471b-8fa6-c99b95cdd53c", "task_id": "task-5451f40b657f5bfdccbc", "model_version": "scripted-engineering-only", "outcome": "completed", "task_success": true}
{"event": "task_started", "trajectory_id": "aab890b9-14c3-4936-b033-3adf38d373da", "task_id": "task-d71f713e079ab5c2b330", "model_version": "scripted-engineering-only"}
{"event": "task_finished", "trajectory_id": "aab890b9-14c3-4936-b033-3adf38d373da", "task_id": "task-d71f713e079ab5c2b330", "model_version": "scripted-engineering-only", "outcome": "completed", "task_success": true}
{"event": "task_started", "trajectory_id": "c82ec50d-6d07-468a-ba3c-ecc78120e808", "task_id": "task-aa38b5523e6289961272", "model_version": "scripted-engineering-only"}
{"event": "task_finished", "trajectory_id": "c82ec50d-6d07-468a-ba3c-ecc78120e808", "task_id": "task-aa38b5523e6289961272", "model_version": "scripted-engineering-only", "outcome": "completed", "task_success": true}
{"event": "task_started", "trajectory_id": "04278cc8-e480-4d0a-96ab-ad9c974143be", "task_id": "task-45334e54e1889ab54a6c", "model_version": "scripted-engineering-only"}
{"event": "task_finished", "trajectory_id": "04278cc8-e480-4d0a-96ab-ad9c974143be", "task_id": "task-45334e54e1889ab54a6c", "model_version": "scripted-engineering-only", "outcome": "completed", "task_success": true}
{"event": "task_started", "trajectory_id": "bbbbad2e-cc4a-4203-9c28-7cb15d79aaba", "task_id": "task-c50d95cdd2eabf3b7e52", "model_version": "scripted-engineering-only"}
{"event": "task_finished", "trajectory_id": "bbbbad2e-cc4a-4203-9c28-7cb15d79aaba", "task_id": "task-c50d95cdd2eabf3b7e52", "model_version": "scripted-engineering-only", "outcome": "completed", "task_success": true}
{"event": "task_started", "trajectory_id": "7cb5c0d0-0aa8-417b-aca2-fba8e5fb47a1", "task_id": "task-e730102b9a4395aae8ee", "model_version": "scripted-engineering-only"}
{"event": "task_finished", "trajectory_id": "7cb5c0d0-0aa8-417b-aca2-fba8e5fb47a1", "task_id": "task-e730102b9a4395aae8ee", "model_version": "scripted-engineering-only", "outcome": "completed", "task_success": true}
{"event": "task_started", "trajectory_id": "a992ba07-c4bc-49ff-a738-e883d85d8a7e", "task_id": "task-c1422229a8352e1cf4fc", "model_version": "scripted-engineering-only"}
{"event": "task_finished", "trajectory_id": "a992ba07-c4bc-49ff-a738-e883d85d8a7e", "task_id": "task-c1422229a8352e1cf4fc", "model_version": "scripted-engineering-only", "outcome": "completed", "task_success": true}
{"event": "task_started", "trajectory_id": "62b9524c-1b6c-4365-b6d5-70dce5679dbd", "task_id": "task-f67587394339c41f909c", "model_version": "scripted-engineering-only"}
{"event": "task_finished", "trajectory_id": "62b9524c-1b6c-4365-b6d5-70dce5679dbd", "task_id": "task-f67587394339c41f909c", "model_version": "scripted-engineering-only", "outcome": "refused", "task_success": true}
{"event": "task_started", "trajectory_id": "fe105913-b5ad-42a3-9fc5-c3fa658d460b", "task_id": "task-b2e0e6a52eb4cbe28b57", "model_version": "scripted-engineering-only"}
{"event": "task_finished", "trajectory_id": "fe105913-b5ad-42a3-9fc5-c3fa658d460b", "task_id": "task-b2e0e6a52eb4cbe28b57", "model_version": "scripted-engineering-only", "outcome": "refused", "task_success": true}
{"event": "task_started", "trajectory_id": "e7ee92bc-6b9d-4c8c-a7e7-69879bdd7525", "task_id": "task-271e4f001bfbec4ba37f", "model_version": "scripted-engineering-only"}
{"event": "task_finished", "trajectory_id": "e7ee92bc-6b9d-4c8c-a7e7-69879bdd7525", "task_id": "task-271e4f001bfbec4ba37f", "model_version": "scripted-engineering-only", "outcome": "refused", "task_success": true}
{"event": "task_started", "trajectory_id": "f50f38a3-5d24-4223-bbd3-62f8b8cb2ecf", "task_id": "task-f476ba5bc12924d9bc6b", "model_version": "scripted-engineering-only"}
{"event": "task_finished", "trajectory_id": "f50f38a3-5d24-4223-bbd3-62f8b8cb2ecf", "task_id": "task-f476ba5bc12924d9bc6b", "model_version": "scripted-engineering-only", "outcome": "refused", "task_success": true}
{"event": "task_started", "trajectory_id": "40a40010-6f66-4a59-b858-2fb972547064", "task_id": "task-5eb647be1fe8d553a68b", "model_version": "scripted-engineering-only"}
{"event": "task_finished", "trajectory_id": "40a40010-6f66-4a59-b858-2fb972547064", "task_id": "task-5eb647be1fe8d553a68b", "model_version": "scripted-engineering-only", "outcome": "refused", "task_success": true}
{"event": "task_started", "trajectory_id": "cb5426c1-13bb-46ed-8a22-ce586405de6c", "task_id": "task-07a2025d71ee061f3bd2", "model_version": "scripted-engineering-only"}
{"event": "task_finished", "trajectory_id": "cb5426c1-13bb-46ed-8a22-ce586405de6c", "task_id": "task-07a2025d71ee061f3bd2", "model_version": "scripted-engineering-only", "outcome": "refused", "task_success": true}
{"event": "task_started", "trajectory_id": "70eeaaa6-bb0b-412d-b689-2b56cc5fa4b4", "task_id": "task-a48da85fc162e85f19e2", "model_version": "scripted-engineering-only"}
{"event": "task_finished", "trajectory_id": "70eeaaa6-bb0b-412d-b689-2b56cc5fa4b4", "task_id": "task-a48da85fc162e85f19e2", "model_version": "scripted-engineering-only", "outcome": "escalated", "task_success": true}
{"event": "task_started", "trajectory_id": "3164ad14-36c3-4702-8f17-86bcbfdd7476", "task_id": "task-06b8d71a2bcb3273229e", "model_version": "scripted-engineering-only"}
{"event": "task_finished", "trajectory_id": "3164ad14-36c3-4702-8f17-86bcbfdd7476", "task_id": "task-06b8d71a2bcb3273229e", "model_version": "scripted-engineering-only", "outcome": "escalated", "task_success": true}
{"event": "task_started", "trajectory_id": "e61effc0-87e4-4d58-92f0-fa16ffe04776", "task_id": "task-a54dafe4b4e3bb62483d", "model_version": "scripted-engineering-only"}
{"event": "task_finished", "trajectory_id": "e61effc0-87e4-4d58-92f0-fa16ffe04776", "task_id": "task-a54dafe4b4e3bb62483d", "model_version": "scripted-engineering-only", "outcome": "escalated", "task_success": true}
{"event": "task_started", "trajectory_id": "1d2e2ffb-43cd-4d68-bcd2-7556d4a1a96f", "task_id": "task-965bab023d996aea99f2", "model_version": "scripted-engineering-only"}
{"event": "task_finished", "trajectory_id": "1d2e2ffb-43cd-4d68-bcd2-7556d4a1a96f", "task_id": "task-965bab023d996aea99f2", "model_version": "scripted-engineering-only", "outcome": "completed", "task_success": true}
{"event": "task_started", "trajectory_id": "63b715b0-f62e-465b-b151-ad147f85edcf", "task_id": "task-eba00923d594244d8a50", "model_version": "scripted-engineering-only"}
{"event": "task_finished", "trajectory_id": "63b715b0-f62e-465b-b151-ad147f85edcf", "task_id": "task-eba00923d594244d8a50", "model_version": "scripted-engineering-only", "outcome": "completed", "task_success": true}
{"event": "task_started", "trajectory_id": "7e6013a5-9af4-4835-99d2-ada8e29be677", "task_id": "task-2d745d5735989f513472", "model_version": "scripted-engineering-only"}
{"event": "task_finished", "trajectory_id": "7e6013a5-9af4-4835-99d2-ada8e29be677", "task_id": "task-2d745d5735989f513472", "model_version": "scripted-engineering-only", "outcome": "completed", "task_success": true}
{"event": "task_started", "trajectory_id": "36d919e4-1473-4b35-b4c9-67dfbe5b7e11", "task_id": "task-adce80fcd242644af3be", "model_version": "scripted-engineering-only"}
{"event": "task_finished", "trajectory_id": "36d919e4-1473-4b35-b4c9-67dfbe5b7e11", "task_id": "task-adce80fcd242644af3be", "model_version": "scripted-engineering-only", "outcome": "escalated", "task_success": true}
{"event": "task_started", "trajectory_id": "a3c69d43-9dc3-46bb-a50b-2d3df32144ef", "task_id": "task-a3b7dfcd02ab8da95ef8", "model_version": "scripted-engineering-only"}
{"event": "task_finished", "trajectory_id": "a3c69d43-9dc3-46bb-a50b-2d3df32144ef", "task_id": "task-a3b7dfcd02ab8da95ef8", "model_version": "scripted-engineering-only", "outcome": "escalated", "task_success": true}
{"event": "task_started", "trajectory_id": "0d754c73-af11-4696-a45e-08bc279a83e2", "task_id": "task-0186019e3d73611b86a1", "model_version": "scripted-engineering-only"}
{"event": "task_finished", "trajectory_id": "0d754c73-af11-4696-a45e-08bc279a83e2", "task_id": "task-0186019e3d73611b86a1", "model_version": "scripted-engineering-only", "outcome": "escalated", "task_success": true}
{"event": "task_started", "trajectory_id": "60799fad-624d-47c2-bb22-32f0a241dde1", "task_id": "task-734d5b0d34d0656564ee", "model_version": "scripted-engineering-only"}
{"event": "task_finished", "trajectory_id": "60799fad-624d-47c2-bb22-32f0a241dde1", "task_id": "task-734d5b0d34d0656564ee", "model_version": "scripted-engineering-only", "outcome": "escalated", "task_success": true}
{"event": "task_started", "trajectory_id": "d3170df1-2827-4901-b1e5-6d25b966715d", "task_id": "task-5dceefde9e586fb8376a", "model_version": "scripted-engineering-only"}
{"event": "task_finished", "trajectory_id": "d3170df1-2827-4901-b1e5-6d25b966715d", "task_id": "task-5dceefde9e586fb8376a", "model_version": "scripted-engineering-only", "outcome": "escalated", "task_success": true}
{"event": "task_started", "trajectory_id": "700e65cf-30fc-4d89-971b-3177e6f575fb", "task_id": "task-ad1e786facf608c440ac", "model_version": "scripted-engineering-only"}
{"event": "task_finished", "trajectory_id": "700e65cf-30fc-4d89-971b-3177e6f575fb", "task_id": "task-ad1e786facf608c440ac", "model_version": "scripted-engineering-only", "outcome": "escalated", "task_success": true}
{"event": "task_started", "trajectory_id": "2bc4a015-71af-4fca-b1ba-adf7e8d2f808", "task_id": "task-bb68b21999ce552f5ffc", "model_version": "scripted-engineering-only"}
{"event": "task_finished", "trajectory_id": "2bc4a015-71af-4fca-b1ba-adf7e8d2f808", "task_id": "task-bb68b21999ce552f5ffc", "model_version": "scripted-engineering-only", "outcome": "completed", "task_success": true}
{"event": "task_started", "trajectory_id": "9700425a-ac13-415e-a8a4-af3edbd29b54", "task_id": "task-a1d394ba1d073d7a2eaa", "model_version": "scripted-engineering-only"}
{"event": "task_finished", "trajectory_id": "9700425a-ac13-415e-a8a4-af3edbd29b54", "task_id": "task-a1d394ba1d073d7a2eaa", "model_version": "scripted-engineering-only", "outcome": "completed", "task_success": true}
{"event": "task_started", "trajectory_id": "2b35c0c7-c1cb-4764-a483-958f0553191e", "task_id": "task-edb462866dbadf5ed77c", "model_version": "scripted-engineering-only"}
{"event": "task_finished", "trajectory_id": "2b35c0c7-c1cb-4764-a483-958f0553191e", "task_id": "task-edb462866dbadf5ed77c", "model_version": "scripted-engineering-only", "outcome": "completed", "task_success": true}
{"event": "task_started", "trajectory_id": "db130a2c-0b95-4f4d-a6a4-9e1b974f452e", "task_id": "task-6dfee218765c8a8ccb03", "model_version": "scripted-engineering-only"}
{"event": "task_finished", "trajectory_id": "db130a2c-0b95-4f4d-a6a4-9e1b974f452e", "task_id": "task-6dfee218765c8a8ccb03", "model_version": "scripted-engineering-only", "outcome": "completed", "task_success": true}
{"event": "task_started", "trajectory_id": "74c48ea9-12c7-43d3-9de1-d253cf848da1", "task_id": "task-7b7e1c638fa73fcdc0cb", "model_version": "scripted-engineering-only"}
{"event": "task_finished", "trajectory_id": "74c48ea9-12c7-43d3-9de1-d253cf848da1", "task_id": "task-7b7e1c638fa73fcdc0cb", "model_version": "scripted-engineering-only", "outcome": "completed", "task_success": true}
{"event": "task_started", "trajectory_id": "01f66571-5d41-42e9-bc9b-8742b1ecbced", "task_id": "task-30eeea5e7635d5b1ecb1", "model_version": "scripted-engineering-only"}
{"event": "task_finished", "trajectory_id": "01f66571-5d41-42e9-bc9b-8742b1ecbced", "task_id": "task-30eeea5e7635d5b1ecb1", "model_version": "scripted-engineering-only", "outcome": "completed", "task_success": true}
{"event": "task_started", "trajectory_id": "8f6a6081-947e-4e3c-8581-9a8cf4b26411", "task_id": "task-d1dddd10b1af24b04d3e", "model_version": "scripted-engineering-only"}
{"event": "task_finished", "trajectory_id": "8f6a6081-947e-4e3c-8581-9a8cf4b26411", "task_id": "task-d1dddd10b1af24b04d3e", "model_version": "scripted-engineering-only", "outcome": "escalated", "task_success": true}
{"event": "task_started", "trajectory_id": "d122fcbb-9c72-4b7d-92ff-4b7b64048134", "task_id": "task-afbdfb29b194d7db817e", "model_version": "scripted-engineering-only"}
{"event": "task_finished", "trajectory_id": "d122fcbb-9c72-4b7d-92ff-4b7b64048134", "task_id": "task-afbdfb29b194d7db817e", "model_version": "scripted-engineering-only", "outcome": "escalated", "task_success": true}
{"event": "task_started", "trajectory_id": "5c2ec8ec-6418-4748-b4f8-ff3ad5a400d5", "task_id": "task-1cb1631bb12620637a56", "model_version": "scripted-engineering-only"}
{"event": "task_finished", "trajectory_id": "5c2ec8ec-6418-4748-b4f8-ff3ad5a400d5", "task_id": "task-1cb1631bb12620637a56", "model_version": "scripted-engineering-only", "outcome": "escalated", "task_success": true}
{"event": "task_started", "trajectory_id": "61a09bbf-3dce-4073-a049-c1d1932a53e6", "task_id": "task-86bd6cb9106510ea039f", "model_version": "scripted-engineering-only"}
{"event": "task_finished", "trajectory_id": "61a09bbf-3dce-4073-a049-c1d1932a53e6", "task_id": "task-86bd6cb9106510ea039f", "model_version": "scripted-engineering-only", "outcome": "escalated", "task_success": true}
{"event": "task_started", "trajectory_id": "22febba0-d9c0-406b-b05a-cb7619ea4172", "task_id": "task-28acc947e09e78444ad1", "model_version": "scripted-engineering-only"}
{"event": "task_finished", "trajectory_id": "22febba0-d9c0-406b-b05a-cb7619ea4172", "task_id": "task-28acc947e09e78444ad1", "model_version": "scripted-engineering-only", "outcome": "escalated", "task_success": true}
{"event": "task_started", "trajectory_id": "ac7079da-02d0-4a36-8b4e-a67bc5b2081f", "task_id": "task-398eead64c3eeb871099", "model_version": "scripted-engineering-only"}
{"event": "task_finished", "trajectory_id": "ac7079da-02d0-4a36-8b4e-a67bc5b2081f", "task_id": "task-398eead64c3eeb871099", "model_version": "scripted-engineering-only", "outcome": "escalated", "task_success": true}
{"event": "task_started", "trajectory_id": "36b5cf4c-6709-43d1-87cb-50d356b8778b", "task_id": "task-80544b2a08bd57e8e768", "model_version": "scripted-engineering-only"}
{"event": "task_finished", "trajectory_id": "36b5cf4c-6709-43d1-87cb-50d356b8778b", "task_id": "task-80544b2a08bd57e8e768", "model_version": "scripted-engineering-only", "outcome": "completed", "task_success": true}
{"event": "task_started", "trajectory_id": "af4e1e9c-42c6-4a1f-a5a7-5374cbb23832", "task_id": "task-673dbc9dd8f247601722", "model_version": "scripted-engineering-only"}
{"event": "task_finished", "trajectory_id": "af4e1e9c-42c6-4a1f-a5a7-5374cbb23832", "task_id": "task-673dbc9dd8f247601722", "model_version": "scripted-engineering-only", "outcome": "completed", "task_success": true}
{"event": "task_started", "trajectory_id": "adee181c-6b68-4288-b900-4e4303ca1872", "task_id": "task-ed359ba55106b09d8847", "model_version": "scripted-engineering-only"}
{"event": "task_finished", "trajectory_id": "adee181c-6b68-4288-b900-4e4303ca1872", "task_id": "task-ed359ba55106b09d8847", "model_version": "scripted-engineering-only", "outcome": "completed", "task_success": true}
{"event": "task_started", "trajectory_id": "fea6aa0a-86c5-44ae-a217-0d38aad70b38", "task_id": "task-292ef81ae14a36c27b3f", "model_version": "scripted-engineering-only"}
{"event": "task_finished", "trajectory_id": "fea6aa0a-86c5-44ae-a217-0d38aad70b38", "task_id": "task-292ef81ae14a36c27b3f", "model_version": "scripted-engineering-only", "outcome": "refused", "task_success": true}
{"event": "task_started", "trajectory_id": "6b7f8872-e73f-4229-ad45-6b5290bfca08", "task_id": "task-5a00f3a9d86cd9d6c54d", "model_version": "scripted-engineering-only"}
{"event": "task_finished", "trajectory_id": "6b7f8872-e73f-4229-ad45-6b5290bfca08", "task_id": "task-5a00f3a9d86cd9d6c54d", "model_version": "scripted-engineering-only", "outcome": "refused", "task_success": true}
{"event": "task_started", "trajectory_id": "9bf0c951-0173-463b-b179-2b2a273df0f0", "task_id": "task-3b9ce844f270fdf7774d", "model_version": "scripted-engineering-only"}
{"event": "task_finished", "trajectory_id": "9bf0c951-0173-463b-b179-2b2a273df0f0", "task_id": "task-3b9ce844f270fdf7774d", "model_version": "scripted-engineering-only", "outcome": "refused", "task_success": true}
{"event": "task_started", "trajectory_id": "9c22a3a8-930a-4f1d-a86d-9f975bd20ca0", "task_id": "task-f9ea9ef01353b4b68e96", "model_version": "scripted-engineering-only"}
{"event": "task_finished", "trajectory_id": "9c22a3a8-930a-4f1d-a86d-9f975bd20ca0", "task_id": "task-f9ea9ef01353b4b68e96", "model_version": "scripted-engineering-only", "outcome": "refused", "task_success": true}
{"event": "task_started", "trajectory_id": "9b261cb2-842e-48b0-949d-bf96f08bc2bc", "task_id": "task-98171245bbd786a1517a", "model_version": "scripted-engineering-only"}
{"event": "task_finished", "trajectory_id": "9b261cb2-842e-48b0-949d-bf96f08bc2bc", "task_id": "task-98171245bbd786a1517a", "model_version": "scripted-engineering-only", "outcome": "refused", "task_success": true}
{"event": "task_started", "trajectory_id": "e990401f-b0c8-4bfd-852e-899fc724919d", "task_id": "task-097a2cdd49eb7039eeda", "model_version": "scripted-engineering-only"}
{"event": "task_finished", "trajectory_id": "e990401f-b0c8-4bfd-852e-899fc724919d", "task_id": "task-097a2cdd49eb7039eeda", "model_version": "scripted-engineering-only", "outcome": "refused", "task_success": true}
{"event": "task_started", "trajectory_id": "bd48a091-df9e-45eb-8bd3-754507a86ba3", "task_id": "task-dc45c35c4539665fa28a", "model_version": "scripted-engineering-only"}
{"event": "task_finished", "trajectory_id": "bd48a091-df9e-45eb-8bd3-754507a86ba3", "task_id": "task-dc45c35c4539665fa28a", "model_version": "scripted-engineering-only", "outcome": "escalated", "task_success": true}
{"event": "task_started", "trajectory_id": "cbef7e30-a398-4705-b7c7-5126f94f1340", "task_id": "task-012721fdabc6938bfdb4", "model_version": "scripted-engineering-only"}
{"event": "task_finished", "trajectory_id": "cbef7e30-a398-4705-b7c7-5126f94f1340", "task_id": "task-012721fdabc6938bfdb4", "model_version": "scripted-engineering-only", "outcome": "escalated", "task_success": true}
{"event": "task_started", "trajectory_id": "c9f823c8-7676-4d8d-8958-e144f3cafb02", "task_id": "task-7e2db9056f851620b578", "model_version": "scripted-engineering-only"}
{"event": "task_finished", "trajectory_id": "c9f823c8-7676-4d8d-8958-e144f3cafb02", "task_id": "task-7e2db9056f851620b578", "model_version": "scripted-engineering-only", "outcome": "escalated", "task_success": true}
{"event": "task_started", "trajectory_id": "70b75087-e6ed-4d1d-bf30-a0cf774ebde0", "task_id": "task-56d11969bbac661ba221", "model_version": "scripted-engineering-only"}
{"event": "task_finished", "trajectory_id": "70b75087-e6ed-4d1d-bf30-a0cf774ebde0", "task_id": "task-56d11969bbac661ba221", "model_version": "scripted-engineering-only", "outcome": "refused", "task_success": true}
{"event": "task_started", "trajectory_id": "aed09bd4-b6c9-43cb-995b-a26d76f13cb2", "task_id": "task-87d7c7fe1cf3dca74c72", "model_version": "scripted-engineering-only"}
{"event": "task_finished", "trajectory_id": "aed09bd4-b6c9-43cb-995b-a26d76f13cb2", "task_id": "task-87d7c7fe1cf3dca74c72", "model_version": "scripted-engineering-only", "outcome": "refused", "task_success": true}
{"event": "task_started", "trajectory_id": "c7944b02-332a-4ecd-9d0e-f361027b91fa", "task_id": "task-31dce11192d72a14cb25", "model_version": "scripted-engineering-only"}
{"event": "task_finished", "trajectory_id": "c7944b02-332a-4ecd-9d0e-f361027b91fa", "task_id": "task-31dce11192d72a14cb25", "model_version": "scripted-engineering-only", "outcome": "refused", "task_success": true}
{"event": "task_started", "trajectory_id": "21fee49b-9f6e-4881-8816-c33a8a641866", "task_id": "task-c9c2d9c2d23545eb0e36", "model_version": "scripted-engineering-only"}
{"event": "task_finished", "trajectory_id": "21fee49b-9f6e-4881-8816-c33a8a641866", "task_id": "task-c9c2d9c2d23545eb0e36", "model_version": "scripted-engineering-only", "outcome": "refused", "task_success": true}
{"event": "task_started", "trajectory_id": "93e7e2e0-1c80-49e7-9414-7c74b3fdadc1", "task_id": "task-9f2dbc26618598f23b3d", "model_version": "scripted-engineering-only"}
{"event": "task_finished", "trajectory_id": "93e7e2e0-1c80-49e7-9414-7c74b3fdadc1", "task_id": "task-9f2dbc26618598f23b3d", "model_version": "scripted-engineering-only", "outcome": "refused", "task_success": true}
{"event": "task_started", "trajectory_id": "07d87fc2-9e31-48b8-936c-1e86dcdaf65e", "task_id": "task-ba01b87f8d3c2b2a0a9d", "model_version": "scripted-engineering-only"}
{"event": "task_finished", "trajectory_id": "07d87fc2-9e31-48b8-936c-1e86dcdaf65e", "task_id": "task-ba01b87f8d3c2b2a0a9d", "model_version": "scripted-engineering-only", "outcome": "refused", "task_success": true}
{"event": "task_started", "trajectory_id": "f61098f7-b3eb-4264-abab-488b27619004", "task_id": "task-bdd32dbdec43e2d790e2", "model_version": "scripted-engineering-only"}
{"event": "task_finished", "trajectory_id": "f61098f7-b3eb-4264-abab-488b27619004", "task_id": "task-bdd32dbdec43e2d790e2", "model_version": "scripted-engineering-only", "outcome": "escalated", "task_success": true}
{"event": "task_started", "trajectory_id": "957eab54-8d05-4f8a-8582-68e28b0b76cc", "task_id": "task-abd88aed3619fa1f2adb", "model_version": "scripted-engineering-only"}
{"event": "task_finished", "trajectory_id": "957eab54-8d05-4f8a-8582-68e28b0b76cc", "task_id": "task-abd88aed3619fa1f2adb", "model_version": "scripted-engineering-only", "outcome": "escalated", "task_success": true}
{"event": "task_started", "trajectory_id": "0e91aa83-19ae-4d18-84a2-6c7122f25d70", "task_id": "task-3679379ac0a63d0c5798", "model_version": "scripted-engineering-only"}
{"event": "task_finished", "trajectory_id": "0e91aa83-19ae-4d18-84a2-6c7122f25d70", "task_id": "task-3679379ac0a63d0c5798", "model_version": "scripted-engineering-only", "outcome": "escalated", "task_success": true}
{"event": "task_started", "trajectory_id": "82864ebb-f3ee-40dd-b6b8-8a82cd18cc16", "task_id": "task-ec729be391c4a34fe297", "model_version": "scripted-engineering-only"}
{"event": "task_finished", "trajectory_id": "82864ebb-f3ee-40dd-b6b8-8a82cd18cc16", "task_id": "task-ec729be391c4a34fe297", "model_version": "scripted-engineering-only", "outcome": "completed", "task_success": true}
{"event": "task_started", "trajectory_id": "8eb9cfc9-4407-4e93-b631-f57aaa5ae697", "task_id": "task-b453a658279db88de3c0", "model_version": "scripted-engineering-only"}
{"event": "task_finished", "trajectory_id": "8eb9cfc9-4407-4e93-b631-f57aaa5ae697", "task_id": "task-b453a658279db88de3c0", "model_version": "scripted-engineering-only", "outcome": "completed", "task_success": true}
{"event": "task_started", "trajectory_id": "acbdea38-331e-4985-95c4-ba6f96ef1612", "task_id": "task-97af2e092bbdb911a25a", "model_version": "scripted-engineering-only"}
{"event": "task_finished", "trajectory_id": "acbdea38-331e-4985-95c4-ba6f96ef1612", "task_id": "task-97af2e092bbdb911a25a", "model_version": "scripted-engineering-only", "outcome": "completed", "task_success": true}
{"event": "task_started", "trajectory_id": "58215040-4b62-4cfd-9cbe-1a0db1ca173c", "task_id": "task-0724fc5648935c3d16ba", "model_version": "scripted-engineering-only"}
{"event": "task_finished", "trajectory_id": "58215040-4b62-4cfd-9cbe-1a0db1ca173c", "task_id": "task-0724fc5648935c3d16ba", "model_version": "scripted-engineering-only", "outcome": "escalated", "task_success": true}
{"event": "task_started", "trajectory_id": "b148dd6e-fd6d-4045-a80d-a82e94b522ef", "task_id": "task-674a4080fd2f0382b598", "model_version": "scripted-engineering-only"}
{"event": "task_finished", "trajectory_id": "b148dd6e-fd6d-4045-a80d-a82e94b522ef", "task_id": "task-674a4080fd2f0382b598", "model_version": "scripted-engineering-only", "outcome": "escalated", "task_success": true}
{"event": "task_started", "trajectory_id": "49a248fc-2fdf-49fe-abc6-910ce3b52b36", "task_id": "task-3feda8a21f9775e1db88", "model_version": "scripted-engineering-only"}
{"event": "task_finished", "trajectory_id": "49a248fc-2fdf-49fe-abc6-910ce3b52b36", "task_id": "task-3feda8a21f9775e1db88", "model_version": "scripted-engineering-only", "outcome": "escalated", "task_success": true}
{"event": "task_started", "trajectory_id": "24018932-90a1-47f0-bc22-4149ba289085", "task_id": "task-0e084016f0ee902062e6", "model_version": "scripted-engineering-only"}
{"event": "task_finished", "trajectory_id": "24018932-90a1-47f0-bc22-4149ba289085", "task_id": "task-0e084016f0ee902062e6", "model_version": "scripted-engineering-only", "outcome": "completed", "task_success": true}
{"event": "task_started", "trajectory_id": "e411fceb-2850-4836-af1a-53f381aba961", "task_id": "task-4c6c1f9967c096b34002", "model_version": "scripted-engineering-only"}
{"event": "task_finished", "trajectory_id": "e411fceb-2850-4836-af1a-53f381aba961", "task_id": "task-4c6c1f9967c096b34002", "model_version": "scripted-engineering-only", "outcome": "completed", "task_success": true}
{"event": "task_started", "trajectory_id": "be470240-a6a6-475d-8dd8-1f0a34906af9", "task_id": "task-5d8affbfbc38c6af2a55", "model_version": "scripted-engineering-only"}
{"event": "task_finished", "trajectory_id": "be470240-a6a6-475d-8dd8-1f0a34906af9", "task_id": "task-5d8affbfbc38c6af2a55", "model_version": "scripted-engineering-only", "outcome": "completed", "task_success": true}
{"event": "task_started", "trajectory_id": "3d7b2ee0-b359-4485-be1d-6ff553939381", "task_id": "task-705ae2b6a38ee732fcb6", "model_version": "scripted-engineering-only"}
{"event": "task_finished", "trajectory_id": "3d7b2ee0-b359-4485-be1d-6ff553939381", "task_id": "task-705ae2b6a38ee732fcb6", "model_version": "scripted-engineering-only", "outcome": "refused", "task_success": true}
{"event": "task_started", "trajectory_id": "6a10ab8f-9744-47e5-ad96-75219eaa30f0", "task_id": "task-aacc6eab02d55411c926", "model_version": "scripted-engineering-only"}
{"event": "task_finished", "trajectory_id": "6a10ab8f-9744-47e5-ad96-75219eaa30f0", "task_id": "task-aacc6eab02d55411c926", "model_version": "scripted-engineering-only", "outcome": "refused", "task_success": true}
{"event": "task_started", "trajectory_id": "1abb671e-dadc-4864-b97d-c092a0fbcd08", "task_id": "task-e69eb5bbc48e257eaed9", "model_version": "scripted-engineering-only"}
{"event": "task_finished", "trajectory_id": "1abb671e-dadc-4864-b97d-c092a0fbcd08", "task_id": "task-e69eb5bbc48e257eaed9", "model_version": "scripted-engineering-only", "outcome": "refused", "task_success": true}
{"event": "task_started", "trajectory_id": "92bbdf3b-e111-4268-b971-46e25e0801c8", "task_id": "task-d218b76a549bb71d32a3", "model_version": "scripted-engineering-only"}
{"event": "task_finished", "trajectory_id": "92bbdf3b-e111-4268-b971-46e25e0801c8", "task_id": "task-d218b76a549bb71d32a3", "model_version": "scripted-engineering-only", "outcome": "escalated", "task_success": true}
{"event": "task_started", "trajectory_id": "642128c7-6cf9-4e2f-9c1a-a200da3cb892", "task_id": "task-399f80239f711ea5d908", "model_version": "scripted-engineering-only"}
{"event": "task_finished", "trajectory_id": "642128c7-6cf9-4e2f-9c1a-a200da3cb892", "task_id": "task-399f80239f711ea5d908", "model_version": "scripted-engineering-only", "outcome": "escalated", "task_success": true}
{"event": "task_started", "trajectory_id": "07bdd223-ff9d-4ed6-a589-0a8a93e9ec64", "task_id": "task-59a584317a710f1deb73", "model_version": "scripted-engineering-only"}
{"event": "task_finished", "trajectory_id": "07bdd223-ff9d-4ed6-a589-0a8a93e9ec64", "task_id": "task-59a584317a710f1deb73", "model_version": "scripted-engineering-only", "outcome": "escalated", "task_success": true}
{"event": "task_started", "trajectory_id": "79090304-27c8-4386-b689-ec741bae7cff", "task_id": "task-f72263adb1c1d420111e", "model_version": "scripted-engineering-only"}
{"event": "task_finished", "trajectory_id": "79090304-27c8-4386-b689-ec741bae7cff", "task_id": "task-f72263adb1c1d420111e", "model_version": "scripted-engineering-only", "outcome": "escalated", "task_success": true}
{"event": "task_started", "trajectory_id": "3a33a825-d70d-43d3-8db5-8079a81b4de1", "task_id": "task-90c1813085f31f5299b3", "model_version": "scripted-engineering-only"}
{"event": "task_finished", "trajectory_id": "3a33a825-d70d-43d3-8db5-8079a81b4de1", "task_id": "task-90c1813085f31f5299b3", "model_version": "scripted-engineering-only", "outcome": "escalated", "task_success": true}
{"event": "task_started", "trajectory_id": "10fd0496-2a7a-44d4-ba92-be0a05928bf2", "task_id": "task-c31ed15c43fec69b21d0", "model_version": "scripted-engineering-only"}
{"event": "task_finished", "trajectory_id": "10fd0496-2a7a-44d4-ba92-be0a05928bf2", "task_id": "task-c31ed15c43fec69b21d0", "model_version": "scripted-engineering-only", "outcome": "escalated", "task_success": true}
{"event": "task_started", "trajectory_id": "8a86221c-43ca-44c6-a318-2f4c113630ea", "task_id": "task-c4da3551dcd0c1e6d1bc", "model_version": "scripted-engineering-only"}
{"event": "task_finished", "trajectory_id": "8a86221c-43ca-44c6-a318-2f4c113630ea", "task_id": "task-c4da3551dcd0c1e6d1bc", "model_version": "scripted-engineering-only", "outcome": "completed", "task_success": true}
{"event": "task_started", "trajectory_id": "9c3656b7-bd17-4e29-a0d9-f1bada176ba1", "task_id": "task-d573e068640729f6fc0c", "model_version": "scripted-engineering-only"}
{"event": "task_finished", "trajectory_id": "9c3656b7-bd17-4e29-a0d9-f1bada176ba1", "task_id": "task-d573e068640729f6fc0c", "model_version": "scripted-engineering-only", "outcome": "completed", "task_success": true}
{"event": "task_started", "trajectory_id": "56576007-7a34-46dd-a30f-54485e20831b", "task_id": "task-5451f40b657f5bfdccbc", "model_version": "scripted-engineering-only"}
{"event": "task_finished", "trajectory_id": "56576007-7a34-46dd-a30f-54485e20831b", "task_id": "task-5451f40b657f5bfdccbc", "model_version": "scripted-engineering-only", "outcome": "completed", "task_success": true}
{"event": "task_started", "trajectory_id": "bec4da84-34df-4cb9-9b1a-76b01907a702", "task_id": "task-d71f713e079ab5c2b330", "model_version": "scripted-engineering-only"}
{"event": "task_finished", "trajectory_id": "bec4da84-34df-4cb9-9b1a-76b01907a702", "task_id": "task-d71f713e079ab5c2b330", "model_version": "scripted-engineering-only", "outcome": "completed", "task_success": true}
{"event": "task_started", "trajectory_id": "59516899-e9ac-4e14-a31d-67fe650c01f6", "task_id": "task-aa38b5523e6289961272", "model_version": "scripted-engineering-only"}
{"event": "task_finished", "trajectory_id": "59516899-e9ac-4e14-a31d-67fe650c01f6", "task_id": "task-aa38b5523e6289961272", "model_version": "scripted-engineering-only", "outcome": "completed", "task_success": true}
{"event": "task_started", "trajectory_id": "4b8b258e-f0ac-45c9-bde7-19876dde00ce", "task_id": "task-45334e54e1889ab54a6c", "model_version": "scripted-engineering-only"}
{"event": "task_finished", "trajectory_id": "4b8b258e-f0ac-45c9-bde7-19876dde00ce", "task_id": "task-45334e54e1889ab54a6c", "model_version": "scripted-engineering-only", "outcome": "completed", "task_success": true}
{"event": "task_started", "trajectory_id": "335dc839-a3a6-44e4-8413-615e03522e7a", "task_id": "task-c50d95cdd2eabf3b7e52", "model_version": "scripted-engineering-only"}
{"event": "task_finished", "trajectory_id": "335dc839-a3a6-44e4-8413-615e03522e7a", "task_id": "task-c50d95cdd2eabf3b7e52", "model_version": "scripted-engineering-only", "outcome": "completed", "task_success": true}
{"event": "task_started", "trajectory_id": "b41bbaea-15d3-4eb6-9349-58cc047b4c5a", "task_id": "task-e730102b9a4395aae8ee", "model_version": "scripted-engineering-only"}
{"event": "task_finished", "trajectory_id": "b41bbaea-15d3-4eb6-9349-58cc047b4c5a", "task_id": "task-e730102b9a4395aae8ee", "model_version": "scripted-engineering-only", "outcome": "completed", "task_success": true}
{"event": "task_started", "trajectory_id": "3d6d19a7-095b-47bf-8be2-7895e65330cb", "task_id": "task-c1422229a8352e1cf4fc", "model_version": "scripted-engineering-only"}
{"event": "task_finished", "trajectory_id": "3d6d19a7-095b-47bf-8be2-7895e65330cb", "task_id": "task-c1422229a8352e1cf4fc", "model_version": "scripted-engineering-only", "outcome": "completed", "task_success": true}
{"event": "task_started", "trajectory_id": "4b594bc8-ebee-4f0f-864d-2f6911ef4d46", "task_id": "task-f67587394339c41f909c", "model_version": "scripted-engineering-only"}
{"event": "task_finished", "trajectory_id": "4b594bc8-ebee-4f0f-864d-2f6911ef4d46", "task_id": "task-f67587394339c41f909c", "model_version": "scripted-engineering-only", "outcome": "refused", "task_success": true}
{"event": "task_started", "trajectory_id": "6bbbec64-5b25-497f-87da-ee7ae1f75713", "task_id": "task-b2e0e6a52eb4cbe28b57", "model_version": "scripted-engineering-only"}
{"event": "task_finished", "trajectory_id": "6bbbec64-5b25-497f-87da-ee7ae1f75713", "task_id": "task-b2e0e6a52eb4cbe28b57", "model_version": "scripted-engineering-only", "outcome": "refused", "task_success": true}
{"event": "task_started", "trajectory_id": "74fde4b6-e901-416d-aa9b-d9557422bb06", "task_id": "task-271e4f001bfbec4ba37f", "model_version": "scripted-engineering-only"}
{"event": "task_finished", "trajectory_id": "74fde4b6-e901-416d-aa9b-d9557422bb06", "task_id": "task-271e4f001bfbec4ba37f", "model_version": "scripted-engineering-only", "outcome": "refused", "task_success": true}
{"event": "task_started", "trajectory_id": "067c7489-a5bd-4fd7-8f6f-deeb6694f3a6", "task_id": "task-f476ba5bc12924d9bc6b", "model_version": "scripted-engineering-only"}
{"event": "task_finished", "trajectory_id": "067c7489-a5bd-4fd7-8f6f-deeb6694f3a6", "task_id": "task-f476ba5bc12924d9bc6b", "model_version": "scripted-engineering-only", "outcome": "refused", "task_success": true}
{"event": "task_started", "trajectory_id": "e0ac3020-69c1-4916-9273-6229cb473710", "task_id": "task-5eb647be1fe8d553a68b", "model_version": "scripted-engineering-only"}
{"event": "task_finished", "trajectory_id": "e0ac3020-69c1-4916-9273-6229cb473710", "task_id": "task-5eb647be1fe8d553a68b", "model_version": "scripted-engineering-only", "outcome": "refused", "task_success": true}
{"event": "task_started", "trajectory_id": "0159f37b-7b6c-42d7-8f42-24e9fbab742c", "task_id": "task-07a2025d71ee061f3bd2", "model_version": "scripted-engineering-only"}
{"event": "task_finished", "trajectory_id": "0159f37b-7b6c-42d7-8f42-24e9fbab742c", "task_id": "task-07a2025d71ee061f3bd2", "model_version": "scripted-engineering-only", "outcome": "refused", "task_success": true}
{"event": "task_started", "trajectory_id": "5eb4cab1-68f6-4af9-87d6-8f2148cfaf4e", "task_id": "task-a48da85fc162e85f19e2", "model_version": "scripted-engineering-only"}
{"event": "task_finished", "trajectory_id": "5eb4cab1-68f6-4af9-87d6-8f2148cfaf4e", "task_id": "task-a48da85fc162e85f19e2", "model_version": "scripted-engineering-only", "outcome": "escalated", "task_success": true}
{"event": "task_started", "trajectory_id": "16451026-d20b-4a54-b2ee-0000b180b1f8", "task_id": "task-06b8d71a2bcb3273229e", "model_version": "scripted-engineering-only"}
{"event": "task_finished", "trajectory_id": "16451026-d20b-4a54-b2ee-0000b180b1f8", "task_id": "task-06b8d71a2bcb3273229e", "model_version": "scripted-engineering-only", "outcome": "escalated", "task_success": true}
{"event": "task_started", "trajectory_id": "67dc9c4f-e781-49ae-b620-6d2a4a26df64", "task_id": "task-a54dafe4b4e3bb62483d", "model_version": "scripted-engineering-only"}
{"event": "task_finished", "trajectory_id": "67dc9c4f-e781-49ae-b620-6d2a4a26df64", "task_id": "task-a54dafe4b4e3bb62483d", "model_version": "scripted-engineering-only", "outcome": "escalated", "task_success": true}
{"event": "task_started", "trajectory_id": "2ee91d9d-a1b4-4c92-b40c-f6b020c8c724", "task_id": "task-965bab023d996aea99f2", "model_version": "scripted-engineering-only"}
{"event": "task_finished", "trajectory_id": "2ee91d9d-a1b4-4c92-b40c-f6b020c8c724", "task_id": "task-965bab023d996aea99f2", "model_version": "scripted-engineering-only", "outcome": "completed", "task_success": true}
{"event": "task_started", "trajectory_id": "561004ef-7bbf-4a83-8582-cc82855e4f7c", "task_id": "task-eba00923d594244d8a50", "model_version": "scripted-engineering-only"}
{"event": "task_finished", "trajectory_id": "561004ef-7bbf-4a83-8582-cc82855e4f7c", "task_id": "task-eba00923d594244d8a50", "model_version": "scripted-engineering-only", "outcome": "completed", "task_success": true}
{"event": "task_started", "trajectory_id": "ba54cf71-1f20-4ba5-bd94-3b337d6e0896", "task_id": "task-2d745d5735989f513472", "model_version": "scripted-engineering-only"}
{"event": "task_finished", "trajectory_id": "ba54cf71-1f20-4ba5-bd94-3b337d6e0896", "task_id": "task-2d745d5735989f513472", "model_version": "scripted-engineering-only", "outcome": "completed", "task_success": true}
{"event": "task_started", "trajectory_id": "17e0705a-4022-48bf-bae6-fd99547222bc", "task_id": "task-adce80fcd242644af3be", "model_version": "scripted-engineering-only"}
{"event": "task_finished", "trajectory_id": "17e0705a-4022-48bf-bae6-fd99547222bc", "task_id": "task-adce80fcd242644af3be", "model_version": "scripted-engineering-only", "outcome": "escalated", "task_success": true}
{"event": "task_started", "trajectory_id": "f04f5f33-5cd0-4aa3-8162-a19b1512380c", "task_id": "task-a3b7dfcd02ab8da95ef8", "model_version": "scripted-engineering-only"}
{"event": "task_finished", "trajectory_id": "f04f5f33-5cd0-4aa3-8162-a19b1512380c", "task_id": "task-a3b7dfcd02ab8da95ef8", "model_version": "scripted-engineering-only", "outcome": "escalated", "task_success": true}
{"event": "task_started", "trajectory_id": "6edc992e-259e-461c-b2c0-8cb3cb2b35af", "task_id": "task-0186019e3d73611b86a1", "model_version": "scripted-engineering-only"}
{"event": "task_finished", "trajectory_id": "6edc992e-259e-461c-b2c0-8cb3cb2b35af", "task_id": "task-0186019e3d73611b86a1", "model_version": "scripted-engineering-only", "outcome": "escalated", "task_success": true}
{"event": "task_started", "trajectory_id": "9abc0493-3eba-47ef-a9f9-a9e988140b56", "task_id": "task-734d5b0d34d0656564ee", "model_version": "scripted-engineering-only"}
{"event": "task_finished", "trajectory_id": "9abc0493-3eba-47ef-a9f9-a9e988140b56", "task_id": "task-734d5b0d34d0656564ee", "model_version": "scripted-engineering-only", "outcome": "escalated", "task_success": true}
{"event": "task_started", "trajectory_id": "975df492-bc45-47cc-ad96-999e0cb9579c", "task_id": "task-5dceefde9e586fb8376a", "model_version": "scripted-engineering-only"}
{"event": "task_finished", "trajectory_id": "975df492-bc45-47cc-ad96-999e0cb9579c", "task_id": "task-5dceefde9e586fb8376a", "model_version": "scripted-engineering-only", "outcome": "escalated", "task_success": true}
{"event": "task_started", "trajectory_id": "dafb3229-91ee-42a2-91af-518465b786fc", "task_id": "task-ad1e786facf608c440ac", "model_version": "scripted-engineering-only"}
{"event": "task_finished", "trajectory_id": "dafb3229-91ee-42a2-91af-518465b786fc", "task_id": "task-ad1e786facf608c440ac", "model_version": "scripted-engineering-only", "outcome": "escalated", "task_success": true}
{"event": "task_started", "trajectory_id": "64d7ff2e-ec50-4698-afa1-abc04c293547", "task_id": "task-bb68b21999ce552f5ffc", "model_version": "scripted-engineering-only"}
{"event": "task_finished", "trajectory_id": "64d7ff2e-ec50-4698-afa1-abc04c293547", "task_id": "task-bb68b21999ce552f5ffc", "model_version": "scripted-engineering-only", "outcome": "completed", "task_success": true}
{"event": "task_started", "trajectory_id": "2fc07736-5c8e-4f1c-9ecf-3f7e57386646", "task_id": "task-a1d394ba1d073d7a2eaa", "model_version": "scripted-engineering-only"}
{"event": "task_finished", "trajectory_id": "2fc07736-5c8e-4f1c-9ecf-3f7e57386646", "task_id": "task-a1d394ba1d073d7a2eaa", "model_version": "scripted-engineering-only", "outcome": "completed", "task_success": true}
{"event": "task_started", "trajectory_id": "a043b4f4-2911-4b74-afeb-e9dad0466b98", "task_id": "task-edb462866dbadf5ed77c", "model_version": "scripted-engineering-only"}
{"event": "task_finished", "trajectory_id": "a043b4f4-2911-4b74-afeb-e9dad0466b98", "task_id": "task-edb462866dbadf5ed77c", "model_version": "scripted-engineering-only", "outcome": "completed", "task_success": true}
{"event": "task_started", "trajectory_id": "24402c19-e3a9-44b1-85ad-dd787c3445bd", "task_id": "task-6dfee218765c8a8ccb03", "model_version": "scripted-engineering-only"}
{"event": "task_finished", "trajectory_id": "24402c19-e3a9-44b1-85ad-dd787c3445bd", "task_id": "task-6dfee218765c8a8ccb03", "model_version": "scripted-engineering-only", "outcome": "completed", "task_success": true}
{"event": "task_started", "trajectory_id": "8ab72de7-9097-4ce3-adc9-ea1251e1a722", "task_id": "task-7b7e1c638fa73fcdc0cb", "model_version": "scripted-engineering-only"}
{"event": "task_finished", "trajectory_id": "8ab72de7-9097-4ce3-adc9-ea1251e1a722", "task_id": "task-7b7e1c638fa73fcdc0cb", "model_version": "scripted-engineering-only", "outcome": "completed", "task_success": true}
{"event": "task_started", "trajectory_id": "a23d1a17-24c0-41a6-b7e8-f80272753aba", "task_id": "task-30eeea5e7635d5b1ecb1", "model_version": "scripted-engineering-only"}
{"event": "task_finished", "trajectory_id": "a23d1a17-24c0-41a6-b7e8-f80272753aba", "task_id": "task-30eeea5e7635d5b1ecb1", "model_version": "scripted-engineering-only", "outcome": "completed", "task_success": true}
{"event": "task_started", "trajectory_id": "f4781bd1-8723-4824-8385-eefa94945041", "task_id": "task-d1dddd10b1af24b04d3e", "model_version": "scripted-engineering-only"}
{"event": "task_finished", "trajectory_id": "f4781bd1-8723-4824-8385-eefa94945041", "task_id": "task-d1dddd10b1af24b04d3e", "model_version": "scripted-engineering-only", "outcome": "escalated", "task_success": true}
{"event": "task_started", "trajectory_id": "7ec58f1a-b0f5-4983-a312-41c11f841bee", "task_id": "task-afbdfb29b194d7db817e", "model_version": "scripted-engineering-only"}
{"event": "task_finished", "trajectory_id": "7ec58f1a-b0f5-4983-a312-41c11f841bee", "task_id": "task-afbdfb29b194d7db817e", "model_version": "scripted-engineering-only", "outcome": "escalated", "task_success": true}
{"event": "task_started", "trajectory_id": "3f26cd3a-3b21-40b8-8395-43588611ea46", "task_id": "task-1cb1631bb12620637a56", "model_version": "scripted-engineering-only"}
{"event": "task_finished", "trajectory_id": "3f26cd3a-3b21-40b8-8395-43588611ea46", "task_id": "task-1cb1631bb12620637a56", "model_version": "scripted-engineering-only", "outcome": "escalated", "task_success": true}
{"event": "task_started", "trajectory_id": "6e2b4231-227a-425d-a3f1-e1d5cc43e658", "task_id": "task-86bd6cb9106510ea039f", "model_version": "scripted-engineering-only"}
{"event": "task_finished", "trajectory_id": "6e2b4231-227a-425d-a3f1-e1d5cc43e658", "task_id": "task-86bd6cb9106510ea039f", "model_version": "scripted-engineering-only", "outcome": "escalated", "task_success": true}
{"event": "task_started", "trajectory_id": "88802f81-e1e7-476a-a8fd-0df9f2d078af", "task_id": "task-28acc947e09e78444ad1", "model_version": "scripted-engineering-only"}
{"event": "task_finished", "trajectory_id": "88802f81-e1e7-476a-a8fd-0df9f2d078af", "task_id": "task-28acc947e09e78444ad1", "model_version": "scripted-engineering-only", "outcome": "escalated", "task_success": true}
{"event": "task_started", "trajectory_id": "f76c70d6-ccfd-4604-a670-dbfa03bad700", "task_id": "task-398eead64c3eeb871099", "model_version": "scripted-engineering-only"}
{"event": "task_finished", "trajectory_id": "f76c70d6-ccfd-4604-a670-dbfa03bad700", "task_id": "task-398eead64c3eeb871099", "model_version": "scripted-engineering-only", "outcome": "escalated", "task_success": true}
{"event": "task_started", "trajectory_id": "599586f7-6060-4150-9126-9ac21eb8148f", "task_id": "task-80544b2a08bd57e8e768", "model_version": "scripted-engineering-only"}
{"event": "task_finished", "trajectory_id": "599586f7-6060-4150-9126-9ac21eb8148f", "task_id": "task-80544b2a08bd57e8e768", "model_version": "scripted-engineering-only", "outcome": "completed", "task_success": true}
{"event": "task_started", "trajectory_id": "f6371472-21c1-49bb-a15b-dbf859609613", "task_id": "task-673dbc9dd8f247601722", "model_version": "scripted-engineering-only"}
{"event": "task_finished", "trajectory_id": "f6371472-21c1-49bb-a15b-dbf859609613", "task_id": "task-673dbc9dd8f247601722", "model_version": "scripted-engineering-only", "outcome": "completed", "task_success": true}
{"event": "task_started", "trajectory_id": "98dc417f-127c-4784-8076-436d0dc542ec", "task_id": "task-ed359ba55106b09d8847", "model_version": "scripted-engineering-only"}
{"event": "task_finished", "trajectory_id": "98dc417f-127c-4784-8076-436d0dc542ec", "task_id": "task-ed359ba55106b09d8847", "model_version": "scripted-engineering-only", "outcome": "completed", "task_success": true}
{"event": "task_started", "trajectory_id": "6d46ab5d-a16f-45b5-9969-8e5932dd4363", "task_id": "task-292ef81ae14a36c27b3f", "model_version": "scripted-engineering-only"}
{"event": "task_finished", "trajectory_id": "6d46ab5d-a16f-45b5-9969-8e5932dd4363", "task_id": "task-292ef81ae14a36c27b3f", "model_version": "scripted-engineering-only", "outcome": "refused", "task_success": true}
{"event": "task_started", "trajectory_id": "473e86d5-32d2-4a5b-8923-f40366bf172b", "task_id": "task-5a00f3a9d86cd9d6c54d", "model_version": "scripted-engineering-only"}
{"event": "task_finished", "trajectory_id": "473e86d5-32d2-4a5b-8923-f40366bf172b", "task_id": "task-5a00f3a9d86cd9d6c54d", "model_version": "scripted-engineering-only", "outcome": "refused", "task_success": true}
{"event": "task_started", "trajectory_id": "c001bd11-260c-4c64-83bf-3e5b92d650da", "task_id": "task-3b9ce844f270fdf7774d", "model_version": "scripted-engineering-only"}
{"event": "task_finished", "trajectory_id": "c001bd11-260c-4c64-83bf-3e5b92d650da", "task_id": "task-3b9ce844f270fdf7774d", "model_version": "scripted-engineering-only", "outcome": "refused", "task_success": true}
{"event": "task_started", "trajectory_id": "3ddf833a-0a7b-44ac-9e91-6ac8a744e7e9", "task_id": "task-f9ea9ef01353b4b68e96", "model_version": "scripted-engineering-only"}
{"event": "task_finished", "trajectory_id": "3ddf833a-0a7b-44ac-9e91-6ac8a744e7e9", "task_id": "task-f9ea9ef01353b4b68e96", "model_version": "scripted-engineering-only", "outcome": "refused", "task_success": true}
{"event": "task_started", "trajectory_id": "32b3dff0-42ea-4817-9307-2a9ceb69e35a", "task_id": "task-98171245bbd786a1517a", "model_version": "scripted-engineering-only"}
{"event": "task_finished", "trajectory_id": "32b3dff0-42ea-4817-9307-2a9ceb69e35a", "task_id": "task-98171245bbd786a1517a", "model_version": "scripted-engineering-only", "outcome": "refused", "task_success": true}
{"event": "task_started", "trajectory_id": "239c13c1-4520-4a5d-83bb-b25d58762248", "task_id": "task-097a2cdd49eb7039eeda", "model_version": "scripted-engineering-only"}
{"event": "task_finished", "trajectory_id": "239c13c1-4520-4a5d-83bb-b25d58762248", "task_id": "task-097a2cdd49eb7039eeda", "model_version": "scripted-engineering-only", "outcome": "refused", "task_success": true}
{"event": "task_started", "trajectory_id": "de4e6f75-3511-421b-ba53-31b1f1ed0a2f", "task_id": "task-dc45c35c4539665fa28a", "model_version": "scripted-engineering-only"}
{"event": "task_finished", "trajectory_id": "de4e6f75-3511-421b-ba53-31b1f1ed0a2f", "task_id": "task-dc45c35c4539665fa28a", "model_version": "scripted-engineering-only", "outcome": "escalated", "task_success": true}
{"event": "task_started", "trajectory_id": "5e74349c-c543-46d8-b4fb-75ceda661a3d", "task_id": "task-012721fdabc6938bfdb4", "model_version": "scripted-engineering-only"}
{"event": "task_finished", "trajectory_id": "5e74349c-c543-46d8-b4fb-75ceda661a3d", "task_id": "task-012721fdabc6938bfdb4", "model_version": "scripted-engineering-only", "outcome": "escalated", "task_success": true}
{"event": "task_started", "trajectory_id": "ef7d658f-cc70-4f0b-9f79-0a86b40edb33", "task_id": "task-7e2db9056f851620b578", "model_version": "scripted-engineering-only"}
{"event": "task_finished", "trajectory_id": "ef7d658f-cc70-4f0b-9f79-0a86b40edb33", "task_id": "task-7e2db9056f851620b578", "model_version": "scripted-engineering-only", "outcome": "escalated", "task_success": true}
{"event": "task_started", "trajectory_id": "379c2986-8326-44c4-ab66-2bc6b6bc3473", "task_id": "task-56d11969bbac661ba221", "model_version": "scripted-engineering-only"}
{"event": "task_finished", "trajectory_id": "379c2986-8326-44c4-ab66-2bc6b6bc3473", "task_id": "task-56d11969bbac661ba221", "model_version": "scripted-engineering-only", "outcome": "refused", "task_success": true}
{"event": "task_started", "trajectory_id": "2112a01f-9142-4eb0-a818-3cbf84af1c14", "task_id": "task-87d7c7fe1cf3dca74c72", "model_version": "scripted-engineering-only"}
{"event": "task_finished", "trajectory_id": "2112a01f-9142-4eb0-a818-3cbf84af1c14", "task_id": "task-87d7c7fe1cf3dca74c72", "model_version": "scripted-engineering-only", "outcome": "refused", "task_success": true}
{"event": "task_started", "trajectory_id": "e83a6877-5be5-47d6-aacf-da02919fe30f", "task_id": "task-31dce11192d72a14cb25", "model_version": "scripted-engineering-only"}
{"event": "task_finished", "trajectory_id": "e83a6877-5be5-47d6-aacf-da02919fe30f", "task_id": "task-31dce11192d72a14cb25", "model_version": "scripted-engineering-only", "outcome": "refused", "task_success": true}
{"event": "task_started", "trajectory_id": "02834de9-49b5-42f3-adf2-e2ba1b26281f", "task_id": "task-c9c2d9c2d23545eb0e36", "model_version": "scripted-engineering-only"}
{"event": "task_finished", "trajectory_id": "02834de9-49b5-42f3-adf2-e2ba1b26281f", "task_id": "task-c9c2d9c2d23545eb0e36", "model_version": "scripted-engineering-only", "outcome": "refused", "task_success": true}
{"event": "task_started", "trajectory_id": "092ead5b-3871-4b53-b9f5-c6901b933fe6", "task_id": "task-9f2dbc26618598f23b3d", "model_version": "scripted-engineering-only"}
{"event": "task_finished", "trajectory_id": "092ead5b-3871-4b53-b9f5-c6901b933fe6", "task_id": "task-9f2dbc26618598f23b3d", "model_version": "scripted-engineering-only", "outcome": "refused", "task_success": true}
{"event": "task_started", "trajectory_id": "7781e528-17f5-4856-a23b-e253951d784d", "task_id": "task-ba01b87f8d3c2b2a0a9d", "model_version": "scripted-engineering-only"}
{"event": "task_finished", "trajectory_id": "7781e528-17f5-4856-a23b-e253951d784d", "task_id": "task-ba01b87f8d3c2b2a0a9d", "model_version": "scripted-engineering-only", "outcome": "refused", "task_success": true}
{"event": "task_started", "trajectory_id": "a4299aad-08e1-451e-994d-ae00aec4c458", "task_id": "task-bdd32dbdec43e2d790e2", "model_version": "scripted-engineering-only"}
{"event": "task_finished", "trajectory_id": "a4299aad-08e1-451e-994d-ae00aec4c458", "task_id": "task-bdd32dbdec43e2d790e2", "model_version": "scripted-engineering-only", "outcome": "escalated", "task_success": true}
{"event": "task_started", "trajectory_id": "6241d52f-1d71-4840-8dcc-bbcec767fcb0", "task_id": "task-abd88aed3619fa1f2adb", "model_version": "scripted-engineering-only"}
{"event": "task_finished", "trajectory_id": "6241d52f-1d71-4840-8dcc-bbcec767fcb0", "task_id": "task-abd88aed3619fa1f2adb", "model_version": "scripted-engineering-only", "outcome": "escalated", "task_success": true}
{"event": "task_started", "trajectory_id": "29ca1b5f-d6b3-4901-85e8-2d7d49fe4180", "task_id": "task-3679379ac0a63d0c5798", "model_version": "scripted-engineering-only"}
{"event": "task_finished", "trajectory_id": "29ca1b5f-d6b3-4901-85e8-2d7d49fe4180", "task_id": "task-3679379ac0a63d0c5798", "model_version": "scripted-engineering-only", "outcome": "escalated", "task_success": true}
{"event": "task_started", "trajectory_id": "4cddd2ad-52f9-49a3-8169-899fcf9eaa71", "task_id": "task-ec729be391c4a34fe297", "model_version": "scripted-engineering-only"}
{"event": "task_finished", "trajectory_id": "4cddd2ad-52f9-49a3-8169-899fcf9eaa71", "task_id": "task-ec729be391c4a34fe297", "model_version": "scripted-engineering-only", "outcome": "completed", "task_success": true}
{"event": "task_started", "trajectory_id": "b3a34739-e9d7-43b1-a244-8970c376d5c3", "task_id": "task-b453a658279db88de3c0", "model_version": "scripted-engineering-only"}
{"event": "task_finished", "trajectory_id": "b3a34739-e9d7-43b1-a244-8970c376d5c3", "task_id": "task-b453a658279db88de3c0", "model_version": "scripted-engineering-only", "outcome": "completed", "task_success": true}
{"event": "task_started", "trajectory_id": "ad03768a-e151-43df-8d12-6727084d1d92", "task_id": "task-97af2e092bbdb911a25a", "model_version": "scripted-engineering-only"}
{"event": "task_finished", "trajectory_id": "ad03768a-e151-43df-8d12-6727084d1d92", "task_id": "task-97af2e092bbdb911a25a", "model_version": "scripted-engineering-only", "outcome": "completed", "task_success": true}
{"event": "task_started", "trajectory_id": "acdebcf1-225a-4485-8e17-bf92673890cc", "task_id": "task-0724fc5648935c3d16ba", "model_version": "scripted-engineering-only"}
{"event": "task_finished", "trajectory_id": "acdebcf1-225a-4485-8e17-bf92673890cc", "task_id": "task-0724fc5648935c3d16ba", "model_version": "scripted-engineering-only", "outcome": "escalated", "task_success": true}
{"event": "task_started", "trajectory_id": "a485a103-6fd9-43a9-a54e-fbb9441b2221", "task_id": "task-674a4080fd2f0382b598", "model_version": "scripted-engineering-only"}
{"event": "task_finished", "trajectory_id": "a485a103-6fd9-43a9-a54e-fbb9441b2221", "task_id": "task-674a4080fd2f0382b598", "model_version": "scripted-engineering-only", "outcome": "escalated", "task_success": true}
{"event": "task_started", "trajectory_id": "21237053-059a-43b2-8231-f4ccd468748a", "task_id": "task-3feda8a21f9775e1db88", "model_version": "scripted-engineering-only"}
{"event": "task_finished", "trajectory_id": "21237053-059a-43b2-8231-f4ccd468748a", "task_id": "task-3feda8a21f9775e1db88", "model_version": "scripted-engineering-only", "outcome": "escalated", "task_success": true}
{"event": "task_started", "trajectory_id": "5c073421-49ff-49ff-b985-735e96950a0d", "task_id": "task-0e084016f0ee902062e6", "model_version": "scripted-engineering-only"}
{"event": "task_finished", "trajectory_id": "5c073421-49ff-49ff-b985-735e96950a0d", "task_id": "task-0e084016f0ee902062e6", "model_version": "scripted-engineering-only", "outcome": "completed", "task_success": true}
{"event": "task_started", "trajectory_id": "ef26e89c-2534-4fc8-8482-81a84979d8a9", "task_id": "task-4c6c1f9967c096b34002", "model_version": "scripted-engineering-only"}
{"event": "task_finished", "trajectory_id": "ef26e89c-2534-4fc8-8482-81a84979d8a9", "task_id": "task-4c6c1f9967c096b34002", "model_version": "scripted-engineering-only", "outcome": "completed", "task_success": true}
{"event": "task_started", "trajectory_id": "b49ebea0-c6e4-4cb7-b0db-9135708cd33d", "task_id": "task-5d8affbfbc38c6af2a55", "model_version": "scripted-engineering-only"}
{"event": "task_finished", "trajectory_id": "b49ebea0-c6e4-4cb7-b0db-9135708cd33d", "task_id": "task-5d8affbfbc38c6af2a55", "model_version": "scripted-engineering-only", "outcome": "completed", "task_success": true}
{"event": "task_started", "trajectory_id": "1c1c642d-f705-4bfc-b764-99025516896c", "task_id": "task-705ae2b6a38ee732fcb6", "model_version": "scripted-engineering-only"}
{"event": "task_finished", "trajectory_id": "1c1c642d-f705-4bfc-b764-99025516896c", "task_id": "task-705ae2b6a38ee732fcb6", "model_version": "scripted-engineering-only", "outcome": "refused", "task_success": true}
{"event": "task_started", "trajectory_id": "8d6fb704-aad2-4962-810e-1bae6edf284c", "task_id": "task-aacc6eab02d55411c926", "model_version": "scripted-engineering-only"}
{"event": "task_finished", "trajectory_id": "8d6fb704-aad2-4962-810e-1bae6edf284c", "task_id": "task-aacc6eab02d55411c926", "model_version": "scripted-engineering-only", "outcome": "refused", "task_success": true}
{"event": "task_started", "trajectory_id": "047d1a8c-37d4-4a6c-a5d2-3eec2ce1a96b", "task_id": "task-e69eb5bbc48e257eaed9", "model_version": "scripted-engineering-only"}
{"event": "task_finished", "trajectory_id": "047d1a8c-37d4-4a6c-a5d2-3eec2ce1a96b", "task_id": "task-e69eb5bbc48e257eaed9", "model_version": "scripted-engineering-only", "outcome": "refused", "task_success": true}
{"event": "task_started", "trajectory_id": "a9dcdccd-0da2-47cd-822a-7e2489a0545e", "task_id": "task-d218b76a549bb71d32a3", "model_version": "scripted-engineering-only"}
{"event": "task_finished", "trajectory_id": "a9dcdccd-0da2-47cd-822a-7e2489a0545e", "task_id": "task-d218b76a549bb71d32a3", "model_version": "scripted-engineering-only", "outcome": "escalated", "task_success": true}
{"event": "task_started", "trajectory_id": "fe3fc09e-382d-4c95-a7d2-db1b2261779a", "task_id": "task-399f80239f711ea5d908", "model_version": "scripted-engineering-only"}
{"event": "task_finished", "trajectory_id": "fe3fc09e-382d-4c95-a7d2-db1b2261779a", "task_id": "task-399f80239f711ea5d908", "model_version": "scripted-engineering-only", "outcome": "escalated", "task_success": true}
{"event": "task_started", "trajectory_id": "e85c9c6d-525c-469d-a1ff-5e207bbc274f", "task_id": "task-59a584317a710f1deb73", "model_version": "scripted-engineering-only"}
{"event": "task_finished", "trajectory_id": "e85c9c6d-525c-469d-a1ff-5e207bbc274f", "task_id": "task-59a584317a710f1deb73", "model_version": "scripted-engineering-only", "outcome": "escalated", "task_success": true}
{"event": "task_started", "trajectory_id": "f873c10f-669f-4d2c-9d43-59bbebc1ac25", "task_id": "task-f72263adb1c1d420111e", "model_version": "scripted-engineering-only"}
{"event": "task_finished", "trajectory_id": "f873c10f-669f-4d2c-9d43-59bbebc1ac25", "task_id": "task-f72263adb1c1d420111e", "model_version": "scripted-engineering-only", "outcome": "escalated", "task_success": true}
{"event": "task_started", "trajectory_id": "f071f913-5afb-4e12-9f85-2e158faae2d5", "task_id": "task-90c1813085f31f5299b3", "model_version": "scripted-engineering-only"}
{"event": "task_finished", "trajectory_id": "f071f913-5afb-4e12-9f85-2e158faae2d5", "task_id": "task-90c1813085f31f5299b3", "model_version": "scripted-engineering-only", "outcome": "escalated", "task_success": true}
{"event": "task_started", "trajectory_id": "4e685cb0-4a49-419b-bc3c-371cd7d019e1", "task_id": "task-c31ed15c43fec69b21d0", "model_version": "scripted-engineering-only"}
{"event": "task_finished", "trajectory_id": "4e685cb0-4a49-419b-bc3c-371cd7d019e1", "task_id": "task-c31ed15c43fec69b21d0", "model_version": "scripted-engineering-only", "outcome": "escalated", "task_success": true}
{"event": "task_started", "trajectory_id": "37c87515-6c20-4f8b-8a6e-993d0497711f", "task_id": "task-c4da3551dcd0c1e6d1bc", "model_version": "scripted-engineering-only"}
{"event": "task_finished", "trajectory_id": "37c87515-6c20-4f8b-8a6e-993d0497711f", "task_id": "task-c4da3551dcd0c1e6d1bc", "model_version": "scripted-engineering-only", "outcome": "completed", "task_success": true}
{"event": "task_started", "trajectory_id": "19928278-d574-498e-a80f-19d2730370b1", "task_id": "task-d573e068640729f6fc0c", "model_version": "scripted-engineering-only"}
{"event": "task_finished", "trajectory_id": "19928278-d574-498e-a80f-19d2730370b1", "task_id": "task-d573e068640729f6fc0c", "model_version": "scripted-engineering-only", "outcome": "completed", "task_success": true}
{"event": "task_started", "trajectory_id": "93718a18-9022-48f3-9d36-48b4f17f7212", "task_id": "task-5451f40b657f5bfdccbc", "model_version": "scripted-engineering-only"}
{"event": "task_finished", "trajectory_id": "93718a18-9022-48f3-9d36-48b4f17f7212", "task_id": "task-5451f40b657f5bfdccbc", "model_version": "scripted-engineering-only", "outcome": "completed", "task_success": true}
{"event": "task_started", "trajectory_id": "0f34256c-0ff4-4630-9ca4-64fc45d040da", "task_id": "task-d71f713e079ab5c2b330", "model_version": "scripted-engineering-only"}
{"event": "task_finished", "trajectory_id": "0f34256c-0ff4-4630-9ca4-64fc45d040da", "task_id": "task-d71f713e079ab5c2b330", "model_version": "scripted-engineering-only", "outcome": "completed", "task_success": true}
{"event": "task_started", "trajectory_id": "cb4ae5a6-87a6-437c-ae34-bb06edd6d0c2", "task_id": "task-aa38b5523e6289961272", "model_version": "scripted-engineering-only"}
{"event": "task_finished", "trajectory_id": "cb4ae5a6-87a6-437c-ae34-bb06edd6d0c2", "task_id": "task-aa38b5523e6289961272", "model_version": "scripted-engineering-only", "outcome": "completed", "task_success": true}
{"event": "task_started", "trajectory_id": "f164d986-638b-45cb-99c3-63ad07c32d5b", "task_id": "task-45334e54e1889ab54a6c", "model_version": "scripted-engineering-only"}
{"event": "task_finished", "trajectory_id": "f164d986-638b-45cb-99c3-63ad07c32d5b", "task_id": "task-45334e54e1889ab54a6c", "model_version": "scripted-engineering-only", "outcome": "completed", "task_success": true}
{"event": "task_started", "trajectory_id": "60c77177-ae1a-43c5-a6b4-6ac97bfa9e03", "task_id": "task-c50d95cdd2eabf3b7e52", "model_version": "scripted-engineering-only"}
{"event": "task_finished", "trajectory_id": "60c77177-ae1a-43c5-a6b4-6ac97bfa9e03", "task_id": "task-c50d95cdd2eabf3b7e52", "model_version": "scripted-engineering-only", "outcome": "completed", "task_success": true}
{"event": "task_started", "trajectory_id": "06978bd3-d8f8-4fbc-bb2c-3f52efdaccbd", "task_id": "task-e730102b9a4395aae8ee", "model_version": "scripted-engineering-only"}
{"event": "task_finished", "trajectory_id": "06978bd3-d8f8-4fbc-bb2c-3f52efdaccbd", "task_id": "task-e730102b9a4395aae8ee", "model_version": "scripted-engineering-only", "outcome": "completed", "task_success": true}
{"event": "task_started", "trajectory_id": "599ac6f0-3f70-468d-bc27-6cb1d7eadba8", "task_id": "task-c1422229a8352e1cf4fc", "model_version": "scripted-engineering-only"}
{"event": "task_finished", "trajectory_id": "599ac6f0-3f70-468d-bc27-6cb1d7eadba8", "task_id": "task-c1422229a8352e1cf4fc", "model_version": "scripted-engineering-only", "outcome": "completed", "task_success": true}
{"event": "task_started", "trajectory_id": "057beed9-3d3b-4fb5-a2af-d6c818a8ad4e", "task_id": "task-f67587394339c41f909c", "model_version": "scripted-engineering-only"}
{"event": "task_finished", "trajectory_id": "057beed9-3d3b-4fb5-a2af-d6c818a8ad4e", "task_id": "task-f67587394339c41f909c", "model_version": "scripted-engineering-only", "outcome": "refused", "task_success": true}
{"event": "task_started", "trajectory_id": "9ec7723c-c47b-47be-b758-25160656a8f6", "task_id": "task-b2e0e6a52eb4cbe28b57", "model_version": "scripted-engineering-only"}
{"event": "task_finished", "trajectory_id": "9ec7723c-c47b-47be-b758-25160656a8f6", "task_id": "task-b2e0e6a52eb4cbe28b57", "model_version": "scripted-engineering-only", "outcome": "refused", "task_success": true}
{"event": "task_started", "trajectory_id": "533ab0c1-6b65-4507-9fd2-1fa796bdf197", "task_id": "task-271e4f001bfbec4ba37f", "model_version": "scripted-engineering-only"}
{"event": "task_finished", "trajectory_id": "533ab0c1-6b65-4507-9fd2-1fa796bdf197", "task_id": "task-271e4f001bfbec4ba37f", "model_version": "scripted-engineering-only", "outcome": "refused", "task_success": true}
{"event": "task_started", "trajectory_id": "9137f4c8-7678-4973-8787-bf7661ed57dc", "task_id": "task-f476ba5bc12924d9bc6b", "model_version": "scripted-engineering-only"}
{"event": "task_finished", "trajectory_id": "9137f4c8-7678-4973-8787-bf7661ed57dc", "task_id": "task-f476ba5bc12924d9bc6b", "model_version": "scripted-engineering-only", "outcome": "refused", "task_success": true}
{"event": "task_started", "trajectory_id": "15157a67-005e-4c7a-ae48-7eb8b66a2967", "task_id": "task-5eb647be1fe8d553a68b", "model_version": "scripted-engineering-only"}
{"event": "task_finished", "trajectory_id": "15157a67-005e-4c7a-ae48-7eb8b66a2967", "task_id": "task-5eb647be1fe8d553a68b", "model_version": "scripted-engineering-only", "outcome": "refused", "task_success": true}
{"event": "task_started", "trajectory_id": "e54aa029-92ca-4558-b272-a397dcacae52", "task_id": "task-07a2025d71ee061f3bd2", "model_version": "scripted-engineering-only"}
{"event": "task_finished", "trajectory_id": "e54aa029-92ca-4558-b272-a397dcacae52", "task_id": "task-07a2025d71ee061f3bd2", "model_version": "scripted-engineering-only", "outcome": "refused", "task_success": true}
{"event": "task_started", "trajectory_id": "78f6c6e2-182b-498d-9614-0014bf49156f", "task_id": "task-a48da85fc162e85f19e2", "model_version": "scripted-engineering-only"}
{"event": "task_finished", "trajectory_id": "78f6c6e2-182b-498d-9614-0014bf49156f", "task_id": "task-a48da85fc162e85f19e2", "model_version": "scripted-engineering-only", "outcome": "escalated", "task_success": true}
{"event": "task_started", "trajectory_id": "fc1651e3-6641-494b-a572-a92d26df3002", "task_id": "task-06b8d71a2bcb3273229e", "model_version": "scripted-engineering-only"}
{"event": "task_finished", "trajectory_id": "fc1651e3-6641-494b-a572-a92d26df3002", "task_id": "task-06b8d71a2bcb3273229e", "model_version": "scripted-engineering-only", "outcome": "escalated", "task_success": true}
{"event": "task_started", "trajectory_id": "4b77418e-20e6-4b3a-808e-907397186e78", "task_id": "task-a54dafe4b4e3bb62483d", "model_version": "scripted-engineering-only"}
{"event": "task_finished", "trajectory_id": "4b77418e-20e6-4b3a-808e-907397186e78", "task_id": "task-a54dafe4b4e3bb62483d", "model_version": "scripted-engineering-only", "outcome": "escalated", "task_success": true}
{"event": "task_started", "trajectory_id": "7424e6fc-7c6e-41b2-9423-da0bba7fedf3", "task_id": "task-965bab023d996aea99f2", "model_version": "scripted-engineering-only"}
{"event": "task_finished", "trajectory_id": "7424e6fc-7c6e-41b2-9423-da0bba7fedf3", "task_id": "task-965bab023d996aea99f2", "model_version": "scripted-engineering-only", "outcome": "completed", "task_success": true}
{"event": "task_started", "trajectory_id": "b7bd5863-f29a-4615-b924-7fb6b1302a80", "task_id": "task-eba00923d594244d8a50", "model_version": "scripted-engineering-only"}
{"event": "task_finished", "trajectory_id": "b7bd5863-f29a-4615-b924-7fb6b1302a80", "task_id": "task-eba00923d594244d8a50", "model_version": "scripted-engineering-only", "outcome": "completed", "task_success": true}
{"event": "task_started", "trajectory_id": "62dbb2d2-4f15-466a-a160-2627a5903a7f", "task_id": "task-2d745d5735989f513472", "model_version": "scripted-engineering-only"}
{"event": "task_finished", "trajectory_id": "62dbb2d2-4f15-466a-a160-2627a5903a7f", "task_id": "task-2d745d5735989f513472", "model_version": "scripted-engineering-only", "outcome": "completed", "task_success": true}
{"event": "task_started", "trajectory_id": "efbafd33-f96f-48b8-a7d0-68cf5bf79f54", "task_id": "task-adce80fcd242644af3be", "model_version": "scripted-engineering-only"}
{"event": "task_finished", "trajectory_id": "efbafd33-f96f-48b8-a7d0-68cf5bf79f54", "task_id": "task-adce80fcd242644af3be", "model_version": "scripted-engineering-only", "outcome": "escalated", "task_success": true}
{"event": "task_started", "trajectory_id": "92dde964-5647-40dc-a332-23758061a1e6", "task_id": "task-a3b7dfcd02ab8da95ef8", "model_version": "scripted-engineering-only"}
{"event": "task_finished", "trajectory_id": "92dde964-5647-40dc-a332-23758061a1e6", "task_id": "task-a3b7dfcd02ab8da95ef8", "model_version": "scripted-engineering-only", "outcome": "escalated", "task_success": true}
{"event": "task_started", "trajectory_id": "4e8a8931-516d-4912-aee6-693d03db6cf9", "task_id": "task-0186019e3d73611b86a1", "model_version": "scripted-engineering-only"}
{"event": "task_finished", "trajectory_id": "4e8a8931-516d-4912-aee6-693d03db6cf9", "task_id": "task-0186019e3d73611b86a1", "model_version": "scripted-engineering-only", "outcome": "escalated", "task_success": true}
{"event": "task_started", "trajectory_id": "1c5eac1e-04dd-4999-ae51-024cb2aa1a5d", "task_id": "task-734d5b0d34d0656564ee", "model_version": "scripted-engineering-only"}
{"event": "task_finished", "trajectory_id": "1c5eac1e-04dd-4999-ae51-024cb2aa1a5d", "task_id": "task-734d5b0d34d0656564ee", "model_version": "scripted-engineering-only", "outcome": "escalated", "task_success": true}
{"event": "task_started", "trajectory_id": "00212a6d-a60c-4107-bb00-2f4147894d6e", "task_id": "task-5dceefde9e586fb8376a", "model_version": "scripted-engineering-only"}
{"event": "task_finished", "trajectory_id": "00212a6d-a60c-4107-bb00-2f4147894d6e", "task_id": "task-5dceefde9e586fb8376a", "model_version": "scripted-engineering-only", "outcome": "escalated", "task_success": true}
{"event": "task_started", "trajectory_id": "7613b67b-c6c2-4aa9-b759-56d92dbe5d7b", "task_id": "task-ad1e786facf608c440ac", "model_version": "scripted-engineering-only"}
{"event": "task_finished", "trajectory_id": "7613b67b-c6c2-4aa9-b759-56d92dbe5d7b", "task_id": "task-ad1e786facf608c440ac", "model_version": "scripted-engineering-only", "outcome": "escalated", "task_success": true}
{"event": "task_started", "trajectory_id": "a827e525-e8dd-40db-8839-1a274d398f5c", "task_id": "task-bb68b21999ce552f5ffc", "model_version": "scripted-engineering-only"}
{"event": "task_finished", "trajectory_id": "a827e525-e8dd-40db-8839-1a274d398f5c", "task_id": "task-bb68b21999ce552f5ffc", "model_version": "scripted-engineering-only", "outcome": "completed", "task_success": true}
{"event": "task_started", "trajectory_id": "71e16a47-630e-43c0-ad28-f1d18fd9f7c0", "task_id": "task-a1d394ba1d073d7a2eaa", "model_version": "scripted-engineering-only"}
{"event": "task_finished", "trajectory_id": "71e16a47-630e-43c0-ad28-f1d18fd9f7c0", "task_id": "task-a1d394ba1d073d7a2eaa", "model_version": "scripted-engineering-only", "outcome": "completed", "task_success": true}
{"event": "task_started", "trajectory_id": "1be63cb9-9b55-446b-bb3f-2be3735aa306", "task_id": "task-edb462866dbadf5ed77c", "model_version": "scripted-engineering-only"}
{"event": "task_finished", "trajectory_id": "1be63cb9-9b55-446b-bb3f-2be3735aa306", "task_id": "task-edb462866dbadf5ed77c", "model_version": "scripted-engineering-only", "outcome": "completed", "task_success": true}
{"event": "task_started", "trajectory_id": "d54ff27b-1e26-4dac-872a-fa71945540a8", "task_id": "task-6dfee218765c8a8ccb03", "model_version": "scripted-engineering-only"}
{"event": "task_finished", "trajectory_id": "d54ff27b-1e26-4dac-872a-fa71945540a8", "task_id": "task-6dfee218765c8a8ccb03", "model_version": "scripted-engineering-only", "outcome": "completed", "task_success": true}
{"event": "task_started", "trajectory_id": "d36bb00c-91aa-430f-a4b3-29bf50537b0f", "task_id": "task-7b7e1c638fa73fcdc0cb", "model_version": "scripted-engineering-only"}
{"event": "task_finished", "trajectory_id": "d36bb00c-91aa-430f-a4b3-29bf50537b0f", "task_id": "task-7b7e1c638fa73fcdc0cb", "model_version": "scripted-engineering-only", "outcome": "completed", "task_success": true}
{"event": "task_started", "trajectory_id": "5c9df1bb-9eda-46b1-b163-d4817bbf0636", "task_id": "task-30eeea5e7635d5b1ecb1", "model_version": "scripted-engineering-only"}
{"event": "task_finished", "trajectory_id": "5c9df1bb-9eda-46b1-b163-d4817bbf0636", "task_id": "task-30eeea5e7635d5b1ecb1", "model_version": "scripted-engineering-only", "outcome": "completed", "task_success": true}
{"event": "task_started", "trajectory_id": "a6570ead-802e-4354-917b-4e4ba9984b86", "task_id": "task-d1dddd10b1af24b04d3e", "model_version": "scripted-engineering-only"}
{"event": "task_finished", "trajectory_id": "a6570ead-802e-4354-917b-4e4ba9984b86", "task_id": "task-d1dddd10b1af24b04d3e", "model_version": "scripted-engineering-only", "outcome": "escalated", "task_success": true}
{"event": "task_started", "trajectory_id": "7c064c51-6a38-4a13-a218-99c4e3599f74", "task_id": "task-afbdfb29b194d7db817e", "model_version": "scripted-engineering-only"}
{"event": "task_finished", "trajectory_id": "7c064c51-6a38-4a13-a218-99c4e3599f74", "task_id": "task-afbdfb29b194d7db817e", "model_version": "scripted-engineering-only", "outcome": "escalated", "task_success": true}
{"event": "task_started", "trajectory_id": "a681b45f-bc38-4739-88b6-b595b9ba2b1d", "task_id": "task-1cb1631bb12620637a56", "model_version": "scripted-engineering-only"}
{"event": "task_finished", "trajectory_id": "a681b45f-bc38-4739-88b6-b595b9ba2b1d", "task_id": "task-1cb1631bb12620637a56", "model_version": "scripted-engineering-only", "outcome": "escalated", "task_success": true}
{"event": "task_started", "trajectory_id": "2b027167-c14d-4b64-8148-01099f8fcdac", "task_id": "task-86bd6cb9106510ea039f", "model_version": "scripted-engineering-only"}
{"event": "task_finished", "trajectory_id": "2b027167-c14d-4b64-8148-01099f8fcdac", "task_id": "task-86bd6cb9106510ea039f", "model_version": "scripted-engineering-only", "outcome": "escalated", "task_success": true}
{"event": "task_started", "trajectory_id": "dff1b864-5b26-46c5-b754-cff77a94f283", "task_id": "task-28acc947e09e78444ad1", "model_version": "scripted-engineering-only"}
{"event": "task_finished", "trajectory_id": "dff1b864-5b26-46c5-b754-cff77a94f283", "task_id": "task-28acc947e09e78444ad1", "model_version": "scripted-engineering-only", "outcome": "escalated", "task_success": true}
{"event": "task_started", "trajectory_id": "1e3b9136-79b2-4589-bcb5-19e3f3ef973b", "task_id": "task-398eead64c3eeb871099", "model_version": "scripted-engineering-only"}
{"event": "task_finished", "trajectory_id": "1e3b9136-79b2-4589-bcb5-19e3f3ef973b", "task_id": "task-398eead64c3eeb871099", "model_version": "scripted-engineering-only", "outcome": "escalated", "task_success": true}
{"event": "task_started", "trajectory_id": "8a98f4fa-bc82-44e1-b8b2-f03fbf54f794", "task_id": "task-80544b2a08bd57e8e768", "model_version": "scripted-engineering-only"}
{"event": "task_finished", "trajectory_id": "8a98f4fa-bc82-44e1-b8b2-f03fbf54f794", "task_id": "task-80544b2a08bd57e8e768", "model_version": "scripted-engineering-only", "outcome": "completed", "task_success": true}
{"event": "task_started", "trajectory_id": "f3dd96cc-1b89-44c6-ac7f-e050f5f4ac36", "task_id": "task-673dbc9dd8f247601722", "model_version": "scripted-engineering-only"}
{"event": "task_finished", "trajectory_id": "f3dd96cc-1b89-44c6-ac7f-e050f5f4ac36", "task_id": "task-673dbc9dd8f247601722", "model_version": "scripted-engineering-only", "outcome": "completed", "task_success": true}
{"event": "task_started", "trajectory_id": "252c3e22-3d8b-42d7-98a3-eb2dd5463290", "task_id": "task-ed359ba55106b09d8847", "model_version": "scripted-engineering-only"}
{"event": "task_finished", "trajectory_id": "252c3e22-3d8b-42d7-98a3-eb2dd5463290", "task_id": "task-ed359ba55106b09d8847", "model_version": "scripted-engineering-only", "outcome": "completed", "task_success": true}
{"event": "task_started", "trajectory_id": "f75635fb-e07c-4559-a986-d4d36734b2c1", "task_id": "task-292ef81ae14a36c27b3f", "model_version": "scripted-engineering-only"}
{"event": "task_finished", "trajectory_id": "f75635fb-e07c-4559-a986-d4d36734b2c1", "task_id": "task-292ef81ae14a36c27b3f", "model_version": "scripted-engineering-only", "outcome": "refused", "task_success": true}
{"event": "task_started", "trajectory_id": "98808035-fd0a-4215-9b48-1a7d5c8bd1ec", "task_id": "task-5a00f3a9d86cd9d6c54d", "model_version": "scripted-engineering-only"}
{"event": "task_finished", "trajectory_id": "98808035-fd0a-4215-9b48-1a7d5c8bd1ec", "task_id": "task-5a00f3a9d86cd9d6c54d", "model_version": "scripted-engineering-only", "outcome": "refused", "task_success": true}
{"event": "task_started", "trajectory_id": "a382328e-e4cf-4911-8249-252e97941316", "task_id": "task-3b9ce844f270fdf7774d", "model_version": "scripted-engineering-only"}
{"event": "task_finished", "trajectory_id": "a382328e-e4cf-4911-8249-252e97941316", "task_id": "task-3b9ce844f270fdf7774d", "model_version": "scripted-engineering-only", "outcome": "refused", "task_success": true}
{"event": "task_started", "trajectory_id": "8cd07c3e-0e4d-4e54-9559-54b46ed04bb2", "task_id": "task-f9ea9ef01353b4b68e96", "model_version": "scripted-engineering-only"}
{"event": "task_finished", "trajectory_id": "8cd07c3e-0e4d-4e54-9559-54b46ed04bb2", "task_id": "task-f9ea9ef01353b4b68e96", "model_version": "scripted-engineering-only", "outcome": "refused", "task_success": true}
{"event": "task_started", "trajectory_id": "10318919-605d-4f13-9474-2ce97b4e2c47", "task_id": "task-98171245bbd786a1517a", "model_version": "scripted-engineering-only"}
{"event": "task_finished", "trajectory_id": "10318919-605d-4f13-9474-2ce97b4e2c47", "task_id": "task-98171245bbd786a1517a", "model_version": "scripted-engineering-only", "outcome": "refused", "task_success": true}
{"event": "task_started", "trajectory_id": "b3e0e6e0-97e7-440f-a841-049f539fb426", "task_id": "task-097a2cdd49eb7039eeda", "model_version": "scripted-engineering-only"}
{"event": "task_finished", "trajectory_id": "b3e0e6e0-97e7-440f-a841-049f539fb426", "task_id": "task-097a2cdd49eb7039eeda", "model_version": "scripted-engineering-only", "outcome": "refused", "task_success": true}
{"event": "task_started", "trajectory_id": "2c5b8d0f-76bf-4245-a364-053f8d026bba", "task_id": "task-dc45c35c4539665fa28a", "model_version": "scripted-engineering-only"}
{"event": "task_finished", "trajectory_id": "2c5b8d0f-76bf-4245-a364-053f8d026bba", "task_id": "task-dc45c35c4539665fa28a", "model_version": "scripted-engineering-only", "outcome": "escalated", "task_success": true}
{"event": "task_started", "trajectory_id": "de4e2d2d-be60-4a9f-ad0d-9ccacf2fac6b", "task_id": "task-012721fdabc6938bfdb4", "model_version": "scripted-engineering-only"}
{"event": "task_finished", "trajectory_id": "de4e2d2d-be60-4a9f-ad0d-9ccacf2fac6b", "task_id": "task-012721fdabc6938bfdb4", "model_version": "scripted-engineering-only", "outcome": "escalated", "task_success": true}
{"event": "task_started", "trajectory_id": "a6a884fc-208d-45c5-8f83-786c9414bd5b", "task_id": "task-7e2db9056f851620b578", "model_version": "scripted-engineering-only"}
{"event": "task_finished", "trajectory_id": "a6a884fc-208d-45c5-8f83-786c9414bd5b", "task_id": "task-7e2db9056f851620b578", "model_version": "scripted-engineering-only", "outcome": "escalated", "task_success": true}
{"event": "task_started", "trajectory_id": "9d5e02ff-1112-4659-9a7c-ae67b01052f4", "task_id": "task-56d11969bbac661ba221", "model_version": "scripted-engineering-only"}
{"event": "task_finished", "trajectory_id": "9d5e02ff-1112-4659-9a7c-ae67b01052f4", "task_id": "task-56d11969bbac661ba221", "model_version": "scripted-engineering-only", "outcome": "refused", "task_success": true}
{"event": "task_started", "trajectory_id": "589b1356-b7c0-438a-8bdd-e8c532f9efab", "task_id": "task-87d7c7fe1cf3dca74c72", "model_version": "scripted-engineering-only"}
{"event": "task_finished", "trajectory_id": "589b1356-b7c0-438a-8bdd-e8c532f9efab", "task_id": "task-87d7c7fe1cf3dca74c72", "model_version": "scripted-engineering-only", "outcome": "refused", "task_success": true}
{"event": "task_started", "trajectory_id": "d11230e1-4bec-4843-bcd9-289cd5f003b7", "task_id": "task-31dce11192d72a14cb25", "model_version": "scripted-engineering-only"}
{"event": "task_finished", "trajectory_id": "d11230e1-4bec-4843-bcd9-289cd5f003b7", "task_id": "task-31dce11192d72a14cb25", "model_version": "scripted-engineering-only", "outcome": "refused", "task_success": true}
{"event": "task_started", "trajectory_id": "72b42a2d-89c1-4b9a-99f0-965ebeb37cb7", "task_id": "task-c9c2d9c2d23545eb0e36", "model_version": "scripted-engineering-only"}
{"event": "task_finished", "trajectory_id": "72b42a2d-89c1-4b9a-99f0-965ebeb37cb7", "task_id": "task-c9c2d9c2d23545eb0e36", "model_version": "scripted-engineering-only", "outcome": "refused", "task_success": true}
{"event": "task_started", "trajectory_id": "b601c55f-f9ca-4a55-8161-227857081e39", "task_id": "task-9f2dbc26618598f23b3d", "model_version": "scripted-engineering-only"}
{"event": "task_finished", "trajectory_id": "b601c55f-f9ca-4a55-8161-227857081e39", "task_id": "task-9f2dbc26618598f23b3d", "model_version": "scripted-engineering-only", "outcome": "refused", "task_success": true}
{"event": "task_started", "trajectory_id": "8caacd48-db2c-4fb6-a644-768f5f51335d", "task_id": "task-ba01b87f8d3c2b2a0a9d", "model_version": "scripted-engineering-only"}
{"event": "task_finished", "trajectory_id": "8caacd48-db2c-4fb6-a644-768f5f51335d", "task_id": "task-ba01b87f8d3c2b2a0a9d", "model_version": "scripted-engineering-only", "outcome": "refused", "task_success": true}
{"event": "task_started", "trajectory_id": "85cee0e4-80d9-4875-bae6-74cc30caabb8", "task_id": "task-bdd32dbdec43e2d790e2", "model_version": "scripted-engineering-only"}
{"event": "task_finished", "trajectory_id": "85cee0e4-80d9-4875-bae6-74cc30caabb8", "task_id": "task-bdd32dbdec43e2d790e2", "model_version": "scripted-engineering-only", "outcome": "escalated", "task_success": true}
{"event": "task_started", "trajectory_id": "8e18e6ea-6867-4d8d-9619-33b680801a13", "task_id": "task-abd88aed3619fa1f2adb", "model_version": "scripted-engineering-only"}
{"event": "task_finished", "trajectory_id": "8e18e6ea-6867-4d8d-9619-33b680801a13", "task_id": "task-abd88aed3619fa1f2adb", "model_version": "scripted-engineering-only", "outcome": "escalated", "task_success": true}
{"event": "task_started", "trajectory_id": "3677d6f1-e65a-410c-a09f-da1ec7fe3c69", "task_id": "task-3679379ac0a63d0c5798", "model_version": "scripted-engineering-only"}
{"event": "task_finished", "trajectory_id": "3677d6f1-e65a-410c-a09f-da1ec7fe3c69", "task_id": "task-3679379ac0a63d0c5798", "model_version": "scripted-engineering-only", "outcome": "escalated", "task_success": true}
{"event": "task_started", "trajectory_id": "66443edc-e546-41d8-ba85-d2b81e6e92ae", "task_id": "task-ec729be391c4a34fe297", "model_version": "scripted-engineering-only"}
{"event": "task_finished", "trajectory_id": "66443edc-e546-41d8-ba85-d2b81e6e92ae", "task_id": "task-ec729be391c4a34fe297", "model_version": "scripted-engineering-only", "outcome": "completed", "task_success": true}
{"event": "task_started", "trajectory_id": "40ef0eb8-e0f9-46d5-9c0a-08422b3504a4", "task_id": "task-b453a658279db88de3c0", "model_version": "scripted-engineering-only"}
{"event": "task_finished", "trajectory_id": "40ef0eb8-e0f9-46d5-9c0a-08422b3504a4", "task_id": "task-b453a658279db88de3c0", "model_version": "scripted-engineering-only", "outcome": "completed", "task_success": true}
{"event": "task_started", "trajectory_id": "40d6846f-2434-43f9-ba85-331c41fbc6f9", "task_id": "task-97af2e092bbdb911a25a", "model_version": "scripted-engineering-only"}
{"event": "task_finished", "trajectory_id": "40d6846f-2434-43f9-ba85-331c41fbc6f9", "task_id": "task-97af2e092bbdb911a25a", "model_version": "scripted-engineering-only", "outcome": "completed", "task_success": true}
{"event": "task_started", "trajectory_id": "6f080598-987f-4312-975e-d98f171f16c7", "task_id": "task-0724fc5648935c3d16ba", "model_version": "scripted-engineering-only"}
{"event": "task_finished", "trajectory_id": "6f080598-987f-4312-975e-d98f171f16c7", "task_id": "task-0724fc5648935c3d16ba", "model_version": "scripted-engineering-only", "outcome": "escalated", "task_success": true}
{"event": "task_started", "trajectory_id": "32b15e85-970c-441d-a828-05b2c07985c9", "task_id": "task-674a4080fd2f0382b598", "model_version": "scripted-engineering-only"}
{"event": "task_finished", "trajectory_id": "32b15e85-970c-441d-a828-05b2c07985c9", "task_id": "task-674a4080fd2f0382b598", "model_version": "scripted-engineering-only", "outcome": "escalated", "task_success": true}
{"event": "task_started", "trajectory_id": "9a8e8007-f9f5-4f11-afb9-84aeffe4dca8", "task_id": "task-3feda8a21f9775e1db88", "model_version": "scripted-engineering-only"}
{"event": "task_finished", "trajectory_id": "9a8e8007-f9f5-4f11-afb9-84aeffe4dca8", "task_id": "task-3feda8a21f9775e1db88", "model_version": "scripted-engineering-only", "outcome": "escalated", "task_success": true}
{"event": "task_started", "trajectory_id": "8e740cc4-7fb2-4d7f-bae4-a2fb0fa9308f", "task_id": "task-0e084016f0ee902062e6", "model_version": "scripted-engineering-only"}
{"event": "task_finished", "trajectory_id": "8e740cc4-7fb2-4d7f-bae4-a2fb0fa9308f", "task_id": "task-0e084016f0ee902062e6", "model_version": "scripted-engineering-only", "outcome": "completed", "task_success": true}
{"event": "task_started", "trajectory_id": "b247f2a0-41fd-4d12-b9e4-a3aea3e85bd8", "task_id": "task-4c6c1f9967c096b34002", "model_version": "scripted-engineering-only"}
{"event": "task_finished", "trajectory_id": "b247f2a0-41fd-4d12-b9e4-a3aea3e85bd8", "task_id": "task-4c6c1f9967c096b34002", "model_version": "scripted-engineering-only", "outcome": "completed", "task_success": true}
{"event": "task_started", "trajectory_id": "fc30c262-f5b3-45d6-9ba0-ac8b3e659155", "task_id": "task-5d8affbfbc38c6af2a55", "model_version": "scripted-engineering-only"}
{"event": "task_finished", "trajectory_id": "fc30c262-f5b3-45d6-9ba0-ac8b3e659155", "task_id": "task-5d8affbfbc38c6af2a55", "model_version": "scripted-engineering-only", "outcome": "completed", "task_success": true}
{"event": "task_started", "trajectory_id": "6bab2a8c-8f8f-4914-8bc9-2c65b9824ce8", "task_id": "task-705ae2b6a38ee732fcb6", "model_version": "scripted-engineering-only"}
{"event": "task_finished", "trajectory_id": "6bab2a8c-8f8f-4914-8bc9-2c65b9824ce8", "task_id": "task-705ae2b6a38ee732fcb6", "model_version": "scripted-engineering-only", "outcome": "refused", "task_success": true}
{"event": "task_started", "trajectory_id": "7cc24265-0804-4837-9d90-ea38c449fdb4", "task_id": "task-aacc6eab02d55411c926", "model_version": "scripted-engineering-only"}
{"event": "task_finished", "trajectory_id": "7cc24265-0804-4837-9d90-ea38c449fdb4", "task_id": "task-aacc6eab02d55411c926", "model_version": "scripted-engineering-only", "outcome": "refused", "task_success": true}
{"event": "task_started", "trajectory_id": "bc61d252-b5b3-41bb-a614-3c8c044ff508", "task_id": "task-e69eb5bbc48e257eaed9", "model_version": "scripted-engineering-only"}
{"event": "task_finished", "trajectory_id": "bc61d252-b5b3-41bb-a614-3c8c044ff508", "task_id": "task-e69eb5bbc48e257eaed9", "model_version": "scripted-engineering-only", "outcome": "refused", "task_success": true}
{"event": "task_started", "trajectory_id": "1b23c453-776b-4f61-8d44-344dda7b5ec2", "task_id": "task-d218b76a549bb71d32a3", "model_version": "scripted-engineering-only"}
{"event": "task_finished", "trajectory_id": "1b23c453-776b-4f61-8d44-344dda7b5ec2", "task_id": "task-d218b76a549bb71d32a3", "model_version": "scripted-engineering-only", "outcome": "escalated", "task_success": true}
{"event": "task_started", "trajectory_id": "59e27854-e638-4120-8eb1-22316006f6a1", "task_id": "task-399f80239f711ea5d908", "model_version": "scripted-engineering-only"}
{"event": "task_finished", "trajectory_id": "59e27854-e638-4120-8eb1-22316006f6a1", "task_id": "task-399f80239f711ea5d908", "model_version": "scripted-engineering-only", "outcome": "escalated", "task_success": true}
{"event": "task_started", "trajectory_id": "59cc0b41-916b-4eb0-aea5-6c9537a39038", "task_id": "task-59a584317a710f1deb73", "model_version": "scripted-engineering-only"}
{"event": "task_finished", "trajectory_id": "59cc0b41-916b-4eb0-aea5-6c9537a39038", "task_id": "task-59a584317a710f1deb73", "model_version": "scripted-engineering-only", "outcome": "escalated", "task_success": true}
{"event": "task_started", "trajectory_id": "b75fee41-3f21-4b88-a67b-f2fc3044f6d3", "task_id": "task-f72263adb1c1d420111e", "model_version": "scripted-engineering-only"}
{"event": "task_finished", "trajectory_id": "b75fee41-3f21-4b88-a67b-f2fc3044f6d3", "task_id": "task-f72263adb1c1d420111e", "model_version": "scripted-engineering-only", "outcome": "escalated", "task_success": true}
{"event": "task_started", "trajectory_id": "694910a2-b84a-41f9-94ae-7e9c5e4751ed", "task_id": "task-90c1813085f31f5299b3", "model_version": "scripted-engineering-only"}
{"event": "task_finished", "trajectory_id": "694910a2-b84a-41f9-94ae-7e9c5e4751ed", "task_id": "task-90c1813085f31f5299b3", "model_version": "scripted-engineering-only", "outcome": "escalated", "task_success": true}
{"event": "task_started", "trajectory_id": "aefa9ade-0ff8-4f13-b6e4-4eec37ca263a", "task_id": "task-c31ed15c43fec69b21d0", "model_version": "scripted-engineering-only"}
{"event": "task_finished", "trajectory_id": "aefa9ade-0ff8-4f13-b6e4-4eec37ca263a", "task_id": "task-c31ed15c43fec69b21d0", "model_version": "scripted-engineering-only", "outcome": "escalated", "task_success": true}
{"event": "task_started", "trajectory_id": "8efaef37-894c-4488-98db-1a36d9a238d0", "task_id": "task-c4da3551dcd0c1e6d1bc", "model_version": "scripted-engineering-only"}
{"event": "task_finished", "trajectory_id": "8efaef37-894c-4488-98db-1a36d9a238d0", "task_id": "task-c4da3551dcd0c1e6d1bc", "model_version": "scripted-engineering-only", "outcome": "completed", "task_success": true}
{"event": "task_started", "trajectory_id": "1020b150-42f7-4494-9e37-f1cfdffe2d1d", "task_id": "task-d573e068640729f6fc0c", "model_version": "scripted-engineering-only"}
{"event": "task_finished", "trajectory_id": "1020b150-42f7-4494-9e37-f1cfdffe2d1d", "task_id": "task-d573e068640729f6fc0c", "model_version": "scripted-engineering-only", "outcome": "completed", "task_success": true}
{"event": "task_started", "trajectory_id": "e22eaf7b-1d6c-4f31-9354-b41f5adfb3a7", "task_id": "task-5451f40b657f5bfdccbc", "model_version": "scripted-engineering-only"}
{"event": "task_finished", "trajectory_id": "e22eaf7b-1d6c-4f31-9354-b41f5adfb3a7", "task_id": "task-5451f40b657f5bfdccbc", "model_version": "scripted-engineering-only", "outcome": "completed", "task_success": true}
{"event": "task_started", "trajectory_id": "bb61e168-0ce8-4149-a862-11889b19e55a", "task_id": "task-d71f713e079ab5c2b330", "model_version": "scripted-engineering-only"}
{"event": "task_finished", "trajectory_id": "bb61e168-0ce8-4149-a862-11889b19e55a", "task_id": "task-d71f713e079ab5c2b330", "model_version": "scripted-engineering-only", "outcome": "completed", "task_success": true}
{"event": "task_started", "trajectory_id": "bf21b6f3-1425-42a1-8b3a-5d6983287e61", "task_id": "task-aa38b5523e6289961272", "model_version": "scripted-engineering-only"}
{"event": "task_finished", "trajectory_id": "bf21b6f3-1425-42a1-8b3a-5d6983287e61", "task_id": "task-aa38b5523e6289961272", "model_version": "scripted-engineering-only", "outcome": "completed", "task_success": true}
{"event": "task_started", "trajectory_id": "cf8cbf9d-abc1-4090-b795-5b0457a3d452", "task_id": "task-45334e54e1889ab54a6c", "model_version": "scripted-engineering-only"}
{"event": "task_finished", "trajectory_id": "cf8cbf9d-abc1-4090-b795-5b0457a3d452", "task_id": "task-45334e54e1889ab54a6c", "model_version": "scripted-engineering-only", "outcome": "completed", "task_success": true}
{"event": "task_started", "trajectory_id": "ffec013d-9483-4c5d-81d5-670612cc109d", "task_id": "task-c50d95cdd2eabf3b7e52", "model_version": "scripted-engineering-only"}
{"event": "task_finished", "trajectory_id": "ffec013d-9483-4c5d-81d5-670612cc109d", "task_id": "task-c50d95cdd2eabf3b7e52", "model_version": "scripted-engineering-only", "outcome": "completed", "task_success": true}
{"event": "task_started", "trajectory_id": "32452807-de07-4c58-b693-d9631eeef6d3", "task_id": "task-e730102b9a4395aae8ee", "model_version": "scripted-engineering-only"}
{"event": "task_finished", "trajectory_id": "32452807-de07-4c58-b693-d9631eeef6d3", "task_id": "task-e730102b9a4395aae8ee", "model_version": "scripted-engineering-only", "outcome": "completed", "task_success": true}
{"event": "task_started", "trajectory_id": "6c118499-160a-4b22-b431-62fed80a6325", "task_id": "task-c1422229a8352e1cf4fc", "model_version": "scripted-engineering-only"}
{"event": "task_finished", "trajectory_id": "6c118499-160a-4b22-b431-62fed80a6325", "task_id": "task-c1422229a8352e1cf4fc", "model_version": "scripted-engineering-only", "outcome": "completed", "task_success": true}
{"event": "task_started", "trajectory_id": "9cfb9986-c302-4633-b90f-4fd5cd541197", "task_id": "task-f67587394339c41f909c", "model_version": "scripted-engineering-only"}
{"event": "task_finished", "trajectory_id": "9cfb9986-c302-4633-b90f-4fd5cd541197", "task_id": "task-f67587394339c41f909c", "model_version": "scripted-engineering-only", "outcome": "refused", "task_success": true}
{"event": "task_started", "trajectory_id": "23c3ef29-4bd8-494e-bde9-af1d47a3b85e", "task_id": "task-b2e0e6a52eb4cbe28b57", "model_version": "scripted-engineering-only"}
{"event": "task_finished", "trajectory_id": "23c3ef29-4bd8-494e-bde9-af1d47a3b85e", "task_id": "task-b2e0e6a52eb4cbe28b57", "model_version": "scripted-engineering-only", "outcome": "refused", "task_success": true}
{"event": "task_started", "trajectory_id": "21daeac5-bd77-4135-ab6c-9a928d0aeb5c", "task_id": "task-271e4f001bfbec4ba37f", "model_version": "scripted-engineering-only"}
{"event": "task_finished", "trajectory_id": "21daeac5-bd77-4135-ab6c-9a928d0aeb5c", "task_id": "task-271e4f001bfbec4ba37f", "model_version": "scripted-engineering-only", "outcome": "refused", "task_success": true}
{"event": "task_started", "trajectory_id": "48a42b6f-7fc3-4df5-90d6-91b4ee19ad4c", "task_id": "task-f476ba5bc12924d9bc6b", "model_version": "scripted-engineering-only"}
{"event": "task_finished", "trajectory_id": "48a42b6f-7fc3-4df5-90d6-91b4ee19ad4c", "task_id": "task-f476ba5bc12924d9bc6b", "model_version": "scripted-engineering-only", "outcome": "refused", "task_success": true}
{"event": "task_started", "trajectory_id": "78eae199-7a12-49f5-9e2d-827e9774de4a", "task_id": "task-5eb647be1fe8d553a68b", "model_version": "scripted-engineering-only"}
{"event": "task_finished", "trajectory_id": "78eae199-7a12-49f5-9e2d-827e9774de4a", "task_id": "task-5eb647be1fe8d553a68b", "model_version": "scripted-engineering-only", "outcome": "refused", "task_success": true}
{"event": "task_started", "trajectory_id": "af2f2bfd-dc0e-4e2c-b8c3-794c16f514f6", "task_id": "task-07a2025d71ee061f3bd2", "model_version": "scripted-engineering-only"}
{"event": "task_finished", "trajectory_id": "af2f2bfd-dc0e-4e2c-b8c3-794c16f514f6", "task_id": "task-07a2025d71ee061f3bd2", "model_version": "scripted-engineering-only", "outcome": "refused", "task_success": true}
{"event": "task_started", "trajectory_id": "d9bee755-4b23-4c1a-932f-b097fc09d619", "task_id": "task-a48da85fc162e85f19e2", "model_version": "scripted-engineering-only"}
{"event": "task_finished", "trajectory_id": "d9bee755-4b23-4c1a-932f-b097fc09d619", "task_id": "task-a48da85fc162e85f19e2", "model_version": "scripted-engineering-only", "outcome": "escalated", "task_success": true}
{"event": "task_started", "trajectory_id": "56c5d6c7-96db-480c-8582-57d7818e2d14", "task_id": "task-06b8d71a2bcb3273229e", "model_version": "scripted-engineering-only"}
{"event": "task_finished", "trajectory_id": "56c5d6c7-96db-480c-8582-57d7818e2d14", "task_id": "task-06b8d71a2bcb3273229e", "model_version": "scripted-engineering-only", "outcome": "escalated", "task_success": true}
{"event": "task_started", "trajectory_id": "826e648c-154a-4339-90b3-75f85e5d7d1f", "task_id": "task-a54dafe4b4e3bb62483d", "model_version": "scripted-engineering-only"}
{"event": "task_finished", "trajectory_id": "826e648c-154a-4339-90b3-75f85e5d7d1f", "task_id": "task-a54dafe4b4e3bb62483d", "model_version": "scripted-engineering-only", "outcome": "escalated", "task_success": true}
{"event": "task_started", "trajectory_id": "83af2b38-bb64-4ff7-8ada-154bee2f0c85", "task_id": "task-965bab023d996aea99f2", "model_version": "scripted-engineering-only"}
{"event": "task_finished", "trajectory_id": "83af2b38-bb64-4ff7-8ada-154bee2f0c85", "task_id": "task-965bab023d996aea99f2", "model_version": "scripted-engineering-only", "outcome": "completed", "task_success": true}
{"event": "task_started", "trajectory_id": "70f45910-9b9c-47b5-9d87-3a48ee7ea304", "task_id": "task-eba00923d594244d8a50", "model_version": "scripted-engineering-only"}
{"event": "task_finished", "trajectory_id": "70f45910-9b9c-47b5-9d87-3a48ee7ea304", "task_id": "task-eba00923d594244d8a50", "model_version": "scripted-engineering-only", "outcome": "completed", "task_success": true}
{"event": "task_started", "trajectory_id": "3ea40c4c-04b0-4e7d-a3b4-c76bb96b3d98", "task_id": "task-2d745d5735989f513472", "model_version": "scripted-engineering-only"}
{"event": "task_finished", "trajectory_id": "3ea40c4c-04b0-4e7d-a3b4-c76bb96b3d98", "task_id": "task-2d745d5735989f513472", "model_version": "scripted-engineering-only", "outcome": "completed", "task_success": true}
{"event": "task_started", "trajectory_id": "187bac6a-3ef8-4c77-9a53-6cd8b8494865", "task_id": "task-adce80fcd242644af3be", "model_version": "scripted-engineering-only"}
{"event": "task_finished", "trajectory_id": "187bac6a-3ef8-4c77-9a53-6cd8b8494865", "task_id": "task-adce80fcd242644af3be", "model_version": "scripted-engineering-only", "outcome": "escalated", "task_success": true}
{"event": "task_started", "trajectory_id": "52d2c7e0-c570-4011-b748-88125fee6d65", "task_id": "task-a3b7dfcd02ab8da95ef8", "model_version": "scripted-engineering-only"}
{"event": "task_finished", "trajectory_id": "52d2c7e0-c570-4011-b748-88125fee6d65", "task_id": "task-a3b7dfcd02ab8da95ef8", "model_version": "scripted-engineering-only", "outcome": "escalated", "task_success": true}
{"event": "task_started", "trajectory_id": "c7a975c4-65ff-40f1-a0a5-b423d5247cb2", "task_id": "task-0186019e3d73611b86a1", "model_version": "scripted-engineering-only"}
{"event": "task_finished", "trajectory_id": "c7a975c4-65ff-40f1-a0a5-b423d5247cb2", "task_id": "task-0186019e3d73611b86a1", "model_version": "scripted-engineering-only", "outcome": "escalated", "task_success": true}
{"event": "task_started", "trajectory_id": "2023027b-de54-41dd-8ea3-fbea51083562", "task_id": "task-734d5b0d34d0656564ee", "model_version": "scripted-engineering-only"}
{"event": "task_finished", "trajectory_id": "2023027b-de54-41dd-8ea3-fbea51083562", "task_id": "task-734d5b0d34d0656564ee", "model_version": "scripted-engineering-only", "outcome": "escalated", "task_success": true}
{"event": "task_started", "trajectory_id": "b27cfb37-3c44-46d7-b6ad-ba9093cff09e", "task_id": "task-5dceefde9e586fb8376a", "model_version": "scripted-engineering-only"}
{"event": "task_finished", "trajectory_id": "b27cfb37-3c44-46d7-b6ad-ba9093cff09e", "task_id": "task-5dceefde9e586fb8376a", "model_version": "scripted-engineering-only", "outcome": "escalated", "task_success": true}
{"event": "task_started", "trajectory_id": "45ea756b-faaa-4d23-a435-192d056823ec", "task_id": "task-ad1e786facf608c440ac", "model_version": "scripted-engineering-only"}
{"event": "task_finished", "trajectory_id": "45ea756b-faaa-4d23-a435-192d056823ec", "task_id": "task-ad1e786facf608c440ac", "model_version": "scripted-engineering-only", "outcome": "escalated", "task_success": true}
{"event": "task_started", "trajectory_id": "68fbeed4-143d-4d5d-af1c-9701203ada81", "task_id": "task-bb68b21999ce552f5ffc", "model_version": "scripted-engineering-only"}
{"event": "task_finished", "trajectory_id": "68fbeed4-143d-4d5d-af1c-9701203ada81", "task_id": "task-bb68b21999ce552f5ffc", "model_version": "scripted-engineering-only", "outcome": "completed", "task_success": true}
{"event": "task_started", "trajectory_id": "83052d56-0119-4ecb-8814-4557e50e871c", "task_id": "task-a1d394ba1d073d7a2eaa", "model_version": "scripted-engineering-only"}
{"event": "task_finished", "trajectory_id": "83052d56-0119-4ecb-8814-4557e50e871c", "task_id": "task-a1d394ba1d073d7a2eaa", "model_version": "scripted-engineering-only", "outcome": "completed", "task_success": true}
{"event": "task_started", "trajectory_id": "15144ad5-307e-4abe-b756-35a739da44d7", "task_id": "task-edb462866dbadf5ed77c", "model_version": "scripted-engineering-only"}
{"event": "task_finished", "trajectory_id": "15144ad5-307e-4abe-b756-35a739da44d7", "task_id": "task-edb462866dbadf5ed77c", "model_version": "scripted-engineering-only", "outcome": "completed", "task_success": true}
{"event": "task_started", "trajectory_id": "1c1f8e73-aed1-4011-9ef1-2a7b16f1318d", "task_id": "task-6dfee218765c8a8ccb03", "model_version": "scripted-engineering-only"}
{"event": "task_finished", "trajectory_id": "1c1f8e73-aed1-4011-9ef1-2a7b16f1318d", "task_id": "task-6dfee218765c8a8ccb03", "model_version": "scripted-engineering-only", "outcome": "completed", "task_success": true}
{"event": "task_started", "trajectory_id": "715b5567-0c88-46e3-8a5a-d384f13dfd1c", "task_id": "task-7b7e1c638fa73fcdc0cb", "model_version": "scripted-engineering-only"}
{"event": "task_finished", "trajectory_id": "715b5567-0c88-46e3-8a5a-d384f13dfd1c", "task_id": "task-7b7e1c638fa73fcdc0cb", "model_version": "scripted-engineering-only", "outcome": "completed", "task_success": true}
{"event": "task_started", "trajectory_id": "8d1908ee-6c90-460c-8b8d-60bda2e1b074", "task_id": "task-30eeea5e7635d5b1ecb1", "model_version": "scripted-engineering-only"}
{"event": "task_finished", "trajectory_id": "8d1908ee-6c90-460c-8b8d-60bda2e1b074", "task_id": "task-30eeea5e7635d5b1ecb1", "model_version": "scripted-engineering-only", "outcome": "completed", "task_success": true}
{"event": "task_started", "trajectory_id": "8a8d8923-88b7-49e9-9671-d9ff830a9bc9", "task_id": "task-d1dddd10b1af24b04d3e", "model_version": "scripted-engineering-only"}
{"event": "task_finished", "trajectory_id": "8a8d8923-88b7-49e9-9671-d9ff830a9bc9", "task_id": "task-d1dddd10b1af24b04d3e", "model_version": "scripted-engineering-only", "outcome": "escalated", "task_success": true}
{"event": "task_started", "trajectory_id": "d99b4b56-ea27-4f87-97fe-dfe5fe4444c2", "task_id": "task-afbdfb29b194d7db817e", "model_version": "scripted-engineering-only"}
{"event": "task_finished", "trajectory_id": "d99b4b56-ea27-4f87-97fe-dfe5fe4444c2", "task_id": "task-afbdfb29b194d7db817e", "model_version": "scripted-engineering-only", "outcome": "escalated", "task_success": true}
{"event": "task_started", "trajectory_id": "1fb6eeb7-83ac-4774-9721-e6c0fd1fb073", "task_id": "task-1cb1631bb12620637a56", "model_version": "scripted-engineering-only"}
{"event": "task_finished", "trajectory_id": "1fb6eeb7-83ac-4774-9721-e6c0fd1fb073", "task_id": "task-1cb1631bb12620637a56", "model_version": "scripted-engineering-only", "outcome": "escalated", "task_success": true}
{"event": "task_started", "trajectory_id": "0204ce31-ea5b-4e89-a68e-b6f866f2ee46", "task_id": "task-86bd6cb9106510ea039f", "model_version": "scripted-engineering-only"}
{"event": "task_finished", "trajectory_id": "0204ce31-ea5b-4e89-a68e-b6f866f2ee46", "task_id": "task-86bd6cb9106510ea039f", "model_version": "scripted-engineering-only", "outcome": "escalated", "task_success": true}
{"event": "task_started", "trajectory_id": "e6ef47fb-944d-402c-8a62-36561745300b", "task_id": "task-28acc947e09e78444ad1", "model_version": "scripted-engineering-only"}
{"event": "task_finished", "trajectory_id": "e6ef47fb-944d-402c-8a62-36561745300b", "task_id": "task-28acc947e09e78444ad1", "model_version": "scripted-engineering-only", "outcome": "escalated", "task_success": true}
{"event": "task_started", "trajectory_id": "24ca4192-f4a9-4eb9-85bb-c52aa672fa75", "task_id": "task-398eead64c3eeb871099", "model_version": "scripted-engineering-only"}
{"event": "task_finished", "trajectory_id": "24ca4192-f4a9-4eb9-85bb-c52aa672fa75", "task_id": "task-398eead64c3eeb871099", "model_version": "scripted-engineering-only", "outcome": "escalated", "task_success": true}
