{"event": "task_started", "trajectory_id": "0ad96336-a430-4374-ab9e-6bca77051a20", "task_id": "task-80544b2a08bd57e8e768", "model_version": "scripted-engineering-only"}
{"event": "task_finished", "trajectory_id": "0ad96336-a430-4374-ab9e-6bca77051a20", "task_id": "task-80544b2a08bd57e8e768", "model_version": "scripted-engineering-only", "outcome": "completed", "task_success": true}
{"event": "task_started", "trajectory_id": "4e5b039f-59b8-42f3-858a-4501f0102969", "task_id": "task-673dbc9dd8f247601722", "model_version": "scripted-engineering-only"}
{"event": "task_finished", "trajectory_id": "4e5b039f-59b8-42f3-858a-4501f0102969", "task_id": "task-673dbc9dd8f247601722", "model_version": "scripted-engineering-only", "outcome": "completed", "task_success": true}
{"event": "task_started", "trajectory_id": "8973ac2b-18e0-4a15-ba4e-4f6853daf4c4", "task_id": "task-ed359ba55106b09d8847", "model_version": "scripted-engineering-only"}
{"event": "task_finished", "trajectory_id": "8973ac2b-18e0-4a15-ba4e-4f6853daf4c4", "task_id": "task-ed359ba55106b09d8847", "model_version": "scripted-engineering-only", "outcome": "completed", "task_success": true}
{"event": "task_started", "trajectory_id": "59e89413-0905-41cc-875b-8d9a3e0ac26e", "task_id": "task-292ef81ae14a36c27b3f", "model_version": "scripted-engineering-only"}
{"event": "task_finished", "trajectory_id": "59e89413-0905-41cc-875b-8d9a3e0ac26e", "task_id": "task-292ef81ae14a36c27b3f", "model_version": "scripted-engineering-only", "outcome": "refused", "task_success": true}
{"event": "task_started", "trajectory_id": "8f3d0048-d370-47a3-9c26-10aa448947b1", "task_id": "task-5a00f3a9d86cd9d6c54d", "model_version": "scripted-engineering-only"}
{"event": "task_finished", "trajectory_id": "8f3d0048-d370-47a3-9c26-10aa448947b1", "task_id": "task-5a00f3a9d86cd9d6c54d", "model_version": "scripted-engineering-only", "outcome": "refused", "task_success": true}
{"event": "task_started", "trajectory_id": "3167f05a-c40d-4cf9-95b3-d21f060961e4", "task_id": "task-3b9ce844f270fdf7774d", "model_version": "scripted-engineering-only"}
{"event": "task_finished", "trajectory_id": "3167f05a-c40d-4cf9-95b3-d21f060961e4", "task_id": "task-3b9ce844f270fdf7774d", "model_version": "scripted-engineering-only", "outcome": "refused", "task_success": true}
{"event": "task_started", "trajectory_id": "ea97ce4a-1a14-40b2-8dfb-848114009e50", "task_id": "task-f9ea9ef01353b4b68e96", "model_version": "scripted-engineering-only"}
{"event": "task_finished", "trajectory_id": "ea97ce4a-1a14-40b2-8dfb-848114009e50", "task_id": "task-f9ea9ef01353b4b68e96", "model_version": "scripted-engineering-only", "outcome": "refused", "task_success": true}
{"event": "task_started", "trajectory_id": "e55815b0-3a88-4f4a-96e3-5b6b75e2cfb7", "task_id": "task-98171245bbd786a1517a", "model_version": "scripted-engineering-only"}
{"event": "task_finished", "trajectory_id": "e55815b0-3a88-4f4a-96e3-5b6b75e2cfb7", "task_id": "task-98171245bbd786a1517a", "model_version": "scripted-engineering-only", "outcome": "refused", "task_success": true}
{"event": "task_started", "trajectory_id": "10001c04-69b5-4173-bc30-9c678a1d5e2f", "task_id": "task-097a2cdd49eb7039eeda", "model_version": "scripted-engineering-only"}
{"event": "task_finished", "trajectory_id": "10001c04-69b5-4173-bc30-9c678a1d5e2f", "task_id": "task-097a2cdd49eb7039eeda", "model_version": "scripted-engineering-only", "outcome": "refused", "task_success": true}
{"event": "task_started", "trajectory_id": "8f681c3f-8658-43b7-b081-0d1bf63068ae", "task_id": "task-dc45c35c4539665fa28a", "model_version": "scripted-engineering-only"}
{"event": "task_finished", "trajectory_id": "8f681c3f-8658-43b7-b081-0d1bf63068ae", "task_id": "task-dc45c35c4539665fa28a", "model_version": "scripted-engineering-only", "outcome": "escalated", "task_success": true}
{"event": "task_started", "trajectory_id": "a4ad918e-3cf4-4516-beec-731e89c0eb1b", "task_id": "task-012721fdabc6938bfdb4", "model_version": "scripted-engineering-only"}
{"event": "task_finished", "trajectory_id": "a4ad918e-3cf4-4516-beec-731e89c0eb1b", "task_id": "task-012721fdabc6938bfdb4", "model_version": "scripted-engineering-only", "outcome": "escalated", "task_success": true}
{"event": "task_started", "trajectory_id": "f77451c1-0898-4b36-98f7-f59fc8a3119b", "task_id": "task-7e2db9056f851620b578", "model_version": "scripted-engineering-only"}
{"event": "task_finished", "trajectory_id": "f77451c1-0898-4b36-98f7-f59fc8a3119b", "task_id": "task-7e2db9056f851620b578", "model_version": "scripted-engineering-only", "outcome": "escalated", "task_success": true}
{"event": "task_started", "trajectory_id": "5ad636a0-5cfc-431d-a825-d8f3429b17e3", "task_id": "task-56d11969bbac661ba221", "model_version": "scripted-engineering-only"}
{"event": "task_finished", "trajectory_id": "5ad636a0-5cfc-431d-a825-d8f3429b17e3", "task_id": "task-56d11969bbac661ba221", "model_version": "scripted-engineering-only", "outcome": "refused", "task_success": true}
{"event": "task_started", "trajectory_id": "861e6464-56ae-4c93-abfb-f031f1aec844", "task_id": "task-87d7c7fe1cf3dca74c72", "model_version": "scripted-engineering-only"}
{"event": "task_finished", "trajectory_id": "861e6464-56ae-4c93-abfb-f031f1aec844", "task_id": "task-87d7c7fe1cf3dca74c72", "model_version": "scripted-engineering-only", "outcome": "refused", "task_success": true}
{"event": "task_started", "trajectory_id": "f27bad76-bf12-4c4f-8b5e-c3d65fb6883f", "task_id": "task-31dce11192d72a14cb25", "model_version": "scripted-engineering-only"}
{"event": "task_finished", "trajectory_id": "f27bad76-bf12-4c4f-8b5e-c3d65fb6883f", "task_id": "task-31dce11192d72a14cb25", "model_version": "scripted-engineering-only", "outcome": "refused", "task_success": true}
{"event": "task_started", "trajectory_id": "55030526-62e1-4031-bdc1-4e4620e6a8c5", "task_id": "task-c9c2d9c2d23545eb0e36", "model_version": "scripted-engineering-only"}
{"event": "task_finished", "trajectory_id": "55030526-62e1-4031-bdc1-4e4620e6a8c5", "task_id": "task-c9c2d9c2d23545eb0e36", "model_version": "scripted-engineering-only", "outcome": "refused", "task_success": true}
{"event": "task_started", "trajectory_id": "7763fe9f-255e-4fdd-ae50-cec7a135471e", "task_id": "task-9f2dbc26618598f23b3d", "model_version": "scripted-engineering-only"}
{"event": "task_finished", "trajectory_id": "7763fe9f-255e-4fdd-ae50-cec7a135471e", "task_id": "task-9f2dbc26618598f23b3d", "model_version": "scripted-engineering-only", "outcome": "refused", "task_success": true}
{"event": "task_started", "trajectory_id": "230253cf-cb7d-43e1-9e02-59c4310f6962", "task_id": "task-ba01b87f8d3c2b2a0a9d", "model_version": "scripted-engineering-only"}
{"event": "task_finished", "trajectory_id": "230253cf-cb7d-43e1-9e02-59c4310f6962", "task_id": "task-ba01b87f8d3c2b2a0a9d", "model_version": "scripted-engineering-only", "outcome": "refused", "task_success": true}
{"event": "task_started", "trajectory_id": "4a19fb68-270c-4aa8-b6cf-4e93bbd60509", "task_id": "task-bdd32dbdec43e2d790e2", "model_version": "scripted-engineering-only"}
{"event": "task_finished", "trajectory_id": "4a19fb68-270c-4aa8-b6cf-4e93bbd60509", "task_id": "task-bdd32dbdec43e2d790e2", "model_version": "scripted-engineering-only", "outcome": "escalated", "task_success": true}
{"event": "task_started", "trajectory_id": "9c41ade0-ca36-43f7-8ba7-01dbb1fe5ac1", "task_id": "task-abd88aed3619fa1f2adb", "model_version": "scripted-engineering-only"}
{"event": "task_finished", "trajectory_id": "9c41ade0-ca36-43f7-8ba7-01dbb1fe5ac1", "task_id": "task-abd88aed3619fa1f2adb", "model_version": "scripted-engineering-only", "outcome": "escalated", "task_success": true}
{"event": "task_started", "trajectory_id": "c8301bff-58ba-45fe-9c4b-12a3de663773", "task_id": "task-3679379ac0a63d0c5798", "model_version": "scripted-engineering-only"}
{"event": "task_finished", "trajectory_id": "c8301bff-58ba-45fe-9c4b-12a3de663773", "task_id": "task-3679379ac0a63d0c5798", "model_version": "scripted-engineering-only", "outcome": "escalated", "task_success": true}
{"event": "task_started", "trajectory_id": "d50cc2a3-1c3c-4e45-9898-75b790f93e58", "task_id": "task-ec729be391c4a34fe297", "model_version": "scripted-engineering-only"}
{"event": "task_finished", "trajectory_id": "d50cc2a3-1c3c-4e45-9898-75b790f93e58", "task_id": "task-ec729be391c4a34fe297", "model_version": "scripted-engineering-only", "outcome": "completed", "task_success": true}
{"event": "task_started", "trajectory_id": "8d5d2215-3b9e-4e39-8c30-adca60e87182", "task_id": "task-b453a658279db88de3c0", "model_version": "scripted-engineering-only"}
{"event": "task_finished", "trajectory_id": "8d5d2215-3b9e-4e39-8c30-adca60e87182", "task_id": "task-b453a658279db88de3c0", "model_version": "scripted-engineering-only", "outcome": "completed", "task_success": true}
{"event": "task_started", "trajectory_id": "6e844cd1-4285-478b-ac67-2dd72929cdcb", "task_id": "task-97af2e092bbdb911a25a", "model_version": "scripted-engineering-only"}
{"event": "task_finished", "trajectory_id": "6e844cd1-4285-478b-ac67-2dd72929cdcb", "task_id": "task-97af2e092bbdb911a25a", "model_version": "scripted-engineering-only", "outcome": "completed", "task_success": true}
{"event": "task_started", "trajectory_id": "45454eba-1086-4fc5-bb9e-2134da986501", "task_id": "task-0724fc5648935c3d16ba", "model_version": "scripted-engineering-only"}
{"event": "task_finished", "trajectory_id": "45454eba-1086-4fc5-bb9e-2134da986501", "task_id": "task-0724fc5648935c3d16ba", "model_version": "scripted-engineering-only", "outcome": "escalated", "task_success": true}
{"event": "task_started", "trajectory_id": "48d1105e-b91a-460d-b886-14c5c49ffb80", "task_id": "task-674a4080fd2f0382b598", "model_version": "scripted-engineering-only"}
{"event": "task_finished", "trajectory_id": "48d1105e-b91a-460d-b886-14c5c49ffb80", "task_id": "task-674a4080fd2f0382b598", "model_version": "scripted-engineering-only", "outcome": "escalated", "task_success": true}
{"event": "task_started", "trajectory_id": "2b3e400c-86db-48ba-8fde-8a4dac8b80f7", "task_id": "task-3feda8a21f9775e1db88", "model_version": "scripted-engineering-only"}
{"event": "task_finished", "trajectory_id": "2b3e400c-86db-48ba-8fde-8a4dac8b80f7", "task_id": "task-3feda8a21f9775e1db88", "model_version": "scripted-engineering-only", "outcome": "escalated", "task_success": true}
{"event": "task_started", "trajectory_id": "056150ef-ecf5-410d-9c1d-d3b16c459c1a", "task_id": "task-0e084016f0ee902062e6", "model_version": "scripted-engineering-only"}
{"event": "task_finished", "trajectory_id": "056150ef-ecf5-410d-9c1d-d3b16c459c1a", "task_id": "task-0e084016f0ee902062e6", "model_version": "scripted-engineering-only", "outcome": "completed", "task_success": true}
{"event": "task_started", "trajectory_id": "a74c5e8c-35e1-467c-8bb8-f9bfc019ab2d", "task_id": "task-4c6c1f9967c096b34002", "model_version": "scripted-engineering-only"}
{"event": "task_finished", "trajectory_id": "a74c5e8c-35e1-467c-8bb8-f9bfc019ab2d", "task_id": "task-4c6c1f9967c096b34002", "model_version": "scripted-engineering-only", "outcome": "completed", "task_success": true}
{"event": "task_started", "trajectory_id": "5933c95d-84b5-4987-9631-534109ff07b2", "task_id": "task-5d8affbfbc38c6af2a55", "model_version": "scripted-engineering-only"}
{"event": "task_finished", "trajectory_id": "5933c95d-84b5-4987-9631-534109ff07b2", "task_id": "task-5d8affbfbc38c6af2a55", "model_version": "scripted-engineering-only", "outcome": "completed", "task_success": true}
{"event": "task_started", "trajectory_id": "922f34ea-81f0-4ed8-b66f-711e2b76da1b", "task_id": "task-705ae2b6a38ee732fcb6", "model_version": "scripted-engineering-only"}
{"event": "task_finished", "trajectory_id": "922f34ea-81f0-4ed8-b66f-711e2b76da1b", "task_id": "task-705ae2b6a38ee732fcb6", "model_version": "scripted-engineering-only", "outcome": "refused", "task_success": true}
{"event": "task_started", "trajectory_id": "a26344ac-f1e7-43b6-ad1e-2b721f1dfbf9", "task_id": "task-aacc6eab02d55411c926", "model_version": "scripted-engineering-only"}
{"event": "task_finished", "trajectory_id": "a26344ac-f1e7-43b6-ad1e-2b721f1dfbf9", "task_id": "task-aacc6eab02d55411c926", "model_version": "scripted-engineering-only", "outcome": "refused", "task_success": true}
{"event": "task_started", "trajectory_id": "b8196000-d0e5-4c21-bfc6-dcb9dadc9ea5", "task_id": "task-e69eb5bbc48e257eaed9", "model_version": "scripted-engineering-only"}
{"event": "task_finished", "trajectory_id": "b8196000-d0e5-4c21-bfc6-dcb9dadc9ea5", "task_id": "task-e69eb5bbc48e257eaed9", "model_version": "scripted-engineering-only", "outcome": "refused", "task_success": true}
{"event": "task_started", "trajectory_id": "eab5a1fa-52a0-4a8d-962a-b9d23ac944d4", "task_id": "task-d218b76a549bb71d32a3", "model_version": "scripted-engineering-only"}
{"event": "task_finished", "trajectory_id": "eab5a1fa-52a0-4a8d-962a-b9d23ac944d4", "task_id": "task-d218b76a549bb71d32a3", "model_version": "scripted-engineering-only", "outcome": "escalated", "task_success": true}
{"event": "task_started", "trajectory_id": "c4d4118a-fee2-48ce-a450-0d91d9ff9011", "task_id": "task-399f80239f711ea5d908", "model_version": "scripted-engineering-only"}
{"event": "task_finished", "trajectory_id": "c4d4118a-fee2-48ce-a450-0d91d9ff9011", "task_id": "task-399f80239f711ea5d908", "model_version": "scripted-engineering-only", "outcome": "escalated", "task_success": true}
{"event": "task_started", "trajectory_id": "da938292-f635-4310-adb1-465b48c6c29e", "task_id": "task-59a584317a710f1deb73", "model_version": "scripted-engineering-only"}
{"event": "task_finished", "trajectory_id": "da938292-f635-4310-adb1-465b48c6c29e", "task_id": "task-59a584317a710f1deb73", "model_version": "scripted-engineering-only", "outcome": "escalated", "task_success": true}
{"event": "task_started", "trajectory_id": "4b5a492a-fcfc-45c5-a825-f2ea5b46d961", "task_id": "task-f72263adb1c1d420111e", "model_version": "scripted-engineering-only"}
{"event": "task_finished", "trajectory_id": "4b5a492a-fcfc-45c5-a825-f2ea5b46d961", "task_id": "task-f72263adb1c1d420111e", "model_version": "scripted-engineering-only", "outcome": "escalated", "task_success": true}
{"event": "task_started", "trajectory_id": "4ad7177d-4f35-4018-86b8-9889973dbb48", "task_id": "task-90c1813085f31f5299b3", "model_version": "scripted-engineering-only"}
{"event": "task_finished", "trajectory_id": "4ad7177d-4f35-4018-86b8-9889973dbb48", "task_id": "task-90c1813085f31f5299b3", "model_version": "scripted-engineering-only", "outcome": "escalated", "task_success": true}
{"event": "task_started", "trajectory_id": "3a4ef517-5751-451e-ae18-afede300b2fe", "task_id": "task-c31ed15c43fec69b21d0", "model_version": "scripted-engineering-only"}
{"event": "task_finished", "trajectory_id": "3a4ef517-5751-451e-ae18-afede300b2fe", "task_id": "task-c31ed15c43fec69b21d0", "model_version": "scripted-engineering-only", "outcome": "escalated", "task_success": true}
{"event": "task_started", "trajectory_id": "53bcf13f-7336-4320-b4aa-a51e0d323b05", "task_id": "task-c4da3551dcd0c1e6d1bc", "model_version": "scripted-engineering-only"}
{"event": "task_finished", "trajectory_id": "53bcf13f-7336-4320-b4aa-a51e0d323b05", "task_id": "task-c4da3551dcd0c1e6d1bc", "model_version": "scripted-engineering-only", "outcome": "completed", "task_success": true}
{"event": "task_started", "trajectory_id": "30cf2982-dfcd-4680-bea2-004d57bd6625", "task_id": "task-d573e068640729f6fc0c", "model_version": "scripted-engineering-only"}
{"event": "task_finished", "trajectory_id": "30cf2982-dfcd-4680-bea2-004d57bd6625", "task_id": "task-d573e068640729f6fc0c", "model_version": "scripted-engineering-only", "outcome": "completed", "task_success": true}
{"event": "task_started", "trajectory_id": "54fb4e17-5517-4e28-a740-861808e96152", "task_id": "task-5451f40b657f5bfdccbc", "model_version": "scripted-engineering-only"}
{"event": "task_finished", "trajectory_id": "54fb4e17-5517-4e28-a740-861808e96152", "task_id": "task-5451f40b657f5bfdccbc", "model_version": "scripted-engineering-only", "outcome": "completed", "task_success": true}
{"event": "task_started", "trajectory_id": "f0f6ee0d-71d6-49f3-986a-ab1593a87275", "task_id": "task-d71f713e079ab5c2b330", "model_version": "scripted-engineering-only"}
{"event": "task_finished", "trajectory_id": "f0f6ee0d-71d6-49f3-986a-ab1593a87275", "task_id": "task-d71f713e079ab5c2b330", "model_version": "scripted-engineering-only", "outcome": "completed", "task_success": true}
{"event": "task_started", "trajectory_id": "a7483f22-f519-4d4d-8369-d44b56532e7c", "task_id": "task-aa38b5523e6289961272", "model_version": "scripted-engineering-only"}
{"event": "task_finished", "trajectory_id": "a7483f22-f519-4d4d-8369-d44b56532e7c", "task_id": "task-aa38b5523e6289961272", "model_version": "scripted-engineering-only", "outcome": "completed", "task_success": true}
{"event": "task_started", "trajectory_id": "dcfa33bf-7340-4887-92a3-c9c9c817266e", "task_id": "task-45334e54e1889ab54a6c", "model_version": "scripted-engineering-only"}
{"event": "task_finished", "trajectory_id": "dcfa33bf-7340-4887-92a3-c9c9c817266e", "task_id": "task-45334e54e1889ab54a6c", "model_version": "scripted-engineering-only", "outcome": "completed", "task_success": true}
{"event": "task_started", "trajectory_id": "11b10c25-bf48-422a-8d95-41a2eb64f3d9", "task_id": "task-c50d95cdd2eabf3b7e52", "model_version": "scripted-engineering-only"}
{"event": "task_finished", "trajectory_id": "11b10c25-bf48-422a-8d95-41a2eb64f3d9", "task_id": "task-c50d95cdd2eabf3b7e52", "model_version": "scripted-engineering-only", "outcome": "completed", "task_success": true}
{"event": "task_started", "trajectory_id": "a288200c-e5cb-4773-aa98-6f07f36615a0", "task_id": "task-e730102b9a4395aae8ee", "model_version": "scripted-engineering-only"}
{"event": "task_finished", "trajectory_id": "a288200c-e5cb-4773-aa98-6f07f36615a0", "task_id": "task-e730102b9a4395aae8ee", "model_version": "scripted-engineering-only", "outcome": "completed", "task_success": true}
{"event": "task_started", "trajectory_id": "f1504fa3-83e7-4b94-a7db-d755ad272dc9", "task_id": "task-c1422229a8352e1cf4fc", "model_version": "scripted-engineering-only"}
{"event": "task_finished", "trajectory_id": "f1504fa3-83e7-4b94-a7db-d755ad272dc9", "task_id": "task-c1422229a8352e1cf4fc", "model_version": "scripted-engineering-only", "outcome": "completed", "task_success": true}
{"event": "task_started", "trajectory_id": "4919aa2c-58d0-4773-9896-83893560fbc6", "task_id": "task-f67587394339c41f909c", "model_version": "scripted-engineering-only"}
{"event": "task_finished", "trajectory_id": "4919aa2c-58d0-4773-9896-83893560fbc6", "task_id": "task-f67587394339c41f909c", "model_version": "scripted-engineering-only", "outcome": "refused", "task_success": true}
{"event": "task_started", "trajectory_id": "6e09b994-28b4-464b-baf2-922bbdcdaa4e", "task_id": "task-b2e0e6a52eb4cbe28b57", "model_version": "scripted-engineering-only"}
{"event": "task_finished", "trajectory_id": "6e09b994-28b4-464b-baf2-922bbdcdaa4e", "task_id": "task-b2e0e6a52eb4cbe28b57", "model_version": "scripted-engineering-only", "outcome": "refused", "task_success": true}
{"event": "task_started", "trajectory_id": "1eb1d483-d812-4df7-bd8d-750f0b57b221", "task_id": "task-271e4f001bfbec4ba37f", "model_version": "scripted-engineering-only"}
{"event": "task_finished", "trajectory_id": "1eb1d483-d812-4df7-bd8d-750f0b57b221", "task_id": "task-271e4f001bfbec4ba37f", "model_version": "scripted-engineering-only", "outcome": "refused", "task_success": true}
{"event": "task_started", "trajectory_id": "a427b67f-d5a7-4edc-9bbc-d7bc83d728ae", "task_id": "task-f476ba5bc12924d9bc6b", "model_version": "scripted-engineering-only"}
{"event": "task_finished", "trajectory_id": "a427b67f-d5a7-4edc-9bbc-d7bc83d728ae", "task_id": "task-f476ba5bc12924d9bc6b", "model_version": "scripted-engineering-only", "outcome": "refused", "task_success": true}
{"event": "task_started", "trajectory_id": "6ef879a3-0d1e-436d-a4eb-4dc247eaef88", "task_id": "task-5eb647be1fe8d553a68b", "model_version": "scripted-engineering-only"}
{"event": "task_finished", "trajectory_id": "6ef879a3-0d1e-436d-a4eb-4dc247eaef88", "task_id": "task-5eb647be1fe8d553a68b", "model_version": "scripted-engineering-only", "outcome": "refused", "task_success": true}
{"event": "task_started", "trajectory_id": "5dd29684-3fe8-4849-8df4-c4c207529f3a", "task_id": "task-07a2025d71ee061f3bd2", "model_version": "scripted-engineering-only"}
{"event": "task_finished", "trajectory_id": "5dd29684-3fe8-4849-8df4-c4c207529f3a", "task_id": "task-07a2025d71ee061f3bd2", "model_version": "scripted-engineering-only", "outcome": "refused", "task_success": true}
{"event": "task_started", "trajectory_id": "c8ae253f-a34c-45d0-961f-91064e6e0872", "task_id": "task-a48da85fc162e85f19e2", "model_version": "scripted-engineering-only"}
{"event": "task_finished", "trajectory_id": "c8ae253f-a34c-45d0-961f-91064e6e0872", "task_id": "task-a48da85fc162e85f19e2", "model_version": "scripted-engineering-only", "outcome": "escalated", "task_success": true}
{"event": "task_started", "trajectory_id": "afe45ec0-b1cc-4723-b434-e97a5cb4f0c1", "task_id": "task-06b8d71a2bcb3273229e", "model_version": "scripted-engineering-only"}
{"event": "task_finished", "trajectory_id": "afe45ec0-b1cc-4723-b434-e97a5cb4f0c1", "task_id": "task-06b8d71a2bcb3273229e", "model_version": "scripted-engineering-only", "outcome": "escalated", "task_success": true}
{"event": "task_started", "trajectory_id": "03d4656a-07ef-4f7d-adf4-785bb10277c9", "task_id": "task-a54dafe4b4e3bb62483d", "model_version": "scripted-engineering-only"}
{"event": "task_finished", "trajectory_id": "03d4656a-07ef-4f7d-adf4-785bb10277c9", "task_id": "task-a54dafe4b4e3bb62483d", "model_version": "scripted-engineering-only", "outcome": "escalated", "task_success": true}
{"event": "task_started", "trajectory_id": "2ac98f92-3db6-4e57-965b-559c3ba2bcfc", "task_id": "task-965bab023d996aea99f2", "model_version": "scripted-engineering-only"}
{"event": "task_finished", "trajectory_id": "2ac98f92-3db6-4e57-965b-559c3ba2bcfc", "task_id": "task-965bab023d996aea99f2", "model_version": "scripted-engineering-only", "outcome": "completed", "task_success": true}
{"event": "task_started", "trajectory_id": "3959959d-63df-4919-869c-090afe93a042", "task_id": "task-eba00923d594244d8a50", "model_version": "scripted-engineering-only"}
{"event": "task_finished", "trajectory_id": "3959959d-63df-4919-869c-090afe93a042", "task_id": "task-eba00923d594244d8a50", "model_version": "scripted-engineering-only", "outcome": "completed", "task_success": true}
{"event": "task_started", "trajectory_id": "92959838-3c2b-4f94-b1a1-3e69604a5abe", "task_id": "task-2d745d5735989f513472", "model_version": "scripted-engineering-only"}
{"event": "task_finished", "trajectory_id": "92959838-3c2b-4f94-b1a1-3e69604a5abe", "task_id": "task-2d745d5735989f513472", "model_version": "scripted-engineering-only", "outcome": "completed", "task_success": true}
{"event": "task_started", "trajectory_id": "e31b238c-efed-40a7-a00c-4f5014668f9b", "task_id": "task-adce80fcd242644af3be", "model_version": "scripted-engineering-only"}
{"event": "task_finished", "trajectory_id": "e31b238c-efed-40a7-a00c-4f5014668f9b", "task_id": "task-adce80fcd242644af3be", "model_version": "scripted-engineering-only", "outcome": "escalated", "task_success": true}
{"event": "task_started", "trajectory_id": "d0d3970e-de3c-4f80-81bc-f2edf5d160c0", "task_id": "task-a3b7dfcd02ab8da95ef8", "model_version": "scripted-engineering-only"}
{"event": "task_finished", "trajectory_id": "d0d3970e-de3c-4f80-81bc-f2edf5d160c0", "task_id": "task-a3b7dfcd02ab8da95ef8", "model_version": "scripted-engineering-only", "outcome": "escalated", "task_success": true}
{"event": "task_started", "trajectory_id": "9d59949e-699e-4d5b-b2e3-4a560bbf951e", "task_id": "task-0186019e3d73611b86a1", "model_version": "scripted-engineering-only"}
{"event": "task_finished", "trajectory_id": "9d59949e-699e-4d5b-b2e3-4a560bbf951e", "task_id": "task-0186019e3d73611b86a1", "model_version": "scripted-engineering-only", "outcome": "escalated", "task_success": true}
{"event": "task_started", "trajectory_id": "6927d374-9c8b-4983-ac59-9d9823fc5a48", "task_id": "task-734d5b0d34d0656564ee", "model_version": "scripted-engineering-only"}
{"event": "task_finished", "trajectory_id": "6927d374-9c8b-4983-ac59-9d9823fc5a48", "task_id": "task-734d5b0d34d0656564ee", "model_version": "scripted-engineering-only", "outcome": "escalated", "task_success": true}
{"event": "task_started", "trajectory_id": "7ceb9bb3-e978-4fb5-afc4-f71a8c1c6004", "task_id": "task-5dceefde9e586fb8376a", "model_version": "scripted-engineering-only"}
{"event": "task_finished", "trajectory_id": "7ceb9bb3-e978-4fb5-afc4-f71a8c1c6004", "task_id": "task-5dceefde9e586fb8376a", "model_version": "scripted-engineering-only", "outcome": "escalated", "task_success": true}
{"event": "task_started", "trajectory_id": "ea2f5fff-18a9-4c96-954c-e9659364aa3d", "task_id": "task-ad1e786facf608c440ac", "model_version": "scripted-engineering-only"}
{"event": "task_finished", "trajectory_id": "ea2f5fff-18a9-4c96-954c-e9659364aa3d", "task_id": "task-ad1e786facf608c440ac", "model_version": "scripted-engineering-only", "outcome": "escalated", "task_success": true}
{"event": "task_started", "trajectory_id": "fdc0894e-123c-4916-82c3-0fa30368781c", "task_id": "task-bb68b21999ce552f5ffc", "model_version": "scripted-engineering-only"}
{"event": "task_finished", "trajectory_id": "fdc0894e-123c-4916-82c3-0fa30368781c", "task_id": "task-bb68b21999ce552f5ffc", "model_version": "scripted-engineering-only", "outcome": "completed", "task_success": true}
{"event": "task_started", "trajectory_id": "7259b0c8-cc3a-4d89-af98-3e02fd033afd", "task_id": "task-a1d394ba1d073d7a2eaa", "model_version": "scripted-engineering-only"}
{"event": "task_finished", "trajectory_id": "7259b0c8-cc3a-4d89-af98-3e02fd033afd", "task_id": "task-a1d394ba1d073d7a2eaa", "model_version": "scripted-engineering-only", "outcome": "completed", "task_success": true}
{"event": "task_started", "trajectory_id": "77f59207-8142-43ae-b5ff-9981e27c7286", "task_id": "task-edb462866dbadf5ed77c", "model_version": "scripted-engineering-only"}
{"event": "task_finished", "trajectory_id": "77f59207-8142-43ae-b5ff-9981e27c7286", "task_id": "task-edb462866dbadf5ed77c", "model_version": "scripted-engineering-only", "outcome": "completed", "task_success": true}
{"event": "task_started", "trajectory_id": "5a00572f-3e17-4b3f-b9aa-07449e033432", "task_id": "task-6dfee218765c8a8ccb03", "model_version": "scripted-engineering-only"}
{"event": "task_finished", "trajectory_id": "5a00572f-3e17-4b3f-b9aa-07449e033432", "task_id": "task-6dfee218765c8a8ccb03", "model_version": "scripted-engineering-only", "outcome": "completed", "task_success": true}
{"event": "task_started", "trajectory_id": "ae404c1f-8bb9-4648-8f40-a741c8348565", "task_id": "task-7b7e1c638fa73fcdc0cb", "model_version": "scripted-engineering-only"}
{"event": "task_finished", "trajectory_id": "ae404c1f-8bb9-4648-8f40-a741c8348565", "task_id": "task-7b7e1c638fa73fcdc0cb", "model_version": "scripted-engineering-only", "outcome": "completed", "task_success": true}
{"event": "task_started", "trajectory_id": "92dafdcc-faa8-448d-a994-dea0ca45eb95", "task_id": "task-30eeea5e7635d5b1ecb1", "model_version": "scripted-engineering-only"}
{"event": "task_finished", "trajectory_id": "92dafdcc-faa8-448d-a994-dea0ca45eb95", "task_id": "task-30eeea5e7635d5b1ecb1", "model_version": "scripted-engineering-only", "outcome": "completed", "task_success": true}
{"event": "task_started", "trajectory_id": "11f97c61-7f11-4b18-8321-227518f42b72", "task_id": "task-d1dddd10b1af24b04d3e", "model_version": "scripted-engineering-only"}
{"event": "task_finished", "trajectory_id": "11f97c61-7f11-4b18-8321-227518f42b72", "task_id": "task-d1dddd10b1af24b04d3e", "model_version": "scripted-engineering-only", "outcome": "escalated", "task_success": true}
{"event": "task_started", "trajectory_id": "64adc3e6-fe83-4701-8ddb-098a3ed6855b", "task_id": "task-afbdfb29b194d7db817e", "model_version": "scripted-engineering-only"}
{"event": "task_finished", "trajectory_id": "64adc3e6-fe83-4701-8ddb-098a3ed6855b", "task_id": "task-afbdfb29b194d7db817e", "model_version": "scripted-engineering-only", "outcome": "escalated", "task_success": true}
{"event": "task_started", "trajectory_id": "4df97830-52fc-4bd8-8850-aae6c1bcf138", "task_id": "task-1cb1631bb12620637a56", "model_version": "scripted-engineering-only"}
{"event": "task_finished", "trajectory_id": "4df97830-52fc-4bd8-8850-aae6c1bcf138", "task_id": "task-1cb1631bb12620637a56", "model_version": "scripted-engineering-only", "outcome": "escalated", "task_success": true}
{"event": "task_started", "trajectory_id": "22506f59-a994-40c0-8817-b7ed2e0360f4", "task_id": "task-86bd6cb9106510ea039f", "model_version": "scripted-engineering-only"}
{"event": "task_finished", "trajectory_id": "22506f59-a994-40c0-8817-b7ed2e0360f4", "task_id": "task-86bd6cb9106510ea039f", "model_version": "scripted-engineering-only", "outcome": "escalated", "task_success": true}
{"event": "task_started", "trajectory_id": "e60dbe9c-00f0-419c-b87f-ea862b2963a3", "task_id": "task-28acc947e09e78444ad1", "model_version": "scripted-engineering-only"}
{"event": "task_finished", "trajectory_id": "e60dbe9c-00f0-419c-b87f-ea862b2963a3", "task_id": "task-28acc947e09e78444ad1", "model_version": "scripted-engineering-only", "outcome": "escalated", "task_success": true}
{"event": "task_started", "trajectory_id": "714acd98-3af7-41e0-b1ff-274fa227c383", "task_id": "task-398eead64c3eeb871099", "model_version": "scripted-engineering-only"}
{"event": "task_finished", "trajectory_id": "714acd98-3af7-41e0-b1ff-274fa227c383", "task_id": "task-398eead64c3eeb871099", "model_version": "scripted-engineering-only", "outcome": "escalated", "task_success": true}
{"event": "task_started", "trajectory_id": "62808173-43c1-487d-bf73-7881b7dfb3d5", "task_id": "task-80544b2a08bd57e8e768", "model_version": "scripted-engineering-only"}
{"event": "task_finished", "trajectory_id": "62808173-43c1-487d-bf73-7881b7dfb3d5", "task_id": "task-80544b2a08bd57e8e768", "model_version": "scripted-engineering-only", "outcome": "completed", "task_success": true}
{"event": "task_started", "trajectory_id": "e3d6469a-3305-4650-8291-6db4f7c2a877", "task_id": "task-673dbc9dd8f247601722", "model_version": "scripted-engineering-only"}
{"event": "task_finished", "trajectory_id": "e3d6469a-3305-4650-8291-6db4f7c2a877", "task_id": "task-673dbc9dd8f247601722", "model_version": "scripted-engineering-only", "outcome": "completed", "task_success": true}
{"event": "task_started", "trajectory_id": "e2e92c4f-5d38-49ea-ad95-e09a1d428637", "task_id": "task-ed359ba55106b09d8847", "model_version": "scripted-engineering-only"}
{"event": "task_finished", "trajectory_id": "e2e92c4f-5d38-49ea-ad95-e09a1d428637", "task_id": "task-ed359ba55106b09d8847", "model_version": "scripted-engineering-only", "outcome": "completed", "task_success": true}
{"event": "task_started", "trajectory_id": "c24894fe-ad3f-48c2-865e-b03723ab3ce5", "task_id": "task-292ef81ae14a36c27b3f", "model_version": "scripted-engineering-only"}
{"event": "task_finished", "trajectory_id": "c24894fe-ad3f-48c2-865e-b03723ab3ce5", "task_id": "task-292ef81ae14a36c27b3f", "model_version": "scripted-engineering-only", "outcome": "refused", "task_success": true}
{"event": "task_started", "trajectory_id": "5fbc64cf-8b50-4cc5-8cb0-c2ed4828c34c", "task_id": "task-5a00f3a9d86cd9d6c54d", "model_version": "scripted-engineering-only"}
{"event": "task_finished", "trajectory_id": "5fbc64cf-8b50-4cc5-8cb0-c2ed4828c34c", "task_id": "task-5a00f3a9d86cd9d6c54d", "model_version": "scripted-engineering-only", "outcome": "refused", "task_success": true}
{"event": "task_started", "trajectory_id": "49427bfa-8d1f-4b9a-8f9f-5dd9e7db015d", "task_id": "task-3b9ce844f270fdf7774d", "model_version": "scripted-engineering-only"}
{"event": "task_finished", "trajectory_id": "49427bfa-8d1f-4b9a-8f9f-5dd9e7db015d", "task_id": "task-3b9ce844f270fdf7774d", "model_version": "scripted-engineering-only", "outcome": "refused", "task_success": true}
{"event": "task_started", "trajectory_id": "7d4a0bed-bd79-4264-a563-363d4d5bf032", "task_id": "task-f9ea9ef01353b4b68e96", "model_version": "scripted-engineering-only"}
{"event": "task_finished", "trajectory_id": "7d4a0bed-bd79-4264-a563-363d4d5bf032", "task_id": "task-f9ea9ef01353b4b68e96", "model_version": "scripted-engineering-only", "outcome": "refused", "task_success": true}
{"event": "task_started", "trajectory_id": "13ea63ea-9742-4d71-9943-0c6a3c3df7c6", "task_id": "task-98171245bbd786a1517a", "model_version": "scripted-engineering-only"}
{"event": "task_finished", "trajectory_id": "13ea63ea-9742-4d71-9943-0c6a3c3df7c6", "task_id": "task-98171245bbd786a1517a", "model_version": "scripted-engineering-only", "outcome": "refused", "task_success": true}
{"event": "task_started", "trajectory_id": "45174b53-c039-4bca-ad9d-26fca0d25659", "task_id": "task-097a2cdd49eb7039eeda", "model_version": "scripted-engineering-only"}
{"event": "task_finished", "trajectory_id": "45174b53-c039-4bca-ad9d-26fca0d25659", "task_id": "task-097a2cdd49eb7039eeda", "model_version": "scripted-engineering-only", "outcome": "refused", "task_success": true}
{"event": "task_started", "trajectory_id": "a3f9cfea-6d54-4792-a8e1-c0d6733a92d2", "task_id": "task-dc45c35c4539665fa28a", "model_version": "scripted-engineering-only"}
{"event": "task_finished", "trajectory_id": "a3f9cfea-6d54-4792-a8e1-c0d6733a92d2", "task_id": "task-dc45c35c4539665fa28a", "model_version": "scripted-engineering-only", "outcome": "escalated", "task_success": true}
{"event": "task_started", "trajectory_id": "850c2c6b-13d7-40b8-a617-8b96253d4bfd", "task_id": "task-012721fdabc6938bfdb4", "model_version": "scripted-engineering-only"}
{"event": "task_finished", "trajectory_id": "850c2c6b-13d7-40b8-a617-8b96253d4bfd", "task_id": "task-012721fdabc6938bfdb4", "model_version": "scripted-engineering-only", "outcome": "escalated", "task_success": true}
{"event": "task_started", "trajectory_id": "78ce2b5c-e93c-4017-ba6a-36a5fd7ca663", "task_id": "task-7e2db9056f851620b578", "model_version": "scripted-engineering-only"}
{"event": "task_finished", "trajectory_id": "78ce2b5c-e93c-4017-ba6a-36a5fd7ca663", "task_id": "task-7e2db9056f851620b578", "model_version": "scripted-engineering-only", "outcome": "escalated", "task_success": true}
{"event": "task_started", "trajectory_id": "19c08198-4a57-4a83-baec-d0607eecd47a", "task_id": "task-56d11969bbac661ba221", "model_version": "scripted-engineering-only"}
{"event": "task_finished", "trajectory_id": "19c08198-4a57-4a83-baec-d0607eecd47a", "task_id": "task-56d11969bbac661ba221", "model_version": "scripted-engineering-only", "outcome": "refused", "task_success": true}
{"event": "task_started", "trajectory_id": "3abad95e-c005-40e4-9f96-1ddc8a7a04ff", "task_id": "task-87d7c7fe1cf3dca74c72", "model_version": "scripted-engineering-only"}
{"event": "task_finished", "trajectory_id": "3abad95e-c005-40e4-9f96-1ddc8a7a04ff", "task_id": "task-87d7c7fe1cf3dca74c72", "model_version": "scripted-engineering-only", "outcome": "refused", "task_success": true}
{"event": "task_started", "trajectory_id": "528b0ecf-6544-4467-ad99-f8e3a092a29b", "task_id": "task-31dce11192d72a14cb25", "model_version": "scripted-engineering-only"}
{"event": "task_finished", "trajectory_id": "528b0ecf-6544-4467-ad99-f8e3a092a29b", "task_id": "task-31dce11192d72a14cb25", "model_version": "scripted-engineering-only", "outcome": "refused", "task_success": true}
{"event": "task_started", "trajectory_id": "23130e42-034c-4922-a852-4326cf422849", "task_id": "task-c9c2d9c2d23545eb0e36", "model_version": "scripted-engineering-only"}
{"event": "task_finished", "trajectory_id": "23130e42-034c-4922-a852-4326cf422849", "task_id": "task-c9c2d9c2d23545eb0e36", "model_version": "scripted-engineering-only", "outcome": "refused", "task_success": true}
{"event": "task_started", "trajectory_id": "d97f4a3c-4967-4a6a-9e08-6a664ee3791d", "task_id": "task-9f2dbc26618598f23b3d", "model_version": "scripted-engineering-only"}
{"event": "task_finished", "trajectory_id": "d97f4a3c-4967-4a6a-9e08-6a664ee3791d", "task_id": "task-9f2dbc26618598f23b3d", "model_version": "scripted-engineering-only", "outcome": "refused", "task_success": true}
{"event": "task_started", "trajectory_id": "df9a7969-b139-4e14-b955-2b0e652c82f2", "task_id": "task-ba01b87f8d3c2b2a0a9d", "model_version": "scripted-engineering-only"}
{"event": "task_finished", "trajectory_id": "df9a7969-b139-4e14-b955-2b0e652c82f2", "task_id": "task-ba01b87f8d3c2b2a0a9d", "model_version": "scripted-engineering-only", "outcome": "refused", "task_success": true}
{"event": "task_started", "trajectory_id": "c2be3e47-99b0-4342-80a8-c65888612f92", "task_id": "task-bdd32dbdec43e2d790e2", "model_version": "scripted-engineering-only"}
{"event": "task_finished", "trajectory_id": "c2be3e47-99b0-4342-80a8-c65888612f92", "task_id": "task-bdd32dbdec43e2d790e2", "model_version": "scripted-engineering-only", "outcome": "escalated", "task_success": true}
{"event": "task_started", "trajectory_id": "5b25587f-95f5-491c-a871-59ac1a1c13aa", "task_id": "task-abd88aed3619fa1f2adb", "model_version": "scripted-engineering-only"}
{"event": "task_finished", "trajectory_id": "5b25587f-95f5-491c-a871-59ac1a1c13aa", "task_id": "task-abd88aed3619fa1f2adb", "model_version": "scripted-engineering-only", "outcome": "escalated", "task_success": true}
{"event": "task_started", "trajectory_id": "d5f26f3a-2e65-46aa-973a-d4806a707e03", "task_id": "task-3679379ac0a63d0c5798", "model_version": "scripted-engineering-only"}
{"event": "task_finished", "trajectory_id": "d5f26f3a-2e65-46aa-973a-d4806a707e03", "task_id": "task-3679379ac0a63d0c5798", "model_version": "scripted-engineering-only", "outcome": "escalated", "task_success": true}
{"event": "task_started", "trajectory_id": "cd0af9e6-e742-4d01-80c1-ed592904e722", "task_id": "task-ec729be391c4a34fe297", "model_version": "scripted-engineering-only"}
{"event": "task_finished", "trajectory_id": "cd0af9e6-e742-4d01-80c1-ed592904e722", "task_id": "task-ec729be391c4a34fe297", "model_version": "scripted-engineering-only", "outcome": "completed", "task_success": true}
{"event": "task_started", "trajectory_id": "a9a56058-22eb-45f0-96f8-464e65bb00cc", "task_id": "task-b453a658279db88de3c0", "model_version": "scripted-engineering-only"}
{"event": "task_finished", "trajectory_id": "a9a56058-22eb-45f0-96f8-464e65bb00cc", "task_id": "task-b453a658279db88de3c0", "model_version": "scripted-engineering-only", "outcome": "completed", "task_success": true}
{"event": "task_started", "trajectory_id": "ea0f2e8a-947d-4483-8612-865a6d42ebce", "task_id": "task-97af2e092bbdb911a25a", "model_version": "scripted-engineering-only"}
{"event": "task_finished", "trajectory_id": "ea0f2e8a-947d-4483-8612-865a6d42ebce", "task_id": "task-97af2e092bbdb911a25a", "model_version": "scripted-engineering-only", "outcome": "completed", "task_success": true}
{"event": "task_started", "trajectory_id": "d57627e0-ee3d-47a5-8551-f913d3ec76f1", "task_id": "task-0724fc5648935c3d16ba", "model_version": "scripted-engineering-only"}
{"event": "task_finished", "trajectory_id": "d57627e0-ee3d-47a5-8551-f913d3ec76f1", "task_id": "task-0724fc5648935c3d16ba", "model_version": "scripted-engineering-only", "outcome": "escalated", "task_success": true}
{"event": "task_started", "trajectory_id": "ba555620-f7c2-4b3e-85cf-755120c1f72e", "task_id": "task-674a4080fd2f0382b598", "model_version": "scripted-engineering-only"}
{"event": "task_finished", "trajectory_id": "ba555620-f7c2-4b3e-85cf-755120c1f72e", "task_id": "task-674a4080fd2f0382b598", "model_version": "scripted-engineering-only", "outcome": "escalated", "task_success": true}
{"event": "task_started", "trajectory_id": "efb059ed-5758-4f46-877f-7dc2c5de6512", "task_id": "task-3feda8a21f9775e1db88", "model_version": "scripted-engineering-only"}
{"event": "task_finished", "trajectory_id": "efb059ed-5758-4f46-877f-7dc2c5de6512", "task_id": "task-3feda8a21f9775e1db88", "model_version": "scripted-engineering-only", "outcome": "escalated", "task_success": true}
{"event": "task_started", "trajectory_id": "e6a5c220-6774-41c1-9d96-798446a5d339", "task_id": "task-0e084016f0ee902062e6", "model_version": "scripted-engineering-only"}
{"event": "task_finished", "trajectory_id": "e6a5c220-6774-41c1-9d96-798446a5d339", "task_id": "task-0e084016f0ee902062e6", "model_version": "scripted-engineering-only", "outcome": "completed", "task_success": true}
{"event": "task_started", "trajectory_id": "e5ee6396-5b8d-47ea-a02c-d472b0e0d9ff", "task_id": "task-4c6c1f9967c096b34002", "model_version": "scripted-engineering-only"}
{"event": "task_finished", "trajectory_id": "e5ee6396-5b8d-47ea-a02c-d472b0e0d9ff", "task_id": "task-4c6c1f9967c096b34002", "model_version": "scripted-engineering-only", "outcome": "completed", "task_success": true}
{"event": "task_started", "trajectory_id": "0d463145-f104-41c3-b3db-3360db6d2661", "task_id": "task-5d8affbfbc38c6af2a55", "model_version": "scripted-engineering-only"}
{"event": "task_finished", "trajectory_id": "0d463145-f104-41c3-b3db-3360db6d2661", "task_id": "task-5d8affbfbc38c6af2a55", "model_version": "scripted-engineering-only", "outcome": "completed", "task_success": true}
{"event": "task_started", "trajectory_id": "00126043-1324-41bb-9509-31a17cc4fe95", "task_id": "task-705ae2b6a38ee732fcb6", "model_version": "scripted-engineering-only"}
{"event": "task_finished", "trajectory_id": "00126043-1324-41bb-9509-31a17cc4fe95", "task_id": "task-705ae2b6a38ee732fcb6", "model_version": "scripted-engineering-only", "outcome": "refused", "task_success": true}
{"event": "task_started", "trajectory_id": "a664650f-2e9b-4d5f-8787-368513508cfd", "task_id": "task-aacc6eab02d55411c926", "model_version": "scripted-engineering-only"}
{"event": "task_finished", "trajectory_id": "a664650f-2e9b-4d5f-8787-368513508cfd", "task_id": "task-aacc6eab02d55411c926", "model_version": "scripted-engineering-only", "outcome": "refused", "task_success": true}
{"event": "task_started", "trajectory_id": "495580e0-2157-4316-ac83-8a8342a5b7e9", "task_id": "task-e69eb5bbc48e257eaed9", "model_version": "scripted-engineering-only"}
{"event": "task_finished", "trajectory_id": "495580e0-2157-4316-ac83-8a8342a5b7e9", "task_id": "task-e69eb5bbc48e257eaed9", "model_version": "scripted-engineering-only", "outcome": "refused", "task_success": true}
{"event": "task_started", "trajectory_id": "9391440f-8091-488a-a9ca-2e1023f3c7e2", "task_id": "task-d218b76a549bb71d32a3", "model_version": "scripted-engineering-only"}
{"event": "task_finished", "trajectory_id": "9391440f-8091-488a-a9ca-2e1023f3c7e2", "task_id": "task-d218b76a549bb71d32a3", "model_version": "scripted-engineering-only", "outcome": "escalated", "task_success": true}
{"event": "task_started", "trajectory_id": "729ed38d-5afc-4eac-add2-236b6d1ca164", "task_id": "task-399f80239f711ea5d908", "model_version": "scripted-engineering-only"}
{"event": "task_finished", "trajectory_id": "729ed38d-5afc-4eac-add2-236b6d1ca164", "task_id": "task-399f80239f711ea5d908", "model_version": "scripted-engineering-only", "outcome": "escalated", "task_success": true}
{"event": "task_started", "trajectory_id": "ca007e31-7e34-4e73-8eb6-21158fecef71", "task_id": "task-59a584317a710f1deb73", "model_version": "scripted-engineering-only"}
{"event": "task_finished", "trajectory_id": "ca007e31-7e34-4e73-8eb6-21158fecef71", "task_id": "task-59a584317a710f1deb73", "model_version": "scripted-engineering-only", "outcome": "escalated", "task_success": true}
{"event": "task_started", "trajectory_id": "69f8df77-357b-4d79-b40f-3eca6018d301", "task_id": "task-f72263adb1c1d420111e", "model_version": "scripted-engineering-only"}
{"event": "task_finished", "trajectory_id": "69f8df77-357b-4d79-b40f-3eca6018d301", "task_id": "task-f72263adb1c1d420111e", "model_version": "scripted-engineering-only", "outcome": "escalated", "task_success": true}
{"event": "task_started", "trajectory_id": "b55ea113-a54f-4ce5-bbb3-d2daa79b125d", "task_id": "task-90c1813085f31f5299b3", "model_version": "scripted-engineering-only"}
{"event": "task_finished", "trajectory_id": "b55ea113-a54f-4ce5-bbb3-d2daa79b125d", "task_id": "task-90c1813085f31f5299b3", "model_version": "scripted-engineering-only", "outcome": "escalated", "task_success": true}
{"event": "task_started", "trajectory_id": "77de2e7a-48b1-4d37-af9c-70430e9e7ace", "task_id": "task-c31ed15c43fec69b21d0", "model_version": "scripted-engineering-only"}
{"event": "task_finished", "trajectory_id": "77de2e7a-48b1-4d37-af9c-70430e9e7ace", "task_id": "task-c31ed15c43fec69b21d0", "model_version": "scripted-engineering-only", "outcome": "escalated", "task_success": true}
{"event": "task_started", "trajectory_id": "8c339014-af6e-4460-8231-e535f35cfd1e", "task_id": "task-c4da3551dcd0c1e6d1bc", "model_version": "scripted-engineering-only"}
{"event": "task_finished", "trajectory_id": "8c339014-af6e-4460-8231-e535f35cfd1e", "task_id": "task-c4da3551dcd0c1e6d1bc", "model_version": "scripted-engineering-only", "outcome": "completed", "task_success": true}
{"event": "task_started", "trajectory_id": "a8c77bf6-5c8e-4d74-8ff5-a733f2b30f37", "task_id": "task-d573e068640729f6fc0c", "model_version": "scripted-engineering-only"}
{"event": "task_finished", "trajectory_id": "a8c77bf6-5c8e-4d74-8ff5-a733f2b30f37", "task_id": "task-d573e068640729f6fc0c", "model_version": "scripted-engineering-only", "outcome": "completed", "task_success": true}
{"event": "task_started", "trajectory_id": "befe39d8-23a9-4878-97c7-3c0ba7704a3d", "task_id": "task-5451f40b657f5bfdccbc", "model_version": "scripted-engineering-only"}
{"event": "task_finished", "trajectory_id": "befe39d8-23a9-4878-97c7-3c0ba7704a3d", "task_id": "task-5451f40b657f5bfdccbc", "model_version": "scripted-engineering-only", "outcome": "completed", "task_success": true}
{"event": "task_started", "trajectory_id": "adf2050d-c88c-4e66-9634-c84d2a434529", "task_id": "task-d71f713e079ab5c2b330", "model_version": "scripted-engineering-only"}
{"event": "task_finished", "trajectory_id": "adf2050d-c88c-4e66-9634-c84d2a434529", "task_id": "task-d71f713e079ab5c2b330", "model_version": "scripted-engineering-only", "outcome": "completed", "task_success": true}
{"event": "task_started", "trajectory_id": "4ce937d9-7a89-4779-a3fc-50f6a871b1b9", "task_id": "task-aa38b5523e6289961272", "model_version": "scripted-engineering-only"}
{"event": "task_finished", "trajectory_id": "4ce937d9-7a89-4779-a3fc-50f6a871b1b9", "task_id": "task-aa38b5523e6289961272", "model_version": "scripted-engineering-only", "outcome": "completed", "task_success": true}
{"event": "task_started", "trajectory_id": "84d7ee28-1599-4ec2-9e8d-fb223627e385", "task_id": "task-45334e54e1889ab54a6c", "model_version": "scripted-engineering-only"}
{"event": "task_finished", "trajectory_id": "84d7ee28-1599-4ec2-9e8d-fb223627e385", "task_id": "task-45334e54e1889ab54a6c", "model_version": "scripted-engineering-only", "outcome": "completed", "task_success": true}
{"event": "task_started", "trajectory_id": "504aa03c-b198-4e79-94ff-390bd604802b", "task_id": "task-c50d95cdd2eabf3b7e52", "model_version": "scripted-engineering-only"}
{"event": "task_finished", "trajectory_id": "504aa03c-b198-4e79-94ff-390bd604802b", "task_id": "task-c50d95cdd2eabf3b7e52", "model_version": "scripted-engineering-only", "outcome": "completed", "task_success": true}
{"event": "task_started", "trajectory_id": "5b5fbd48-803c-4470-b984-d811677f69a6", "task_id": "task-e730102b9a4395aae8ee", "model_version": "scripted-engineering-only"}
{"event": "task_finished", "trajectory_id": "5b5fbd48-803c-4470-b984-d811677f69a6", "task_id": "task-e730102b9a4395aae8ee", "model_version": "scripted-engineering-only", "outcome": "completed", "task_success": true}
{"event": "task_started", "trajectory_id": "67071777-a56b-429e-bb99-98279191e457", "task_id": "task-c1422229a8352e1cf4fc", "model_version": "scripted-engineering-only"}
{"event": "task_finished", "trajectory_id": "67071777-a56b-429e-bb99-98279191e457", "task_id": "task-c1422229a8352e1cf4fc", "model_version": "scripted-engineering-only", "outcome": "completed", "task_success": true}
{"event": "task_started", "trajectory_id": "e7e2843c-9904-4fcd-a89a-ef5e7d8618b3", "task_id": "task-f67587394339c41f909c", "model_version": "scripted-engineering-only"}
{"event": "task_finished", "trajectory_id": "e7e2843c-9904-4fcd-a89a-ef5e7d8618b3", "task_id": "task-f67587394339c41f909c", "model_version": "scripted-engineering-only", "outcome": "refused", "task_success": true}
{"event": "task_started", "trajectory_id": "a8305ad9-93b1-4618-87e6-66daf580f58c", "task_id": "task-b2e0e6a52eb4cbe28b57", "model_version": "scripted-engineering-only"}
{"event": "task_finished", "trajectory_id": "a8305ad9-93b1-4618-87e6-66daf580f58c", "task_id": "task-b2e0e6a52eb4cbe28b57", "model_version": "scripted-engineering-only", "outcome": "refused", "task_success": true}
{"event": "task_started", "trajectory_id": "0eccceab-a454-4996-8bd6-34163a39067c", "task_id": "task-271e4f001bfbec4ba37f", "model_version": "scripted-engineering-only"}
{"event": "task_finished", "trajectory_id": "0eccceab-a454-4996-8bd6-34163a39067c", "task_id": "task-271e4f001bfbec4ba37f", "model_version": "scripted-engineering-only", "outcome": "refused", "task_success": true}
{"event": "task_started", "trajectory_id": "7342cd3b-4f73-4978-8216-6ef2cda71deb", "task_id": "task-f476ba5bc12924d9bc6b", "model_version": "scripted-engineering-only"}
{"event": "task_finished", "trajectory_id": "7342cd3b-4f73-4978-8216-6ef2cda71deb", "task_id": "task-f476ba5bc12924d9bc6b", "model_version": "scripted-engineering-only", "outcome": "refused", "task_success": true}
{"event": "task_started", "trajectory_id": "86f382f3-b42e-4052-b02b-9bd2994bc682", "task_id": "task-5eb647be1fe8d553a68b", "model_version": "scripted-engineering-only"}
{"event": "task_finished", "trajectory_id": "86f382f3-b42e-4052-b02b-9bd2994bc682", "task_id": "task-5eb647be1fe8d553a68b", "model_version": "scripted-engineering-only", "outcome": "refused", "task_success": true}
{"event": "task_started", "trajectory_id": "0d3623f9-b407-4a27-a4ef-4e209a3a8da1", "task_id": "task-07a2025d71ee061f3bd2", "model_version": "scripted-engineering-only"}
{"event": "task_finished", "trajectory_id": "0d3623f9-b407-4a27-a4ef-4e209a3a8da1", "task_id": "task-07a2025d71ee061f3bd2", "model_version": "scripted-engineering-only", "outcome": "refused", "task_success": true}
{"event": "task_started", "trajectory_id": "e6789df3-e2b3-4c5b-b915-0bfd492fd408", "task_id": "task-a48da85fc162e85f19e2", "model_version": "scripted-engineering-only"}
{"event": "task_finished", "trajectory_id": "e6789df3-e2b3-4c5b-b915-0bfd492fd408", "task_id": "task-a48da85fc162e85f19e2", "model_version": "scripted-engineering-only", "outcome": "escalated", "task_success": true}
{"event": "task_started", "trajectory_id": "5ab4c13f-8ed8-45c2-b374-8caf0c450269", "task_id": "task-06b8d71a2bcb3273229e", "model_version": "scripted-engineering-only"}
{"event": "task_finished", "trajectory_id": "5ab4c13f-8ed8-45c2-b374-8caf0c450269", "task_id": "task-06b8d71a2bcb3273229e", "model_version": "scripted-engineering-only", "outcome": "escalated", "task_success": true}
{"event": "task_started", "trajectory_id": "46b9c31d-dfeb-4b8a-a318-497bf6b71efd", "task_id": "task-a54dafe4b4e3bb62483d", "model_version": "scripted-engineering-only"}
{"event": "task_finished", "trajectory_id": "46b9c31d-dfeb-4b8a-a318-497bf6b71efd", "task_id": "task-a54dafe4b4e3bb62483d", "model_version": "scripted-engineering-only", "outcome": "escalated", "task_success": true}
{"event": "task_started", "trajectory_id": "889e041b-85fb-447a-a04b-825b2728b753", "task_id": "task-965bab023d996aea99f2", "model_version": "scripted-engineering-only"}
{"event": "task_finished", "trajectory_id": "889e041b-85fb-447a-a04b-825b2728b753", "task_id": "task-965bab023d996aea99f2", "model_version": "scripted-engineering-only", "outcome": "completed", "task_success": true}
{"event": "task_started", "trajectory_id": "79d175ca-3374-4958-a3bc-13a7d140cb34", "task_id": "task-eba00923d594244d8a50", "model_version": "scripted-engineering-only"}
{"event": "task_finished", "trajectory_id": "79d175ca-3374-4958-a3bc-13a7d140cb34", "task_id": "task-eba00923d594244d8a50", "model_version": "scripted-engineering-only", "outcome": "completed", "task_success": true}
{"event": "task_started", "trajectory_id": "5f439b2b-5b73-4a5e-9871-d110bdc5d448", "task_id": "task-2d745d5735989f513472", "model_version": "scripted-engineering-only"}
{"event": "task_finished", "trajectory_id": "5f439b2b-5b73-4a5e-9871-d110bdc5d448", "task_id": "task-2d745d5735989f513472", "model_version": "scripted-engineering-only", "outcome": "completed", "task_success": true}
{"event": "task_started", "trajectory_id": "daf376fd-37d8-4e91-b1ed-b72d2c6ac04a", "task_id": "task-adce80fcd242644af3be", "model_version": "scripted-engineering-only"}
{"event": "task_finished", "trajectory_id": "daf376fd-37d8-4e91-b1ed-b72d2c6ac04a", "task_id": "task-adce80fcd242644af3be", "model_version": "scripted-engineering-only", "outcome": "escalated", "task_success": true}
{"event": "task_started", "trajectory_id": "7228bc4e-d6bc-4428-9ead-9514ea03b8fe", "task_id": "task-a3b7dfcd02ab8da95ef8", "model_version": "scripted-engineering-only"}
{"event": "task_finished", "trajectory_id": "7228bc4e-d6bc-4428-9ead-9514ea03b8fe", "task_id": "task-a3b7dfcd02ab8da95ef8", "model_version": "scripted-engineering-only", "outcome": "escalated", "task_success": true}
{"event": "task_started", "trajectory_id": "edbfae86-6ab5-46d2-b1eb-4ab0e7481f18", "task_id": "task-0186019e3d73611b86a1", "model_version": "scripted-engineering-only"}
{"event": "task_finished", "trajectory_id": "edbfae86-6ab5-46d2-b1eb-4ab0e7481f18", "task_id": "task-0186019e3d73611b86a1", "model_version": "scripted-engineering-only", "outcome": "escalated", "task_success": true}
{"event": "task_started", "trajectory_id": "d71135a0-f888-443e-acfc-2f6a968f4715", "task_id": "task-734d5b0d34d0656564ee", "model_version": "scripted-engineering-only"}
{"event": "task_finished", "trajectory_id": "d71135a0-f888-443e-acfc-2f6a968f4715", "task_id": "task-734d5b0d34d0656564ee", "model_version": "scripted-engineering-only", "outcome": "escalated", "task_success": true}
{"event": "task_started", "trajectory_id": "2e061ea3-5e48-47ae-98bb-cc1baa728d5e", "task_id": "task-5dceefde9e586fb8376a", "model_version": "scripted-engineering-only"}
{"event": "task_finished", "trajectory_id": "2e061ea3-5e48-47ae-98bb-cc1baa728d5e", "task_id": "task-5dceefde9e586fb8376a", "model_version": "scripted-engineering-only", "outcome": "escalated", "task_success": true}
{"event": "task_started", "trajectory_id": "34e3ea0f-062a-4de6-a54d-37b9ea140f14", "task_id": "task-ad1e786facf608c440ac", "model_version": "scripted-engineering-only"}
{"event": "task_finished", "trajectory_id": "34e3ea0f-062a-4de6-a54d-37b9ea140f14", "task_id": "task-ad1e786facf608c440ac", "model_version": "scripted-engineering-only", "outcome": "escalated", "task_success": true}
{"event": "task_started", "trajectory_id": "1d5124d9-d980-4d12-829c-8e8e26675227", "task_id": "task-bb68b21999ce552f5ffc", "model_version": "scripted-engineering-only"}
{"event": "task_finished", "trajectory_id": "1d5124d9-d980-4d12-829c-8e8e26675227", "task_id": "task-bb68b21999ce552f5ffc", "model_version": "scripted-engineering-only", "outcome": "completed", "task_success": true}
{"event": "task_started", "trajectory_id": "da1de500-29e3-43d2-89fa-2fbe24c10a64", "task_id": "task-a1d394ba1d073d7a2eaa", "model_version": "scripted-engineering-only"}
{"event": "task_finished", "trajectory_id": "da1de500-29e3-43d2-89fa-2fbe24c10a64", "task_id": "task-a1d394ba1d073d7a2eaa", "model_version": "scripted-engineering-only", "outcome": "completed", "task_success": true}
{"event": "task_started", "trajectory_id": "af0895ea-0f7a-4ba5-81c9-9e6513d3b674", "task_id": "task-edb462866dbadf5ed77c", "model_version": "scripted-engineering-only"}
{"event": "task_finished", "trajectory_id": "af0895ea-0f7a-4ba5-81c9-9e6513d3b674", "task_id": "task-edb462866dbadf5ed77c", "model_version": "scripted-engineering-only", "outcome": "completed", "task_success": true}
{"event": "task_started", "trajectory_id": "6fce5f20-a5b7-47c0-9cab-99c986d3ea02", "task_id": "task-6dfee218765c8a8ccb03", "model_version": "scripted-engineering-only"}
{"event": "task_finished", "trajectory_id": "6fce5f20-a5b7-47c0-9cab-99c986d3ea02", "task_id": "task-6dfee218765c8a8ccb03", "model_version": "scripted-engineering-only", "outcome": "completed", "task_success": true}
{"event": "task_started", "trajectory_id": "e3ab0ee6-93bf-4e01-a049-216e757cba97", "task_id": "task-7b7e1c638fa73fcdc0cb", "model_version": "scripted-engineering-only"}
{"event": "task_finished", "trajectory_id": "e3ab0ee6-93bf-4e01-a049-216e757cba97", "task_id": "task-7b7e1c638fa73fcdc0cb", "model_version": "scripted-engineering-only", "outcome": "completed", "task_success": true}
{"event": "task_started", "trajectory_id": "33eda11b-fc64-4cdb-99b3-d25313ccb561", "task_id": "task-30eeea5e7635d5b1ecb1", "model_version": "scripted-engineering-only"}
{"event": "task_finished", "trajectory_id": "33eda11b-fc64-4cdb-99b3-d25313ccb561", "task_id": "task-30eeea5e7635d5b1ecb1", "model_version": "scripted-engineering-only", "outcome": "completed", "task_success": true}
{"event": "task_started", "trajectory_id": "1978621a-20db-4b12-a2a9-1fef6ef31aff", "task_id": "task-d1dddd10b1af24b04d3e", "model_version": "scripted-engineering-only"}
{"event": "task_finished", "trajectory_id": "1978621a-20db-4b12-a2a9-1fef6ef31aff", "task_id": "task-d1dddd10b1af24b04d3e", "model_version": "scripted-engineering-only", "outcome": "escalated", "task_success": true}
{"event": "task_started", "trajectory_id": "1a0b6354-4017-4ac9-af83-266fa8704cf6", "task_id": "task-afbdfb29b194d7db817e", "model_version": "scripted-engineering-only"}
{"event": "task_finished", "trajectory_id": "1a0b6354-4017-4ac9-af83-266fa8704cf6", "task_id": "task-afbdfb29b194d7db817e", "model_version": "scripted-engineering-only", "outcome": "escalated", "task_success": true}
{"event": "task_started", "trajectory_id": "1852ee98-69cb-44b8-b40d-c358060ca0de", "task_id": "task-1cb1631bb12620637a56", "model_version": "scripted-engineering-only"}
{"event": "task_finished", "trajectory_id": "1852ee98-69cb-44b8-b40d-c358060ca0de", "task_id": "task-1cb1631bb12620637a56", "model_version": "scripted-engineering-only", "outcome": "escalated", "task_success": true}
{"event": "task_started", "trajectory_id": "081fe8a8-dd20-4db4-9341-abb1ce0addb6", "task_id": "task-86bd6cb9106510ea039f", "model_version": "scripted-engineering-only"}
{"event": "task_finished", "trajectory_id": "081fe8a8-dd20-4db4-9341-abb1ce0addb6", "task_id": "task-86bd6cb9106510ea039f", "model_version": "scripted-engineering-only", "outcome": "escalated", "task_success": true}
{"event": "task_started", "trajectory_id": "d6cf3252-a7a9-4df1-823b-e55e4835c13c", "task_id": "task-28acc947e09e78444ad1", "model_version": "scripted-engineering-only"}
{"event": "task_finished", "trajectory_id": "d6cf3252-a7a9-4df1-823b-e55e4835c13c", "task_id": "task-28acc947e09e78444ad1", "model_version": "scripted-engineering-only", "outcome": "escalated", "task_success": true}
{"event": "task_started", "trajectory_id": "f667a64e-a795-42cb-ae96-bd01e41a916d", "task_id": "task-398eead64c3eeb871099", "model_version": "scripted-engineering-only"}
{"event": "task_finished", "trajectory_id": "f667a64e-a795-42cb-ae96-bd01e41a916d", "task_id": "task-398eead64c3eeb871099", "model_version": "scripted-engineering-only", "outcome": "escalated", "task_success": true}
{"event": "task_started", "trajectory_id": "d97cb2f4-b314-406f-afd7-89c61b6e238a", "task_id": "task-80544b2a08bd57e8e768", "model_version": "scripted-engineering-only"}
{"event": "task_finished", "trajectory_id": "d97cb2f4-b314-406f-afd7-89c61b6e238a", "task_id": "task-80544b2a08bd57e8e768", "model_version": "scripted-engineering-only", "outcome": "completed", "task_success": true}
{"event": "task_started", "trajectory_id": "f509c8ad-c69a-4eba-b10b-b82777a08bec", "task_id": "task-673dbc9dd8f247601722", "model_version": "scripted-engineering-only"}
{"event": "task_finished", "trajectory_id": "f509c8ad-c69a-4eba-b10b-b82777a08bec", "task_id": "task-673dbc9dd8f247601722", "model_version": "scripted-engineering-only", "outcome": "completed", "task_success": true}
{"event": "task_started", "trajectory_id": "cc9a4e4f-3b64-41bd-9be7-608d1a0e1208", "task_id": "task-ed359ba55106b09d8847", "model_version": "scripted-engineering-only"}
{"event": "task_finished", "trajectory_id": "cc9a4e4f-3b64-41bd-9be7-608d1a0e1208", "task_id": "task-ed359ba55106b09d8847", "model_version": "scripted-engineering-only", "outcome": "completed", "task_success": true}
{"event": "task_started", "trajectory_id": "be0a3f3b-6055-4906-9d68-e4a38111b503", "task_id": "task-292ef81ae14a36c27b3f", "model_version": "scripted-engineering-only"}
{"event": "task_finished", "trajectory_id": "be0a3f3b-6055-4906-9d68-e4a38111b503", "task_id": "task-292ef81ae14a36c27b3f", "model_version": "scripted-engineering-only", "outcome": "refused", "task_success": true}
{"event": "task_started", "trajectory_id": "9119e4ea-99ed-4f64-9411-d2bf66cc5217", "task_id": "task-5a00f3a9d86cd9d6c54d", "model_version": "scripted-engineering-only"}
{"event": "task_finished", "trajectory_id": "9119e4ea-99ed-4f64-9411-d2bf66cc5217", "task_id": "task-5a00f3a9d86cd9d6c54d", "model_version": "scripted-engineering-only", "outcome": "refused", "task_success": true}
{"event": "task_started", "trajectory_id": "7b543e24-3dc6-44b3-8087-2d84c0defbb1", "task_id": "task-3b9ce844f270fdf7774d", "model_version": "scripted-engineering-only"}
{"event": "task_finished", "trajectory_id": "7b543e24-3dc6-44b3-8087-2d84c0defbb1", "task_id": "task-3b9ce844f270fdf7774d", "model_version": "scripted-engineering-only", "outcome": "refused", "task_success": true}
{"event": "task_started", "trajectory_id": "1afb9f36-9247-4976-9809-5420f02f761c", "task_id": "task-f9ea9ef01353b4b68e96", "model_version": "scripted-engineering-only"}
{"event": "task_finished", "trajectory_id": "1afb9f36-9247-4976-9809-5420f02f761c", "task_id": "task-f9ea9ef01353b4b68e96", "model_version": "scripted-engineering-only", "outcome": "refused", "task_success": true}
{"event": "task_started", "trajectory_id": "4ee5626e-5b12-4051-8252-325fadb1b4f8", "task_id": "task-98171245bbd786a1517a", "model_version": "scripted-engineering-only"}
{"event": "task_finished", "trajectory_id": "4ee5626e-5b12-4051-8252-325fadb1b4f8", "task_id": "task-98171245bbd786a1517a", "model_version": "scripted-engineering-only", "outcome": "refused", "task_success": true}
{"event": "task_started", "trajectory_id": "7df16753-aedc-4426-b0e9-aaa5c2e22786", "task_id": "task-097a2cdd49eb7039eeda", "model_version": "scripted-engineering-only"}
{"event": "task_finished", "trajectory_id": "7df16753-aedc-4426-b0e9-aaa5c2e22786", "task_id": "task-097a2cdd49eb7039eeda", "model_version": "scripted-engineering-only", "outcome": "refused", "task_success": true}
{"event": "task_started", "trajectory_id": "dcb61a71-a58b-469a-9b60-ea380f46ae36", "task_id": "task-dc45c35c4539665fa28a", "model_version": "scripted-engineering-only"}
{"event": "task_finished", "trajectory_id": "dcb61a71-a58b-469a-9b60-ea380f46ae36", "task_id": "task-dc45c35c4539665fa28a", "model_version": "scripted-engineering-only", "outcome": "escalated", "task_success": true}
{"event": "task_started", "trajectory_id": "b07fb733-d779-430a-9000-af436a82fe92", "task_id": "task-012721fdabc6938bfdb4", "model_version": "scripted-engineering-only"}
{"event": "task_finished", "trajectory_id": "b07fb733-d779-430a-9000-af436a82fe92", "task_id": "task-012721fdabc6938bfdb4", "model_version": "scripted-engineering-only", "outcome": "escalated", "task_success": true}
{"event": "task_started", "trajectory_id": "6563292a-d5f0-4d94-9056-0989d1a86a37", "task_id": "task-7e2db9056f851620b578", "model_version": "scripted-engineering-only"}
{"event": "task_finished", "trajectory_id": "6563292a-d5f0-4d94-9056-0989d1a86a37", "task_id": "task-7e2db9056f851620b578", "model_version": "scripted-engineering-only", "outcome": "escalated", "task_success": true}
{"event": "task_started", "trajectory_id": "a0fff010-e1ec-498d-8567-dd4e01564633", "task_id": "task-56d11969bbac661ba221", "model_version": "scripted-engineering-only"}
{"event": "task_finished", "trajectory_id": "a0fff010-e1ec-498d-8567-dd4e01564633", "task_id": "task-56d11969bbac661ba221", "model_version": "scripted-engineering-only", "outcome": "refused", "task_success": true}
{"event": "task_started", "trajectory_id": "35c18ff2-75ef-4b26-b491-cd73c163a8cf", "task_id": "task-87d7c7fe1cf3dca74c72", "model_version": "scripted-engineering-only"}
{"event": "task_finished", "trajectory_id": "35c18ff2-75ef-4b26-b491-cd73c163a8cf", "task_id": "task-87d7c7fe1cf3dca74c72", "model_version": "scripted-engineering-only", "outcome": "refused", "task_success": true}
{"event": "task_started", "trajectory_id": "3cd5947b-fdc8-4905-b2a3-2de5eede8ac7", "task_id": "task-31dce11192d72a14cb25", "model_version": "scripted-engineering-only"}
{"event": "task_finished", "trajectory_id": "3cd5947b-fdc8-4905-b2a3-2de5eede8ac7", "task_id": "task-31dce11192d72a14cb25", "model_version": "scripted-engineering-only", "outcome": "refused", "task_success": true}
{"event": "task_started", "trajectory_id": "44241910-f1e8-47f6-84a3-9c4f17828ac1", "task_id": "task-c9c2d9c2d23545eb0e36", "model_version": "scripted-engineering-only"}
{"event": "task_finished", "trajectory_id": "44241910-f1e8-47f6-84a3-9c4f17828ac1", "task_id": "task-c9c2d9c2d23545eb0e36", "model_version": "scripted-engineering-only", "outcome": "refused", "task_success": true}
{"event": "task_started", "trajectory_id": "755510af-a196-4962-8f98-6053889573d4", "task_id": "task-9f2dbc26618598f23b3d", "model_version": "scripted-engineering-only"}
{"event": "task_finished", "trajectory_id": "755510af-a196-4962-8f98-6053889573d4", "task_id": "task-9f2dbc26618598f23b3d", "model_version": "scripted-engineering-only", "outcome": "refused", "task_success": true}
{"event": "task_started", "trajectory_id": "74a4f3ed-be8c-4ba8-9b86-3485dd98193b", "task_id": "task-ba01b87f8d3c2b2a0a9d", "model_version": "scripted-engineering-only"}
{"event": "task_finished", "trajectory_id": "74a4f3ed-be8c-4ba8-9b86-3485dd98193b", "task_id": "task-ba01b87f8d3c2b2a0a9d", "model_version": "scripted-engineering-only", "outcome": "refused", "task_success": true}
{"event": "task_started", "trajectory_id": "5bebd78b-4282-46aa-a808-5e8c1d2f3bb4", "task_id": "task-bdd32dbdec43e2d790e2", "model_version": "scripted-engineering-only"}
{"event": "task_finished", "trajectory_id": "5bebd78b-4282-46aa-a808-5e8c1d2f3bb4", "task_id": "task-bdd32dbdec43e2d790e2", "model_version": "scripted-engineering-only", "outcome": "escalated", "task_success": true}
{"event": "task_started", "trajectory_id": "da450c9d-e0f0-4628-b85a-67f2512a5e7a", "task_id": "task-abd88aed3619fa1f2adb", "model_version": "scripted-engineering-only"}
{"event": "task_finished", "trajectory_id": "da450c9d-e0f0-4628-b85a-67f2512a5e7a", "task_id": "task-abd88aed3619fa1f2adb", "model_version": "scripted-engineering-only", "outcome": "escalated", "task_success": true}
{"event": "task_started", "trajectory_id": "b69b1f6b-4d98-43cf-8ed1-9c24e01400a5", "task_id": "task-3679379ac0a63d0c5798", "model_version": "scripted-engineering-only"}
{"event": "task_finished", "trajectory_id": "b69b1f6b-4d98-43cf-8ed1-9c24e01400a5", "task_id": "task-3679379ac0a63d0c5798", "model_version": "scripted-engineering-only", "outcome": "escalated", "task_success": true}
{"event": "task_started", "trajectory_id": "f62393f4-ac11-4de3-a8b8-5e166048bef6", "task_id": "task-ec729be391c4a34fe297", "model_version": "scripted-engineering-only"}
{"event": "task_finished", "trajectory_id": "f62393f4-ac11-4de3-a8b8-5e166048bef6", "task_id": "task-ec729be391c4a34fe297", "model_version": "scripted-engineering-only", "outcome": "completed", "task_success": true}
{"event": "task_started", "trajectory_id": "c819b58d-77dc-49c3-924a-433cc88c24d7", "task_id": "task-b453a658279db88de3c0", "model_version": "scripted-engineering-only"}
{"event": "task_finished", "trajectory_id": "c819b58d-77dc-49c3-924a-433cc88c24d7", "task_id": "task-b453a658279db88de3c0", "model_version": "scripted-engineering-only", "outcome": "completed", "task_success": true}
{"event": "task_started", "trajectory_id": "43498dbe-5b5e-4a98-b5b3-83491607b461", "task_id": "task-97af2e092bbdb911a25a", "model_version": "scripted-engineering-only"}
{"event": "task_finished", "trajectory_id": "43498dbe-5b5e-4a98-b5b3-83491607b461", "task_id": "task-97af2e092bbdb911a25a", "model_version": "scripted-engineering-only", "outcome": "completed", "task_success": true}
{"event": "task_started", "trajectory_id": "640101f6-e218-480a-a9fa-cea5c169c403", "task_id": "task-0724fc5648935c3d16ba", "model_version": "scripted-engineering-only"}
{"event": "task_finished", "trajectory_id": "640101f6-e218-480a-a9fa-cea5c169c403", "task_id": "task-0724fc5648935c3d16ba", "model_version": "scripted-engineering-only", "outcome": "escalated", "task_success": true}
{"event": "task_started", "trajectory_id": "baa24deb-21d7-4ecd-bba2-a7dad9d20ea6", "task_id": "task-674a4080fd2f0382b598", "model_version": "scripted-engineering-only"}
{"event": "task_finished", "trajectory_id": "baa24deb-21d7-4ecd-bba2-a7dad9d20ea6", "task_id": "task-674a4080fd2f0382b598", "model_version": "scripted-engineering-only", "outcome": "escalated", "task_success": true}
{"event": "task_started", "trajectory_id": "7cbc11d3-8c7f-44b0-b81a-940d1614a287", "task_id": "task-3feda8a21f9775e1db88", "model_version": "scripted-engineering-only"}
{"event": "task_finished", "trajectory_id": "7cbc11d3-8c7f-44b0-b81a-940d1614a287", "task_id": "task-3feda8a21f9775e1db88", "model_version": "scripted-engineering-only", "outcome": "escalated", "task_success": true}
{"event": "task_started", "trajectory_id": "1092f25f-4655-422f-b3ac-c1b8715786ee", "task_id": "task-0e084016f0ee902062e6", "model_version": "scripted-engineering-only"}
{"event": "task_finished", "trajectory_id": "1092f25f-4655-422f-b3ac-c1b8715786ee", "task_id": "task-0e084016f0ee902062e6", "model_version": "scripted-engineering-only", "outcome": "completed", "task_success": true}
{"event": "task_started", "trajectory_id": "b4f88e94-6d5a-4c42-b066-f6742c61db91", "task_id": "task-4c6c1f9967c096b34002", "model_version": "scripted-engineering-only"}
{"event": "task_finished", "trajectory_id": "b4f88e94-6d5a-4c42-b066-f6742c61db91", "task_id": "task-4c6c1f9967c096b34002", "model_version": "scripted-engineering-only", "outcome": "completed", "task_success": true}
{"event": "task_started", "trajectory_id": "d14c3c36-5d9a-4e0b-8720-2f3ba88804de", "task_id": "task-5d8affbfbc38c6af2a55", "model_version": "scripted-engineering-only"}
{"event": "task_finished", "trajectory_id": "d14c3c36-5d9a-4e0b-8720-2f3ba88804de", "task_id": "task-5d8affbfbc38c6af2a55", "model_version": "scripted-engineering-only", "outcome": "completed", "task_success": true}
{"event": "task_started", "trajectory_id": "ddf0b29b-9292-4cfb-9ad1-f3cadbea1c5f", "task_id": "task-705ae2b6a38ee732fcb6", "model_version": "scripted-engineering-only"}
{"event": "task_finished", "trajectory_id": "ddf0b29b-9292-4cfb-9ad1-f3cadbea1c5f", "task_id": "task-705ae2b6a38ee732fcb6", "model_version": "scripted-engineering-only", "outcome": "refused", "task_success": true}
{"event": "task_started", "trajectory_id": "2a405bbb-94e4-477d-a93f-d05b93da37a6", "task_id": "task-aacc6eab02d55411c926", "model_version": "scripted-engineering-only"}
{"event": "task_finished", "trajectory_id": "2a405bbb-94e4-477d-a93f-d05b93da37a6", "task_id": "task-aacc6eab02d55411c926", "model_version": "scripted-engineering-only", "outcome": "refused", "task_success": true}
{"event": "task_started", "trajectory_id": "e32ce150-9902-4d51-867b-5f836d4016c3", "task_id": "task-e69eb5bbc48e257eaed9", "model_version": "scripted-engineering-only"}
{"event": "task_finished", "trajectory_id": "e32ce150-9902-4d51-867b-5f836d4016c3", "task_id": "task-e69eb5bbc48e257eaed9", "model_version": "scripted-engineering-only", "outcome": "refused", "task_success": true}
{"event": "task_started", "trajectory_id": "2ec57d2f-afaa-4167-bc4e-7434c85ac74c", "task_id": "task-d218b76a549bb71d32a3", "model_version": "scripted-engineering-only"}
{"event": "task_finished", "trajectory_id": "2ec57d2f-afaa-4167-bc4e-7434c85ac74c", "task_id": "task-d218b76a549bb71d32a3", "model_version": "scripted-engineering-only", "outcome": "escalated", "task_success": true}
{"event": "task_started", "trajectory_id": "c9b4c650-a272-4511-82ef-bf61437b289b", "task_id": "task-399f80239f711ea5d908", "model_version": "scripted-engineering-only"}
{"event": "task_finished", "trajectory_id": "c9b4c650-a272-4511-82ef-bf61437b289b", "task_id": "task-399f80239f711ea5d908", "model_version": "scripted-engineering-only", "outcome": "escalated", "task_success": true}
{"event": "task_started", "trajectory_id": "8e460456-50d4-44f0-ab6f-fea635d6d2d3", "task_id": "task-59a584317a710f1deb73", "model_version": "scripted-engineering-only"}
{"event": "task_finished", "trajectory_id": "8e460456-50d4-44f0-ab6f-fea635d6d2d3", "task_id": "task-59a584317a710f1deb73", "model_version": "scripted-engineering-only", "outcome": "escalated", "task_success": true}
{"event": "task_started", "trajectory_id": "030f6b09-2a7a-40a0-ae08-15a30f0ae5cd", "task_id": "task-f72263adb1c1d420111e", "model_version": "scripted-engineering-only"}
{"event": "task_finished", "trajectory_id": "030f6b09-2a7a-40a0-ae08-15a30f0ae5cd", "task_id": "task-f72263adb1c1d420111e", "model_version": "scripted-engineering-only", "outcome": "escalated", "task_success": true}
{"event": "task_started", "trajectory_id": "b2e92cc2-ef9c-4fc2-aa4d-985f608b45fb", "task_id": "task-90c1813085f31f5299b3", "model_version": "scripted-engineering-only"}
{"event": "task_finished", "trajectory_id": "b2e92cc2-ef9c-4fc2-aa4d-985f608b45fb", "task_id": "task-90c1813085f31f5299b3", "model_version": "scripted-engineering-only", "outcome": "escalated", "task_success": true}
{"event": "task_started", "trajectory_id": "1caf4748-ca83-4dd7-99ad-4ed59e0685e2", "task_id": "task-c31ed15c43fec69b21d0", "model_version": "scripted-engineering-only"}
{"event": "task_finished", "trajectory_id": "1caf4748-ca83-4dd7-99ad-4ed59e0685e2", "task_id": "task-c31ed15c43fec69b21d0", "model_version": "scripted-engineering-only", "outcome": "escalated", "task_success": true}
{"event": "task_started", "trajectory_id": "33689d3d-459e-4352-b2a6-5b0b3e14da68", "task_id": "task-c4da3551dcd0c1e6d1bc", "model_version": "scripted-engineering-only"}
{"event": "task_finished", "trajectory_id": "33689d3d-459e-4352-b2a6-5b0b3e14da68", "task_id": "task-c4da3551dcd0c1e6d1bc", "model_version": "scripted-engineering-only", "outcome": "completed", "task_success": true}
{"event": "task_started", "trajectory_id": "c356f6c7-db72-4443-b4ca-da4b1fbcb12c", "task_id": "task-d573e068640729f6fc0c", "model_version": "scripted-engineering-only"}
{"event": "task_finished", "trajectory_id": "c356f6c7-db72-4443-b4ca-da4b1fbcb12c", "task_id": "task-d573e068640729f6fc0c", "model_version": "scripted-engineering-only", "outcome": "completed", "task_success": true}
{"event": "task_started", "trajectory_id": "901808c0-4e41-4a28-a925-0b96cff0ce37", "task_id": "task-5451f40b657f5bfdccbc", "model_version": "scripted-engineering-only"}
{"event": "task_finished", "trajectory_id": "901808c0-4e41-4a28-a925-0b96cff0ce37", "task_id": "task-5451f40b657f5bfdccbc", "model_version": "scripted-engineering-only", "outcome": "completed", "task_success": true}
{"event": "task_started", "trajectory_id": "035dbdd3-cb38-4b08-86f5-a19eeb043e8c", "task_id": "task-d71f713e079ab5c2b330", "model_version": "scripted-engineering-only"}
{"event": "task_finished", "trajectory_id": "035dbdd3-cb38-4b08-86f5-a19eeb043e8c", "task_id": "task-d71f713e079ab5c2b330", "model_version": "scripted-engineering-only", "outcome": "completed", "task_success": true}
{"event": "task_started", "trajectory_id": "5ad02a23-3ef8-411d-86c8-0f8526f9a27f", "task_id": "task-aa38b5523e6289961272", "model_version": "scripted-engineering-only"}
{"event": "task_finished", "trajectory_id": "5ad02a23-3ef8-411d-86c8-0f8526f9a27f", "task_id": "task-aa38b5523e6289961272", "model_version": "scripted-engineering-only", "outcome": "completed", "task_success": true}
{"event": "task_started", "trajectory_id": "d3629f39-e423-4225-8b97-376922c59e2a", "task_id": "task-45334e54e1889ab54a6c", "model_version": "scripted-engineering-only"}
{"event": "task_finished", "trajectory_id": "d3629f39-e423-4225-8b97-376922c59e2a", "task_id": "task-45334e54e1889ab54a6c", "model_version": "scripted-engineering-only", "outcome": "completed", "task_success": true}
{"event": "task_started", "trajectory_id": "81181726-211a-45fd-8cc7-099fa34fea85", "task_id": "task-c50d95cdd2eabf3b7e52", "model_version": "scripted-engineering-only"}
{"event": "task_finished", "trajectory_id": "81181726-211a-45fd-8cc7-099fa34fea85", "task_id": "task-c50d95cdd2eabf3b7e52", "model_version": "scripted-engineering-only", "outcome": "completed", "task_success": true}
{"event": "task_started", "trajectory_id": "e3558da5-8843-46e0-aeb5-94e3c3eb839f", "task_id": "task-e730102b9a4395aae8ee", "model_version": "scripted-engineering-only"}
{"event": "task_finished", "trajectory_id": "e3558da5-8843-46e0-aeb5-94e3c3eb839f", "task_id": "task-e730102b9a4395aae8ee", "model_version": "scripted-engineering-only", "outcome": "completed", "task_success": true}
{"event": "task_started", "trajectory_id": "e2ba1d8c-0861-4c46-9402-2fc7992bc07a", "task_id": "task-c1422229a8352e1cf4fc", "model_version": "scripted-engineering-only"}
{"event": "task_finished", "trajectory_id": "e2ba1d8c-0861-4c46-9402-2fc7992bc07a", "task_id": "task-c1422229a8352e1cf4fc", "model_version": "scripted-engineering-only", "outcome": "completed", "task_success": true}
{"event": "task_started", "trajectory_id": "16949aa2-edf2-4117-9b02-d15e6e1185b6", "task_id": "task-f67587394339c41f909c", "model_version": "scripted-engineering-only"}
{"event": "task_finished", "trajectory_id": "16949aa2-edf2-4117-9b02-d15e6e1185b6", "task_id": "task-f67587394339c41f909c", "model_version": "scripted-engineering-only", "outcome": "refused", "task_success": true}
{"event": "task_started", "trajectory_id": "f8686a91-00b6-44d0-bad5-57e1fc558b32", "task_id": "task-b2e0e6a52eb4cbe28b57", "model_version": "scripted-engineering-only"}
{"event": "task_finished", "trajectory_id": "f8686a91-00b6-44d0-bad5-57e1fc558b32", "task_id": "task-b2e0e6a52eb4cbe28b57", "model_version": "scripted-engineering-only", "outcome": "refused", "task_success": true}
{"event": "task_started", "trajectory_id": "75f72c8b-015b-4bad-8fdf-c90782396bc1", "task_id": "task-271e4f001bfbec4ba37f", "model_version": "scripted-engineering-only"}
{"event": "task_finished", "trajectory_id": "75f72c8b-015b-4bad-8fdf-c90782396bc1", "task_id": "task-271e4f001bfbec4ba37f", "model_version": "scripted-engineering-only", "outcome": "refused", "task_success": true}
{"event": "task_started", "trajectory_id": "0c85a9d1-0435-4f96-b2c7-73bf2fbf693c", "task_id": "task-f476ba5bc12924d9bc6b", "model_version": "scripted-engineering-only"}
{"event": "task_finished", "trajectory_id": "0c85a9d1-0435-4f96-b2c7-73bf2fbf693c", "task_id": "task-f476ba5bc12924d9bc6b", "model_version": "scripted-engineering-only", "outcome": "refused", "task_success": true}
{"event": "task_started", "trajectory_id": "41ab2af7-35a7-4217-a9c8-927311d3307d", "task_id": "task-5eb647be1fe8d553a68b", "model_version": "scripted-engineering-only"}
{"event": "task_finished", "trajectory_id": "41ab2af7-35a7-4217-a9c8-927311d3307d", "task_id": "task-5eb647be1fe8d553a68b", "model_version": "scripted-engineering-only", "outcome": "refused", "task_success": true}
{"event": "task_started", "trajectory_id": "ef9a3af8-576d-4e4a-911a-97e8e263850e", "task_id": "task-07a2025d71ee061f3bd2", "model_version": "scripted-engineering-only"}
{"event": "task_finished", "trajectory_id": "ef9a3af8-576d-4e4a-911a-97e8e263850e", "task_id": "task-07a2025d71ee061f3bd2", "model_version": "scripted-engineering-only", "outcome": "refused", "task_success": true}
{"event": "task_started", "trajectory_id": "19fdb3bc-8ee0-4c20-b8ce-fef37e87a85b", "task_id": "task-a48da85fc162e85f19e2", "model_version": "scripted-engineering-only"}
{"event": "task_finished", "trajectory_id": "19fdb3bc-8ee0-4c20-b8ce-fef37e87a85b", "task_id": "task-a48da85fc162e85f19e2", "model_version": "scripted-engineering-only", "outcome": "escalated", "task_success": true}
{"event": "task_started", "trajectory_id": "6f3b07ea-32b7-45f6-9611-94c6976b57ef", "task_id": "task-06b8d71a2bcb3273229e", "model_version": "scripted-engineering-only"}
{"event": "task_finished", "trajectory_id": "6f3b07ea-32b7-45f6-9611-94c6976b57ef", "task_id": "task-06b8d71a2bcb3273229e", "model_version": "scripted-engineering-only", "outcome": "escalated", "task_success": true}
{"event": "task_started", "trajectory_id": "3ddb48aa-6407-4ad6-ae55-f4288c0b4cba", "task_id": "task-a54dafe4b4e3bb62483d", "model_version": "scripted-engineering-only"}
{"event": "task_finished", "trajectory_id": "3ddb48aa-6407-4ad6-ae55-f4288c0b4cba", "task_id": "task-a54dafe4b4e3bb62483d", "model_version": "scripted-engineering-only", "outcome": "escalated", "task_success": true}
{"event": "task_started", "trajectory_id": "cc9c8a0c-d598-4057-8e29-fc1146d1589c", "task_id": "task-965bab023d996aea99f2", "model_version": "scripted-engineering-only"}
{"event": "task_finished", "trajectory_id": "cc9c8a0c-d598-4057-8e29-fc1146d1589c", "task_id": "task-965bab023d996aea99f2", "model_version": "scripted-engineering-only", "outcome": "completed", "task_success": true}
{"event": "task_started", "trajectory_id": "5c7f8af5-95ea-44fe-8a9f-ee3ae61020ad", "task_id": "task-eba00923d594244d8a50", "model_version": "scripted-engineering-only"}
{"event": "task_finished", "trajectory_id": "5c7f8af5-95ea-44fe-8a9f-ee3ae61020ad", "task_id": "task-eba00923d594244d8a50", "model_version": "scripted-engineering-only", "outcome": "completed", "task_success": true}
{"event": "task_started", "trajectory_id": "bd78415e-f0c6-4fc3-9272-f8354e4acd94", "task_id": "task-2d745d5735989f513472", "model_version": "scripted-engineering-only"}
{"event": "task_finished", "trajectory_id": "bd78415e-f0c6-4fc3-9272-f8354e4acd94", "task_id": "task-2d745d5735989f513472", "model_version": "scripted-engineering-only", "outcome": "completed", "task_success": true}
{"event": "task_started", "trajectory_id": "120718e0-4297-4ba2-961c-8067df955ff4", "task_id": "task-adce80fcd242644af3be", "model_version": "scripted-engineering-only"}
{"event": "task_finished", "trajectory_id": "120718e0-4297-4ba2-961c-8067df955ff4", "task_id": "task-adce80fcd242644af3be", "model_version": "scripted-engineering-only", "outcome": "escalated", "task_success": true}
{"event": "task_started", "trajectory_id": "464d8dc8-8361-4481-a5bd-bc7cb13df7ac", "task_id": "task-a3b7dfcd02ab8da95ef8", "model_version": "scripted-engineering-only"}
{"event": "task_finished", "trajectory_id": "464d8dc8-8361-4481-a5bd-bc7cb13df7ac", "task_id": "task-a3b7dfcd02ab8da95ef8", "model_version": "scripted-engineering-only", "outcome": "escalated", "task_success": true}
{"event": "task_started", "trajectory_id": "b51b0796-e36c-4528-9a9f-2e67acb89879", "task_id": "task-0186019e3d73611b86a1", "model_version": "scripted-engineering-only"}
{"event": "task_finished", "trajectory_id": "b51b0796-e36c-4528-9a9f-2e67acb89879", "task_id": "task-0186019e3d73611b86a1", "model_version": "scripted-engineering-only", "outcome": "escalated", "task_success": true}
{"event": "task_started", "trajectory_id": "9c40ab68-7270-4f59-a422-8cfe369d700b", "task_id": "task-734d5b0d34d0656564ee", "model_version": "scripted-engineering-only"}
{"event": "task_finished", "trajectory_id": "9c40ab68-7270-4f59-a422-8cfe369d700b", "task_id": "task-734d5b0d34d0656564ee", "model_version": "scripted-engineering-only", "outcome": "escalated", "task_success": true}
{"event": "task_started", "trajectory_id": "b8071acb-68c9-4985-ab2b-3bdb8c705f57", "task_id": "task-5dceefde9e586fb8376a", "model_version": "scripted-engineering-only"}
{"event": "task_finished", "trajectory_id": "b8071acb-68c9-4985-ab2b-3bdb8c705f57", "task_id": "task-5dceefde9e586fb8376a", "model_version": "scripted-engineering-only", "outcome": "escalated", "task_success": true}
{"event": "task_started", "trajectory_id": "87293448-d2c2-4ca6-a162-66febe60f8d1", "task_id": "task-ad1e786facf608c440ac", "model_version": "scripted-engineering-only"}
{"event": "task_finished", "trajectory_id": "87293448-d2c2-4ca6-a162-66febe60f8d1", "task_id": "task-ad1e786facf608c440ac", "model_version": "scripted-engineering-only", "outcome": "escalated", "task_success": true}
{"event": "task_started", "trajectory_id": "c71951cb-c0e8-4d33-b224-ddb57161b91d", "task_id": "task-bb68b21999ce552f5ffc", "model_version": "scripted-engineering-only"}
{"event": "task_finished", "trajectory_id": "c71951cb-c0e8-4d33-b224-ddb57161b91d", "task_id": "task-bb68b21999ce552f5ffc", "model_version": "scripted-engineering-only", "outcome": "completed", "task_success": true}
{"event": "task_started", "trajectory_id": "042d4dca-7fad-433c-ac6a-1d1050390e96", "task_id": "task-a1d394ba1d073d7a2eaa", "model_version": "scripted-engineering-only"}
{"event": "task_finished", "trajectory_id": "042d4dca-7fad-433c-ac6a-1d1050390e96", "task_id": "task-a1d394ba1d073d7a2eaa", "model_version": "scripted-engineering-only", "outcome": "completed", "task_success": true}
{"event": "task_started", "trajectory_id": "3d4e6d70-7f8f-48d9-b0f1-2ea8cf245525", "task_id": "task-edb462866dbadf5ed77c", "model_version": "scripted-engineering-only"}
{"event": "task_finished", "trajectory_id": "3d4e6d70-7f8f-48d9-b0f1-2ea8cf245525", "task_id": "task-edb462866dbadf5ed77c", "model_version": "scripted-engineering-only", "outcome": "completed", "task_success": true}
{"event": "task_started", "trajectory_id": "768e49d8-4359-4fa8-aa58-7f61646d1278", "task_id": "task-6dfee218765c8a8ccb03", "model_version": "scripted-engineering-only"}
{"event": "task_finished", "trajectory_id": "768e49d8-4359-4fa8-aa58-7f61646d1278", "task_id": "task-6dfee218765c8a8ccb03", "model_version": "scripted-engineering-only", "outcome": "completed", "task_success": true}
{"event": "task_started", "trajectory_id": "07a3963c-b249-49fd-b7a8-837284f5ba91", "task_id": "task-7b7e1c638fa73fcdc0cb", "model_version": "scripted-engineering-only"}
{"event": "task_finished", "trajectory_id": "07a3963c-b249-49fd-b7a8-837284f5ba91", "task_id": "task-7b7e1c638fa73fcdc0cb", "model_version": "scripted-engineering-only", "outcome": "completed", "task_success": true}
{"event": "task_started", "trajectory_id": "cb20c8f1-cad4-49c4-855b-e1231c7ac742", "task_id": "task-30eeea5e7635d5b1ecb1", "model_version": "scripted-engineering-only"}
{"event": "task_finished", "trajectory_id": "cb20c8f1-cad4-49c4-855b-e1231c7ac742", "task_id": "task-30eeea5e7635d5b1ecb1", "model_version": "scripted-engineering-only", "outcome": "completed", "task_success": true}
{"event": "task_started", "trajectory_id": "0298ad19-659f-472f-9e31-6bf4fb141010", "task_id": "task-d1dddd10b1af24b04d3e", "model_version": "scripted-engineering-only"}
{"event": "task_finished", "trajectory_id": "0298ad19-659f-472f-9e31-6bf4fb141010", "task_id": "task-d1dddd10b1af24b04d3e", "model_version": "scripted-engineering-only", "outcome": "escalated", "task_success": true}
{"event": "task_started", "trajectory_id": "700d2c39-0d01-4a41-8a09-594f3c846126", "task_id": "task-afbdfb29b194d7db817e", "model_version": "scripted-engineering-only"}
{"event": "task_finished", "trajectory_id": "700d2c39-0d01-4a41-8a09-594f3c846126", "task_id": "task-afbdfb29b194d7db817e", "model_version": "scripted-engineering-only", "outcome": "escalated", "task_success": true}
{"event": "task_started", "trajectory_id": "f2ab64ff-5995-47a8-a3bf-9356540601be", "task_id": "task-1cb1631bb12620637a56", "model_version": "scripted-engineering-only"}
{"event": "task_finished", "trajectory_id": "f2ab64ff-5995-47a8-a3bf-9356540601be", "task_id": "task-1cb1631bb12620637a56", "model_version": "scripted-engineering-only", "outcome": "escalated", "task_success": true}
{"event": "task_started", "trajectory_id": "b15d1e78-af63-4417-8371-cdb7d1ab9609", "task_id": "task-86bd6cb9106510ea039f", "model_version": "scripted-engineering-only"}
{"event": "task_finished", "trajectory_id": "b15d1e78-af63-4417-8371-cdb7d1ab9609", "task_id": "task-86bd6cb9106510ea039f", "model_version": "scripted-engineering-only", "outcome": "escalated", "task_success": true}
{"event": "task_started", "trajectory_id": "25362748-084d-4710-8831-735876eb0b17", "task_id": "task-28acc947e09e78444ad1", "model_version": "scripted-engineering-only"}
{"event": "task_finished", "trajectory_id": "25362748-084d-4710-8831-735876eb0b17", "task_id": "task-28acc947e09e78444ad1", "model_version": "scripted-engineering-only", "outcome": "escalated", "task_success": true}
{"event": "task_started", "trajectory_id": "b98beff3-1fed-431c-b9f4-26dbf8ce0808", "task_id": "task-398eead64c3eeb871099", "model_version": "scripted-engineering-only"}
{"event": "task_finished", "trajectory_id": "b98beff3-1fed-431c-b9f4-26dbf8ce0808", "task_id": "task-398eead64c3eeb871099", "model_version": "scripted-engineering-only", "outcome": "escalated", "task_success": true}
{"event": "task_started", "trajectory_id": "d79c9cb4-d4b3-4dc4-8d8d-0b0a92c4f02a", "task_id": "task-80544b2a08bd57e8e768", "model_version": "scripted-engineering-only"}
{"event": "task_finished", "trajectory_id": "d79c9cb4-d4b3-4dc4-8d8d-0b0a92c4f02a", "task_id": "task-80544b2a08bd57e8e768", "model_version": "scripted-engineering-only", "outcome": "completed", "task_success": true}
{"event": "task_started", "trajectory_id": "0214f3e5-0787-4a17-acac-9873edbd17d6", "task_id": "task-673dbc9dd8f247601722", "model_version": "scripted-engineering-only"}
{"event": "task_finished", "trajectory_id": "0214f3e5-0787-4a17-acac-9873edbd17d6", "task_id": "task-673dbc9dd8f247601722", "model_version": "scripted-engineering-only", "outcome": "completed", "task_success": true}
{"event": "task_started", "trajectory_id": "ee2eb733-1124-4cdb-8982-9e973babf7d6", "task_id": "task-ed359ba55106b09d8847", "model_version": "scripted-engineering-only"}
{"event": "task_finished", "trajectory_id": "ee2eb733-1124-4cdb-8982-9e973babf7d6", "task_id": "task-ed359ba55106b09d8847", "model_version": "scripted-engineering-only", "outcome": "completed", "task_success": true}
{"event": "task_started", "trajectory_id": "d5381360-92b7-4b78-a5c0-7440902e5e62", "task_id": "task-292ef81ae14a36c27b3f", "model_version": "scripted-engineering-only"}
{"event": "task_finished", "trajectory_id": "d5381360-92b7-4b78-a5c0-7440902e5e62", "task_id": "task-292ef81ae14a36c27b3f", "model_version": "scripted-engineering-only", "outcome": "refused", "task_success": true}
{"event": "task_started", "trajectory_id": "95345bf9-846b-4e47-9226-c857bb0bf700", "task_id": "task-5a00f3a9d86cd9d6c54d", "model_version": "scripted-engineering-only"}
{"event": "task_finished", "trajectory_id": "95345bf9-846b-4e47-9226-c857bb0bf700", "task_id": "task-5a00f3a9d86cd9d6c54d", "model_version": "scripted-engineering-only", "outcome": "refused", "task_success": true}
{"event": "task_started", "trajectory_id": "b1d7f24f-25ad-4022-a90d-7fa41b89818c", "task_id": "task-3b9ce844f270fdf7774d", "model_version": "scripted-engineering-only"}
{"event": "task_finished", "trajectory_id": "b1d7f24f-25ad-4022-a90d-7fa41b89818c", "task_id": "task-3b9ce844f270fdf7774d", "model_version": "scripted-engineering-only", "outcome": "refused", "task_success": true}
{"event": "task_started", "trajectory_id": "38c60513-c77c-41d5-969c-7ae2751ecc5e", "task_id": "task-f9ea9ef01353b4b68e96", "model_version": "scripted-engineering-only"}
{"event": "task_finished", "trajectory_id": "38c60513-c77c-41d5-969c-7ae2751ecc5e", "task_id": "task-f9ea9ef01353b4b68e96", "model_version": "scripted-engineering-only", "outcome": "refused", "task_success": true}
{"event": "task_started", "trajectory_id": "0f5ca1a8-e7a2-41b5-9ea9-3d062c8357b9", "task_id": "task-98171245bbd786a1517a", "model_version": "scripted-engineering-only"}
{"event": "task_finished", "trajectory_id": "0f5ca1a8-e7a2-41b5-9ea9-3d062c8357b9", "task_id": "task-98171245bbd786a1517a", "model_version": "scripted-engineering-only", "outcome": "refused", "task_success": true}
{"event": "task_started", "trajectory_id": "d4fbe39b-4024-45f0-bfe9-83cf20cb7493", "task_id": "task-097a2cdd49eb7039eeda", "model_version": "scripted-engineering-only"}
{"event": "task_finished", "trajectory_id": "d4fbe39b-4024-45f0-bfe9-83cf20cb7493", "task_id": "task-097a2cdd49eb7039eeda", "model_version": "scripted-engineering-only", "outcome": "refused", "task_success": true}
{"event": "task_started", "trajectory_id": "91281602-8afe-432f-8dba-2da1f2c31274", "task_id": "task-dc45c35c4539665fa28a", "model_version": "scripted-engineering-only"}
{"event": "task_finished", "trajectory_id": "91281602-8afe-432f-8dba-2da1f2c31274", "task_id": "task-dc45c35c4539665fa28a", "model_version": "scripted-engineering-only", "outcome": "escalated", "task_success": true}
{"event": "task_started", "trajectory_id": "ab4436d6-9e46-4119-805d-e1816e012e7f", "task_id": "task-012721fdabc6938bfdb4", "model_version": "scripted-engineering-only"}
{"event": "task_finished", "trajectory_id": "ab4436d6-9e46-4119-805d-e1816e012e7f", "task_id": "task-012721fdabc6938bfdb4", "model_version": "scripted-engineering-only", "outcome": "escalated", "task_success": true}
{"event": "task_started", "trajectory_id": "246aab76-4f2b-434f-b17b-2801a25c9047", "task_id": "task-7e2db9056f851620b578", "model_version": "scripted-engineering-only"}
{"event": "task_finished", "trajectory_id": "246aab76-4f2b-434f-b17b-2801a25c9047", "task_id": "task-7e2db9056f851620b578", "model_version": "scripted-engineering-only", "outcome": "escalated", "task_success": true}
{"event": "task_started", "trajectory_id": "300c8da3-4ead-4859-af24-d5291c233cc7", "task_id": "task-56d11969bbac661ba221", "model_version": "scripted-engineering-only"}
{"event": "task_finished", "trajectory_id": "300c8da3-4ead-4859-af24-d5291c233cc7", "task_id": "task-56d11969bbac661ba221", "model_version": "scripted-engineering-only", "outcome": "refused", "task_success": true}
{"event": "task_started", "trajectory_id": "04d60267-c17b-479a-927b-32335acb226b", "task_id": "task-87d7c7fe1cf3dca74c72", "model_version": "scripted-engineering-only"}
{"event": "task_finished", "trajectory_id": "04d60267-c17b-479a-927b-32335acb226b", "task_id": "task-87d7c7fe1cf3dca74c72", "model_version": "scripted-engineering-only", "outcome": "refused", "task_success": true}
{"event": "task_started", "trajectory_id": "9111fdbb-faad-4962-92f6-3ea874434bc7", "task_id": "task-31dce11192d72a14cb25", "model_version": "scripted-engineering-only"}
{"event": "task_finished", "trajectory_id": "9111fdbb-faad-4962-92f6-3ea874434bc7", "task_id": "task-31dce11192d72a14cb25", "model_version": "scripted-engineering-only", "outcome": "refused", "task_success": true}
{"event": "task_started", "trajectory_id": "21774622-ae9a-447d-9c95-d54f859e62f8", "task_id": "task-c9c2d9c2d23545eb0e36", "model_version": "scripted-engineering-only"}
{"event": "task_finished", "trajectory_id": "21774622-ae9a-447d-9c95-d54f859e62f8", "task_id": "task-c9c2d9c2d23545eb0e36", "model_version": "scripted-engineering-only", "outcome": "refused", "task_success": true}
{"event": "task_started", "trajectory_id": "6684a4e9-9c15-4ed1-8d35-0489db5cf0bf", "task_id": "task-9f2dbc26618598f23b3d", "model_version": "scripted-engineering-only"}
{"event": "task_finished", "trajectory_id": "6684a4e9-9c15-4ed1-8d35-0489db5cf0bf", "task_id": "task-9f2dbc26618598f23b3d", "model_version": "scripted-engineering-only", "outcome": "refused", "task_success": true}
{"event": "task_started", "trajectory_id": "020fe71e-a7c3-4b57-9cff-49c4ef3965d6", "task_id": "task-ba01b87f8d3c2b2a0a9d", "model_version": "scripted-engineering-only"}
{"event": "task_finished", "trajectory_id": "020fe71e-a7c3-4b57-9cff-49c4ef3965d6", "task_id": "task-ba01b87f8d3c2b2a0a9d", "model_version": "scripted-engineering-only", "outcome": "refused", "task_success": true}
{"event": "task_started", "trajectory_id": "4c2e65e6-5981-45a3-a4fb-4d56a0fedb28", "task_id": "task-bdd32dbdec43e2d790e2", "model_version": "scripted-engineering-only"}
{"event": "task_finished", "trajectory_id": "4c2e65e6-5981-45a3-a4fb-4d56a0fedb28", "task_id": "task-bdd32dbdec43e2d790e2", "model_version": "scripted-engineering-only", "outcome": "escalated", "task_success": true}
{"event": "task_started", "trajectory_id": "cb5792a9-04ca-40cf-ba90-f60f87423406", "task_id": "task-abd88aed3619fa1f2adb", "model_version": "scripted-engineering-only"}
{"event": "task_finished", "trajectory_id": "cb5792a9-04ca-40cf-ba90-f60f87423406", "task_id": "task-abd88aed3619fa1f2adb", "model_version": "scripted-engineering-only", "outcome": "escalated", "task_success": true}
{"event": "task_started", "trajectory_id": "6d9a0f78-f6d4-4717-a8f6-308cd911b202", "task_id": "task-3679379ac0a63d0c5798", "model_version": "scripted-engineering-only"}
{"event": "task_finished", "trajectory_id": "6d9a0f78-f6d4-4717-a8f6-308cd911b202", "task_id": "task-3679379ac0a63d0c5798", "model_version": "scripted-engineering-only", "outcome": "escalated", "task_success": true}
{"event": "task_started", "trajectory_id": "d8654398-6d88-4413-89eb-769df5344604", "task_id": "task-ec729be391c4a34fe297", "model_version": "scripted-engineering-only"}
{"event": "task_finished", "trajectory_id": "d8654398-6d88-4413-89eb-769df5344604", "task_id": "task-ec729be391c4a34fe297", "model_version": "scripted-engineering-only", "outcome": "completed", "task_success": true}
{"event": "task_started", "trajectory_id": "77dae61e-a9ad-4ee6-ba15-6c9f41220347", "task_id": "task-b453a658279db88de3c0", "model_version": "scripted-engineering-only"}
{"event": "task_finished", "trajectory_id": "77dae61e-a9ad-4ee6-ba15-6c9f41220347", "task_id": "task-b453a658279db88de3c0", "model_version": "scripted-engineering-only", "outcome": "completed", "task_success": true}
{"event": "task_started", "trajectory_id": "e2087da8-6754-41a2-8034-d4585c52cc6b", "task_id": "task-97af2e092bbdb911a25a", "model_version": "scripted-engineering-only"}
{"event": "task_finished", "trajectory_id": "e2087da8-6754-41a2-8034-d4585c52cc6b", "task_id": "task-97af2e092bbdb911a25a", "model_version": "scripted-engineering-only", "outcome": "completed", "task_success": true}
{"event": "task_started", "trajectory_id": "ea49a1f9-b87e-4d18-bfc0-23f2015a9caf", "task_id": "task-0724fc5648935c3d16ba", "model_version": "scripted-engineering-only"}
{"event": "task_finished", "trajectory_id": "ea49a1f9-b87e-4d18-bfc0-23f2015a9caf", "task_id": "task-0724fc5648935c3d16ba", "model_version": "scripted-engineering-only", "outcome": "escalated", "task_success": true}
{"event": "task_started", "trajectory_id": "29acaef8-6339-4f2e-aa41-0d6929ebee70", "task_id": "task-674a4080fd2f0382b598", "model_version": "scripted-engineering-only"}
{"event": "task_finished", "trajectory_id": "29acaef8-6339-4f2e-aa41-0d6929ebee70", "task_id": "task-674a4080fd2f0382b598", "model_version": "scripted-engineering-only", "outcome": "escalated", "task_success": true}
{"event": "task_started", "trajectory_id": "34f222b7-3135-431b-aa85-7247cf1688b7", "task_id": "task-3feda8a21f9775e1db88", "model_version": "scripted-engineering-only"}
{"event": "task_finished", "trajectory_id": "34f222b7-3135-431b-aa85-7247cf1688b7", "task_id": "task-3feda8a21f9775e1db88", "model_version": "scripted-engineering-only", "outcome": "escalated", "task_success": true}
{"event": "task_started", "trajectory_id": "271278a5-81f3-47f4-8f91-320efc64ac5a", "task_id": "task-0e084016f0ee902062e6", "model_version": "scripted-engineering-only"}
{"event": "task_finished", "trajectory_id": "271278a5-81f3-47f4-8f91-320efc64ac5a", "task_id": "task-0e084016f0ee902062e6", "model_version": "scripted-engineering-only", "outcome": "completed", "task_success": true}
{"event": "task_started", "trajectory_id": "cde13efe-4535-48ea-b309-8b9f537279f7", "task_id": "task-4c6c1f9967c096b34002", "model_version": "scripted-engineering-only"}
{"event": "task_finished", "trajectory_id": "cde13efe-4535-48ea-b309-8b9f537279f7", "task_id": "task-4c6c1f9967c096b34002", "model_version": "scripted-engineering-only", "outcome": "completed", "task_success": true}
{"event": "task_started", "trajectory_id": "b5002308-2bbc-49fc-ac37-0e7b810e3ced", "task_id": "task-5d8affbfbc38c6af2a55", "model_version": "scripted-engineering-only"}
{"event": "task_finished", "trajectory_id": "b5002308-2bbc-49fc-ac37-0e7b810e3ced", "task_id": "task-5d8affbfbc38c6af2a55", "model_version": "scripted-engineering-only", "outcome": "completed", "task_success": true}
{"event": "task_started", "trajectory_id": "3c94ce44-0944-4c7a-9842-32fdb16df73f", "task_id": "task-705ae2b6a38ee732fcb6", "model_version": "scripted-engineering-only"}
{"event": "task_finished", "trajectory_id": "3c94ce44-0944-4c7a-9842-32fdb16df73f", "task_id": "task-705ae2b6a38ee732fcb6", "model_version": "scripted-engineering-only", "outcome": "refused", "task_success": true}
{"event": "task_started", "trajectory_id": "395e7822-135f-4c4b-8f5b-8075bd3156b3", "task_id": "task-aacc6eab02d55411c926", "model_version": "scripted-engineering-only"}
{"event": "task_finished", "trajectory_id": "395e7822-135f-4c4b-8f5b-8075bd3156b3", "task_id": "task-aacc6eab02d55411c926", "model_version": "scripted-engineering-only", "outcome": "refused", "task_success": true}
{"event": "task_started", "trajectory_id": "83f2604b-c965-4be1-a597-0d667be860cc", "task_id": "task-e69eb5bbc48e257eaed9", "model_version": "scripted-engineering-only"}
{"event": "task_finished", "trajectory_id": "83f2604b-c965-4be1-a597-0d667be860cc", "task_id": "task-e69eb5bbc48e257eaed9", "model_version": "scripted-engineering-only", "outcome": "refused", "task_success": true}
{"event": "task_started", "trajectory_id": "7044c9ba-587f-4e35-9d9b-36613f3bc441", "task_id": "task-d218b76a549bb71d32a3", "model_version": "scripted-engineering-only"}
{"event": "task_finished", "trajectory_id": "7044c9ba-587f-4e35-9d9b-36613f3bc441", "task_id": "task-d218b76a549bb71d32a3", "model_version": "scripted-engineering-only", "outcome": "escalated", "task_success": true}
{"event": "task_started", "trajectory_id": "efcf53b0-5e3f-434c-bf12-cc9b2b0b2a0f", "task_id": "task-399f80239f711ea5d908", "model_version": "scripted-engineering-only"}
{"event": "task_finished", "trajectory_id": "efcf53b0-5e3f-434c-bf12-cc9b2b0b2a0f", "task_id": "task-399f80239f711ea5d908", "model_version": "scripted-engineering-only", "outcome": "escalated", "task_success": true}
{"event": "task_started", "trajectory_id": "d4b554fe-16a5-4249-b202-591a3fa3d37f", "task_id": "task-59a584317a710f1deb73", "model_version": "scripted-engineering-only"}
{"event": "task_finished", "trajectory_id": "d4b554fe-16a5-4249-b202-591a3fa3d37f", "task_id": "task-59a584317a710f1deb73", "model_version": "scripted-engineering-only", "outcome": "escalated", "task_success": true}
{"event": "task_started", "trajectory_id": "554b6404-ecc8-4e95-8d76-7f4209177968", "task_id": "task-f72263adb1c1d420111e", "model_version": "scripted-engineering-only"}
{"event": "task_finished", "trajectory_id": "554b6404-ecc8-4e95-8d76-7f4209177968", "task_id": "task-f72263adb1c1d420111e", "model_version": "scripted-engineering-only", "outcome": "escalated", "task_success": true}
{"event": "task_started", "trajectory_id": "87e7d958-4a7b-4ccf-8558-313860b4f92e", "task_id": "task-90c1813085f31f5299b3", "model_version": "scripted-engineering-only"}
{"event": "task_finished", "trajectory_id": "87e7d958-4a7b-4ccf-8558-313860b4f92e", "task_id": "task-90c1813085f31f5299b3", "model_version": "scripted-engineering-only", "outcome": "escalated", "task_success": true}
{"event": "task_started", "trajectory_id": "55d725b1-c4d7-4890-bd44-1ae02399beaf", "task_id": "task-c31ed15c43fec69b21d0", "model_version": "scripted-engineering-only"}
{"event": "task_finished", "trajectory_id": "55d725b1-c4d7-4890-bd44-1ae02399beaf", "task_id": "task-c31ed15c43fec69b21d0", "model_version": "scripted-engineering-only", "outcome": "escalated", "task_success": true}
{"event": "task_started", "trajectory_id": "420486bb-ba1d-4664-9116-19e7b62ea2f6", "task_id": "task-c4da3551dcd0c1e6d1bc", "model_version": "scripted-engineering-only"}
{"event": "task_finished", "trajectory_id": "420486bb-ba1d-4664-9116-19e7b62ea2f6", "task_id": "task-c4da3551dcd0c1e6d1bc", "model_version": "scripted-engineering-only", "outcome": "completed", "task_success": true}
{"event": "task_started", "trajectory_id": "86d06607-5622-4469-9ba8-1fd2307dd9f5", "task_id": "task-d573e068640729f6fc0c", "model_version": "scripted-engineering-only"}
{"event": "task_finished", "trajectory_id": "86d06607-5622-4469-9ba8-1fd2307dd9f5", "task_id": "task-d573e068640729f6fc0c", "model_version": "scripted-engineering-only", "outcome": "completed", "task_success": true}
{"event": "task_started", "trajectory_id": "12dcd27b-69dd-4016-afca-072415eaac45", "task_id": "task-5451f40b657f5bfdccbc", "model_version": "scripted-engineering-only"}
{"event": "task_finished", "trajectory_id": "12dcd27b-69dd-4016-afca-072415eaac45", "task_id": "task-5451f40b657f5bfdccbc", "model_version": "scripted-engineering-only", "outcome": "completed", "task_success": true}
{"event": "task_started", "trajectory_id": "bceeb17e-bc12-49eb-9d11-e814c3a7bb01", "task_id": "task-d71f713e079ab5c2b330", "model_version": "scripted-engineering-only"}
{"event": "task_finished", "trajectory_id": "bceeb17e-bc12-49eb-9d11-e814c3a7bb01", "task_id": "task-d71f713e079ab5c2b330", "model_version": "scripted-engineering-only", "outcome": "completed", "task_success": true}
{"event": "task_started", "trajectory_id": "69ce0800-d29b-4a2a-846e-dd884e7abece", "task_id": "task-aa38b5523e6289961272", "model_version": "scripted-engineering-only"}
{"event": "task_finished", "trajectory_id": "69ce0800-d29b-4a2a-846e-dd884e7abece", "task_id": "task-aa38b5523e6289961272", "model_version": "scripted-engineering-only", "outcome": "completed", "task_success": true}
{"event": "task_started", "trajectory_id": "82198851-e0cc-411b-b8f7-87d5b0f01fe9", "task_id": "task-45334e54e1889ab54a6c", "model_version": "scripted-engineering-only"}
{"event": "task_finished", "trajectory_id": "82198851-e0cc-411b-b8f7-87d5b0f01fe9", "task_id": "task-45334e54e1889ab54a6c", "model_version": "scripted-engineering-only", "outcome": "completed", "task_success": true}
{"event": "task_started", "trajectory_id": "1e7c419b-1ba9-4696-83dc-589cff4e6cf7", "task_id": "task-c50d95cdd2eabf3b7e52", "model_version": "scripted-engineering-only"}
{"event": "task_finished", "trajectory_id": "1e7c419b-1ba9-4696-83dc-589cff4e6cf7", "task_id": "task-c50d95cdd2eabf3b7e52", "model_version": "scripted-engineering-only", "outcome": "completed", "task_success": true}
{"event": "task_started", "trajectory_id": "3f9b2dfa-d2a3-492c-b553-9d7bbe96775f", "task_id": "task-e730102b9a4395aae8ee", "model_version": "scripted-engineering-only"}
{"event": "task_finished", "trajectory_id": "3f9b2dfa-d2a3-492c-b553-9d7bbe96775f", "task_id": "task-e730102b9a4395aae8ee", "model_version": "scripted-engineering-only", "outcome": "completed", "task_success": true}
{"event": "task_started", "trajectory_id": "f8df5a25-402c-4236-8438-6013885d8101", "task_id": "task-c1422229a8352e1cf4fc", "model_version": "scripted-engineering-only"}
{"event": "task_finished", "trajectory_id": "f8df5a25-402c-4236-8438-6013885d8101", "task_id": "task-c1422229a8352e1cf4fc", "model_version": "scripted-engineering-only", "outcome": "completed", "task_success": true}
{"event": "task_started", "trajectory_id": "20712f71-22f4-4871-ab66-b6c9f31af805", "task_id": "task-f67587394339c41f909c", "model_version": "scripted-engineering-only"}
{"event": "task_finished", "trajectory_id": "20712f71-22f4-4871-ab66-b6c9f31af805", "task_id": "task-f67587394339c41f909c", "model_version": "scripted-engineering-only", "outcome": "refused", "task_success": true}
{"event": "task_started", "trajectory_id": "e38aa2e2-f6b5-4f96-a97c-0ee614dc561b", "task_id": "task-b2e0e6a52eb4cbe28b57", "model_version": "scripted-engineering-only"}
{"event": "task_finished", "trajectory_id": "e38aa2e2-f6b5-4f96-a97c-0ee614dc561b", "task_id": "task-b2e0e6a52eb4cbe28b57", "model_version": "scripted-engineering-only", "outcome": "refused", "task_success": true}
{"event": "task_started", "trajectory_id": "86892d6a-ac54-4f46-9ad3-22e35bebcda5", "task_id": "task-271e4f001bfbec4ba37f", "model_version": "scripted-engineering-only"}
{"event": "task_finished", "trajectory_id": "86892d6a-ac54-4f46-9ad3-22e35bebcda5", "task_id": "task-271e4f001bfbec4ba37f", "model_version": "scripted-engineering-only", "outcome": "refused", "task_success": true}
{"event": "task_started", "trajectory_id": "dd3aa5d3-006a-4005-b27c-dbb676d2e58b", "task_id": "task-f476ba5bc12924d9bc6b", "model_version": "scripted-engineering-only"}
{"event": "task_finished", "trajectory_id": "dd3aa5d3-006a-4005-b27c-dbb676d2e58b", "task_id": "task-f476ba5bc12924d9bc6b", "model_version": "scripted-engineering-only", "outcome": "refused", "task_success": true}
{"event": "task_started", "trajectory_id": "d6d43b49-204f-4e3a-ab34-43646628c225", "task_id": "task-5eb647be1fe8d553a68b", "model_version": "scripted-engineering-only"}
{"event": "task_finished", "trajectory_id": "d6d43b49-204f-4e3a-ab34-43646628c225", "task_id": "task-5eb647be1fe8d553a68b", "model_version": "scripted-engineering-only", "outcome": "refused", "task_success": true}
{"event": "task_started", "trajectory_id": "ead55045-f22c-4d00-95d0-bd8540157613", "task_id": "task-07a2025d71ee061f3bd2", "model_version": "scripted-engineering-only"}
{"event": "task_finished", "trajectory_id": "ead55045-f22c-4d00-95d0-bd8540157613", "task_id": "task-07a2025d71ee061f3bd2", "model_version": "scripted-engineering-only", "outcome": "refused", "task_success": true}
{"event": "task_started", "trajectory_id": "8b27de90-d210-4eae-ad76-b643f277186b", "task_id": "task-a48da85fc162e85f19e2", "model_version": "scripted-engineering-only"}
{"event": "task_finished", "trajectory_id": "8b27de90-d210-4eae-ad76-b643f277186b", "task_id": "task-a48da85fc162e85f19e2", "model_version": "scripted-engineering-only", "outcome": "escalated", "task_success": true}
{"event": "task_started", "trajectory_id": "6c61d9a5-38b7-4deb-ae3b-9b5276d98627", "task_id": "task-06b8d71a2bcb3273229e", "model_version": "scripted-engineering-only"}
{"event": "task_finished", "trajectory_id": "6c61d9a5-38b7-4deb-ae3b-9b5276d98627", "task_id": "task-06b8d71a2bcb3273229e", "model_version": "scripted-engineering-only", "outcome": "escalated", "task_success": true}
{"event": "task_started", "trajectory_id": "968adc2e-22c3-4d59-a15f-c716b811adaa", "task_id": "task-a54dafe4b4e3bb62483d", "model_version": "scripted-engineering-only"}
{"event": "task_finished", "trajectory_id": "968adc2e-22c3-4d59-a15f-c716b811adaa", "task_id": "task-a54dafe4b4e3bb62483d", "model_version": "scripted-engineering-only", "outcome": "escalated", "task_success": true}
{"event": "task_started", "trajectory_id": "6f2e6dfc-8a82-4384-ae49-788e603fceac", "task_id": "task-965bab023d996aea99f2", "model_version": "scripted-engineering-only"}
{"event": "task_finished", "trajectory_id": "6f2e6dfc-8a82-4384-ae49-788e603fceac", "task_id": "task-965bab023d996aea99f2", "model_version": "scripted-engineering-only", "outcome": "completed", "task_success": true}
{"event": "task_started", "trajectory_id": "0c7d6e65-3293-42dc-abc4-575870ea7689", "task_id": "task-eba00923d594244d8a50", "model_version": "scripted-engineering-only"}
{"event": "task_finished", "trajectory_id": "0c7d6e65-3293-42dc-abc4-575870ea7689", "task_id": "task-eba00923d594244d8a50", "model_version": "scripted-engineering-only", "outcome": "completed", "task_success": true}
{"event": "task_started", "trajectory_id": "a229ecc5-8d24-4386-aa37-5574398bee72", "task_id": "task-2d745d5735989f513472", "model_version": "scripted-engineering-only"}
{"event": "task_finished", "trajectory_id": "a229ecc5-8d24-4386-aa37-5574398bee72", "task_id": "task-2d745d5735989f513472", "model_version": "scripted-engineering-only", "outcome": "completed", "task_success": true}
{"event": "task_started", "trajectory_id": "391d4660-c08b-40ee-b987-b115cedfdf82", "task_id": "task-adce80fcd242644af3be", "model_version": "scripted-engineering-only"}
{"event": "task_finished", "trajectory_id": "391d4660-c08b-40ee-b987-b115cedfdf82", "task_id": "task-adce80fcd242644af3be", "model_version": "scripted-engineering-only", "outcome": "escalated", "task_success": true}
{"event": "task_started", "trajectory_id": "a26a200e-185d-40e9-9dd4-bf070cf3f260", "task_id": "task-a3b7dfcd02ab8da95ef8", "model_version": "scripted-engineering-only"}
{"event": "task_finished", "trajectory_id": "a26a200e-185d-40e9-9dd4-bf070cf3f260", "task_id": "task-a3b7dfcd02ab8da95ef8", "model_version": "scripted-engineering-only", "outcome": "escalated", "task_success": true}
{"event": "task_started", "trajectory_id": "0b6faf8b-fa8a-46d6-82f0-c6d38958c7f2", "task_id": "task-0186019e3d73611b86a1", "model_version": "scripted-engineering-only"}
{"event": "task_finished", "trajectory_id": "0b6faf8b-fa8a-46d6-82f0-c6d38958c7f2", "task_id": "task-0186019e3d73611b86a1", "model_version": "scripted-engineering-only", "outcome": "escalated", "task_success": true}
{"event": "task_started", "trajectory_id": "afc1c41a-3159-4e13-9ed6-1e4c930edd61", "task_id": "task-734d5b0d34d0656564ee", "model_version": "scripted-engineering-only"}
{"event": "task_finished", "trajectory_id": "afc1c41a-3159-4e13-9ed6-1e4c930edd61", "task_id": "task-734d5b0d34d0656564ee", "model_version": "scripted-engineering-only", "outcome": "escalated", "task_success": true}
{"event": "task_started", "trajectory_id": "56c6256a-9ad3-4559-ad44-2463c3390f92", "task_id": "task-5dceefde9e586fb8376a", "model_version": "scripted-engineering-only"}
{"event": "task_finished", "trajectory_id": "56c6256a-9ad3-4559-ad44-2463c3390f92", "task_id": "task-5dceefde9e586fb8376a", "model_version": "scripted-engineering-only", "outcome": "escalated", "task_success": true}
{"event": "task_started", "trajectory_id": "dabadba6-23ce-4813-af8f-34fbefbb22cb", "task_id": "task-ad1e786facf608c440ac", "model_version": "scripted-engineering-only"}
{"event": "task_finished", "trajectory_id": "dabadba6-23ce-4813-af8f-34fbefbb22cb", "task_id": "task-ad1e786facf608c440ac", "model_version": "scripted-engineering-only", "outcome": "escalated", "task_success": true}
{"event": "task_started", "trajectory_id": "78310959-e060-4460-8b73-3c57536c17ca", "task_id": "task-bb68b21999ce552f5ffc", "model_version": "scripted-engineering-only"}
{"event": "task_finished", "trajectory_id": "78310959-e060-4460-8b73-3c57536c17ca", "task_id": "task-bb68b21999ce552f5ffc", "model_version": "scripted-engineering-only", "outcome": "completed", "task_success": true}
{"event": "task_started", "trajectory_id": "78590fe8-041f-4876-a27a-98e6a711b59b", "task_id": "task-a1d394ba1d073d7a2eaa", "model_version": "scripted-engineering-only"}
{"event": "task_finished", "trajectory_id": "78590fe8-041f-4876-a27a-98e6a711b59b", "task_id": "task-a1d394ba1d073d7a2eaa", "model_version": "scripted-engineering-only", "outcome": "completed", "task_success": true}
{"event": "task_started", "trajectory_id": "a487ff33-708a-45a8-8f14-0b5b38017236", "task_id": "task-edb462866dbadf5ed77c", "model_version": "scripted-engineering-only"}
{"event": "task_finished", "trajectory_id": "a487ff33-708a-45a8-8f14-0b5b38017236", "task_id": "task-edb462866dbadf5ed77c", "model_version": "scripted-engineering-only", "outcome": "completed", "task_success": true}
{"event": "task_started", "trajectory_id": "8a145b8c-5ddb-4c9d-9b17-8c90b73fc68f", "task_id": "task-6dfee218765c8a8ccb03", "model_version": "scripted-engineering-only"}
{"event": "task_finished", "trajectory_id": "8a145b8c-5ddb-4c9d-9b17-8c90b73fc68f", "task_id": "task-6dfee218765c8a8ccb03", "model_version": "scripted-engineering-only", "outcome": "completed", "task_success": true}
{"event": "task_started", "trajectory_id": "09988a06-f267-44c0-a3c2-d9b2e08a5aed", "task_id": "task-7b7e1c638fa73fcdc0cb", "model_version": "scripted-engineering-only"}
{"event": "task_finished", "trajectory_id": "09988a06-f267-44c0-a3c2-d9b2e08a5aed", "task_id": "task-7b7e1c638fa73fcdc0cb", "model_version": "scripted-engineering-only", "outcome": "completed", "task_success": true}
{"event": "task_started", "trajectory_id": "2fd52f5b-2f42-4bf9-a3c3-527f981f330c", "task_id": "task-30eeea5e7635d5b1ecb1", "model_version": "scripted-engineering-only"}
{"event": "task_finished", "trajectory_id": "2fd52f5b-2f42-4bf9-a3c3-527f981f330c", "task_id": "task-30eeea5e7635d5b1ecb1", "model_version": "scripted-engineering-only", "outcome": "completed", "task_success": true}
{"event": "task_started", "trajectory_id": "62e59037-176b-4f26-b44d-4640236d0cfa", "task_id": "task-d1dddd10b1af24b04d3e", "model_version": "scripted-engineering-only"}
{"event": "task_finished", "trajectory_id": "62e59037-176b-4f26-b44d-4640236d0cfa", "task_id": "task-d1dddd10b1af24b04d3e", "model_version": "scripted-engineering-only", "outcome": "escalated", "task_success": true}
{"event": "task_started", "trajectory_id": "2a7414da-70e4-4293-87cd-1592452c4726", "task_id": "task-afbdfb29b194d7db817e", "model_version": "scripted-engineering-only"}
{"event": "task_finished", "trajectory_id": "2a7414da-70e4-4293-87cd-1592452c4726", "task_id": "task-afbdfb29b194d7db817e", "model_version": "scripted-engineering-only", "outcome": "escalated", "task_success": true}
{"event": "task_started", "trajectory_id": "ddf42d15-bb02-4e3a-936d-9232042667a1", "task_id": "task-1cb1631bb12620637a56", "model_version": "scripted-engineering-only"}
{"event": "task_finished", "trajectory_id": "ddf42d15-bb02-4e3a-936d-9232042667a1", "task_id": "task-1cb1631bb12620637a56", "model_version": "scripted-engineering-only", "outcome": "escalated", "task_success": true}
{"event": "task_started", "trajectory_id": "2a24f418-aad8-4df0-8775-e38ec3bc170f", "task_id": "task-86bd6cb9106510ea039f", "model_version": "scripted-engineering-only"}
{"event": "task_finished", "trajectory_id": "2a24f418-aad8-4df0-8775-e38ec3bc170f", "task_id": "task-86bd6cb9106510ea039f", "model_version": "scripted-engineering-only", "outcome": "escalated", "task_success": true}
{"event": "task_started", "trajectory_id": "49a4fd7e-75df-4e5f-9aaf-3b1aa40ef8bb", "task_id": "task-28acc947e09e78444ad1", "model_version": "scripted-engineering-only"}
{"event": "task_finished", "trajectory_id": "49a4fd7e-75df-4e5f-9aaf-3b1aa40ef8bb", "task_id": "task-28acc947e09e78444ad1", "model_version": "scripted-engineering-only", "outcome": "escalated", "task_success": true}
{"event": "task_started", "trajectory_id": "e7748fee-64ba-439d-b948-1250f2699982", "task_id": "task-398eead64c3eeb871099", "model_version": "scripted-engineering-only"}
{"event": "task_finished", "trajectory_id": "e7748fee-64ba-439d-b948-1250f2699982", "task_id": "task-398eead64c3eeb871099", "model_version": "scripted-engineering-only", "outcome": "escalated", "task_success": true}
{"event": "task_started", "trajectory_id": "660deff2-a2a6-4173-80d3-e2c4f026093d", "task_id": "task-80544b2a08bd57e8e768", "model_version": "scripted-engineering-only"}
{"event": "task_finished", "trajectory_id": "660deff2-a2a6-4173-80d3-e2c4f026093d", "task_id": "task-80544b2a08bd57e8e768", "model_version": "scripted-engineering-only", "outcome": "completed", "task_success": true}
{"event": "task_started", "trajectory_id": "bf30eabb-b8c3-4c93-ba68-d5d8bdd2ab64", "task_id": "task-673dbc9dd8f247601722", "model_version": "scripted-engineering-only"}
{"event": "task_finished", "trajectory_id": "bf30eabb-b8c3-4c93-ba68-d5d8bdd2ab64", "task_id": "task-673dbc9dd8f247601722", "model_version": "scripted-engineering-only", "outcome": "completed", "task_success": true}
{"event": "task_started", "trajectory_id": "7fb282ba-1ba8-4d69-85dd-f7a594e28d25", "task_id": "task-ed359ba55106b09d8847", "model_version": "scripted-engineering-only"}
{"event": "task_finished", "trajectory_id": "7fb282ba-1ba8-4d69-85dd-f7a594e28d25", "task_id": "task-ed359ba55106b09d8847", "model_version": "scripted-engineering-only", "outcome": "completed", "task_success": true}
{"event": "task_started", "trajectory_id": "29525f03-2a1e-400c-9966-13fda490b4e3", "task_id": "task-292ef81ae14a36c27b3f", "model_version": "scripted-engineering-only"}
{"event": "task_finished", "trajectory_id": "29525f03-2a1e-400c-9966-13fda490b4e3", "task_id": "task-292ef81ae14a36c27b3f", "model_version": "scripted-engineering-only", "outcome": "refused", "task_success": true}
{"event": "task_started", "trajectory_id": "ff2e43d8-a549-45a5-8b8f-af7f1ca52027", "task_id": "task-5a00f3a9d86cd9d6c54d", "model_version": "scripted-engineering-only"}
{"event": "task_finished", "trajectory_id": "ff2e43d8-a549-45a5-8b8f-af7f1ca52027", "task_id": "task-5a00f3a9d86cd9d6c54d", "model_version": "scripted-engineering-only", "outcome": "refused", "task_success": true}
{"event": "task_started", "trajectory_id": "95dca029-5a5e-4fcd-8cd3-927174a65c34", "task_id": "task-3b9ce844f270fdf7774d", "model_version": "scripted-engineering-only"}
{"event": "task_finished", "trajectory_id": "95dca029-5a5e-4fcd-8cd3-927174a65c34", "task_id": "task-3b9ce844f270fdf7774d", "model_version": "scripted-engineering-only", "outcome": "refused", "task_success": true}
{"event": "task_started", "trajectory_id": "5db9193b-617f-47e7-ab75-aa20c9804942", "task_id": "task-f9ea9ef01353b4b68e96", "model_version": "scripted-engineering-only"}
{"event": "task_finished", "trajectory_id": "5db9193b-617f-47e7-ab75-aa20c9804942", "task_id": "task-f9ea9ef01353b4b68e96", "model_version": "scripted-engineering-only", "outcome": "refused", "task_success": true}
{"event": "task_started", "trajectory_id": "89055e3c-4e20-4dad-bac8-51fbf7bc2e16", "task_id": "task-98171245bbd786a1517a", "model_version": "scripted-engineering-only"}
{"event": "task_finished", "trajectory_id": "89055e3c-4e20-4dad-bac8-51fbf7bc2e16", "task_id": "task-98171245bbd786a1517a", "model_version": "scripted-engineering-only", "outcome": "refused", "task_success": true}
{"event": "task_started", "trajectory_id": "3aaad863-ab68-4ca3-b785-fc05eeed50e5", "task_id": "task-097a2cdd49eb7039eeda", "model_version": "scripted-engineering-only"}
{"event": "task_finished", "trajectory_id": "3aaad863-ab68-4ca3-b785-fc05eeed50e5", "task_id": "task-097a2cdd49eb7039eeda", "model_version": "scripted-engineering-only", "outcome": "refused", "task_success": true}
{"event": "task_started", "trajectory_id": "8fda55a9-0fd0-4b1e-baa3-c0056ecf5bdd", "task_id": "task-dc45c35c4539665fa28a", "model_version": "scripted-engineering-only"}
{"event": "task_finished", "trajectory_id": "8fda55a9-0fd0-4b1e-baa3-c0056ecf5bdd", "task_id": "task-dc45c35c4539665fa28a", "model_version": "scripted-engineering-only", "outcome": "escalated", "task_success": true}
{"event": "task_started", "trajectory_id": "e3b33e8c-8155-4a73-bc20-f17af2d66002", "task_id": "task-012721fdabc6938bfdb4", "model_version": "scripted-engineering-only"}
{"event": "task_finished", "trajectory_id": "e3b33e8c-8155-4a73-bc20-f17af2d66002", "task_id": "task-012721fdabc6938bfdb4", "model_version": "scripted-engineering-only", "outcome": "escalated", "task_success": true}
{"event": "task_started", "trajectory_id": "e8a06d68-c9c5-4953-95b0-9f242942092f", "task_id": "task-7e2db9056f851620b578", "model_version": "scripted-engineering-only"}
{"event": "task_finished", "trajectory_id": "e8a06d68-c9c5-4953-95b0-9f242942092f", "task_id": "task-7e2db9056f851620b578", "model_version": "scripted-engineering-only", "outcome": "escalated", "task_success": true}
{"event": "task_started", "trajectory_id": "04d91775-0afe-4061-8860-3c82757d9460", "task_id": "task-56d11969bbac661ba221", "model_version": "scripted-engineering-only"}
{"event": "task_finished", "trajectory_id": "04d91775-0afe-4061-8860-3c82757d9460", "task_id": "task-56d11969bbac661ba221", "model_version": "scripted-engineering-only", "outcome": "refused", "task_success": true}
{"event": "task_started", "trajectory_id": "ba15bf4e-71f8-4cd2-9608-a38a2cf3123c", "task_id": "task-87d7c7fe1cf3dca74c72", "model_version": "scripted-engineering-only"}
{"event": "task_finished", "trajectory_id": "ba15bf4e-71f8-4cd2-9608-a38a2cf3123c", "task_id": "task-87d7c7fe1cf3dca74c72", "model_version": "scripted-engineering-only", "outcome": "refused", "task_success": true}
{"event": "task_started", "trajectory_id": "3dab811d-c087-45bf-a428-f9cec3c72253", "task_id": "task-31dce11192d72a14cb25", "model_version": "scripted-engineering-only"}
{"event": "task_finished", "trajectory_id": "3dab811d-c087-45bf-a428-f9cec3c72253", "task_id": "task-31dce11192d72a14cb25", "model_version": "scripted-engineering-only", "outcome": "refused", "task_success": true}
{"event": "task_started", "trajectory_id": "b4ad2381-23d5-438b-9bc6-c70a2d3f201f", "task_id": "task-c9c2d9c2d23545eb0e36", "model_version": "scripted-engineering-only"}
{"event": "task_finished", "trajectory_id": "b4ad2381-23d5-438b-9bc6-c70a2d3f201f", "task_id": "task-c9c2d9c2d23545eb0e36", "model_version": "scripted-engineering-only", "outcome": "refused", "task_success": true}
{"event": "task_started", "trajectory_id": "d7eecc4f-10e9-4fac-a79a-7ed8e31d9c1e", "task_id": "task-9f2dbc26618598f23b3d", "model_version": "scripted-engineering-only"}
{"event": "task_finished", "trajectory_id": "d7eecc4f-10e9-4fac-a79a-7ed8e31d9c1e", "task_id": "task-9f2dbc26618598f23b3d", "model_version": "scripted-engineering-only", "outcome": "refused", "task_success": true}
{"event": "task_started", "trajectory_id": "4135b76b-a8af-41fa-9bb0-1dc9170bfdd2", "task_id": "task-ba01b87f8d3c2b2a0a9d", "model_version": "scripted-engineering-only"}
{"event": "task_finished", "trajectory_id": "4135b76b-a8af-41fa-9bb0-1dc9170bfdd2", "task_id": "task-ba01b87f8d3c2b2a0a9d", "model_version": "scripted-engineering-only", "outcome": "refused", "task_success": true}
{"event": "task_started", "trajectory_id": "a3c64215-0b23-48f1-b064-e38698c44206", "task_id": "task-bdd32dbdec43e2d790e2", "model_version": "scripted-engineering-only"}
{"event": "task_finished", "trajectory_id": "a3c64215-0b23-48f1-b064-e38698c44206", "task_id": "task-bdd32dbdec43e2d790e2", "model_version": "scripted-engineering-only", "outcome": "escalated", "task_success": true}
{"event": "task_started", "trajectory_id": "d2683006-d8d8-409d-8979-cdbc654d2af8", "task_id": "task-abd88aed3619fa1f2adb", "model_version": "scripted-engineering-only"}
{"event": "task_finished", "trajectory_id": "d2683006-d8d8-409d-8979-cdbc654d2af8", "task_id": "task-abd88aed3619fa1f2adb", "model_version": "scripted-engineering-only", "outcome": "escalated", "task_success": true}
{"event": "task_started", "trajectory_id": "a4d2e48a-f9a5-4a14-90de-06aa6778fafc", "task_id": "task-3679379ac0a63d0c5798", "model_version": "scripted-engineering-only"}
{"event": "task_finished", "trajectory_id": "a4d2e48a-f9a5-4a14-90de-06aa6778fafc", "task_id": "task-3679379ac0a63d0c5798", "model_version": "scripted-engineering-only", "outcome": "escalated", "task_success": true}
{"event": "task_started", "trajectory_id": "eb664548-a701-4479-a455-41a8fcac5cb8", "task_id": "task-ec729be391c4a34fe297", "model_version": "scripted-engineering-only"}
{"event": "task_finished", "trajectory_id": "eb664548-a701-4479-a455-41a8fcac5cb8", "task_id": "task-ec729be391c4a34fe297", "model_version": "scripted-engineering-only", "outcome": "completed", "task_success": true}
{"event": "task_started", "trajectory_id": "b81c26c6-376a-4303-96c4-2a8a00d3dfa0", "task_id": "task-b453a658279db88de3c0", "model_version": "scripted-engineering-only"}
{"event": "task_finished", "trajectory_id": "b81c26c6-376a-4303-96c4-2a8a00d3dfa0", "task_id": "task-b453a658279db88de3c0", "model_version": "scripted-engineering-only", "outcome": "completed", "task_success": true}
{"event": "task_started", "trajectory_id": "8e21ec04-47cd-4a9a-a201-7af24795e0a3", "task_id": "task-97af2e092bbdb911a25a", "model_version": "scripted-engineering-only"}
{"event": "task_finished", "trajectory_id": "8e21ec04-47cd-4a9a-a201-7af24795e0a3", "task_id": "task-97af2e092bbdb911a25a", "model_version": "scripted-engineering-only", "outcome": "completed", "task_success": true}
{"event": "task_started", "trajectory_id": "c78c85f2-f0a0-44b0-8a04-4205833ce2a0", "task_id": "task-0724fc5648935c3d16ba", "model_version": "scripted-engineering-only"}
{"event": "task_finished", "trajectory_id": "c78c85f2-f0a0-44b0-8a04-4205833ce2a0", "task_id": "task-0724fc5648935c3d16ba", "model_version": "scripted-engineering-only", "outcome": "escalated", "task_success": true}
{"event": "task_started", "trajectory_id": "d99c897c-91ee-4f27-b9e5-26f490f77489", "task_id": "task-674a4080fd2f0382b598", "model_version": "scripted-engineering-only"}
{"event": "task_finished", "trajectory_id": "d99c897c-91ee-4f27-b9e5-26f490f77489", "task_id": "task-674a4080fd2f0382b598", "model_version": "scripted-engineering-only", "outcome": "escalated", "task_success": true}
{"event": "task_started", "trajectory_id": "c3f4a2d0-77ae-4a6e-9ca4-7aec2a375890", "task_id": "task-3feda8a21f9775e1db88", "model_version": "scripted-engineering-only"}
{"event": "task_finished", "trajectory_id": "c3f4a2d0-77ae-4a6e-9ca4-7aec2a375890", "task_id": "task-3feda8a21f9775e1db88", "model_version": "scripted-engineering-only", "outcome": "escalated", "task_success": true}
{"event": "task_started", "trajectory_id": "84d55b8a-8145-47ac-b78c-532eb9fb20e2", "task_id": "task-0e084016f0ee902062e6", "model_version": "scripted-engineering-only"}
{"event": "task_finished", "trajectory_id": "84d55b8a-8145-47ac-b78c-532eb9fb20e2", "task_id": "task-0e084016f0ee902062e6", "model_version": "scripted-engineering-only", "outcome": "completed", "task_success": true}
{"event": "task_started", "trajectory_id": "964d2417-3516-470f-8ece-69b58fe84963", "task_id": "task-4c6c1f9967c096b34002", "model_version": "scripted-engineering-only"}
{"event": "task_finished", "trajectory_id": "964d2417-3516-470f-8ece-69b58fe84963", "task_id": "task-4c6c1f9967c096b34002", "model_version": "scripted-engineering-only", "outcome": "completed", "task_success": true}
{"event": "task_started", "trajectory_id": "abfc42d7-3b6c-4142-8a3c-8452e78d4fe4", "task_id": "task-5d8affbfbc38c6af2a55", "model_version": "scripted-engineering-only"}
{"event": "task_finished", "trajectory_id": "abfc42d7-3b6c-4142-8a3c-8452e78d4fe4", "task_id": "task-5d8affbfbc38c6af2a55", "model_version": "scripted-engineering-only", "outcome": "completed", "task_success": true}
{"event": "task_started", "trajectory_id": "7adac27a-e796-474d-9b44-9ea085a94398", "task_id": "task-705ae2b6a38ee732fcb6", "model_version": "scripted-engineering-only"}
{"event": "task_finished", "trajectory_id": "7adac27a-e796-474d-9b44-9ea085a94398", "task_id": "task-705ae2b6a38ee732fcb6", "model_version": "scripted-engineering-only", "outcome": "refused", "task_success": true}
{"event": "task_started", "trajectory_id": "70cc6c52-ec55-4f6b-9949-3cff3159a14d", "task_id": "task-aacc6eab02d55411c926", "model_version": "scripted-engineering-only"}
{"event": "task_finished", "trajectory_id": "70cc6c52-ec55-4f6b-9949-3cff3159a14d", "task_id": "task-aacc6eab02d55411c926", "model_version": "scripted-engineering-only", "outcome": "refused", "task_success": true}
{"event": "task_started", "trajectory_id": "a5fc4977-1f21-46a1-bf91-d9b025c2c0b7", "task_id": "task-e69eb5bbc48e257eaed9", "model_version": "scripted-engineering-only"}
{"event": "task_finished", "trajectory_id": "a5fc4977-1f21-46a1-bf91-d9b025c2c0b7", "task_id": "task-e69eb5bbc48e257eaed9", "model_version": "scripted-engineering-only", "outcome": "refused", "task_success": true}
{"event": "task_started", "trajectory_id": "8866ed78-4f83-47ba-826a-ae9676604acb", "task_id": "task-d218b76a549bb71d32a3", "model_version": "scripted-engineering-only"}
{"event": "task_finished", "trajectory_id": "8866ed78-4f83-47ba-826a-ae9676604acb", "task_id": "task-d218b76a549bb71d32a3", "model_version": "scripted-engineering-only", "outcome": "escalated", "task_success": true}
{"event": "task_started", "trajectory_id": "db8a4a0d-7db6-4bda-8c3b-5420b68f49e1", "task_id": "task-399f80239f711ea5d908", "model_version": "scripted-engineering-only"}
{"event": "task_finished", "trajectory_id": "db8a4a0d-7db6-4bda-8c3b-5420b68f49e1", "task_id": "task-399f80239f711ea5d908", "model_version": "scripted-engineering-only", "outcome": "escalated", "task_success": true}
{"event": "task_started", "trajectory_id": "50b912f4-35b9-4034-9aa3-4d3517702f3e", "task_id": "task-59a584317a710f1deb73", "model_version": "scripted-engineering-only"}
{"event": "task_finished", "trajectory_id": "50b912f4-35b9-4034-9aa3-4d3517702f3e", "task_id": "task-59a584317a710f1deb73", "model_version": "scripted-engineering-only", "outcome": "escalated", "task_success": true}
{"event": "task_started", "trajectory_id": "9b6bc2bb-873f-426f-9a6b-ab2c2a2702f3", "task_id": "task-f72263adb1c1d420111e", "model_version": "scripted-engineering-only"}
{"event": "task_finished", "trajectory_id": "9b6bc2bb-873f-426f-9a6b-ab2c2a2702f3", "task_id": "task-f72263adb1c1d420111e", "model_version": "scripted-engineering-only", "outcome": "escalated", "task_success": true}
{"event": "task_started", "trajectory_id": "58a927a3-7fd9-40f8-bfa4-214f41560423", "task_id": "task-90c1813085f31f5299b3", "model_version": "scripted-engineering-only"}
{"event": "task_finished", "trajectory_id": "58a927a3-7fd9-40f8-bfa4-214f41560423", "task_id": "task-90c1813085f31f5299b3", "model_version": "scripted-engineering-only", "outcome": "escalated", "task_success": true}
{"event": "task_started", "trajectory_id": "01f16ab9-7412-443e-8055-739191baaabc", "task_id": "task-c31ed15c43fec69b21d0", "model_version": "scripted-engineering-only"}
{"event": "task_finished", "trajectory_id": "01f16ab9-7412-443e-8055-739191baaabc", "task_id": "task-c31ed15c43fec69b21d0", "model_version": "scripted-engineering-only", "outcome": "escalated", "task_success": true}
{"event": "task_started", "trajectory_id": "e24cec02-0e92-4b19-bd95-562a17ea23bf", "task_id": "task-c4da3551dcd0c1e6d1bc", "model_version": "scripted-engineering-only"}
{"event": "task_finished", "trajectory_id": "e24cec02-0e92-4b19-bd95-562a17ea23bf", "task_id": "task-c4da3551dcd0c1e6d1bc", "model_version": "scripted-engineering-only", "outcome": "completed", "task_success": true}
{"event": "task_started", "trajectory_id": "ad74c172-01eb-4308-aa98-85aaf9064d63", "task_id": "task-d573e068640729f6fc0c", "model_version": "scripted-engineering-only"}
{"event": "task_finished", "trajectory_id": "ad74c172-01eb-4308-aa98-85aaf9064d63", "task_id": "task-d573e068640729f6fc0c", "model_version": "scripted-engineering-only", "outcome": "completed", "task_success": true}
{"event": "task_started", "trajectory_id": "abe75b60-db56-45a6-ad3b-6efaf75a59a2", "task_id": "task-5451f40b657f5bfdccbc", "model_version": "scripted-engineering-only"}
{"event": "task_finished", "trajectory_id": "abe75b60-db56-45a6-ad3b-6efaf75a59a2", "task_id": "task-5451f40b657f5bfdccbc", "model_version": "scripted-engineering-only", "outcome": "completed", "task_success": true}
{"event": "task_started", "trajectory_id": "4691ce3e-b329-4547-800d-c3650b803e02", "task_id": "task-d71f713e079ab5c2b330", "model_version": "scripted-engineering-only"}
{"event": "task_finished", "trajectory_id": "4691ce3e-b329-4547-800d-c3650b803e02", "task_id": "task-d71f713e079ab5c2b330", "model_version": "scripted-engineering-only", "outcome": "completed", "task_success": true}
{"event": "task_started", "trajectory_id": "c472cec5-f0c0-4c22-8748-1a1a6c0d0c01", "task_id": "task-aa38b5523e6289961272", "model_version": "scripted-engineering-only"}
{"event": "task_finished", "trajectory_id": "c472cec5-f0c0-4c22-8748-1a1a6c0d0c01", "task_id": "task-aa38b5523e6289961272", "model_version": "scripted-engineering-only", "outcome": "completed", "task_success": true}
{"event": "task_started", "trajectory_id": "869e9f74-d1af-4857-a556-b72238e314b6", "task_id": "task-45334e54e1889ab54a6c", "model_version": "scripted-engineering-only"}
{"event": "task_finished", "trajectory_id": "869e9f74-d1af-4857-a556-b72238e314b6", "task_id": "task-45334e54e1889ab54a6c", "model_version": "scripted-engineering-only", "outcome": "completed", "task_success": true}
{"event": "task_started", "trajectory_id": "9ca62291-d534-49ac-a464-4d8487598be4", "task_id": "task-c50d95cdd2eabf3b7e52", "model_version": "scripted-engineering-only"}
{"event": "task_finished", "trajectory_id": "9ca62291-d534-49ac-a464-4d8487598be4", "task_id": "task-c50d95cdd2eabf3b7e52", "model_version": "scripted-engineering-only", "outcome": "completed", "task_success": true}
{"event": "task_started", "trajectory_id": "7bb06c8a-6a54-41b1-986b-b6136b4e52fd", "task_id": "task-e730102b9a4395aae8ee", "model_version": "scripted-engineering-only"}
{"event": "task_finished", "trajectory_id": "7bb06c8a-6a54-41b1-986b-b6136b4e52fd", "task_id": "task-e730102b9a4395aae8ee", "model_version": "scripted-engineering-only", "outcome": "completed", "task_success": true}
{"event": "task_started", "trajectory_id": "32ec9253-2000-4037-948f-27d9eec87ba4", "task_id": "task-c1422229a8352e1cf4fc", "model_version": "scripted-engineering-only"}
{"event": "task_finished", "trajectory_id": "32ec9253-2000-4037-948f-27d9eec87ba4", "task_id": "task-c1422229a8352e1cf4fc", "model_version": "scripted-engineering-only", "outcome": "completed", "task_success": true}
{"event": "task_started", "trajectory_id": "ffaf99b2-4f78-4dc7-8a24-0e8aee79ebfb", "task_id": "task-f67587394339c41f909c", "model_version": "scripted-engineering-only"}
{"event": "task_finished", "trajectory_id": "ffaf99b2-4f78-4dc7-8a24-0e8aee79ebfb", "task_id": "task-f67587394339c41f909c", "model_version": "scripted-engineering-only", "outcome": "refused", "task_success": true}
{"event": "task_started", "trajectory_id": "feb8e7bc-ca3a-48c1-8282-971d69deb4b2", "task_id": "task-b2e0e6a52eb4cbe28b57", "model_version": "scripted-engineering-only"}
{"event": "task_finished", "trajectory_id": "feb8e7bc-ca3a-48c1-8282-971d69deb4b2", "task_id": "task-b2e0e6a52eb4cbe28b57", "model_version": "scripted-engineering-only", "outcome": "refused", "task_success": true}
{"event": "task_started", "trajectory_id": "d0963424-a577-47a8-95b8-717f69eab4dc", "task_id": "task-271e4f001bfbec4ba37f", "model_version": "scripted-engineering-only"}
{"event": "task_finished", "trajectory_id": "d0963424-a577-47a8-95b8-717f69eab4dc", "task_id": "task-271e4f001bfbec4ba37f", "model_version": "scripted-engineering-only", "outcome": "refused", "task_success": true}
{"event": "task_started", "trajectory_id": "e8ff5e69-a7ac-4e79-867b-69319a5d0121", "task_id": "task-f476ba5bc12924d9bc6b", "model_version": "scripted-engineering-only"}
{"event": "task_finished", "trajectory_id": "e8ff5e69-a7ac-4e79-867b-69319a5d0121", "task_id": "task-f476ba5bc12924d9bc6b", "model_version": "scripted-engineering-only", "outcome": "refused", "task_success": true}
{"event": "task_started", "trajectory_id": "3a31ba3a-111d-47d2-b5d0-05dc81f1366e", "task_id": "task-5eb647be1fe8d553a68b", "model_version": "scripted-engineering-only"}
{"event": "task_finished", "trajectory_id": "3a31ba3a-111d-47d2-b5d0-05dc81f1366e", "task_id": "task-5eb647be1fe8d553a68b", "model_version": "scripted-engineering-only", "outcome": "refused", "task_success": true}
{"event": "task_started", "trajectory_id": "708b84e7-ed85-4c57-a71c-590993c460a1", "task_id": "task-07a2025d71ee061f3bd2", "model_version": "scripted-engineering-only"}
{"event": "task_finished", "trajectory_id": "708b84e7-ed85-4c57-a71c-590993c460a1", "task_id": "task-07a2025d71ee061f3bd2", "model_version": "scripted-engineering-only", "outcome": "refused", "task_success": true}
{"event": "task_started", "trajectory_id": "df608c74-276b-4d87-9343-0a6d16afd1c5", "task_id": "task-a48da85fc162e85f19e2", "model_version": "scripted-engineering-only"}
{"event": "task_finished", "trajectory_id": "df608c74-276b-4d87-9343-0a6d16afd1c5", "task_id": "task-a48da85fc162e85f19e2", "model_version": "scripted-engineering-only", "outcome": "escalated", "task_success": true}
{"event": "task_started", "trajectory_id": "1abb7126-ff67-4a44-9e93-bc85a4244f3a", "task_id": "task-06b8d71a2bcb3273229e", "model_version": "scripted-engineering-only"}
{"event": "task_finished", "trajectory_id": "1abb7126-ff67-4a44-9e93-bc85a4244f3a", "task_id": "task-06b8d71a2bcb3273229e", "model_version": "scripted-engineering-only", "outcome": "escalated", "task_success": true}
{"event": "task_started", "trajectory_id": "3272b948-32b3-459b-bc07-8dcee4f8433f", "task_id": "task-a54dafe4b4e3bb62483d", "model_version": "scripted-engineering-only"}
{"event": "task_finished", "trajectory_id": "3272b948-32b3-459b-bc07-8dcee4f8433f", "task_id": "task-a54dafe4b4e3bb62483d", "model_version": "scripted-engineering-only", "outcome": "escalated", "task_success": true}
{"event": "task_started", "trajectory_id": "223a1013-77a0-4395-82b1-fa2f3bf1406c", "task_id": "task-965bab023d996aea99f2", "model_version": "scripted-engineering-only"}
{"event": "task_finished", "trajectory_id": "223a1013-77a0-4395-82b1-fa2f3bf1406c", "task_id": "task-965bab023d996aea99f2", "model_version": "scripted-engineering-only", "outcome": "completed", "task_success": true}
{"event": "task_started", "trajectory_id": "110b3902-bc32-4542-984a-57d55c4a3971", "task_id": "task-eba00923d594244d8a50", "model_version": "scripted-engineering-only"}
{"event": "task_finished", "trajectory_id": "110b3902-bc32-4542-984a-57d55c4a3971", "task_id": "task-eba00923d594244d8a50", "model_version": "scripted-engineering-only", "outcome": "completed", "task_success": true}
{"event": "task_started", "trajectory_id": "ec202ea7-066e-4554-b1c0-01fa12061a65", "task_id": "task-2d745d5735989f513472", "model_version": "scripted-engineering-only"}
{"event": "task_finished", "trajectory_id": "ec202ea7-066e-4554-b1c0-01fa12061a65", "task_id": "task-2d745d5735989f513472", "model_version": "scripted-engineering-only", "outcome": "completed", "task_success": true}
{"event": "task_started", "trajectory_id": "6f21abe9-dd97-4876-b7d2-e29c1783f037", "task_id": "task-adce80fcd242644af3be", "model_version": "scripted-engineering-only"}
{"event": "task_finished", "trajectory_id": "6f21abe9-dd97-4876-b7d2-e29c1783f037", "task_id": "task-adce80fcd242644af3be", "model_version": "scripted-engineering-only", "outcome": "escalated", "task_success": true}
{"event": "task_started", "trajectory_id": "760a21da-6687-494c-939e-2140271c8eb1", "task_id": "task-a3b7dfcd02ab8da95ef8", "model_version": "scripted-engineering-only"}
{"event": "task_finished", "trajectory_id": "760a21da-6687-494c-939e-2140271c8eb1", "task_id": "task-a3b7dfcd02ab8da95ef8", "model_version": "scripted-engineering-only", "outcome": "escalated", "task_success": true}
{"event": "task_started", "trajectory_id": "51b06824-8d01-4e17-98cc-e871c0484f92", "task_id": "task-0186019e3d73611b86a1", "model_version": "scripted-engineering-only"}
{"event": "task_finished", "trajectory_id": "51b06824-8d01-4e17-98cc-e871c0484f92", "task_id": "task-0186019e3d73611b86a1", "model_version": "scripted-engineering-only", "outcome": "escalated", "task_success": true}
{"event": "task_started", "trajectory_id": "066ca174-7b5e-45f7-8902-421abecc38db", "task_id": "task-734d5b0d34d0656564ee", "model_version": "scripted-engineering-only"}
{"event": "task_finished", "trajectory_id": "066ca174-7b5e-45f7-8902-421abecc38db", "task_id": "task-734d5b0d34d0656564ee", "model_version": "scripted-engineering-only", "outcome": "escalated", "task_success": true}
{"event": "task_started", "trajectory_id": "ac328d7c-9e1b-4830-8117-acff98285a8b", "task_id": "task-5dceefde9e586fb8376a", "model_version": "scripted-engineering-only"}
{"event": "task_finished", "trajectory_id": "ac328d7c-9e1b-4830-8117-acff98285a8b", "task_id": "task-5dceefde9e586fb8376a", "model_version": "scripted-engineering-only", "outcome": "escalated", "task_success": true}
{"event": "task_started", "trajectory_id": "abbd2b69-3e80-4fb4-888e-5da0776a37aa", "task_id": "task-ad1e786facf608c440ac", "model_version": "scripted-engineering-only"}
{"event": "task_finished", "trajectory_id": "abbd2b69-3e80-4fb4-888e-5da0776a37aa", "task_id": "task-ad1e786facf608c440ac", "model_version": "scripted-engineering-only", "outcome": "escalated", "task_success": true}
{"event": "task_started", "trajectory_id": "8076aa7a-ef96-4d15-af48-ea3c20d3d316", "task_id": "task-bb68b21999ce552f5ffc", "model_version": "scripted-engineering-only"}
{"event": "task_finished", "trajectory_id": "8076aa7a-ef96-4d15-af48-ea3c20d3d316", "task_id": "task-bb68b21999ce552f5ffc", "model_version": "scripted-engineering-only", "outcome": "completed", "task_success": true}
{"event": "task_started", "trajectory_id": "87ab259b-4631-416b-9fce-4f17413c815d", "task_id": "task-a1d394ba1d073d7a2eaa", "model_version": "scripted-engineering-only"}
{"event": "task_finished", "trajectory_id": "87ab259b-4631-416b-9fce-4f17413c815d", "task_id": "task-a1d394ba1d073d7a2eaa", "model_version": "scripted-engineering-only", "outcome": "completed", "task_success": true}
{"event": "task_started", "trajectory_id": "14b315de-6ebf-4bd4-90bf-3526858d95a4", "task_id": "task-edb462866dbadf5ed77c", "model_version": "scripted-engineering-only"}
{"event": "task_finished", "trajectory_id": "14b315de-6ebf-4bd4-90bf-3526858d95a4", "task_id": "task-edb462866dbadf5ed77c", "model_version": "scripted-engineering-only", "outcome": "completed", "task_success": true}
{"event": "task_started", "trajectory_id": "00163e01-2ffa-44e0-a6fb-e7247ca1a679", "task_id": "task-6dfee218765c8a8ccb03", "model_version": "scripted-engineering-only"}
{"event": "task_finished", "trajectory_id": "00163e01-2ffa-44e0-a6fb-e7247ca1a679", "task_id": "task-6dfee218765c8a8ccb03", "model_version": "scripted-engineering-only", "outcome": "completed", "task_success": true}
{"event": "task_started", "trajectory_id": "39c66fd2-f8ab-4f5d-8a58-10508625e96d", "task_id": "task-7b7e1c638fa73fcdc0cb", "model_version": "scripted-engineering-only"}
{"event": "task_finished", "trajectory_id": "39c66fd2-f8ab-4f5d-8a58-10508625e96d", "task_id": "task-7b7e1c638fa73fcdc0cb", "model_version": "scripted-engineering-only", "outcome": "completed", "task_success": true}
{"event": "task_started", "trajectory_id": "e4488463-8b21-4b3e-ad7e-99441d264964", "task_id": "task-30eeea5e7635d5b1ecb1", "model_version": "scripted-engineering-only"}
{"event": "task_finished", "trajectory_id": "e4488463-8b21-4b3e-ad7e-99441d264964", "task_id": "task-30eeea5e7635d5b1ecb1", "model_version": "scripted-engineering-only", "outcome": "completed", "task_success": true}
{"event": "task_started", "trajectory_id": "9d640efa-204d-4b3c-bbec-1a688ce85feb", "task_id": "task-d1dddd10b1af24b04d3e", "model_version": "scripted-engineering-only"}
{"event": "task_finished", "trajectory_id": "9d640efa-204d-4b3c-bbec-1a688ce85feb", "task_id": "task-d1dddd10b1af24b04d3e", "model_version": "scripted-engineering-only", "outcome": "escalated", "task_success": true}
{"event": "task_started", "trajectory_id": "67995f80-fa9e-44ba-b6d0-d8e176ae3963", "task_id": "task-afbdfb29b194d7db817e", "model_version": "scripted-engineering-only"}
{"event": "task_finished", "trajectory_id": "67995f80-fa9e-44ba-b6d0-d8e176ae3963", "task_id": "task-afbdfb29b194d7db817e", "model_version": "scripted-engineering-only", "outcome": "escalated", "task_success": true}
{"event": "task_started", "trajectory_id": "7ef4ac28-62d3-4518-b4e8-2380f6251b3d", "task_id": "task-1cb1631bb12620637a56", "model_version": "scripted-engineering-only"}
{"event": "task_finished", "trajectory_id": "7ef4ac28-62d3-4518-b4e8-2380f6251b3d", "task_id": "task-1cb1631bb12620637a56", "model_version": "scripted-engineering-only", "outcome": "escalated", "task_success": true}
{"event": "task_started", "trajectory_id": "a084c344-7fcc-41e4-b0b2-315c28686d71", "task_id": "task-86bd6cb9106510ea039f", "model_version": "scripted-engineering-only"}
{"event": "task_finished", "trajectory_id": "a084c344-7fcc-41e4-b0b2-315c28686d71", "task_id": "task-86bd6cb9106510ea039f", "model_version": "scripted-engineering-only", "outcome": "escalated", "task_success": true}
{"event": "task_started", "trajectory_id": "8aca110d-d1dc-475b-92d8-7a35aceb2ef6", "task_id": "task-28acc947e09e78444ad1", "model_version": "scripted-engineering-only"}
{"event": "task_finished", "trajectory_id": "8aca110d-d1dc-475b-92d8-7a35aceb2ef6", "task_id": "task-28acc947e09e78444ad1", "model_version": "scripted-engineering-only", "outcome": "escalated", "task_success": true}
{"event": "task_started", "trajectory_id": "b563f802-45f4-47f2-af8b-0e1bcd4a4f09", "task_id": "task-398eead64c3eeb871099", "model_version": "scripted-engineering-only"}
{"event": "task_finished", "trajectory_id": "b563f802-45f4-47f2-af8b-0e1bcd4a4f09", "task_id": "task-398eead64c3eeb871099", "model_version": "scripted-engineering-only", "outcome": "escalated", "task_success": true}
{"event": "task_started", "trajectory_id": "c728c6d6-f171-4187-b236-1cb6728b9c04", "task_id": "task-80544b2a08bd57e8e768", "model_version": "scripted-engineering-only"}
{"event": "task_finished", "trajectory_id": "c728c6d6-f171-4187-b236-1cb6728b9c04", "task_id": "task-80544b2a08bd57e8e768", "model_version": "scripted-engineering-only", "outcome": "completed", "task_success": true}
{"event": "task_started", "trajectory_id": "b7632dcd-3000-48f8-9682-a67212c2dcb7", "task_id": "task-673dbc9dd8f247601722", "model_version": "scripted-engineering-only"}
{"event": "task_finished", "trajectory_id": "b7632dcd-3000-48f8-9682-a67212c2dcb7", "task_id": "task-673dbc9dd8f247601722", "model_version": "scripted-engineering-only", "outcome": "completed", "task_success": true}
{"event": "task_started", "trajectory_id": "43924e54-1ab0-4434-adc4-b926c42f69fb", "task_id": "task-ed359ba55106b09d8847", "model_version": "scripted-engineering-only"}
{"event": "task_finished", "trajectory_id": "43924e54-1ab0-4434-adc4-b926c42f69fb", "task_id": "task-ed359ba55106b09d8847", "model_version": "scripted-engineering-only", "outcome": "completed", "task_success": true}
{"event": "task_started", "trajectory_id": "fd24a3ce-afd1-4322-b735-803b2d37b086", "task_id": "task-292ef81ae14a36c27b3f", "model_version": "scripted-engineering-only"}
{"event": "task_finished", "trajectory_id": "fd24a3ce-afd1-4322-b735-803b2d37b086", "task_id": "task-292ef81ae14a36c27b3f", "model_version": "scripted-engineering-only", "outcome": "refused", "task_success": true}
{"event": "task_started", "trajectory_id": "6f284bf5-8f3b-462a-ae5c-79d2cb6f2f3f", "task_id": "task-5a00f3a9d86cd9d6c54d", "model_version": "scripted-engineering-only"}
{"event": "task_finished", "trajectory_id": "6f284bf5-8f3b-462a-ae5c-79d2cb6f2f3f", "task_id": "task-5a00f3a9d86cd9d6c54d", "model_version": "scripted-engineering-only", "outcome": "refused", "task_success": true}
{"event": "task_started", "trajectory_id": "b5498b1c-46b1-4b92-9ad7-70da02924cb8", "task_id": "task-3b9ce844f270fdf7774d", "model_version": "scripted-engineering-only"}
{"event": "task_finished", "trajectory_id": "b5498b1c-46b1-4b92-9ad7-70da02924cb8", "task_id": "task-3b9ce844f270fdf7774d", "model_version": "scripted-engineering-only", "outcome": "refused", "task_success": true}
{"event": "task_started", "trajectory_id": "7de5dea7-8835-4e68-a858-f417471cad5a", "task_id": "task-f9ea9ef01353b4b68e96", "model_version": "scripted-engineering-only"}
{"event": "task_finished", "trajectory_id": "7de5dea7-8835-4e68-a858-f417471cad5a", "task_id": "task-f9ea9ef01353b4b68e96", "model_version": "scripted-engineering-only", "outcome": "refused", "task_success": true}
{"event": "task_started", "trajectory_id": "7cb27594-acb2-46c1-8b29-0ae92d1cd272", "task_id": "task-98171245bbd786a1517a", "model_version": "scripted-engineering-only"}
{"event": "task_finished", "trajectory_id": "7cb27594-acb2-46c1-8b29-0ae92d1cd272", "task_id": "task-98171245bbd786a1517a", "model_version": "scripted-engineering-only", "outcome": "refused", "task_success": true}
{"event": "task_started", "trajectory_id": "08287d89-c20d-4671-ab4f-174feb741674", "task_id": "task-097a2cdd49eb7039eeda", "model_version": "scripted-engineering-only"}
{"event": "task_finished", "trajectory_id": "08287d89-c20d-4671-ab4f-174feb741674", "task_id": "task-097a2cdd49eb7039eeda", "model_version": "scripted-engineering-only", "outcome": "refused", "task_success": true}
{"event": "task_started", "trajectory_id": "80a110ea-7fc4-407e-a97d-0d1511edda64", "task_id": "task-dc45c35c4539665fa28a", "model_version": "scripted-engineering-only"}
{"event": "task_finished", "trajectory_id": "80a110ea-7fc4-407e-a97d-0d1511edda64", "task_id": "task-dc45c35c4539665fa28a", "model_version": "scripted-engineering-only", "outcome": "escalated", "task_success": true}
{"event": "task_started", "trajectory_id": "47953b5f-c9b7-456a-a055-b694cdb82861", "task_id": "task-012721fdabc6938bfdb4", "model_version": "scripted-engineering-only"}
{"event": "task_finished", "trajectory_id": "47953b5f-c9b7-456a-a055-b694cdb82861", "task_id": "task-012721fdabc6938bfdb4", "model_version": "scripted-engineering-only", "outcome": "escalated", "task_success": true}
{"event": "task_started", "trajectory_id": "4910350c-b844-4522-9d0f-1957d3dead68", "task_id": "task-7e2db9056f851620b578", "model_version": "scripted-engineering-only"}
{"event": "task_finished", "trajectory_id": "4910350c-b844-4522-9d0f-1957d3dead68", "task_id": "task-7e2db9056f851620b578", "model_version": "scripted-engineering-only", "outcome": "escalated", "task_success": true}
{"event": "task_started", "trajectory_id": "d4712442-d2a7-44a7-9a24-23d95f115354", "task_id": "task-56d11969bbac661ba221", "model_version": "scripted-engineering-only"}
{"event": "task_finished", "trajectory_id": "d4712442-d2a7-44a7-9a24-23d95f115354", "task_id": "task-56d11969bbac661ba221", "model_version": "scripted-engineering-only", "outcome": "refused", "task_success": true}
{"event": "task_started", "trajectory_id": "466185fe-3944-41ce-8877-0f81d4d46834", "task_id": "task-87d7c7fe1cf3dca74c72", "model_version": "scripted-engineering-only"}
{"event": "task_finished", "trajectory_id": "466185fe-3944-41ce-8877-0f81d4d46834", "task_id": "task-87d7c7fe1cf3dca74c72", "model_version": "scripted-engineering-only", "outcome": "refused", "task_success": true}
{"event": "task_started", "trajectory_id": "db4c3671-9ad7-439b-9d44-5d1b7ab07829", "task_id": "task-31dce11192d72a14cb25", "model_version": "scripted-engineering-only"}
{"event": "task_finished", "trajectory_id": "db4c3671-9ad7-439b-9d44-5d1b7ab07829", "task_id": "task-31dce11192d72a14cb25", "model_version": "scripted-engineering-only", "outcome": "refused", "task_success": true}
{"event": "task_started", "trajectory_id": "cb621d08-d2d1-4453-bb9e-9cd2f037fa52", "task_id": "task-c9c2d9c2d23545eb0e36", "model_version": "scripted-engineering-only"}
{"event": "task_finished", "trajectory_id": "cb621d08-d2d1-4453-bb9e-9cd2f037fa52", "task_id": "task-c9c2d9c2d23545eb0e36", "model_version": "scripted-engineering-only", "outcome": "refused", "task_success": true}
{"event": "task_started", "trajectory_id": "08ec39eb-caf8-4b93-9f38-a7e9ffb789c4", "task_id": "task-9f2dbc26618598f23b3d", "model_version": "scripted-engineering-only"}
{"event": "task_finished", "trajectory_id": "08ec39eb-caf8-4b93-9f38-a7e9ffb789c4", "task_id": "task-9f2dbc26618598f23b3d", "model_version": "scripted-engineering-only", "outcome": "refused", "task_success": true}
{"event": "task_started", "trajectory_id": "a5d1cd42-d2fe-45b3-880c-f009daae5b79", "task_id": "task-ba01b87f8d3c2b2a0a9d", "model_version": "scripted-engineering-only"}
{"event": "task_finished", "trajectory_id": "a5d1cd42-d2fe-45b3-880c-f009daae5b79", "task_id": "task-ba01b87f8d3c2b2a0a9d", "model_version": "scripted-engineering-only", "outcome": "refused", "task_success": true}
{"event": "task_started", "trajectory_id": "85027c71-dec0-4e9e-984c-7b3ac562af8b", "task_id": "task-bdd32dbdec43e2d790e2", "model_version": "scripted-engineering-only"}
{"event": "task_finished", "trajectory_id": "85027c71-dec0-4e9e-984c-7b3ac562af8b", "task_id": "task-bdd32dbdec43e2d790e2", "model_version": "scripted-engineering-only", "outcome": "escalated", "task_success": true}
{"event": "task_started", "trajectory_id": "d9bfd509-7b0d-4212-b54a-27ca7af1d29a", "task_id": "task-abd88aed3619fa1f2adb", "model_version": "scripted-engineering-only"}
{"event": "task_finished", "trajectory_id": "d9bfd509-7b0d-4212-b54a-27ca7af1d29a", "task_id": "task-abd88aed3619fa1f2adb", "model_version": "scripted-engineering-only", "outcome": "escalated", "task_success": true}
{"event": "task_started", "trajectory_id": "5554a5ef-cd26-4af4-adea-d620ca004086", "task_id": "task-3679379ac0a63d0c5798", "model_version": "scripted-engineering-only"}
{"event": "task_finished", "trajectory_id": "5554a5ef-cd26-4af4-adea-d620ca004086", "task_id": "task-3679379ac0a63d0c5798", "model_version": "scripted-engineering-only", "outcome": "escalated", "task_success": true}
{"event": "task_started", "trajectory_id": "f10c5f15-afc7-40ef-8206-8235b867a4c6", "task_id": "task-ec729be391c4a34fe297", "model_version": "scripted-engineering-only"}
{"event": "task_finished", "trajectory_id": "f10c5f15-afc7-40ef-8206-8235b867a4c6", "task_id": "task-ec729be391c4a34fe297", "model_version": "scripted-engineering-only", "outcome": "completed", "task_success": true}
{"event": "task_started", "trajectory_id": "44ca632c-89cd-41dc-9b07-7e3a869a00a9", "task_id": "task-b453a658279db88de3c0", "model_version": "scripted-engineering-only"}
{"event": "task_finished", "trajectory_id": "44ca632c-89cd-41dc-9b07-7e3a869a00a9", "task_id": "task-b453a658279db88de3c0", "model_version": "scripted-engineering-only", "outcome": "completed", "task_success": true}
{"event": "task_started", "trajectory_id": "b3677dd6-1e39-49ae-a570-b532059b4579", "task_id": "task-97af2e092bbdb911a25a", "model_version": "scripted-engineering-only"}
{"event": "task_finished", "trajectory_id": "b3677dd6-1e39-49ae-a570-b532059b4579", "task_id": "task-97af2e092bbdb911a25a", "model_version": "scripted-engineering-only", "outcome": "completed", "task_success": true}
{"event": "task_started", "trajectory_id": "daa433d8-ef3f-4d9f-b604-c2851bd9a1d2", "task_id": "task-0724fc5648935c3d16ba", "model_version": "scripted-engineering-only"}
{"event": "task_finished", "trajectory_id": "daa433d8-ef3f-4d9f-b604-c2851bd9a1d2", "task_id": "task-0724fc5648935c3d16ba", "model_version": "scripted-engineering-only", "outcome": "escalated", "task_success": true}
{"event": "task_started", "trajectory_id": "0ae75980-89a3-4388-9f87-d34c90b62ef4", "task_id": "task-674a4080fd2f0382b598", "model_version": "scripted-engineering-only"}
{"event": "task_finished", "trajectory_id": "0ae75980-89a3-4388-9f87-d34c90b62ef4", "task_id": "task-674a4080fd2f0382b598", "model_version": "scripted-engineering-only", "outcome": "escalated", "task_success": true}
{"event": "task_started", "trajectory_id": "75337826-5662-4e29-a726-3ae40b513671", "task_id": "task-3feda8a21f9775e1db88", "model_version": "scripted-engineering-only"}
{"event": "task_finished", "trajectory_id": "75337826-5662-4e29-a726-3ae40b513671", "task_id": "task-3feda8a21f9775e1db88", "model_version": "scripted-engineering-only", "outcome": "escalated", "task_success": true}
{"event": "task_started", "trajectory_id": "08812ba1-c7b4-41c3-8740-a3bbcc5de646", "task_id": "task-0e084016f0ee902062e6", "model_version": "scripted-engineering-only"}
{"event": "task_finished", "trajectory_id": "08812ba1-c7b4-41c3-8740-a3bbcc5de646", "task_id": "task-0e084016f0ee902062e6", "model_version": "scripted-engineering-only", "outcome": "completed", "task_success": true}
{"event": "task_started", "trajectory_id": "e9e3c93d-5cc5-4093-a362-4c040173772f", "task_id": "task-4c6c1f9967c096b34002", "model_version": "scripted-engineering-only"}
{"event": "task_finished", "trajectory_id": "e9e3c93d-5cc5-4093-a362-4c040173772f", "task_id": "task-4c6c1f9967c096b34002", "model_version": "scripted-engineering-only", "outcome": "completed", "task_success": true}
{"event": "task_started", "trajectory_id": "14f3d35a-65e9-4150-9fd7-1578fce3f7a8", "task_id": "task-5d8affbfbc38c6af2a55", "model_version": "scripted-engineering-only"}
{"event": "task_finished", "trajectory_id": "14f3d35a-65e9-4150-9fd7-1578fce3f7a8", "task_id": "task-5d8affbfbc38c6af2a55", "model_version": "scripted-engineering-only", "outcome": "completed", "task_success": true}
{"event": "task_started", "trajectory_id": "aec7125e-4958-436a-8402-d4240579d185", "task_id": "task-705ae2b6a38ee732fcb6", "model_version": "scripted-engineering-only"}
{"event": "task_finished", "trajectory_id": "aec7125e-4958-436a-8402-d4240579d185", "task_id": "task-705ae2b6a38ee732fcb6", "model_version": "scripted-engineering-only", "outcome": "refused", "task_success": true}
{"event": "task_started", "trajectory_id": "0152e970-1f9e-45a9-bd69-775f20e840d4", "task_id": "task-aacc6eab02d55411c926", "model_version": "scripted-engineering-only"}
{"event": "task_finished", "trajectory_id": "0152e970-1f9e-45a9-bd69-775f20e840d4", "task_id": "task-aacc6eab02d55411c926", "model_version": "scripted-engineering-only", "outcome": "refused", "task_success": true}
{"event": "task_started", "trajectory_id": "2c69ff26-f745-46ad-b3df-964f535a5b41", "task_id": "task-e69eb5bbc48e257eaed9", "model_version": "scripted-engineering-only"}
{"event": "task_finished", "trajectory_id": "2c69ff26-f745-46ad-b3df-964f535a5b41", "task_id": "task-e69eb5bbc48e257eaed9", "model_version": "scripted-engineering-only", "outcome": "refused", "task_success": true}
{"event": "task_started", "trajectory_id": "70d75845-e304-4977-a81d-6b6e35c60693", "task_id": "task-d218b76a549bb71d32a3", "model_version": "scripted-engineering-only"}
{"event": "task_finished", "trajectory_id": "70d75845-e304-4977-a81d-6b6e35c60693", "task_id": "task-d218b76a549bb71d32a3", "model_version": "scripted-engineering-only", "outcome": "escalated", "task_success": true}
{"event": "task_started", "trajectory_id": "552cab17-cd9b-4030-97da-0dec20339b18", "task_id": "task-399f80239f711ea5d908", "model_version": "scripted-engineering-only"}
{"event": "task_finished", "trajectory_id": "552cab17-cd9b-4030-97da-0dec20339b18", "task_id": "task-399f80239f711ea5d908", "model_version": "scripted-engineering-only", "outcome": "escalated", "task_success": true}
{"event": "task_started", "trajectory_id": "94cac0d2-4b49-454a-9a3d-9260086a8354", "task_id": "task-59a584317a710f1deb73", "model_version": "scripted-engineering-only"}
{"event": "task_finished", "trajectory_id": "94cac0d2-4b49-454a-9a3d-9260086a8354", "task_id": "task-59a584317a710f1deb73", "model_version": "scripted-engineering-only", "outcome": "escalated", "task_success": true}
{"event": "task_started", "trajectory_id": "eaa87477-bdfc-4b63-96ac-9aa769fe4bc8", "task_id": "task-f72263adb1c1d420111e", "model_version": "scripted-engineering-only"}
{"event": "task_finished", "trajectory_id": "eaa87477-bdfc-4b63-96ac-9aa769fe4bc8", "task_id": "task-f72263adb1c1d420111e", "model_version": "scripted-engineering-only", "outcome": "escalated", "task_success": true}
{"event": "task_started", "trajectory_id": "27914f74-3e27-4c2d-9c70-eddb192d686d", "task_id": "task-90c1813085f31f5299b3", "model_version": "scripted-engineering-only"}
{"event": "task_finished", "trajectory_id": "27914f74-3e27-4c2d-9c70-eddb192d686d", "task_id": "task-90c1813085f31f5299b3", "model_version": "scripted-engineering-only", "outcome": "escalated", "task_success": true}
{"event": "task_started", "trajectory_id": "01704636-e5e6-44d4-9718-4842b3529904", "task_id": "task-c31ed15c43fec69b21d0", "model_version": "scripted-engineering-only"}
{"event": "task_finished", "trajectory_id": "01704636-e5e6-44d4-9718-4842b3529904", "task_id": "task-c31ed15c43fec69b21d0", "model_version": "scripted-engineering-only", "outcome": "escalated", "task_success": true}
{"event": "task_started", "trajectory_id": "09538784-9930-4abf-8a44-0a2212cbd752", "task_id": "task-c4da3551dcd0c1e6d1bc", "model_version": "scripted-engineering-only"}
{"event": "task_finished", "trajectory_id": "09538784-9930-4abf-8a44-0a2212cbd752", "task_id": "task-c4da3551dcd0c1e6d1bc", "model_version": "scripted-engineering-only", "outcome": "completed", "task_success": true}
{"event": "task_started", "trajectory_id": "16c1ce81-2c8e-47ba-962e-efa6aaf64986", "task_id": "task-d573e068640729f6fc0c", "model_version": "scripted-engineering-only"}
{"event": "task_finished", "trajectory_id": "16c1ce81-2c8e-47ba-962e-efa6aaf64986", "task_id": "task-d573e068640729f6fc0c", "model_version": "scripted-engineering-only", "outcome": "completed", "task_success": true}
{"event": "task_started", "trajectory_id": "245f8b10-9b5c-4c99-b5e0-fdc932d1f727", "task_id": "task-5451f40b657f5bfdccbc", "model_version": "scripted-engineering-only"}
{"event": "task_finished", "trajectory_id": "245f8b10-9b5c-4c99-b5e0-fdc932d1f727", "task_id": "task-5451f40b657f5bfdccbc", "model_version": "scripted-engineering-only", "outcome": "completed", "task_success": true}
{"event": "task_started", "trajectory_id": "aa477091-7291-44a4-b2dd-293c8ce7ea9e", "task_id": "task-d71f713e079ab5c2b330", "model_version": "scripted-engineering-only"}
{"event": "task_finished", "trajectory_id": "aa477091-7291-44a4-b2dd-293c8ce7ea9e", "task_id": "task-d71f713e079ab5c2b330", "model_version": "scripted-engineering-only", "outcome": "completed", "task_success": true}
{"event": "task_started", "trajectory_id": "22570587-ef96-439f-98aa-9d989204284c", "task_id": "task-aa38b5523e6289961272", "model_version": "scripted-engineering-only"}
{"event": "task_finished", "trajectory_id": "22570587-ef96-439f-98aa-9d989204284c", "task_id": "task-aa38b5523e6289961272", "model_version": "scripted-engineering-only", "outcome": "completed", "task_success": true}
{"event": "task_started", "trajectory_id": "578637e3-b874-4533-9433-edfc9e025a55", "task_id": "task-45334e54e1889ab54a6c", "model_version": "scripted-engineering-only"}
{"event": "task_finished", "trajectory_id": "578637e3-b874-4533-9433-edfc9e025a55", "task_id": "task-45334e54e1889ab54a6c", "model_version": "scripted-engineering-only", "outcome": "completed", "task_success": true}
{"event": "task_started", "trajectory_id": "9dd51dd9-c79b-435b-b15e-b51d5f88cdb9", "task_id": "task-c50d95cdd2eabf3b7e52", "model_version": "scripted-engineering-only"}
{"event": "task_finished", "trajectory_id": "9dd51dd9-c79b-435b-b15e-b51d5f88cdb9", "task_id": "task-c50d95cdd2eabf3b7e52", "model_version": "scripted-engineering-only", "outcome": "completed", "task_success": true}
{"event": "task_started", "trajectory_id": "30780010-6a14-443c-9ccb-737744c42101", "task_id": "task-e730102b9a4395aae8ee", "model_version": "scripted-engineering-only"}
{"event": "task_finished", "trajectory_id": "30780010-6a14-443c-9ccb-737744c42101", "task_id": "task-e730102b9a4395aae8ee", "model_version": "scripted-engineering-only", "outcome": "completed", "task_success": true}
{"event": "task_started", "trajectory_id": "1a09a761-a664-4935-8350-15907edf1f52", "task_id": "task-c1422229a8352e1cf4fc", "model_version": "scripted-engineering-only"}
{"event": "task_finished", "trajectory_id": "1a09a761-a664-4935-8350-15907edf1f52", "task_id": "task-c1422229a8352e1cf4fc", "model_version": "scripted-engineering-only", "outcome": "completed", "task_success": true}
{"event": "task_started", "trajectory_id": "c9511b10-3adb-4427-a3a3-88b83b8e1b3e", "task_id": "task-f67587394339c41f909c", "model_version": "scripted-engineering-only"}
{"event": "task_finished", "trajectory_id": "c9511b10-3adb-4427-a3a3-88b83b8e1b3e", "task_id": "task-f67587394339c41f909c", "model_version": "scripted-engineering-only", "outcome": "refused", "task_success": true}
{"event": "task_started", "trajectory_id": "b56ce503-4bdd-406f-bc37-f92dd3290bf8", "task_id": "task-b2e0e6a52eb4cbe28b57", "model_version": "scripted-engineering-only"}
{"event": "task_finished", "trajectory_id": "b56ce503-4bdd-406f-bc37-f92dd3290bf8", "task_id": "task-b2e0e6a52eb4cbe28b57", "model_version": "scripted-engineering-only", "outcome": "refused", "task_success": true}
{"event": "task_started", "trajectory_id": "ae58c70e-ba46-4e20-aa61-9e2e7865f86b", "task_id": "task-271e4f001bfbec4ba37f", "model_version": "scripted-engineering-only"}
{"event": "task_finished", "trajectory_id": "ae58c70e-ba46-4e20-aa61-9e2e7865f86b", "task_id": "task-271e4f001bfbec4ba37f", "model_version": "scripted-engineering-only", "outcome": "refused", "task_success": true}
{"event": "task_started", "trajectory_id": "03fbb1c5-4619-4292-a324-a980bde09e10", "task_id": "task-f476ba5bc12924d9bc6b", "model_version": "scripted-engineering-only"}
{"event": "task_finished", "trajectory_id": "03fbb1c5-4619-4292-a324-a980bde09e10", "task_id": "task-f476ba5bc12924d9bc6b", "model_version": "scripted-engineering-only", "outcome": "refused", "task_success": true}
{"event": "task_started", "trajectory_id": "476e03e1-8e54-4f9c-bd21-56dea9b2ecc6", "task_id": "task-5eb647be1fe8d553a68b", "model_version": "scripted-engineering-only"}
{"event": "task_finished", "trajectory_id": "476e03e1-8e54-4f9c-bd21-56dea9b2ecc6", "task_id": "task-5eb647be1fe8d553a68b", "model_version": "scripted-engineering-only", "outcome": "refused", "task_success": true}
{"event": "task_started", "trajectory_id": "2d0a0f9c-9131-4d64-babd-aaeb5ecc8f7b", "task_id": "task-07a2025d71ee061f3bd2", "model_version": "scripted-engineering-only"}
{"event": "task_finished", "trajectory_id": "2d0a0f9c-9131-4d64-babd-aaeb5ecc8f7b", "task_id": "task-07a2025d71ee061f3bd2", "model_version": "scripted-engineering-only", "outcome": "refused", "task_success": true}
{"event": "task_started", "trajectory_id": "4fca8661-8861-4bf5-95a2-fdf1ad8680e1", "task_id": "task-a48da85fc162e85f19e2", "model_version": "scripted-engineering-only"}
{"event": "task_finished", "trajectory_id": "4fca8661-8861-4bf5-95a2-fdf1ad8680e1", "task_id": "task-a48da85fc162e85f19e2", "model_version": "scripted-engineering-only", "outcome": "escalated", "task_success": true}
{"event": "task_started", "trajectory_id": "a6b217f2-3f9c-450d-a43b-88d82633ed7f", "task_id": "task-06b8d71a2bcb3273229e", "model_version": "scripted-engineering-only"}
{"event": "task_finished", "trajectory_id": "a6b217f2-3f9c-450d-a43b-88d82633ed7f", "task_id": "task-06b8d71a2bcb3273229e", "model_version": "scripted-engineering-only", "outcome": "escalated", "task_success": true}
{"event": "task_started", "trajectory_id": "5b182128-e4f8-4084-a2a8-343bb5c809a4", "task_id": "task-a54dafe4b4e3bb62483d", "model_version": "scripted-engineering-only"}
{"event": "task_finished", "trajectory_id": "5b182128-e4f8-4084-a2a8-343bb5c809a4", "task_id": "task-a54dafe4b4e3bb62483d", "model_version": "scripted-engineering-only", "outcome": "escalated", "task_success": true}
{"event": "task_started", "trajectory_id": "3b3151e0-d7a1-495a-af10-65ded66f16c8", "task_id": "task-965bab023d996aea99f2", "model_version": "scripted-engineering-only"}
{"event": "task_finished", "trajectory_id": "3b3151e0-d7a1-495a-af10-65ded66f16c8", "task_id": "task-965bab023d996aea99f2", "model_version": "scripted-engineering-only", "outcome": "completed", "task_success": true}
{"event": "task_started", "trajectory_id": "10aa6fdd-7de3-443f-b2d3-b4aaeb94f60d", "task_id": "task-eba00923d594244d8a50", "model_version": "scripted-engineering-only"}
{"event": "task_finished", "trajectory_id": "10aa6fdd-7de3-443f-b2d3-b4aaeb94f60d", "task_id": "task-eba00923d594244d8a50", "model_version": "scripted-engineering-only", "outcome": "completed", "task_success": true}
{"event": "task_started", "trajectory_id": "5d810f8d-47eb-4ed7-b883-2056291eb860", "task_id": "task-2d745d5735989f513472", "model_version": "scripted-engineering-only"}
{"event": "task_finished", "trajectory_id": "5d810f8d-47eb-4ed7-b883-2056291eb860", "task_id": "task-2d745d5735989f513472", "model_version": "scripted-engineering-only", "outcome": "completed", "task_success": true}
{"event": "task_started", "trajectory_id": "1f049121-f56a-4e1a-9647-f373283050df", "task_id": "task-adce80fcd242644af3be", "model_version": "scripted-engineering-only"}
{"event": "task_finished", "trajectory_id": "1f049121-f56a-4e1a-9647-f373283050df", "task_id": "task-adce80fcd242644af3be", "model_version": "scripted-engineering-only", "outcome": "escalated", "task_success": true}
{"event": "task_started", "trajectory_id": "56c53a3e-c020-4ea0-a180-3f0677e9e09b", "task_id": "task-a3b7dfcd02ab8da95ef8", "model_version": "scripted-engineering-only"}
{"event": "task_finished", "trajectory_id": "56c53a3e-c020-4ea0-a180-3f0677e9e09b", "task_id": "task-a3b7dfcd02ab8da95ef8", "model_version": "scripted-engineering-only", "outcome": "escalated", "task_success": true}
{"event": "task_started", "trajectory_id": "d24fba76-ce8e-494c-b617-5275b9530064", "task_id": "task-0186019e3d73611b86a1", "model_version": "scripted-engineering-only"}
{"event": "task_finished", "trajectory_id": "d24fba76-ce8e-494c-b617-5275b9530064", "task_id": "task-0186019e3d73611b86a1", "model_version": "scripted-engineering-only", "outcome": "escalated", "task_success": true}
{"event": "task_started", "trajectory_id": "56664dc6-9a3b-471a-83d3-d9f6fd2b7f7c", "task_id": "task-734d5b0d34d0656564ee", "model_version": "scripted-engineering-only"}
{"event": "task_finished", "trajectory_id": "56664dc6-9a3b-471a-83d3-d9f6fd2b7f7c", "task_id": "task-734d5b0d34d0656564ee", "model_version": "scripted-engineering-only", "outcome": "escalated", "task_success": true}
{"event": "task_started", "trajectory_id": "bf37e36f-c383-478a-8447-f117b2282cdf", "task_id": "task-5dceefde9e586fb8376a", "model_version": "scripted-engineering-only"}
{"event": "task_finished", "trajectory_id": "bf37e36f-c383-478a-8447-f117b2282cdf", "task_id": "task-5dceefde9e586fb8376a", "model_version": "scripted-engineering-only", "outcome": "escalated", "task_success": true}
{"event": "task_started", "trajectory_id": "ec8cc8f4-2e6b-48e8-a94e-bfbda33f97ba", "task_id": "task-ad1e786facf608c440ac", "model_version": "scripted-engineering-only"}
{"event": "task_finished", "trajectory_id": "ec8cc8f4-2e6b-48e8-a94e-bfbda33f97ba", "task_id": "task-ad1e786facf608c440ac", "model_version": "scripted-engineering-only", "outcome": "escalated", "task_success": true}
{"event": "task_started", "trajectory_id": "5eba3213-3db7-47fb-b959-21e64a381698", "task_id": "task-bb68b21999ce552f5ffc", "model_version": "scripted-engineering-only"}
{"event": "task_finished", "trajectory_id": "5eba3213-3db7-47fb-b959-21e64a381698", "task_id": "task-bb68b21999ce552f5ffc", "model_version": "scripted-engineering-only", "outcome": "completed", "task_success": true}
{"event": "task_started", "trajectory_id": "731e6692-02db-4d1e-8810-72d45f7ef4f3", "task_id": "task-a1d394ba1d073d7a2eaa", "model_version": "scripted-engineering-only"}
{"event": "task_finished", "trajectory_id": "731e6692-02db-4d1e-8810-72d45f7ef4f3", "task_id": "task-a1d394ba1d073d7a2eaa", "model_version": "scripted-engineering-only", "outcome": "completed", "task_success": true}
{"event": "task_started", "trajectory_id": "8eac017c-08cd-45f1-94dc-f228359cacc0", "task_id": "task-edb462866dbadf5ed77c", "model_version": "scripted-engineering-only"}
{"event": "task_finished", "trajectory_id": "8eac017c-08cd-45f1-94dc-f228359cacc0", "task_id": "task-edb462866dbadf5ed77c", "model_version": "scripted-engineering-only", "outcome": "completed", "task_success": true}
{"event": "task_started", "trajectory_id": "f507eff5-ace2-45b1-8a8d-48a00b103b74", "task_id": "task-6dfee218765c8a8ccb03", "model_version": "scripted-engineering-only"}
{"event": "task_finished", "trajectory_id": "f507eff5-ace2-45b1-8a8d-48a00b103b74", "task_id": "task-6dfee218765c8a8ccb03", "model_version": "scripted-engineering-only", "outcome": "completed", "task_success": true}
{"event": "task_started", "trajectory_id": "c227a928-d023-4d9c-9cc9-5cd1f8604894", "task_id": "task-7b7e1c638fa73fcdc0cb", "model_version": "scripted-engineering-only"}
{"event": "task_finished", "trajectory_id": "c227a928-d023-4d9c-9cc9-5cd1f8604894", "task_id": "task-7b7e1c638fa73fcdc0cb", "model_version": "scripted-engineering-only", "outcome": "completed", "task_success": true}
{"event": "task_started", "trajectory_id": "e4893929-991f-4e89-b6a5-3cfc3e4e0b09", "task_id": "task-30eeea5e7635d5b1ecb1", "model_version": "scripted-engineering-only"}
{"event": "task_finished", "trajectory_id": "e4893929-991f-4e89-b6a5-3cfc3e4e0b09", "task_id": "task-30eeea5e7635d5b1ecb1", "model_version": "scripted-engineering-only", "outcome": "completed", "task_success": true}
{"event": "task_started", "trajectory_id": "86f64869-71ef-42a5-8318-67b0c67936ed", "task_id": "task-d1dddd10b1af24b04d3e", "model_version": "scripted-engineering-only"}
{"event": "task_finished", "trajectory_id": "86f64869-71ef-42a5-8318-67b0c67936ed", "task_id": "task-d1dddd10b1af24b04d3e", "model_version": "scripted-engineering-only", "outcome": "escalated", "task_success": true}
{"event": "task_started", "trajectory_id": "c5c5f7bd-c9b2-49f3-9d88-df0b5c0124b7", "task_id": "task-afbdfb29b194d7db817e", "model_version": "scripted-engineering-only"}
{"event": "task_finished", "trajectory_id": "c5c5f7bd-c9b2-49f3-9d88-df0b5c0124b7", "task_id": "task-afbdfb29b194d7db817e", "model_version": "scripted-engineering-only", "outcome": "escalated", "task_success": true}
{"event": "task_started", "trajectory_id": "60207b68-2c86-410f-997c-caf67da547b8", "task_id": "task-1cb1631bb12620637a56", "model_version": "scripted-engineering-only"}
{"event": "task_finished", "trajectory_id": "60207b68-2c86-410f-997c-caf67da547b8", "task_id": "task-1cb1631bb12620637a56", "model_version": "scripted-engineering-only", "outcome": "escalated", "task_success": true}
{"event": "task_started", "trajectory_id": "9bc399d1-971c-45a6-a535-24ce573c1fcb", "task_id": "task-86bd6cb9106510ea039f", "model_version": "scripted-engineering-only"}
{"event": "task_finished", "trajectory_id": "9bc399d1-971c-45a6-a535-24ce573c1fcb", "task_id": "task-86bd6cb9106510ea039f", "model_version": "scripted-engineering-only", "outcome": "escalated", "task_success": true}
{"event": "task_started", "trajectory_id": "41fa1ade-78dc-46b8-95c7-6e79fa18abc9", "task_id": "task-28acc947e09e78444ad1", "model_version": "scripted-engineering-only"}
{"event": "task_finished", "trajectory_id": "41fa1ade-78dc-46b8-95c7-6e79fa18abc9", "task_id": "task-28acc947e09e78444ad1", "model_version": "scripted-engineering-only", "outcome": "escalated", "task_success": true}
{"event": "task_started", "trajectory_id": "ead1d263-1426-4d4e-aeb2-cb1ca76b0cad", "task_id": "task-398eead64c3eeb871099", "model_version": "scripted-engineering-only"}
{"event": "task_finished", "trajectory_id": "ead1d263-1426-4d4e-aeb2-cb1ca76b0cad", "task_id": "task-398eead64c3eeb871099", "model_version": "scripted-engineering-only", "outcome": "escalated", "task_success": true}
{"event": "task_started", "trajectory_id": "1cbf57ef-40f5-4aee-bf4b-e35814419196", "task_id": "task-80544b2a08bd57e8e768", "model_version": "scripted-engineering-only"}
{"event": "task_finished", "trajectory_id": "1cbf57ef-40f5-4aee-bf4b-e35814419196", "task_id": "task-80544b2a08bd57e8e768", "model_version": "scripted-engineering-only", "outcome": "completed", "task_success": true}
{"event": "task_started", "trajectory_id": "9b775fee-7492-409c-9f72-bad824b8faa6", "task_id": "task-673dbc9dd8f247601722", "model_version": "scripted-engineering-only"}
{"event": "task_finished", "trajectory_id": "9b775fee-7492-409c-9f72-bad824b8faa6", "task_id": "task-673dbc9dd8f247601722", "model_version": "scripted-engineering-only", "outcome": "completed", "task_success": true}
{"event": "task_started", "trajectory_id": "230bafdd-5be8-4608-9f51-17f94722b4ec", "task_id": "task-ed359ba55106b09d8847", "model_version": "scripted-engineering-only"}
{"event": "task_finished", "trajectory_id": "230bafdd-5be8-4608-9f51-17f94722b4ec", "task_id": "task-ed359ba55106b09d8847", "model_version": "scripted-engineering-only", "outcome": "completed", "task_success": true}
{"event": "task_started", "trajectory_id": "7f771e0d-0852-49c4-8a01-0c9de69c3e88", "task_id": "task-292ef81ae14a36c27b3f", "model_version": "scripted-engineering-only"}
{"event": "task_finished", "trajectory_id": "7f771e0d-0852-49c4-8a01-0c9de69c3e88", "task_id": "task-292ef81ae14a36c27b3f", "model_version": "scripted-engineering-only", "outcome": "refused", "task_success": true}
{"event": "task_started", "trajectory_id": "c205a8fa-4bb6-478f-926d-25d21c7592ef", "task_id": "task-5a00f3a9d86cd9d6c54d", "model_version": "scripted-engineering-only"}
{"event": "task_finished", "trajectory_id": "c205a8fa-4bb6-478f-926d-25d21c7592ef", "task_id": "task-5a00f3a9d86cd9d6c54d", "model_version": "scripted-engineering-only", "outcome": "refused", "task_success": true}
{"event": "task_started", "trajectory_id": "ae81c9d4-929e-4c50-a58c-ea899da851a2", "task_id": "task-3b9ce844f270fdf7774d", "model_version": "scripted-engineering-only"}
{"event": "task_finished", "trajectory_id": "ae81c9d4-929e-4c50-a58c-ea899da851a2", "task_id": "task-3b9ce844f270fdf7774d", "model_version": "scripted-engineering-only", "outcome": "refused", "task_success": true}
{"event": "task_started", "trajectory_id": "70cd33d7-ca14-4c90-8230-f48f5bc0bd24", "task_id": "task-f9ea9ef01353b4b68e96", "model_version": "scripted-engineering-only"}
{"event": "task_finished", "trajectory_id": "70cd33d7-ca14-4c90-8230-f48f5bc0bd24", "task_id": "task-f9ea9ef01353b4b68e96", "model_version": "scripted-engineering-only", "outcome": "refused", "task_success": true}
{"event": "task_started", "trajectory_id": "aec4427e-c73a-4454-bc4d-c88672cd4eea", "task_id": "task-98171245bbd786a1517a", "model_version": "scripted-engineering-only"}
{"event": "task_finished", "trajectory_id": "aec4427e-c73a-4454-bc4d-c88672cd4eea", "task_id": "task-98171245bbd786a1517a", "model_version": "scripted-engineering-only", "outcome": "refused", "task_success": true}
{"event": "task_started", "trajectory_id": "34f76e33-0891-4593-9a4f-29dc2d542349", "task_id": "task-097a2cdd49eb7039eeda", "model_version": "scripted-engineering-only"}
{"event": "task_finished", "trajectory_id": "34f76e33-0891-4593-9a4f-29dc2d542349", "task_id": "task-097a2cdd49eb7039eeda", "model_version": "scripted-engineering-only", "outcome": "refused", "task_success": true}
{"event": "task_started", "trajectory_id": "c014bba4-3858-4bce-9e4f-96b512943603", "task_id": "task-dc45c35c4539665fa28a", "model_version": "scripted-engineering-only"}
{"event": "task_finished", "trajectory_id": "c014bba4-3858-4bce-9e4f-96b512943603", "task_id": "task-dc45c35c4539665fa28a", "model_version": "scripted-engineering-only", "outcome": "escalated", "task_success": true}
{"event": "task_started", "trajectory_id": "ae2fb4d1-1ffb-4b00-ad55-b5c80357cf1f", "task_id": "task-012721fdabc6938bfdb4", "model_version": "scripted-engineering-only"}
{"event": "task_finished", "trajectory_id": "ae2fb4d1-1ffb-4b00-ad55-b5c80357cf1f", "task_id": "task-012721fdabc6938bfdb4", "model_version": "scripted-engineering-only", "outcome": "escalated", "task_success": true}
{"event": "task_started", "trajectory_id": "2f0512fc-a81e-4c98-bfc7-73a27ade645a", "task_id": "task-7e2db9056f851620b578", "model_version": "scripted-engineering-only"}
{"event": "task_finished", "trajectory_id": "2f0512fc-a81e-4c98-bfc7-73a27ade645a", "task_id": "task-7e2db9056f851620b578", "model_version": "scripted-engineering-only", "outcome": "escalated", "task_success": true}
{"event": "task_started", "trajectory_id": "647a6c61-9d59-449a-8861-6ae4e5c12372", "task_id": "task-56d11969bbac661ba221", "model_version": "scripted-engineering-only"}
{"event": "task_finished", "trajectory_id": "647a6c61-9d59-449a-8861-6ae4e5c12372", "task_id": "task-56d11969bbac661ba221", "model_version": "scripted-engineering-only", "outcome": "refused", "task_success": true}
{"event": "task_started", "trajectory_id": "8967c757-2926-4915-9374-cf218063b4ec", "task_id": "task-87d7c7fe1cf3dca74c72", "model_version": "scripted-engineering-only"}
{"event": "task_finished", "trajectory_id": "8967c757-2926-4915-9374-cf218063b4ec", "task_id": "task-87d7c7fe1cf3dca74c72", "model_version": "scripted-engineering-only", "outcome": "refused", "task_success": true}
{"event": "task_started", "trajectory_id": "9db3a80b-c2d9-4f6a-bca2-0343b32cf5a2", "task_id": "task-31dce11192d72a14cb25", "model_version": "scripted-engineering-only"}
{"event": "task_finished", "trajectory_id": "9db3a80b-c2d9-4f6a-bca2-0343b32cf5a2", "task_id": "task-31dce11192d72a14cb25", "model_version": "scripted-engineering-only", "outcome": "refused", "task_success": true}
{"event": "task_started", "trajectory_id": "f67e96a3-07e2-4903-8096-09b859f693ce", "task_id": "task-c9c2d9c2d23545eb0e36", "model_version": "scripted-engineering-only"}
{"event": "task_finished", "trajectory_id": "f67e96a3-07e2-4903-8096-09b859f693ce", "task_id": "task-c9c2d9c2d23545eb0e36", "model_version": "scripted-engineering-only", "outcome": "refused", "task_success": true}
{"event": "task_started", "trajectory_id": "49b806a3-a8ff-40eb-85e8-02ade4a63b89", "task_id": "task-9f2dbc26618598f23b3d", "model_version": "scripted-engineering-only"}
{"event": "task_finished", "trajectory_id": "49b806a3-a8ff-40eb-85e8-02ade4a63b89", "task_id": "task-9f2dbc26618598f23b3d", "model_version": "scripted-engineering-only", "outcome": "refused", "task_success": true}
{"event": "task_started", "trajectory_id": "b26c3914-c17e-4f40-86a6-3c32dd221d35", "task_id": "task-ba01b87f8d3c2b2a0a9d", "model_version": "scripted-engineering-only"}
{"event": "task_finished", "trajectory_id": "b26c3914-c17e-4f40-86a6-3c32dd221d35", "task_id": "task-ba01b87f8d3c2b2a0a9d", "model_version": "scripted-engineering-only", "outcome": "refused", "task_success": true}
{"event": "task_started", "trajectory_id": "d0decfe2-af0e-4430-aec7-9df489f435f6", "task_id": "task-bdd32dbdec43e2d790e2", "model_version": "scripted-engineering-only"}
{"event": "task_finished", "trajectory_id": "d0decfe2-af0e-4430-aec7-9df489f435f6", "task_id": "task-bdd32dbdec43e2d790e2", "model_version": "scripted-engineering-only", "outcome": "escalated", "task_success": true}
{"event": "task_started", "trajectory_id": "95c4684f-2462-43a1-8d25-467160f8eb6e", "task_id": "task-abd88aed3619fa1f2adb", "model_version": "scripted-engineering-only"}
{"event": "task_finished", "trajectory_id": "95c4684f-2462-43a1-8d25-467160f8eb6e", "task_id": "task-abd88aed3619fa1f2adb", "model_version": "scripted-engineering-only", "outcome": "escalated", "task_success": true}
{"event": "task_started", "trajectory_id": "e48c803c-5ba9-404c-b463-8529989a3874", "task_id": "task-3679379ac0a63d0c5798", "model_version": "scripted-engineering-only"}
{"event": "task_finished", "trajectory_id": "e48c803c-5ba9-404c-b463-8529989a3874", "task_id": "task-3679379ac0a63d0c5798", "model_version": "scripted-engineering-only", "outcome": "escalated", "task_success": true}
{"event": "task_started", "trajectory_id": "b6717487-cc3e-4c67-93bf-40f133182d27", "task_id": "task-ec729be391c4a34fe297", "model_version": "scripted-engineering-only"}
{"event": "task_finished", "trajectory_id": "b6717487-cc3e-4c67-93bf-40f133182d27", "task_id": "task-ec729be391c4a34fe297", "model_version": "scripted-engineering-only", "outcome": "completed", "task_success": true}
{"event": "task_started", "trajectory_id": "2d7e6cb4-0ba4-4279-9cf2-a75bfc515cf3", "task_id": "task-b453a658279db88de3c0", "model_version": "scripted-engineering-only"}
{"event": "task_finished", "trajectory_id": "2d7e6cb4-0ba4-4279-9cf2-a75bfc515cf3", "task_id": "task-b453a658279db88de3c0", "model_version": "scripted-engineering-only", "outcome": "completed", "task_success": true}
{"event": "task_started", "trajectory_id": "7261543d-9d8f-4741-8330-23ea0229d0dc", "task_id": "task-97af2e092bbdb911a25a", "model_version": "scripted-engineering-only"}
{"event": "task_finished", "trajectory_id": "7261543d-9d8f-4741-8330-23ea0229d0dc", "task_id": "task-97af2e092bbdb911a25a", "model_version": "scripted-engineering-only", "outcome": "completed", "task_success": true}
{"event": "task_started", "trajectory_id": "da83bc64-1a5a-4f6d-a9c2-b4b2a4f6a715", "task_id": "task-0724fc5648935c3d16ba", "model_version": "scripted-engineering-only"}
{"event": "task_finished", "trajectory_id": "da83bc64-1a5a-4f6d-a9c2-b4b2a4f6a715", "task_id": "task-0724fc5648935c3d16ba", "model_version": "scripted-engineering-only", "outcome": "escalated", "task_success": true}
{"event": "task_started", "trajectory_id": "566ca96e-2581-4b71-8afb-c0563f890fd5", "task_id": "task-674a4080fd2f0382b598", "model_version": "scripted-engineering-only"}
{"event": "task_finished", "trajectory_id": "566ca96e-2581-4b71-8afb-c0563f890fd5", "task_id": "task-674a4080fd2f0382b598", "model_version": "scripted-engineering-only", "outcome": "escalated", "task_success": true}
{"event": "task_started", "trajectory_id": "dc3ccb65-e9d5-4c8c-8a32-81d83e294201", "task_id": "task-3feda8a21f9775e1db88", "model_version": "scripted-engineering-only"}
{"event": "task_finished", "trajectory_id": "dc3ccb65-e9d5-4c8c-8a32-81d83e294201", "task_id": "task-3feda8a21f9775e1db88", "model_version": "scripted-engineering-only", "outcome": "escalated", "task_success": true}
{"event": "task_started", "trajectory_id": "d6df8148-c394-4c8a-8224-387a2ae489f6", "task_id": "task-0e084016f0ee902062e6", "model_version": "scripted-engineering-only"}
{"event": "task_finished", "trajectory_id": "d6df8148-c394-4c8a-8224-387a2ae489f6", "task_id": "task-0e084016f0ee902062e6", "model_version": "scripted-engineering-only", "outcome": "completed", "task_success": true}
{"event": "task_started", "trajectory_id": "f364aba6-f6a7-4ae4-8d47-49f0c2d2eea2", "task_id": "task-4c6c1f9967c096b34002", "model_version": "scripted-engineering-only"}
{"event": "task_finished", "trajectory_id": "f364aba6-f6a7-4ae4-8d47-49f0c2d2eea2", "task_id": "task-4c6c1f9967c096b34002", "model_version": "scripted-engineering-only", "outcome": "completed", "task_success": true}
{"event": "task_started", "trajectory_id": "029b86f7-ce04-4a38-9d20-28a9c0620800", "task_id": "task-5d8affbfbc38c6af2a55", "model_version": "scripted-engineering-only"}
{"event": "task_finished", "trajectory_id": "029b86f7-ce04-4a38-9d20-28a9c0620800", "task_id": "task-5d8affbfbc38c6af2a55", "model_version": "scripted-engineering-only", "outcome": "completed", "task_success": true}
{"event": "task_started", "trajectory_id": "39392d90-330a-40d7-beaf-aa451c99f361", "task_id": "task-705ae2b6a38ee732fcb6", "model_version": "scripted-engineering-only"}
{"event": "task_finished", "trajectory_id": "39392d90-330a-40d7-beaf-aa451c99f361", "task_id": "task-705ae2b6a38ee732fcb6", "model_version": "scripted-engineering-only", "outcome": "refused", "task_success": true}
{"event": "task_started", "trajectory_id": "d706e2d0-79b2-4010-95ef-ab9fc17c85a5", "task_id": "task-aacc6eab02d55411c926", "model_version": "scripted-engineering-only"}
{"event": "task_finished", "trajectory_id": "d706e2d0-79b2-4010-95ef-ab9fc17c85a5", "task_id": "task-aacc6eab02d55411c926", "model_version": "scripted-engineering-only", "outcome": "refused", "task_success": true}
{"event": "task_started", "trajectory_id": "15261dec-a199-4fcc-b1e1-7dd820a9fdd8", "task_id": "task-e69eb5bbc48e257eaed9", "model_version": "scripted-engineering-only"}
{"event": "task_finished", "trajectory_id": "15261dec-a199-4fcc-b1e1-7dd820a9fdd8", "task_id": "task-e69eb5bbc48e257eaed9", "model_version": "scripted-engineering-only", "outcome": "refused", "task_success": true}
{"event": "task_started", "trajectory_id": "50dedcd5-ce28-4864-a921-e0058c7b46f8", "task_id": "task-d218b76a549bb71d32a3", "model_version": "scripted-engineering-only"}
{"event": "task_finished", "trajectory_id": "50dedcd5-ce28-4864-a921-e0058c7b46f8", "task_id": "task-d218b76a549bb71d32a3", "model_version": "scripted-engineering-only", "outcome": "escalated", "task_success": true}
{"event": "task_started", "trajectory_id": "774de0e6-cc20-4b5b-a0a1-6f3f99178441", "task_id": "task-399f80239f711ea5d908", "model_version": "scripted-engineering-only"}
{"event": "task_finished", "trajectory_id": "774de0e6-cc20-4b5b-a0a1-6f3f99178441", "task_id": "task-399f80239f711ea5d908", "model_version": "scripted-engineering-only", "outcome": "escalated", "task_success": true}
{"event": "task_started", "trajectory_id": "6829ead0-6803-47d9-bbdf-cc88b4afe9c0", "task_id": "task-59a584317a710f1deb73", "model_version": "scripted-engineering-only"}
{"event": "task_finished", "trajectory_id": "6829ead0-6803-47d9-bbdf-cc88b4afe9c0", "task_id": "task-59a584317a710f1deb73", "model_version": "scripted-engineering-only", "outcome": "escalated", "task_success": true}
{"event": "task_started", "trajectory_id": "815da826-73a9-4988-9f02-960780a5cb2b", "task_id": "task-f72263adb1c1d420111e", "model_version": "scripted-engineering-only"}
{"event": "task_finished", "trajectory_id": "815da826-73a9-4988-9f02-960780a5cb2b", "task_id": "task-f72263adb1c1d420111e", "model_version": "scripted-engineering-only", "outcome": "escalated", "task_success": true}
{"event": "task_started", "trajectory_id": "99549638-e4ec-4236-bf91-b0b2c9c357c0", "task_id": "task-90c1813085f31f5299b3", "model_version": "scripted-engineering-only"}
{"event": "task_finished", "trajectory_id": "99549638-e4ec-4236-bf91-b0b2c9c357c0", "task_id": "task-90c1813085f31f5299b3", "model_version": "scripted-engineering-only", "outcome": "escalated", "task_success": true}
{"event": "task_started", "trajectory_id": "41c770b1-4c55-4f67-a9d5-69d42c1182bc", "task_id": "task-c31ed15c43fec69b21d0", "model_version": "scripted-engineering-only"}
{"event": "task_finished", "trajectory_id": "41c770b1-4c55-4f67-a9d5-69d42c1182bc", "task_id": "task-c31ed15c43fec69b21d0", "model_version": "scripted-engineering-only", "outcome": "escalated", "task_success": true}
{"event": "task_started", "trajectory_id": "da3c50a8-77f9-4a55-863d-ed5630d8146c", "task_id": "task-c4da3551dcd0c1e6d1bc", "model_version": "scripted-engineering-only"}
{"event": "task_finished", "trajectory_id": "da3c50a8-77f9-4a55-863d-ed5630d8146c", "task_id": "task-c4da3551dcd0c1e6d1bc", "model_version": "scripted-engineering-only", "outcome": "completed", "task_success": true}
{"event": "task_started", "trajectory_id": "ebe334d6-c980-4d93-ba6c-a269d3495ee4", "task_id": "task-d573e068640729f6fc0c", "model_version": "scripted-engineering-only"}
{"event": "task_finished", "trajectory_id": "ebe334d6-c980-4d93-ba6c-a269d3495ee4", "task_id": "task-d573e068640729f6fc0c", "model_version": "scripted-engineering-only", "outcome": "completed", "task_success": true}
{"event": "task_started", "trajectory_id": "3834223b-48bc-486a-9f0b-ecefe18f2d5d", "task_id": "task-5451f40b657f5bfdccbc", "model_version": "scripted-engineering-only"}
{"event": "task_finished", "trajectory_id": "3834223b-48bc-486a-9f0b-ecefe18f2d5d", "task_id": "task-5451f40b657f5bfdccbc", "model_version": "scripted-engineering-only", "outcome": "completed", "task_success": true}
{"event": "task_started", "trajectory_id": "30f45b28-fcb0-4919-838b-1788ba9d2fca", "task_id": "task-d71f713e079ab5c2b330", "model_version": "scripted-engineering-only"}
{"event": "task_finished", "trajectory_id": "30f45b28-fcb0-4919-838b-1788ba9d2fca", "task_id": "task-d71f713e079ab5c2b330", "model_version": "scripted-engineering-only", "outcome": "completed", "task_success": true}
{"event": "task_started", "trajectory_id": "6da9bcb9-93ab-4809-bf31-fbc64f7fbca8", "task_id": "task-aa38b5523e6289961272", "model_version": "scripted-engineering-only"}
{"event": "task_finished", "trajectory_id": "6da9bcb9-93ab-4809-bf31-fbc64f7fbca8", "task_id": "task-aa38b5523e6289961272", "model_version": "scripted-engineering-only", "outcome": "completed", "task_success": true}
{"event": "task_started", "trajectory_id": "f9bfa31f-38cf-4362-91ee-7766d970f7bc", "task_id": "task-45334e54e1889ab54a6c", "model_version": "scripted-engineering-only"}
{"event": "task_finished", "trajectory_id": "f9bfa31f-38cf-4362-91ee-7766d970f7bc", "task_id": "task-45334e54e1889ab54a6c", "model_version": "scripted-engineering-only", "outcome": "completed", "task_success": true}
{"event": "task_started", "trajectory_id": "830ddcf7-a400-42eb-8a2d-9696cb914768", "task_id": "task-c50d95cdd2eabf3b7e52", "model_version": "scripted-engineering-only"}
{"event": "task_finished", "trajectory_id": "830ddcf7-a400-42eb-8a2d-9696cb914768", "task_id": "task-c50d95cdd2eabf3b7e52", "model_version": "scripted-engineering-only", "outcome": "completed", "task_success": true}
{"event": "task_started", "trajectory_id": "06b512a4-2c6a-4236-8a12-846f021fbc79", "task_id": "task-e730102b9a4395aae8ee", "model_version": "scripted-engineering-only"}
{"event": "task_finished", "trajectory_id": "06b512a4-2c6a-4236-8a12-846f021fbc79", "task_id": "task-e730102b9a4395aae8ee", "model_version": "scripted-engineering-only", "outcome": "completed", "task_success": true}
{"event": "task_started", "trajectory_id": "577902aa-05d8-429b-acf1-6750aeb0be3a", "task_id": "task-c1422229a8352e1cf4fc", "model_version": "scripted-engineering-only"}
{"event": "task_finished", "trajectory_id": "577902aa-05d8-429b-acf1-6750aeb0be3a", "task_id": "task-c1422229a8352e1cf4fc", "model_version": "scripted-engineering-only", "outcome": "completed", "task_success": true}
{"event": "task_started", "trajectory_id": "d40e69fb-c39a-4a26-8b8c-3ad4582c17c3", "task_id": "task-f67587394339c41f909c", "model_version": "scripted-engineering-only"}
{"event": "task_finished", "trajectory_id": "d40e69fb-c39a-4a26-8b8c-3ad4582c17c3", "task_id": "task-f67587394339c41f909c", "model_version": "scripted-engineering-only", "outcome": "refused", "task_success": true}
{"event": "task_started", "trajectory_id": "a85a7490-42be-4b5b-9cfc-ccc75d6eb67e", "task_id": "task-b2e0e6a52eb4cbe28b57", "model_version": "scripted-engineering-only"}
{"event": "task_finished", "trajectory_id": "a85a7490-42be-4b5b-9cfc-ccc75d6eb67e", "task_id": "task-b2e0e6a52eb4cbe28b57", "model_version": "scripted-engineering-only", "outcome": "refused", "task_success": true}
{"event": "task_started", "trajectory_id": "5b7366be-e1c4-4be2-9750-d857c80b05bc", "task_id": "task-271e4f001bfbec4ba37f", "model_version": "scripted-engineering-only"}
{"event": "task_finished", "trajectory_id": "5b7366be-e1c4-4be2-9750-d857c80b05bc", "task_id": "task-271e4f001bfbec4ba37f", "model_version": "scripted-engineering-only", "outcome": "refused", "task_success": true}
{"event": "task_started", "trajectory_id": "ffcbe602-b44b-4631-af2f-d02e04d87069", "task_id": "task-f476ba5bc12924d9bc6b", "model_version": "scripted-engineering-only"}
{"event": "task_finished", "trajectory_id": "ffcbe602-b44b-4631-af2f-d02e04d87069", "task_id": "task-f476ba5bc12924d9bc6b", "model_version": "scripted-engineering-only", "outcome": "refused", "task_success": true}
{"event": "task_started", "trajectory_id": "4b5c5197-ddb6-4716-acf6-c7f6a35af3ca", "task_id": "task-5eb647be1fe8d553a68b", "model_version": "scripted-engineering-only"}
{"event": "task_finished", "trajectory_id": "4b5c5197-ddb6-4716-acf6-c7f6a35af3ca", "task_id": "task-5eb647be1fe8d553a68b", "model_version": "scripted-engineering-only", "outcome": "refused", "task_success": true}
{"event": "task_started", "trajectory_id": "c611b51a-3de9-4dce-9bfc-402d7ffd7be6", "task_id": "task-07a2025d71ee061f3bd2", "model_version": "scripted-engineering-only"}
{"event": "task_finished", "trajectory_id": "c611b51a-3de9-4dce-9bfc-402d7ffd7be6", "task_id": "task-07a2025d71ee061f3bd2", "model_version": "scripted-engineering-only", "outcome": "refused", "task_success": true}
{"event": "task_started", "trajectory_id": "4c92b527-c3d8-429f-bed7-e465b502d158", "task_id": "task-a48da85fc162e85f19e2", "model_version": "scripted-engineering-only"}
{"event": "task_finished", "trajectory_id": "4c92b527-c3d8-429f-bed7-e465b502d158", "task_id": "task-a48da85fc162e85f19e2", "model_version": "scripted-engineering-only", "outcome": "escalated", "task_success": true}
{"event": "task_started", "trajectory_id": "79f0a181-e2af-4726-83ac-de5a37d58ca0", "task_id": "task-06b8d71a2bcb3273229e", "model_version": "scripted-engineering-only"}
{"event": "task_finished", "trajectory_id": "79f0a181-e2af-4726-83ac-de5a37d58ca0", "task_id": "task-06b8d71a2bcb3273229e", "model_version": "scripted-engineering-only", "outcome": "escalated", "task_success": true}
{"event": "task_started", "trajectory_id": "1b893189-a350-4c7a-91aa-79ca8639b9c9", "task_id": "task-a54dafe4b4e3bb62483d", "model_version": "scripted-engineering-only"}
{"event": "task_finished", "trajectory_id": "1b893189-a350-4c7a-91aa-79ca8639b9c9", "task_id": "task-a54dafe4b4e3bb62483d", "model_version": "scripted-engineering-only", "outcome": "escalated", "task_success": true}
{"event": "task_started", "trajectory_id": "10ef975f-b395-4e80-ac80-d29baaf7d094", "task_id": "task-965bab023d996aea99f2", "model_version": "scripted-engineering-only"}
{"event": "task_finished", "trajectory_id": "10ef975f-b395-4e80-ac80-d29baaf7d094", "task_id": "task-965bab023d996aea99f2", "model_version": "scripted-engineering-only", "outcome": "completed", "task_success": true}
{"event": "task_started", "trajectory_id": "be8e1873-229c-4f52-bee8-6ea6ca692322", "task_id": "task-eba00923d594244d8a50", "model_version": "scripted-engineering-only"}
{"event": "task_finished", "trajectory_id": "be8e1873-229c-4f52-bee8-6ea6ca692322", "task_id": "task-eba00923d594244d8a50", "model_version": "scripted-engineering-only", "outcome": "completed", "task_success": true}
{"event": "task_started", "trajectory_id": "648382c1-9e89-4c1e-b6bb-9fc754dc9931", "task_id": "task-2d745d5735989f513472", "model_version": "scripted-engineering-only"}
{"event": "task_finished", "trajectory_id": "648382c1-9e89-4c1e-b6bb-9fc754dc9931", "task_id": "task-2d745d5735989f513472", "model_version": "scripted-engineering-only", "outcome": "completed", "task_success": true}
{"event": "task_started", "trajectory_id": "1d8347d6-2312-4f52-9b4f-8cfafecb55b3", "task_id": "task-adce80fcd242644af3be", "model_version": "scripted-engineering-only"}
{"event": "task_finished", "trajectory_id": "1d8347d6-2312-4f52-9b4f-8cfafecb55b3", "task_id": "task-adce80fcd242644af3be", "model_version": "scripted-engineering-only", "outcome": "escalated", "task_success": true}
{"event": "task_started", "trajectory_id": "f908a624-9999-4dec-ab43-d2f488156e29", "task_id": "task-a3b7dfcd02ab8da95ef8", "model_version": "scripted-engineering-only"}
{"event": "task_finished", "trajectory_id": "f908a624-9999-4dec-ab43-d2f488156e29", "task_id": "task-a3b7dfcd02ab8da95ef8", "model_version": "scripted-engineering-only", "outcome": "escalated", "task_success": true}
{"event": "task_started", "trajectory_id": "96ca75a8-09fb-4c4a-834a-04ec5c62cd00", "task_id": "task-0186019e3d73611b86a1", "model_version": "scripted-engineering-only"}
{"event": "task_finished", "trajectory_id": "96ca75a8-09fb-4c4a-834a-04ec5c62cd00", "task_id": "task-0186019e3d73611b86a1", "model_version": "scripted-engineering-only", "outcome": "escalated", "task_success": true}
{"event": "task_started", "trajectory_id": "eaced74f-fd85-4a7a-a44f-ff77b311513d", "task_id": "task-734d5b0d34d0656564ee", "model_version": "scripted-engineering-only"}
{"event": "task_finished", "trajectory_id": "eaced74f-fd85-4a7a-a44f-ff77b311513d", "task_id": "task-734d5b0d34d0656564ee", "model_version": "scripted-engineering-only", "outcome": "escalated", "task_success": true}
{"event": "task_started", "trajectory_id": "ea862357-adcf-48d3-8cf5-b8f5649967a0", "task_id": "task-5dceefde9e586fb8376a", "model_version": "scripted-engineering-only"}
{"event": "task_finished", "trajectory_id": "ea862357-adcf-48d3-8cf5-b8f5649967a0", "task_id": "task-5dceefde9e586fb8376a", "model_version": "scripted-engineering-only", "outcome": "escalated", "task_success": true}
{"event": "task_started", "trajectory_id": "31a3f6cb-1a2c-49ce-be38-0d97478872bd", "task_id": "task-ad1e786facf608c440ac", "model_version": "scripted-engineering-only"}
{"event": "task_finished", "trajectory_id": "31a3f6cb-1a2c-49ce-be38-0d97478872bd", "task_id": "task-ad1e786facf608c440ac", "model_version": "scripted-engineering-only", "outcome": "escalated", "task_success": true}
{"event": "task_started", "trajectory_id": "f399eb90-7583-4854-b791-6b8d945255a0", "task_id": "task-bb68b21999ce552f5ffc", "model_version": "scripted-engineering-only"}
{"event": "task_finished", "trajectory_id": "f399eb90-7583-4854-b791-6b8d945255a0", "task_id": "task-bb68b21999ce552f5ffc", "model_version": "scripted-engineering-only", "outcome": "completed", "task_success": true}
{"event": "task_started", "trajectory_id": "1d8a0d8f-91b5-4291-8ab3-c1f851deb157", "task_id": "task-a1d394ba1d073d7a2eaa", "model_version": "scripted-engineering-only"}
{"event": "task_finished", "trajectory_id": "1d8a0d8f-91b5-4291-8ab3-c1f851deb157", "task_id": "task-a1d394ba1d073d7a2eaa", "model_version": "scripted-engineering-only", "outcome": "completed", "task_success": true}
{"event": "task_started", "trajectory_id": "e856f40c-1f21-42c3-9f20-9749d160078f", "task_id": "task-edb462866dbadf5ed77c", "model_version": "scripted-engineering-only"}
{"event": "task_finished", "trajectory_id": "e856f40c-1f21-42c3-9f20-9749d160078f", "task_id": "task-edb462866dbadf5ed77c", "model_version": "scripted-engineering-only", "outcome": "completed", "task_success": true}
{"event": "task_started", "trajectory_id": "10acfb08-673d-4ffa-8985-4cad05a269b8", "task_id": "task-6dfee218765c8a8ccb03", "model_version": "scripted-engineering-only"}
{"event": "task_finished", "trajectory_id": "10acfb08-673d-4ffa-8985-4cad05a269b8", "task_id": "task-6dfee218765c8a8ccb03", "model_version": "scripted-engineering-only", "outcome": "completed", "task_success": true}
{"event": "task_started", "trajectory_id": "5bff84e0-89fd-4f03-9ddf-c376fcf7cda8", "task_id": "task-7b7e1c638fa73fcdc0cb", "model_version": "scripted-engineering-only"}
{"event": "task_finished", "trajectory_id": "5bff84e0-89fd-4f03-9ddf-c376fcf7cda8", "task_id": "task-7b7e1c638fa73fcdc0cb", "model_version": "scripted-engineering-only", "outcome": "completed", "task_success": true}
{"event": "task_started", "trajectory_id": "0f312a2e-1016-428f-82f6-1a07bd8b0200", "task_id": "task-30eeea5e7635d5b1ecb1", "model_version": "scripted-engineering-only"}
{"event": "task_finished", "trajectory_id": "0f312a2e-1016-428f-82f6-1a07bd8b0200", "task_id": "task-30eeea5e7635d5b1ecb1", "model_version": "scripted-engineering-only", "outcome": "completed", "task_success": true}
{"event": "task_started", "trajectory_id": "f63a08f5-6685-440b-b464-7a94f4ea2d04", "task_id": "task-d1dddd10b1af24b04d3e", "model_version": "scripted-engineering-only"}
{"event": "task_finished", "trajectory_id": "f63a08f5-6685-440b-b464-7a94f4ea2d04", "task_id": "task-d1dddd10b1af24b04d3e", "model_version": "scripted-engineering-only", "outcome": "escalated", "task_success": true}
{"event": "task_started", "trajectory_id": "16c2379d-baf1-44dd-9948-ebdeb427c24b", "task_id": "task-afbdfb29b194d7db817e", "model_version": "scripted-engineering-only"}
{"event": "task_finished", "trajectory_id": "16c2379d-baf1-44dd-9948-ebdeb427c24b", "task_id": "task-afbdfb29b194d7db817e", "model_version": "scripted-engineering-only", "outcome": "escalated", "task_success": true}
{"event": "task_started", "trajectory_id": "d1122f81-7e5c-4e1a-bada-f9823d284df8", "task_id": "task-1cb1631bb12620637a56", "model_version": "scripted-engineering-only"}
{"event": "task_finished", "trajectory_id": "d1122f81-7e5c-4e1a-bada-f9823d284df8", "task_id": "task-1cb1631bb12620637a56", "model_version": "scripted-engineering-only", "outcome": "escalated", "task_success": true}
{"event": "task_started", "trajectory_id": "b5dc7afc-c757-4ae7-920e-13e76f489a46", "task_id": "task-86bd6cb9106510ea039f", "model_version": "scripted-engineering-only"}
{"event": "task_finished", "trajectory_id": "b5dc7afc-c757-4ae7-920e-13e76f489a46", "task_id": "task-86bd6cb9106510ea039f", "model_version": "scripted-engineering-only", "outcome": "escalated", "task_success": true}
{"event": "task_started", "trajectory_id": "d040dd7e-51ea-43b4-8966-814c930862d6", "task_id": "task-28acc947e09e78444ad1", "model_version": "scripted-engineering-only"}
{"event": "task_finished", "trajectory_id": "d040dd7e-51ea-43b4-8966-814c930862d6", "task_id": "task-28acc947e09e78444ad1", "model_version": "scripted-engineering-only", "outcome": "escalated", "task_success": true}
{"event": "task_started", "trajectory_id": "df6ca3f1-36d3-4e45-ab7b-3e67ffe36566", "task_id": "task-398eead64c3eeb871099", "model_version": "scripted-engineering-only"}
{"event": "task_finished", "trajectory_id": "df6ca3f1-36d3-4e45-ab7b-3e67ffe36566", "task_id": "task-398eead64c3eeb871099", "model_version": "scripted-engineering-only", "outcome": "escalated", "task_success": true}
{"event": "task_started", "trajectory_id": "80a20d40-3af3-4751-8ea7-741446181d74", "task_id": "task-80544b2a08bd57e8e768", "model_version": "scripted-engineering-only"}
{"event": "task_finished", "trajectory_id": "80a20d40-3af3-4751-8ea7-741446181d74", "task_id": "task-80544b2a08bd57e8e768", "model_version": "scripted-engineering-only", "outcome": "completed", "task_success": true}
{"event": "task_started", "trajectory_id": "48e835aa-035e-435b-96ef-9f1e5f728351", "task_id": "task-673dbc9dd8f247601722", "model_version": "scripted-engineering-only"}
{"event": "task_finished", "trajectory_id": "48e835aa-035e-435b-96ef-9f1e5f728351", "task_id": "task-673dbc9dd8f247601722", "model_version": "scripted-engineering-only", "outcome": "completed", "task_success": true}
{"event": "task_started", "trajectory_id": "c3a76c1f-c9d9-4199-a96a-a6e496ea6c7b", "task_id": "task-ed359ba55106b09d8847", "model_version": "scripted-engineering-only"}
{"event": "task_finished", "trajectory_id": "c3a76c1f-c9d9-4199-a96a-a6e496ea6c7b", "task_id": "task-ed359ba55106b09d8847", "model_version": "scripted-engineering-only", "outcome": "completed", "task_success": true}
{"event": "task_started", "trajectory_id": "98451f53-02d0-4667-9ac3-ced032531100", "task_id": "task-292ef81ae14a36c27b3f", "model_version": "scripted-engineering-only"}
{"event": "task_finished", "trajectory_id": "98451f53-02d0-4667-9ac3-ced032531100", "task_id": "task-292ef81ae14a36c27b3f", "model_version": "scripted-engineering-only", "outcome": "refused", "task_success": true}
{"event": "task_started", "trajectory_id": "3a93a4f6-bd0f-49c7-8ab2-476b3ba5ec13", "task_id": "task-5a00f3a9d86cd9d6c54d", "model_version": "scripted-engineering-only"}
{"event": "task_finished", "trajectory_id": "3a93a4f6-bd0f-49c7-8ab2-476b3ba5ec13", "task_id": "task-5a00f3a9d86cd9d6c54d", "model_version": "scripted-engineering-only", "outcome": "refused", "task_success": true}
{"event": "task_started", "trajectory_id": "26ebb705-270f-4a51-a112-7a784ad1bc05", "task_id": "task-3b9ce844f270fdf7774d", "model_version": "scripted-engineering-only"}
{"event": "task_finished", "trajectory_id": "26ebb705-270f-4a51-a112-7a784ad1bc05", "task_id": "task-3b9ce844f270fdf7774d", "model_version": "scripted-engineering-only", "outcome": "refused", "task_success": true}
{"event": "task_started", "trajectory_id": "39046c70-ef1d-400d-9d67-050055cfa0c2", "task_id": "task-f9ea9ef01353b4b68e96", "model_version": "scripted-engineering-only"}
{"event": "task_finished", "trajectory_id": "39046c70-ef1d-400d-9d67-050055cfa0c2", "task_id": "task-f9ea9ef01353b4b68e96", "model_version": "scripted-engineering-only", "outcome": "refused", "task_success": true}
{"event": "task_started", "trajectory_id": "7c637088-b36c-411c-a574-a03049d71242", "task_id": "task-98171245bbd786a1517a", "model_version": "scripted-engineering-only"}
{"event": "task_finished", "trajectory_id": "7c637088-b36c-411c-a574-a03049d71242", "task_id": "task-98171245bbd786a1517a", "model_version": "scripted-engineering-only", "outcome": "refused", "task_success": true}
{"event": "task_started", "trajectory_id": "aefc7b25-bcea-4aa5-84fc-fd59bdc992ec", "task_id": "task-097a2cdd49eb7039eeda", "model_version": "scripted-engineering-only"}
{"event": "task_finished", "trajectory_id": "aefc7b25-bcea-4aa5-84fc-fd59bdc992ec", "task_id": "task-097a2cdd49eb7039eeda", "model_version": "scripted-engineering-only", "outcome": "refused", "task_success": true}
{"event": "task_started", "trajectory_id": "00ceb16b-d6ae-420c-87a4-51fab2f70eed", "task_id": "task-dc45c35c4539665fa28a", "model_version": "scripted-engineering-only"}
{"event": "task_finished", "trajectory_id": "00ceb16b-d6ae-420c-87a4-51fab2f70eed", "task_id": "task-dc45c35c4539665fa28a", "model_version": "scripted-engineering-only", "outcome": "escalated", "task_success": true}
{"event": "task_started", "trajectory_id": "7b7dbf7f-3ec2-43ec-a3fa-15f0d7610329", "task_id": "task-012721fdabc6938bfdb4", "model_version": "scripted-engineering-only"}
{"event": "task_finished", "trajectory_id": "7b7dbf7f-3ec2-43ec-a3fa-15f0d7610329", "task_id": "task-012721fdabc6938bfdb4", "model_version": "scripted-engineering-only", "outcome": "escalated", "task_success": true}
{"event": "task_started", "trajectory_id": "e89096f5-f040-43e7-9b89-e7921d0e331c", "task_id": "task-7e2db9056f851620b578", "model_version": "scripted-engineering-only"}
{"event": "task_finished", "trajectory_id": "e89096f5-f040-43e7-9b89-e7921d0e331c", "task_id": "task-7e2db9056f851620b578", "model_version": "scripted-engineering-only", "outcome": "escalated", "task_success": true}
{"event": "task_started", "trajectory_id": "4882c7ab-53a4-465b-8d22-241d12d96f83", "task_id": "task-56d11969bbac661ba221", "model_version": "scripted-engineering-only"}
{"event": "task_finished", "trajectory_id": "4882c7ab-53a4-465b-8d22-241d12d96f83", "task_id": "task-56d11969bbac661ba221", "model_version": "scripted-engineering-only", "outcome": "refused", "task_success": true}
{"event": "task_started", "trajectory_id": "f96cf1d0-cc04-46ee-aee8-ac3b1182c920", "task_id": "task-87d7c7fe1cf3dca74c72", "model_version": "scripted-engineering-only"}
{"event": "task_finished", "trajectory_id": "f96cf1d0-cc04-46ee-aee8-ac3b1182c920", "task_id": "task-87d7c7fe1cf3dca74c72", "model_version": "scripted-engineering-only", "outcome": "refused", "task_success": true}
{"event": "task_started", "trajectory_id": "faaf72ef-d2c2-45a3-84a4-48d835fff304", "task_id": "task-31dce11192d72a14cb25", "model_version": "scripted-engineering-only"}
{"event": "task_finished", "trajectory_id": "faaf72ef-d2c2-45a3-84a4-48d835fff304", "task_id": "task-31dce11192d72a14cb25", "model_version": "scripted-engineering-only", "outcome": "refused", "task_success": true}
{"event": "task_started", "trajectory_id": "8c393103-8a0f-49ac-a6f2-c7a025eee617", "task_id": "task-c9c2d9c2d23545eb0e36", "model_version": "scripted-engineering-only"}
{"event": "task_finished", "trajectory_id": "8c393103-8a0f-49ac-a6f2-c7a025eee617", "task_id": "task-c9c2d9c2d23545eb0e36", "model_version": "scripted-engineering-only", "outcome": "refused", "task_success": true}
{"event": "task_started", "trajectory_id": "08a947e3-eb2f-4b44-b78d-4f8ed173033a", "task_id": "task-9f2dbc26618598f23b3d", "model_version": "scripted-engineering-only"}
{"event": "task_finished", "trajectory_id": "08a947e3-eb2f-4b44-b78d-4f8ed173033a", "task_id": "task-9f2dbc26618598f23b3d", "model_version": "scripted-engineering-only", "outcome": "refused", "task_success": true}
{"event": "task_started", "trajectory_id": "cf7f8de0-322e-4bb6-88d3-a8218ab25fe5", "task_id": "task-ba01b87f8d3c2b2a0a9d", "model_version": "scripted-engineering-only"}
{"event": "task_finished", "trajectory_id": "cf7f8de0-322e-4bb6-88d3-a8218ab25fe5", "task_id": "task-ba01b87f8d3c2b2a0a9d", "model_version": "scripted-engineering-only", "outcome": "refused", "task_success": true}
{"event": "task_started", "trajectory_id": "9d0f5493-0c64-4435-9ab4-4b60f29400ce", "task_id": "task-bdd32dbdec43e2d790e2", "model_version": "scripted-engineering-only"}
{"event": "task_finished", "trajectory_id": "9d0f5493-0c64-4435-9ab4-4b60f29400ce", "task_id": "task-bdd32dbdec43e2d790e2", "model_version": "scripted-engineering-only", "outcome": "escalated", "task_success": true}
{"event": "task_started", "trajectory_id": "5559b02a-a215-4a56-ae7b-0b696d9ebbd2", "task_id": "task-abd88aed3619fa1f2adb", "model_version": "scripted-engineering-only"}
{"event": "task_finished", "trajectory_id": "5559b02a-a215-4a56-ae7b-0b696d9ebbd2", "task_id": "task-abd88aed3619fa1f2adb", "model_version": "scripted-engineering-only", "outcome": "escalated", "task_success": true}
{"event": "task_started", "trajectory_id": "adc878cc-08f2-41dc-9d46-25efec0485bd", "task_id": "task-3679379ac0a63d0c5798", "model_version": "scripted-engineering-only"}
{"event": "task_finished", "trajectory_id": "adc878cc-08f2-41dc-9d46-25efec0485bd", "task_id": "task-3679379ac0a63d0c5798", "model_version": "scripted-engineering-only", "outcome": "escalated", "task_success": true}
{"event": "task_started", "trajectory_id": "3187c47e-0ba1-4b3b-aa4f-b98494fb3223", "task_id": "task-ec729be391c4a34fe297", "model_version": "scripted-engineering-only"}
{"event": "task_finished", "trajectory_id": "3187c47e-0ba1-4b3b-aa4f-b98494fb3223", "task_id": "task-ec729be391c4a34fe297", "model_version": "scripted-engineering-only", "outcome": "completed", "task_success": true}
{"event": "task_started", "trajectory_id": "77bc189d-5bdb-4b09-81e0-849d81ab67b1", "task_id": "task-b453a658279db88de3c0", "model_version": "scripted-engineering-only"}
{"event": "task_finished", "trajectory_id": "77bc189d-5bdb-4b09-81e0-849d81ab67b1", "task_id": "task-b453a658279db88de3c0", "model_version": "scripted-engineering-only", "outcome": "completed", "task_success": true}
{"event": "task_started", "trajectory_id": "5137207a-62ea-4a19-a10d-b9aeeeab1d38", "task_id": "task-97af2e092bbdb911a25a", "model_version": "scripted-engineering-only"}
{"event": "task_finished", "trajectory_id": "5137207a-62ea-4a19-a10d-b9aeeeab1d38", "task_id": "task-97af2e092bbdb911a25a", "model_version": "scripted-engineering-only", "outcome": "completed", "task_success": true}
{"event": "task_started", "trajectory_id": "6b5641e6-3066-4563-92d2-990f834482ca", "task_id": "task-0724fc5648935c3d16ba", "model_version": "scripted-engineering-only"}
{"event": "task_finished", "trajectory_id": "6b5641e6-3066-4563-92d2-990f834482ca", "task_id": "task-0724fc5648935c3d16ba", "model_version": "scripted-engineering-only", "outcome": "escalated", "task_success": true}
{"event": "task_started", "trajectory_id": "f1f9e6be-b2bf-450d-b2fd-9706f5333aaa", "task_id": "task-674a4080fd2f0382b598", "model_version": "scripted-engineering-only"}
{"event": "task_finished", "trajectory_id": "f1f9e6be-b2bf-450d-b2fd-9706f5333aaa", "task_id": "task-674a4080fd2f0382b598", "model_version": "scripted-engineering-only", "outcome": "escalated", "task_success": true}
{"event": "task_started", "trajectory_id": "8ce06400-b4f4-465a-a4ed-d062eaa3946a", "task_id": "task-3feda8a21f9775e1db88", "model_version": "scripted-engineering-only"}
{"event": "task_finished", "trajectory_id": "8ce06400-b4f4-465a-a4ed-d062eaa3946a", "task_id": "task-3feda8a21f9775e1db88", "model_version": "scripted-engineering-only", "outcome": "escalated", "task_success": true}
{"event": "task_started", "trajectory_id": "a617b5c8-fd10-436a-aba7-82d6503da8f7", "task_id": "task-0e084016f0ee902062e6", "model_version": "scripted-engineering-only"}
{"event": "task_finished", "trajectory_id": "a617b5c8-fd10-436a-aba7-82d6503da8f7", "task_id": "task-0e084016f0ee902062e6", "model_version": "scripted-engineering-only", "outcome": "completed", "task_success": true}
{"event": "task_started", "trajectory_id": "04da4b8a-c9a3-42a3-b046-30b181b1fa88", "task_id": "task-4c6c1f9967c096b34002", "model_version": "scripted-engineering-only"}
{"event": "task_finished", "trajectory_id": "04da4b8a-c9a3-42a3-b046-30b181b1fa88", "task_id": "task-4c6c1f9967c096b34002", "model_version": "scripted-engineering-only", "outcome": "completed", "task_success": true}
{"event": "task_started", "trajectory_id": "8bf5ce50-ed2b-4d3a-a055-48401ceef536", "task_id": "task-5d8affbfbc38c6af2a55", "model_version": "scripted-engineering-only"}
{"event": "task_finished", "trajectory_id": "8bf5ce50-ed2b-4d3a-a055-48401ceef536", "task_id": "task-5d8affbfbc38c6af2a55", "model_version": "scripted-engineering-only", "outcome": "completed", "task_success": true}
{"event": "task_started", "trajectory_id": "828b76c6-5cff-4f10-b188-62888ab7cdaf", "task_id": "task-705ae2b6a38ee732fcb6", "model_version": "scripted-engineering-only"}
{"event": "task_finished", "trajectory_id": "828b76c6-5cff-4f10-b188-62888ab7cdaf", "task_id": "task-705ae2b6a38ee732fcb6", "model_version": "scripted-engineering-only", "outcome": "refused", "task_success": true}
{"event": "task_started", "trajectory_id": "03081fe9-a073-4ba0-b9b3-102075e0e2eb", "task_id": "task-aacc6eab02d55411c926", "model_version": "scripted-engineering-only"}
{"event": "task_finished", "trajectory_id": "03081fe9-a073-4ba0-b9b3-102075e0e2eb", "task_id": "task-aacc6eab02d55411c926", "model_version": "scripted-engineering-only", "outcome": "refused", "task_success": true}
{"event": "task_started", "trajectory_id": "cc3f65f4-9554-447b-8669-364ee2255c83", "task_id": "task-e69eb5bbc48e257eaed9", "model_version": "scripted-engineering-only"}
{"event": "task_finished", "trajectory_id": "cc3f65f4-9554-447b-8669-364ee2255c83", "task_id": "task-e69eb5bbc48e257eaed9", "model_version": "scripted-engineering-only", "outcome": "refused", "task_success": true}
{"event": "task_started", "trajectory_id": "e7601295-56d4-43a3-8593-9c4a98fe8476", "task_id": "task-d218b76a549bb71d32a3", "model_version": "scripted-engineering-only"}
{"event": "task_finished", "trajectory_id": "e7601295-56d4-43a3-8593-9c4a98fe8476", "task_id": "task-d218b76a549bb71d32a3", "model_version": "scripted-engineering-only", "outcome": "escalated", "task_success": true}
{"event": "task_started", "trajectory_id": "282287e7-843a-4cd8-a490-094a986677f4", "task_id": "task-399f80239f711ea5d908", "model_version": "scripted-engineering-only"}
{"event": "task_finished", "trajectory_id": "282287e7-843a-4cd8-a490-094a986677f4", "task_id": "task-399f80239f711ea5d908", "model_version": "scripted-engineering-only", "outcome": "escalated", "task_success": true}
{"event": "task_started", "trajectory_id": "1431f249-c3d3-4082-850c-e2576fea9cde", "task_id": "task-59a584317a710f1deb73", "model_version": "scripted-engineering-only"}
{"event": "task_finished", "trajectory_id": "1431f249-c3d3-4082-850c-e2576fea9cde", "task_id": "task-59a584317a710f1deb73", "model_version": "scripted-engineering-only", "outcome": "escalated", "task_success": true}
{"event": "task_started", "trajectory_id": "9bf414a5-fe37-47ba-a59c-bf5d78bf6e70", "task_id": "task-f72263adb1c1d420111e", "model_version": "scripted-engineering-only"}
{"event": "task_finished", "trajectory_id": "9bf414a5-fe37-47ba-a59c-bf5d78bf6e70", "task_id": "task-f72263adb1c1d420111e", "model_version": "scripted-engineering-only", "outcome": "escalated", "task_success": true}
{"event": "task_started", "trajectory_id": "7f4c63fe-95c1-4615-a222-0b98e2300b3f", "task_id": "task-90c1813085f31f5299b3", "model_version": "scripted-engineering-only"}
{"event": "task_finished", "trajectory_id": "7f4c63fe-95c1-4615-a222-0b98e2300b3f", "task_id": "task-90c1813085f31f5299b3", "model_version": "scripted-engineering-only", "outcome": "escalated", "task_success": true}
{"event": "task_started", "trajectory_id": "f52f9237-eb9b-4eaf-98b2-b801e8b12f9e", "task_id": "task-c31ed15c43fec69b21d0", "model_version": "scripted-engineering-only"}
{"event": "task_finished", "trajectory_id": "f52f9237-eb9b-4eaf-98b2-b801e8b12f9e", "task_id": "task-c31ed15c43fec69b21d0", "model_version": "scripted-engineering-only", "outcome": "escalated", "task_success": true}
{"event": "task_started", "trajectory_id": "3952714b-17a5-453c-99f9-b3c3e07d0558", "task_id": "task-c4da3551dcd0c1e6d1bc", "model_version": "scripted-engineering-only"}
{"event": "task_finished", "trajectory_id": "3952714b-17a5-453c-99f9-b3c3e07d0558", "task_id": "task-c4da3551dcd0c1e6d1bc", "model_version": "scripted-engineering-only", "outcome": "completed", "task_success": true}
{"event": "task_started", "trajectory_id": "485297f5-d32e-4b72-94ee-aacddc39a891", "task_id": "task-d573e068640729f6fc0c", "model_version": "scripted-engineering-only"}
{"event": "task_finished", "trajectory_id": "485297f5-d32e-4b72-94ee-aacddc39a891", "task_id": "task-d573e068640729f6fc0c", "model_version": "scripted-engineering-only", "outcome": "completed", "task_success": true}
{"event": "task_started", "trajectory_id": "a7fcfb2b-11b4-4d91-85d4-bc61fab8a3b0", "task_id": "task-5451f40b657f5bfdccbc", "model_version": "scripted-engineering-only"}
{"event": "task_finished", "trajectory_id": "a7fcfb2b-11b4-4d91-85d4-bc61fab8a3b0", "task_id": "task-5451f40b657f5bfdccbc", "model_version": "scripted-engineering-only", "outcome": "completed", "task_success": true}
{"event": "task_started", "trajectory_id": "1e0120e8-372e-42cc-b3d4-353732f79614", "task_id": "task-d71f713e079ab5c2b330", "model_version": "scripted-engineering-only"}
{"event": "task_finished", "trajectory_id": "1e0120e8-372e-42cc-b3d4-353732f79614", "task_id": "task-d71f713e079ab5c2b330", "model_version": "scripted-engineering-only", "outcome": "completed", "task_success": true}
{"event": "task_started", "trajectory_id": "43582efb-07cb-4941-92b2-18145d2db867", "task_id": "task-aa38b5523e6289961272", "model_version": "scripted-engineering-only"}
{"event": "task_finished", "trajectory_id": "43582efb-07cb-4941-92b2-18145d2db867", "task_id": "task-aa38b5523e6289961272", "model_version": "scripted-engineering-only", "outcome": "completed", "task_success": true}
{"event": "task_started", "trajectory_id": "69be5f18-1d47-4fa3-83e4-3a86f0526b4d", "task_id": "task-45334e54e1889ab54a6c", "model_version": "scripted-engineering-only"}
{"event": "task_finished", "trajectory_id": "69be5f18-1d47-4fa3-83e4-3a86f0526b4d", "task_id": "task-45334e54e1889ab54a6c", "model_version": "scripted-engineering-only", "outcome": "completed", "task_success": true}
{"event": "task_started", "trajectory_id": "63c554f9-c2ec-4af9-98e2-f2ce5f1b776e", "task_id": "task-c50d95cdd2eabf3b7e52", "model_version": "scripted-engineering-only"}
{"event": "task_finished", "trajectory_id": "63c554f9-c2ec-4af9-98e2-f2ce5f1b776e", "task_id": "task-c50d95cdd2eabf3b7e52", "model_version": "scripted-engineering-only", "outcome": "completed", "task_success": true}
{"event": "task_started", "trajectory_id": "4d2f49f1-34cb-4cf3-a667-2a36774f18e1", "task_id": "task-e730102b9a4395aae8ee", "model_version": "scripted-engineering-only"}
{"event": "task_finished", "trajectory_id": "4d2f49f1-34cb-4cf3-a667-2a36774f18e1", "task_id": "task-e730102b9a4395aae8ee", "model_version": "scripted-engineering-only", "outcome": "completed", "task_success": true}
{"event": "task_started", "trajectory_id": "25760ff5-bbe8-4916-ae89-933cce445960", "task_id": "task-c1422229a8352e1cf4fc", "model_version": "scripted-engineering-only"}
{"event": "task_finished", "trajectory_id": "25760ff5-bbe8-4916-ae89-933cce445960", "task_id": "task-c1422229a8352e1cf4fc", "model_version": "scripted-engineering-only", "outcome": "completed", "task_success": true}
{"event": "task_started", "trajectory_id": "27c3bcba-9a7c-4a5f-aec6-6ff7d65a5c89", "task_id": "task-f67587394339c41f909c", "model_version": "scripted-engineering-only"}
{"event": "task_finished", "trajectory_id": "27c3bcba-9a7c-4a5f-aec6-6ff7d65a5c89", "task_id": "task-f67587394339c41f909c", "model_version": "scripted-engineering-only", "outcome": "refused", "task_success": true}
{"event": "task_started", "trajectory_id": "c7bc7edb-ae78-4f6e-a8f0-2008ea25575b", "task_id": "task-b2e0e6a52eb4cbe28b57", "model_version": "scripted-engineering-only"}
{"event": "task_finished", "trajectory_id": "c7bc7edb-ae78-4f6e-a8f0-2008ea25575b", "task_id": "task-b2e0e6a52eb4cbe28b57", "model_version": "scripted-engineering-only", "outcome": "refused", "task_success": true}
{"event": "task_started", "trajectory_id": "c65d9e8f-c308-4d6c-8dcd-f174dff3dfb7", "task_id": "task-271e4f001bfbec4ba37f", "model_version": "scripted-engineering-only"}
{"event": "task_finished", "trajectory_id": "c65d9e8f-c308-4d6c-8dcd-f174dff3dfb7", "task_id": "task-271e4f001bfbec4ba37f", "model_version": "scripted-engineering-only", "outcome": "refused", "task_success": true}
{"event": "task_started", "trajectory_id": "a171368d-b97f-456b-8be8-426a59d386b9", "task_id": "task-f476ba5bc12924d9bc6b", "model_version": "scripted-engineering-only"}
{"event": "task_finished", "trajectory_id": "a171368d-b97f-456b-8be8-426a59d386b9", "task_id": "task-f476ba5bc12924d9bc6b", "model_version": "scripted-engineering-only", "outcome": "refused", "task_success": true}
{"event": "task_started", "trajectory_id": "a6ca28c7-d6f9-4b42-97ad-a22b2d6c321a", "task_id": "task-5eb647be1fe8d553a68b", "model_version": "scripted-engineering-only"}
{"event": "task_finished", "trajectory_id": "a6ca28c7-d6f9-4b42-97ad-a22b2d6c321a", "task_id": "task-5eb647be1fe8d553a68b", "model_version": "scripted-engineering-only", "outcome": "refused", "task_success": true}
{"event": "task_started", "trajectory_id": "ae192850-629a-498d-ad80-26c8665135bc", "task_id": "task-07a2025d71ee061f3bd2", "model_version": "scripted-engineering-only"}
{"event": "task_finished", "trajectory_id": "ae192850-629a-498d-ad80-26c8665135bc", "task_id": "task-07a2025d71ee061f3bd2", "model_version": "scripted-engineering-only", "outcome": "refused", "task_success": true}
{"event": "task_started", "trajectory_id": "fdf34e6a-9b16-4d12-93a3-2df0674f3dd9", "task_id": "task-a48da85fc162e85f19e2", "model_version": "scripted-engineering-only"}
{"event": "task_finished", "trajectory_id": "fdf34e6a-9b16-4d12-93a3-2df0674f3dd9", "task_id": "task-a48da85fc162e85f19e2", "model_version": "scripted-engineering-only", "outcome": "escalated", "task_success": true}
{"event": "task_started", "trajectory_id": "96676d87-2184-458f-99b0-ae61ed1f213f", "task_id": "task-06b8d71a2bcb3273229e", "model_version": "scripted-engineering-only"}
{"event": "task_finished", "trajectory_id": "96676d87-2184-458f-99b0-ae61ed1f213f", "task_id": "task-06b8d71a2bcb3273229e", "model_version": "scripted-engineering-only", "outcome": "escalated", "task_success": true}
{"event": "task_started", "trajectory_id": "5483529b-0ff7-4c55-9b5e-ff96a5ce4961", "task_id": "task-a54dafe4b4e3bb62483d", "model_version": "scripted-engineering-only"}
{"event": "task_finished", "trajectory_id": "5483529b-0ff7-4c55-9b5e-ff96a5ce4961", "task_id": "task-a54dafe4b4e3bb62483d", "model_version": "scripted-engineering-only", "outcome": "escalated", "task_success": true}
{"event": "task_started", "trajectory_id": "ba0726c4-fe06-4b04-b4a3-f00fa1f2c23f", "task_id": "task-965bab023d996aea99f2", "model_version": "scripted-engineering-only"}
{"event": "task_finished", "trajectory_id": "ba0726c4-fe06-4b04-b4a3-f00fa1f2c23f", "task_id": "task-965bab023d996aea99f2", "model_version": "scripted-engineering-only", "outcome": "completed", "task_success": true}
{"event": "task_started", "trajectory_id": "929a33b0-530d-402e-8e1b-6fa99079a985", "task_id": "task-eba00923d594244d8a50", "model_version": "scripted-engineering-only"}
{"event": "task_finished", "trajectory_id": "929a33b0-530d-402e-8e1b-6fa99079a985", "task_id": "task-eba00923d594244d8a50", "model_version": "scripted-engineering-only", "outcome": "completed", "task_success": true}
{"event": "task_started", "trajectory_id": "7a33b289-5863-4524-8905-07d9ec2ad8c3", "task_id": "task-2d745d5735989f513472", "model_version": "scripted-engineering-only"}
{"event": "task_finished", "trajectory_id": "7a33b289-5863-4524-8905-07d9ec2ad8c3", "task_id": "task-2d745d5735989f513472", "model_version": "scripted-engineering-only", "outcome": "completed", "task_success": true}
{"event": "task_started", "trajectory_id": "1ea13749-b430-4eb4-97b5-0db2364e269f", "task_id": "task-adce80fcd242644af3be", "model_version": "scripted-engineering-only"}
{"event": "task_finished", "trajectory_id": "1ea13749-b430-4eb4-97b5-0db2364e269f", "task_id": "task-adce80fcd242644af3be", "model_version": "scripted-engineering-only", "outcome": "escalated", "task_success": true}
{"event": "task_started", "trajectory_id": "0f6a76d9-5798-41e3-8587-34e246f863c2", "task_id": "task-a3b7dfcd02ab8da95ef8", "model_version": "scripted-engineering-only"}
{"event": "task_finished", "trajectory_id": "0f6a76d9-5798-41e3-8587-34e246f863c2", "task_id": "task-a3b7dfcd02ab8da95ef8", "model_version": "scripted-engineering-only", "outcome": "escalated", "task_success": true}
{"event": "task_started", "trajectory_id": "86dcd48f-cd89-4e60-bb82-1218bfc7cfdc", "task_id": "task-0186019e3d73611b86a1", "model_version": "scripted-engineering-only"}
{"event": "task_finished", "trajectory_id": "86dcd48f-cd89-4e60-bb82-1218bfc7cfdc", "task_id": "task-0186019e3d73611b86a1", "model_version": "scripted-engineering-only", "outcome": "escalated", "task_success": true}
{"event": "task_started", "trajectory_id": "b119b5bb-e0d8-4100-baf7-f7bfb9f9a044", "task_id": "task-734d5b0d34d0656564ee", "model_version": "scripted-engineering-only"}
{"event": "task_finished", "trajectory_id": "b119b5bb-e0d8-4100-baf7-f7bfb9f9a044", "task_id": "task-734d5b0d34d0656564ee", "model_version": "scripted-engineering-only", "outcome": "escalated", "task_success": true}
{"event": "task_started", "trajectory_id": "f8895290-e15f-4465-8031-00f39dd6fb99", "task_id": "task-5dceefde9e586fb8376a", "model_version": "scripted-engineering-only"}
{"event": "task_finished", "trajectory_id": "f8895290-e15f-4465-8031-00f39dd6fb99", "task_id": "task-5dceefde9e586fb8376a", "model_version": "scripted-engineering-only", "outcome": "escalated", "task_success": true}
{"event": "task_started", "trajectory_id": "273c7320-5a1c-4831-90c0-98241d8baa27", "task_id": "task-ad1e786facf608c440ac", "model_version": "scripted-engineering-only"}
{"event": "task_finished", "trajectory_id": "273c7320-5a1c-4831-90c0-98241d8baa27", "task_id": "task-ad1e786facf608c440ac", "model_version": "scripted-engineering-only", "outcome": "escalated", "task_success": true}
{"event": "task_started", "trajectory_id": "a8afe18f-0e0d-4b4f-98da-4303fba1740f", "task_id": "task-bb68b21999ce552f5ffc", "model_version": "scripted-engineering-only"}
{"event": "task_finished", "trajectory_id": "a8afe18f-0e0d-4b4f-98da-4303fba1740f", "task_id": "task-bb68b21999ce552f5ffc", "model_version": "scripted-engineering-only", "outcome": "completed", "task_success": true}
{"event": "task_started", "trajectory_id": "805c6e92-a820-47eb-bd8c-72a19f7c2652", "task_id": "task-a1d394ba1d073d7a2eaa", "model_version": "scripted-engineering-only"}
{"event": "task_finished", "trajectory_id": "805c6e92-a820-47eb-bd8c-72a19f7c2652", "task_id": "task-a1d394ba1d073d7a2eaa", "model_version": "scripted-engineering-only", "outcome": "completed", "task_success": true}
{"event": "task_started", "trajectory_id": "fb71a254-ac22-44e7-bbec-94dc6f78ed10", "task_id": "task-edb462866dbadf5ed77c", "model_version": "scripted-engineering-only"}
{"event": "task_finished", "trajectory_id": "fb71a254-ac22-44e7-bbec-94dc6f78ed10", "task_id": "task-edb462866dbadf5ed77c", "model_version": "scripted-engineering-only", "outcome": "completed", "task_success": true}
{"event": "task_started", "trajectory_id": "ef87ffd0-b396-4775-9797-42a012c46883", "task_id": "task-6dfee218765c8a8ccb03", "model_version": "scripted-engineering-only"}
{"event": "task_finished", "trajectory_id": "ef87ffd0-b396-4775-9797-42a012c46883", "task_id": "task-6dfee218765c8a8ccb03", "model_version": "scripted-engineering-only", "outcome": "completed", "task_success": true}
{"event": "task_started", "trajectory_id": "249abf79-6636-4fe2-8695-ec41f9f1729c", "task_id": "task-7b7e1c638fa73fcdc0cb", "model_version": "scripted-engineering-only"}
{"event": "task_finished", "trajectory_id": "249abf79-6636-4fe2-8695-ec41f9f1729c", "task_id": "task-7b7e1c638fa73fcdc0cb", "model_version": "scripted-engineering-only", "outcome": "completed", "task_success": true}
{"event": "task_started", "trajectory_id": "faaa53a8-26a1-4348-be50-3b47a46caac0", "task_id": "task-30eeea5e7635d5b1ecb1", "model_version": "scripted-engineering-only"}
{"event": "task_finished", "trajectory_id": "faaa53a8-26a1-4348-be50-3b47a46caac0", "task_id": "task-30eeea5e7635d5b1ecb1", "model_version": "scripted-engineering-only", "outcome": "completed", "task_success": true}
{"event": "task_started", "trajectory_id": "ed184afc-b955-4811-ac8a-cab48b237587", "task_id": "task-d1dddd10b1af24b04d3e", "model_version": "scripted-engineering-only"}
{"event": "task_finished", "trajectory_id": "ed184afc-b955-4811-ac8a-cab48b237587", "task_id": "task-d1dddd10b1af24b04d3e", "model_version": "scripted-engineering-only", "outcome": "escalated", "task_success": true}
{"event": "task_started", "trajectory_id": "358f0cc3-5b0f-46fd-8d0b-3650f27e2f49", "task_id": "task-afbdfb29b194d7db817e", "model_version": "scripted-engineering-only"}
{"event": "task_finished", "trajectory_id": "358f0cc3-5b0f-46fd-8d0b-3650f27e2f49", "task_id": "task-afbdfb29b194d7db817e", "model_version": "scripted-engineering-only", "outcome": "escalated", "task_success": true}
{"event": "task_started", "trajectory_id": "a80dd855-f399-46c5-bb69-d43abf91aa13", "task_id": "task-1cb1631bb12620637a56", "model_version": "scripted-engineering-only"}
{"event": "task_finished", "trajectory_id": "a80dd855-f399-46c5-bb69-d43abf91aa13", "task_id": "task-1cb1631bb12620637a56", "model_version": "scripted-engineering-only", "outcome": "escalated", "task_success": true}
{"event": "task_started", "trajectory_id": "df455ef8-a296-4b03-8f5c-3df130b6a961", "task_id": "task-86bd6cb9106510ea039f", "model_version": "scripted-engineering-only"}
{"event": "task_finished", "trajectory_id": "df455ef8-a296-4b03-8f5c-3df130b6a961", "task_id": "task-86bd6cb9106510ea039f", "model_version": "scripted-engineering-only", "outcome": "escalated", "task_success": true}
{"event": "task_started", "trajectory_id": "b17fcad3-8187-4a7c-82f2-55fec7b2f020", "task_id": "task-28acc947e09e78444ad1", "model_version": "scripted-engineering-only"}
{"event": "task_finished", "trajectory_id": "b17fcad3-8187-4a7c-82f2-55fec7b2f020", "task_id": "task-28acc947e09e78444ad1", "model_version": "scripted-engineering-only", "outcome": "escalated", "task_success": true}
{"event": "task_started", "trajectory_id": "0bc71e99-6f2e-424c-bec5-836a0ac7e31a", "task_id": "task-398eead64c3eeb871099", "model_version": "scripted-engineering-only"}
{"event": "task_finished", "trajectory_id": "0bc71e99-6f2e-424c-bec5-836a0ac7e31a", "task_id": "task-398eead64c3eeb871099", "model_version": "scripted-engineering-only", "outcome": "escalated", "task_success": true}
{"event": "task_started", "trajectory_id": "7d0adf0a-366b-493a-baac-7549087c29b2", "task_id": "task-80544b2a08bd57e8e768", "model_version": "scripted-engineering-only"}
{"event": "task_finished", "trajectory_id": "7d0adf0a-366b-493a-baac-7549087c29b2", "task_id": "task-80544b2a08bd57e8e768", "model_version": "scripted-engineering-only", "outcome": "completed", "task_success": true}
{"event": "task_started", "trajectory_id": "2ac88e60-3118-4ce4-8034-5bdf1514dd4d", "task_id": "task-673dbc9dd8f247601722", "model_version": "scripted-engineering-only"}
{"event": "task_finished", "trajectory_id": "2ac88e60-3118-4ce4-8034-5bdf1514dd4d", "task_id": "task-673dbc9dd8f247601722", "model_version": "scripted-engineering-only", "outcome": "completed", "task_success": true}
{"event": "task_started", "trajectory_id": "ddca7f05-5dbb-47bc-901d-219a5701f501", "task_id": "task-ed359ba55106b09d8847", "model_version": "scripted-engineering-only"}
{"event": "task_finished", "trajectory_id": "ddca7f05-5dbb-47bc-901d-219a5701f501", "task_id": "task-ed359ba55106b09d8847", "model_version": "scripted-engineering-only", "outcome": "completed", "task_success": true}
{"event": "task_started", "trajectory_id": "71874f6b-7dc5-44e5-9900-59aafc19137a", "task_id": "task-292ef81ae14a36c27b3f", "model_version": "scripted-engineering-only"}
{"event": "task_finished", "trajectory_id": "71874f6b-7dc5-44e5-9900-59aafc19137a", "task_id": "task-292ef81ae14a36c27b3f", "model_version": "scripted-engineering-only", "outcome": "refused", "task_success": true}
{"event": "task_started", "trajectory_id": "27cceabc-8b53-47db-b3f6-ada26ccdf697", "task_id": "task-5a00f3a9d86cd9d6c54d", "model_version": "scripted-engineering-only"}
{"event": "task_finished", "trajectory_id": "27cceabc-8b53-47db-b3f6-ada26ccdf697", "task_id": "task-5a00f3a9d86cd9d6c54d", "model_version": "scripted-engineering-only", "outcome": "refused", "task_success": true}
{"event": "task_started", "trajectory_id": "d4363d36-46bd-4b67-8b67-446f3f1139ed", "task_id": "task-3b9ce844f270fdf7774d", "model_version": "scripted-engineering-only"}
{"event": "task_finished", "trajectory_id": "d4363d36-46bd-4b67-8b67-446f3f1139ed", "task_id": "task-3b9ce844f270fdf7774d", "model_version": "scripted-engineering-only", "outcome": "refused", "task_success": true}
{"event": "task_started", "trajectory_id": "67368238-fe4c-4214-929e-67b9f21fed5c", "task_id": "task-f9ea9ef01353b4b68e96", "model_version": "scripted-engineering-only"}
{"event": "task_finished", "trajectory_id": "67368238-fe4c-4214-929e-67b9f21fed5c", "task_id": "task-f9ea9ef01353b4b68e96", "model_version": "scripted-engineering-only", "outcome": "refused", "task_success": true}
{"event": "task_started", "trajectory_id": "074c0cc8-7b00-4052-8fb8-822aa53285de", "task_id": "task-98171245bbd786a1517a", "model_version": "scripted-engineering-only"}
{"event": "task_finished", "trajectory_id": "074c0cc8-7b00-4052-8fb8-822aa53285de", "task_id": "task-98171245bbd786a1517a", "model_version": "scripted-engineering-only", "outcome": "refused", "task_success": true}
{"event": "task_started", "trajectory_id": "a8455e82-5361-4c37-b3be-1e098d74b590", "task_id": "task-097a2cdd49eb7039eeda", "model_version": "scripted-engineering-only"}
{"event": "task_finished", "trajectory_id": "a8455e82-5361-4c37-b3be-1e098d74b590", "task_id": "task-097a2cdd49eb7039eeda", "model_version": "scripted-engineering-only", "outcome": "refused", "task_success": true}
{"event": "task_started", "trajectory_id": "32a30e93-ca53-4397-a9b2-34ce07313807", "task_id": "task-dc45c35c4539665fa28a", "model_version": "scripted-engineering-only"}
{"event": "task_finished", "trajectory_id": "32a30e93-ca53-4397-a9b2-34ce07313807", "task_id": "task-dc45c35c4539665fa28a", "model_version": "scripted-engineering-only", "outcome": "escalated", "task_success": true}
{"event": "task_started", "trajectory_id": "f09a59e1-0a60-42fc-8655-5b937db09122", "task_id": "task-012721fdabc6938bfdb4", "model_version": "scripted-engineering-only"}
{"event": "task_finished", "trajectory_id": "f09a59e1-0a60-42fc-8655-5b937db09122", "task_id": "task-012721fdabc6938bfdb4", "model_version": "scripted-engineering-only", "outcome": "escalated", "task_success": true}
{"event": "task_started", "trajectory_id": "bae82e1c-78c3-4d92-a382-6224cb8337ec", "task_id": "task-7e2db9056f851620b578", "model_version": "scripted-engineering-only"}
{"event": "task_finished", "trajectory_id": "bae82e1c-78c3-4d92-a382-6224cb8337ec", "task_id": "task-7e2db9056f851620b578", "model_version": "scripted-engineering-only", "outcome": "escalated", "task_success": true}
{"event": "task_started", "trajectory_id": "554775ba-cc54-4971-b1d5-28cb4f7dc244", "task_id": "task-56d11969bbac661ba221", "model_version": "scripted-engineering-only"}
{"event": "task_finished", "trajectory_id": "554775ba-cc54-4971-b1d5-28cb4f7dc244", "task_id": "task-56d11969bbac661ba221", "model_version": "scripted-engineering-only", "outcome": "refused", "task_success": true}
{"event": "task_started", "trajectory_id": "eb4072dc-657e-4c1a-8d11-5e0a51889814", "task_id": "task-87d7c7fe1cf3dca74c72", "model_version": "scripted-engineering-only"}
{"event": "task_finished", "trajectory_id": "eb4072dc-657e-4c1a-8d11-5e0a51889814", "task_id": "task-87d7c7fe1cf3dca74c72", "model_version": "scripted-engineering-only", "outcome": "refused", "task_success": true}
{"event": "task_started", "trajectory_id": "a45acd9c-06d9-4e30-9ab7-01c690eff747", "task_id": "task-31dce11192d72a14cb25", "model_version": "scripted-engineering-only"}
{"event": "task_finished", "trajectory_id": "a45acd9c-06d9-4e30-9ab7-01c690eff747", "task_id": "task-31dce11192d72a14cb25", "model_version": "scripted-engineering-only", "outcome": "refused", "task_success": true}
{"event": "task_started", "trajectory_id": "6add92bb-8812-485c-a83c-dc72732563a1", "task_id": "task-c9c2d9c2d23545eb0e36", "model_version": "scripted-engineering-only"}
{"event": "task_finished", "trajectory_id": "6add92bb-8812-485c-a83c-dc72732563a1", "task_id": "task-c9c2d9c2d23545eb0e36", "model_version": "scripted-engineering-only", "outcome": "refused", "task_success": true}
{"event": "task_started", "trajectory_id": "4deb2b8f-0b8b-445e-a67f-761c61947507", "task_id": "task-9f2dbc26618598f23b3d", "model_version": "scripted-engineering-only"}
{"event": "task_finished", "trajectory_id": "4deb2b8f-0b8b-445e-a67f-761c61947507", "task_id": "task-9f2dbc26618598f23b3d", "model_version": "scripted-engineering-only", "outcome": "refused", "task_success": true}
{"event": "task_started", "trajectory_id": "6ae5b7f6-6dc0-402c-8691-4a097126de2a", "task_id": "task-ba01b87f8d3c2b2a0a9d", "model_version": "scripted-engineering-only"}
{"event": "task_finished", "trajectory_id": "6ae5b7f6-6dc0-402c-8691-4a097126de2a", "task_id": "task-ba01b87f8d3c2b2a0a9d", "model_version": "scripted-engineering-only", "outcome": "refused", "task_success": true}
{"event": "task_started", "trajectory_id": "4ce44023-edb4-4b87-b28c-9cdfa4e8fd4b", "task_id": "task-bdd32dbdec43e2d790e2", "model_version": "scripted-engineering-only"}
{"event": "task_finished", "trajectory_id": "4ce44023-edb4-4b87-b28c-9cdfa4e8fd4b", "task_id": "task-bdd32dbdec43e2d790e2", "model_version": "scripted-engineering-only", "outcome": "escalated", "task_success": true}
{"event": "task_started", "trajectory_id": "3ce2507e-0467-4112-8077-616e09a10e2c", "task_id": "task-abd88aed3619fa1f2adb", "model_version": "scripted-engineering-only"}
{"event": "task_finished", "trajectory_id": "3ce2507e-0467-4112-8077-616e09a10e2c", "task_id": "task-abd88aed3619fa1f2adb", "model_version": "scripted-engineering-only", "outcome": "escalated", "task_success": true}
{"event": "task_started", "trajectory_id": "3c7891d1-6a80-45e1-b54b-3ef4052d7836", "task_id": "task-3679379ac0a63d0c5798", "model_version": "scripted-engineering-only"}
{"event": "task_finished", "trajectory_id": "3c7891d1-6a80-45e1-b54b-3ef4052d7836", "task_id": "task-3679379ac0a63d0c5798", "model_version": "scripted-engineering-only", "outcome": "escalated", "task_success": true}
{"event": "task_started", "trajectory_id": "23b072a8-e430-47b9-9464-bc64aabc3ada", "task_id": "task-ec729be391c4a34fe297", "model_version": "scripted-engineering-only"}
{"event": "task_finished", "trajectory_id": "23b072a8-e430-47b9-9464-bc64aabc3ada", "task_id": "task-ec729be391c4a34fe297", "model_version": "scripted-engineering-only", "outcome": "completed", "task_success": true}
{"event": "task_started", "trajectory_id": "80455ebc-b2ea-4faf-afa2-d1ae50269d46", "task_id": "task-b453a658279db88de3c0", "model_version": "scripted-engineering-only"}
{"event": "task_finished", "trajectory_id": "80455ebc-b2ea-4faf-afa2-d1ae50269d46", "task_id": "task-b453a658279db88de3c0", "model_version": "scripted-engineering-only", "outcome": "completed", "task_success": true}
{"event": "task_started", "trajectory_id": "5f40feb1-cfcb-4082-a366-ed7f1d3f37fc", "task_id": "task-97af2e092bbdb911a25a", "model_version": "scripted-engineering-only"}
{"event": "task_finished", "trajectory_id": "5f40feb1-cfcb-4082-a366-ed7f1d3f37fc", "task_id": "task-97af2e092bbdb911a25a", "model_version": "scripted-engineering-only", "outcome": "completed", "task_success": true}
{"event": "task_started", "trajectory_id": "9cb61eea-d414-4974-ad1f-d4d925926d30", "task_id": "task-0724fc5648935c3d16ba", "model_version": "scripted-engineering-only"}
{"event": "task_finished", "trajectory_id": "9cb61eea-d414-4974-ad1f-d4d925926d30", "task_id": "task-0724fc5648935c3d16ba", "model_version": "scripted-engineering-only", "outcome": "escalated", "task_success": true}
{"event": "task_started", "trajectory_id": "9d066dfc-6d93-428b-9695-4e5ac1d463da", "task_id": "task-674a4080fd2f0382b598", "model_version": "scripted-engineering-only"}
{"event": "task_finished", "trajectory_id": "9d066dfc-6d93-428b-9695-4e5ac1d463da", "task_id": "task-674a4080fd2f0382b598", "model_version": "scripted-engineering-only", "outcome": "escalated", "task_success": true}
{"event": "task_started", "trajectory_id": "683e0db1-9910-4fba-8b9d-8de617f50ff7", "task_id": "task-3feda8a21f9775e1db88", "model_version": "scripted-engineering-only"}
{"event": "task_finished", "trajectory_id": "683e0db1-9910-4fba-8b9d-8de617f50ff7", "task_id": "task-3feda8a21f9775e1db88", "model_version": "scripted-engineering-only", "outcome": "escalated", "task_success": true}
{"event": "task_started", "trajectory_id": "e0b4ee01-ff97-4015-85bc-16f5c3576948", "task_id": "task-0e084016f0ee902062e6", "model_version": "scripted-engineering-only"}
{"event": "task_finished", "trajectory_id": "e0b4ee01-ff97-4015-85bc-16f5c3576948", "task_id": "task-0e084016f0ee902062e6", "model_version": "scripted-engineering-only", "outcome": "completed", "task_success": true}
{"event": "task_started", "trajectory_id": "711de6c2-9cfd-4c1f-8b98-abdf4875b334", "task_id": "task-4c6c1f9967c096b34002", "model_version": "scripted-engineering-only"}
{"event": "task_finished", "trajectory_id": "711de6c2-9cfd-4c1f-8b98-abdf4875b334", "task_id": "task-4c6c1f9967c096b34002", "model_version": "scripted-engineering-only", "outcome": "completed", "task_success": true}
{"event": "task_started", "trajectory_id": "0eed3179-4644-48a7-8834-81687616b940", "task_id": "task-5d8affbfbc38c6af2a55", "model_version": "scripted-engineering-only"}
{"event": "task_finished", "trajectory_id": "0eed3179-4644-48a7-8834-81687616b940", "task_id": "task-5d8affbfbc38c6af2a55", "model_version": "scripted-engineering-only", "outcome": "completed", "task_success": true}
{"event": "task_started", "trajectory_id": "731ecd1e-b355-47f6-82c1-d3732569ecf0", "task_id": "task-705ae2b6a38ee732fcb6", "model_version": "scripted-engineering-only"}
{"event": "task_finished", "trajectory_id": "731ecd1e-b355-47f6-82c1-d3732569ecf0", "task_id": "task-705ae2b6a38ee732fcb6", "model_version": "scripted-engineering-only", "outcome": "refused", "task_success": true}
{"event": "task_started", "trajectory_id": "9f7d605f-bd5b-4d70-b845-2ec374e778a8", "task_id": "task-aacc6eab02d55411c926", "model_version": "scripted-engineering-only"}
{"event": "task_finished", "trajectory_id": "9f7d605f-bd5b-4d70-b845-2ec374e778a8", "task_id": "task-aacc6eab02d55411c926", "model_version": "scripted-engineering-only", "outcome": "refused", "task_success": true}
{"event": "task_started", "trajectory_id": "e8c98262-8336-4996-af49-0d9e50fc42f3", "task_id": "task-e69eb5bbc48e257eaed9", "model_version": "scripted-engineering-only"}
{"event": "task_finished", "trajectory_id": "e8c98262-8336-4996-af49-0d9e50fc42f3", "task_id": "task-e69eb5bbc48e257eaed9", "model_version": "scripted-engineering-only", "outcome": "refused", "task_success": true}
{"event": "task_started", "trajectory_id": "8c24a29c-7439-4a6b-8637-55d83895c65d", "task_id": "task-d218b76a549bb71d32a3", "model_version": "scripted-engineering-only"}
{"event": "task_finished", "trajectory_id": "8c24a29c-7439-4a6b-8637-55d83895c65d", "task_id": "task-d218b76a549bb71d32a3", "model_version": "scripted-engineering-only", "outcome": "escalated", "task_success": true}
{"event": "task_started", "trajectory_id": "5aa309e8-f28b-4203-982f-e9a4f21a88c5", "task_id": "task-399f80239f711ea5d908", "model_version": "scripted-engineering-only"}
{"event": "task_finished", "trajectory_id": "5aa309e8-f28b-4203-982f-e9a4f21a88c5", "task_id": "task-399f80239f711ea5d908", "model_version": "scripted-engineering-only", "outcome": "escalated", "task_success": true}
{"event": "task_started", "trajectory_id": "73de3675-6ee2-4bf4-8fc7-92b5807b8920", "task_id": "task-59a584317a710f1deb73", "model_version": "scripted-engineering-only"}
{"event": "task_finished", "trajectory_id": "73de3675-6ee2-4bf4-8fc7-92b5807b8920", "task_id": "task-59a584317a710f1deb73", "model_version": "scripted-engineering-only", "outcome": "escalated", "task_success": true}
{"event": "task_started", "trajectory_id": "ce878d7b-2e6b-4445-9c95-f390146d3dc5", "task_id": "task-f72263adb1c1d420111e", "model_version": "scripted-engineering-only"}
{"event": "task_finished", "trajectory_id": "ce878d7b-2e6b-4445-9c95-f390146d3dc5", "task_id": "task-f72263adb1c1d420111e", "model_version": "scripted-engineering-only", "outcome": "escalated", "task_success": true}
{"event": "task_started", "trajectory_id": "1d6632ea-5aa5-458c-92aa-3bdde97ee547", "task_id": "task-90c1813085f31f5299b3", "model_version": "scripted-engineering-only"}
{"event": "task_finished", "trajectory_id": "1d6632ea-5aa5-458c-92aa-3bdde97ee547", "task_id": "task-90c1813085f31f5299b3", "model_version": "scripted-engineering-only", "outcome": "escalated", "task_success": true}
{"event": "task_started", "trajectory_id": "622bd4b5-a716-4428-8636-e4d1e3020e1b", "task_id": "task-c31ed15c43fec69b21d0", "model_version": "scripted-engineering-only"}
{"event": "task_finished", "trajectory_id": "622bd4b5-a716-4428-8636-e4d1e3020e1b", "task_id": "task-c31ed15c43fec69b21d0", "model_version": "scripted-engineering-only", "outcome": "escalated", "task_success": true}
{"event": "task_started", "trajectory_id": "46ae27eb-1a2c-4264-9a9a-76480c1ae55f", "task_id": "task-c4da3551dcd0c1e6d1bc", "model_version": "scripted-engineering-only"}
{"event": "task_finished", "trajectory_id": "46ae27eb-1a2c-4264-9a9a-76480c1ae55f", "task_id": "task-c4da3551dcd0c1e6d1bc", "model_version": "scripted-engineering-only", "outcome": "completed", "task_success": true}
{"event": "task_started", "trajectory_id": "6ab974cf-6040-4533-aa70-dfd35a23c9b3", "task_id": "task-d573e068640729f6fc0c", "model_version": "scripted-engineering-only"}
{"event": "task_finished", "trajectory_id": "6ab974cf-6040-4533-aa70-dfd35a23c9b3", "task_id": "task-d573e068640729f6fc0c", "model_version": "scripted-engineering-only", "outcome": "completed", "task_success": true}
{"event": "task_started", "trajectory_id": "92a9c5b1-3550-46db-9d2d-910dba1fb2ea", "task_id": "task-5451f40b657f5bfdccbc", "model_version": "scripted-engineering-only"}
{"event": "task_finished", "trajectory_id": "92a9c5b1-3550-46db-9d2d-910dba1fb2ea", "task_id": "task-5451f40b657f5bfdccbc", "model_version": "scripted-engineering-only", "outcome": "completed", "task_success": true}
{"event": "task_started", "trajectory_id": "7193c55a-7d21-4f18-b00f-6bcd154ed017", "task_id": "task-d71f713e079ab5c2b330", "model_version": "scripted-engineering-only"}
{"event": "task_finished", "trajectory_id": "7193c55a-7d21-4f18-b00f-6bcd154ed017", "task_id": "task-d71f713e079ab5c2b330", "model_version": "scripted-engineering-only", "outcome": "completed", "task_success": true}
{"event": "task_started", "trajectory_id": "ba81a687-0cfc-4e2a-ba8b-90df7fc5b1f9", "task_id": "task-aa38b5523e6289961272", "model_version": "scripted-engineering-only"}
{"event": "task_finished", "trajectory_id": "ba81a687-0cfc-4e2a-ba8b-90df7fc5b1f9", "task_id": "task-aa38b5523e6289961272", "model_version": "scripted-engineering-only", "outcome": "completed", "task_success": true}
{"event": "task_started", "trajectory_id": "130d6c57-2f3b-4910-9216-5de89092b5d2", "task_id": "task-45334e54e1889ab54a6c", "model_version": "scripted-engineering-only"}
{"event": "task_finished", "trajectory_id": "130d6c57-2f3b-4910-9216-5de89092b5d2", "task_id": "task-45334e54e1889ab54a6c", "model_version": "scripted-engineering-only", "outcome": "completed", "task_success": true}
{"event": "task_started", "trajectory_id": "d2c2b07e-1b84-41d5-88d8-f9feca9f4fdc", "task_id": "task-c50d95cdd2eabf3b7e52", "model_version": "scripted-engineering-only"}
{"event": "task_finished", "trajectory_id": "d2c2b07e-1b84-41d5-88d8-f9feca9f4fdc", "task_id": "task-c50d95cdd2eabf3b7e52", "model_version": "scripted-engineering-only", "outcome": "completed", "task_success": true}
{"event": "task_started", "trajectory_id": "a1de0c08-5b46-4019-b06b-aae6d4d25fca", "task_id": "task-e730102b9a4395aae8ee", "model_version": "scripted-engineering-only"}
{"event": "task_finished", "trajectory_id": "a1de0c08-5b46-4019-b06b-aae6d4d25fca", "task_id": "task-e730102b9a4395aae8ee", "model_version": "scripted-engineering-only", "outcome": "completed", "task_success": true}
{"event": "task_started", "trajectory_id": "70568ee5-c325-4ec1-ac3e-47744babfc24", "task_id": "task-c1422229a8352e1cf4fc", "model_version": "scripted-engineering-only"}
{"event": "task_finished", "trajectory_id": "70568ee5-c325-4ec1-ac3e-47744babfc24", "task_id": "task-c1422229a8352e1cf4fc", "model_version": "scripted-engineering-only", "outcome": "completed", "task_success": true}
{"event": "task_started", "trajectory_id": "a73e41ca-f3b4-43d1-8728-1866732b8c88", "task_id": "task-f67587394339c41f909c", "model_version": "scripted-engineering-only"}
{"event": "task_finished", "trajectory_id": "a73e41ca-f3b4-43d1-8728-1866732b8c88", "task_id": "task-f67587394339c41f909c", "model_version": "scripted-engineering-only", "outcome": "refused", "task_success": true}
{"event": "task_started", "trajectory_id": "936bc838-05e6-4b3b-b86d-b3e7bc939366", "task_id": "task-b2e0e6a52eb4cbe28b57", "model_version": "scripted-engineering-only"}
{"event": "task_finished", "trajectory_id": "936bc838-05e6-4b3b-b86d-b3e7bc939366", "task_id": "task-b2e0e6a52eb4cbe28b57", "model_version": "scripted-engineering-only", "outcome": "refused", "task_success": true}
{"event": "task_started", "trajectory_id": "806dea04-c344-4a72-9718-9fc77b02b659", "task_id": "task-271e4f001bfbec4ba37f", "model_version": "scripted-engineering-only"}
{"event": "task_finished", "trajectory_id": "806dea04-c344-4a72-9718-9fc77b02b659", "task_id": "task-271e4f001bfbec4ba37f", "model_version": "scripted-engineering-only", "outcome": "refused", "task_success": true}
{"event": "task_started", "trajectory_id": "ea4b7a83-e7d1-4a11-827e-2e754d071785", "task_id": "task-f476ba5bc12924d9bc6b", "model_version": "scripted-engineering-only"}
{"event": "task_finished", "trajectory_id": "ea4b7a83-e7d1-4a11-827e-2e754d071785", "task_id": "task-f476ba5bc12924d9bc6b", "model_version": "scripted-engineering-only", "outcome": "refused", "task_success": true}
{"event": "task_started", "trajectory_id": "e7a192b6-6130-44a5-b6da-d9dd38eb5726", "task_id": "task-5eb647be1fe8d553a68b", "model_version": "scripted-engineering-only"}
{"event": "task_finished", "trajectory_id": "e7a192b6-6130-44a5-b6da-d9dd38eb5726", "task_id": "task-5eb647be1fe8d553a68b", "model_version": "scripted-engineering-only", "outcome": "refused", "task_success": true}
{"event": "task_started", "trajectory_id": "1bbdce95-fc8a-4c6d-95b2-7371b32ba497", "task_id": "task-07a2025d71ee061f3bd2", "model_version": "scripted-engineering-only"}
{"event": "task_finished", "trajectory_id": "1bbdce95-fc8a-4c6d-95b2-7371b32ba497", "task_id": "task-07a2025d71ee061f3bd2", "model_version": "scripted-engineering-only", "outcome": "refused", "task_success": true}
{"event": "task_started", "trajectory_id": "e03e89c3-148f-46fa-9f9d-54664acccdad", "task_id": "task-a48da85fc162e85f19e2", "model_version": "scripted-engineering-only"}
{"event": "task_finished", "trajectory_id": "e03e89c3-148f-46fa-9f9d-54664acccdad", "task_id": "task-a48da85fc162e85f19e2", "model_version": "scripted-engineering-only", "outcome": "escalated", "task_success": true}
{"event": "task_started", "trajectory_id": "d2d504a8-b903-4a50-a6ab-004b83fa925c", "task_id": "task-06b8d71a2bcb3273229e", "model_version": "scripted-engineering-only"}
{"event": "task_finished", "trajectory_id": "d2d504a8-b903-4a50-a6ab-004b83fa925c", "task_id": "task-06b8d71a2bcb3273229e", "model_version": "scripted-engineering-only", "outcome": "escalated", "task_success": true}
{"event": "task_started", "trajectory_id": "6cdc3edb-eef7-422d-a2ea-4af6f9131757", "task_id": "task-a54dafe4b4e3bb62483d", "model_version": "scripted-engineering-only"}
{"event": "task_finished", "trajectory_id": "6cdc3edb-eef7-422d-a2ea-4af6f9131757", "task_id": "task-a54dafe4b4e3bb62483d", "model_version": "scripted-engineering-only", "outcome": "escalated", "task_success": true}
{"event": "task_started", "trajectory_id": "98b8282c-ed65-4046-ae92-7d706cb40dfb", "task_id": "task-965bab023d996aea99f2", "model_version": "scripted-engineering-only"}
{"event": "task_finished", "trajectory_id": "98b8282c-ed65-4046-ae92-7d706cb40dfb", "task_id": "task-965bab023d996aea99f2", "model_version": "scripted-engineering-only", "outcome": "completed", "task_success": true}
{"event": "task_started", "trajectory_id": "49206009-7de7-4f4c-a06e-4f731ba57059", "task_id": "task-eba00923d594244d8a50", "model_version": "scripted-engineering-only"}
{"event": "task_finished", "trajectory_id": "49206009-7de7-4f4c-a06e-4f731ba57059", "task_id": "task-eba00923d594244d8a50", "model_version": "scripted-engineering-only", "outcome": "completed", "task_success": true}
{"event": "task_started", "trajectory_id": "28c078de-b589-4cb1-a0d3-b83f0267a770", "task_id": "task-2d745d5735989f513472", "model_version": "scripted-engineering-only"}
{"event": "task_finished", "trajectory_id": "28c078de-b589-4cb1-a0d3-b83f0267a770", "task_id": "task-2d745d5735989f513472", "model_version": "scripted-engineering-only", "outcome": "completed", "task_success": true}
{"event": "task_started", "trajectory_id": "8ed537af-ddc4-4cf1-a7ee-cb016170364f", "task_id": "task-adce80fcd242644af3be", "model_version": "scripted-engineering-only"}
{"event": "task_finished", "trajectory_id": "8ed537af-ddc4-4cf1-a7ee-cb016170364f", "task_id": "task-adce80fcd242644af3be", "model_version": "scripted-engineering-only", "outcome": "escalated", "task_success": true}
{"event": "task_started", "trajectory_id": "a5138076-42d6-4964-9a2b-4eb9e8fa4361", "task_id": "task-a3b7dfcd02ab8da95ef8", "model_version": "scripted-engineering-only"}
{"event": "task_finished", "trajectory_id": "a5138076-42d6-4964-9a2b-4eb9e8fa4361", "task_id": "task-a3b7dfcd02ab8da95ef8", "model_version": "scripted-engineering-only", "outcome": "escalated", "task_success": true}
{"event": "task_started", "trajectory_id": "dfad5e77-42ce-4245-8280-a4b147fdbd3e", "task_id": "task-0186019e3d73611b86a1", "model_version": "scripted-engineering-only"}
{"event": "task_finished", "trajectory_id": "dfad5e77-42ce-4245-8280-a4b147fdbd3e", "task_id": "task-0186019e3d73611b86a1", "model_version": "scripted-engineering-only", "outcome": "escalated", "task_success": true}
{"event": "task_started", "trajectory_id": "a28c153d-1f03-4f4a-9371-cb69ed9a8cc4", "task_id": "task-734d5b0d34d0656564ee", "model_version": "scripted-engineering-only"}
{"event": "task_finished", "trajectory_id": "a28c153d-1f03-4f4a-9371-cb69ed9a8cc4", "task_id": "task-734d5b0d34d0656564ee", "model_version": "scripted-engineering-only", "outcome": "escalated", "task_success": true}
{"event": "task_started", "trajectory_id": "6ebe5b7a-3996-4d24-ae48-52113d329fc9", "task_id": "task-5dceefde9e586fb8376a", "model_version": "scripted-engineering-only"}
{"event": "task_finished", "trajectory_id": "6ebe5b7a-3996-4d24-ae48-52113d329fc9", "task_id": "task-5dceefde9e586fb8376a", "model_version": "scripted-engineering-only", "outcome": "escalated", "task_success": true}
{"event": "task_started", "trajectory_id": "f77a70af-c81e-4b61-802e-ef0cea66a067", "task_id": "task-ad1e786facf608c440ac", "model_version": "scripted-engineering-only"}
{"event": "task_finished", "trajectory_id": "f77a70af-c81e-4b61-802e-ef0cea66a067", "task_id": "task-ad1e786facf608c440ac", "model_version": "scripted-engineering-only", "outcome": "escalated", "task_success": true}
{"event": "task_started", "trajectory_id": "72d6973d-b1c5-491e-8fe4-24b8bb098de7", "task_id": "task-bb68b21999ce552f5ffc", "model_version": "scripted-engineering-only"}
{"event": "task_finished", "trajectory_id": "72d6973d-b1c5-491e-8fe4-24b8bb098de7", "task_id": "task-bb68b21999ce552f5ffc", "model_version": "scripted-engineering-only", "outcome": "completed", "task_success": true}
{"event": "task_started", "trajectory_id": "7c68ed74-c614-4cb4-8f25-5b0b0f822343", "task_id": "task-a1d394ba1d073d7a2eaa", "model_version": "scripted-engineering-only"}
{"event": "task_finished", "trajectory_id": "7c68ed74-c614-4cb4-8f25-5b0b0f822343", "task_id": "task-a1d394ba1d073d7a2eaa", "model_version": "scripted-engineering-only", "outcome": "completed", "task_success": true}
{"event": "task_started", "trajectory_id": "7dbf5c40-0553-45aa-82f5-5f72dc60fff7", "task_id": "task-edb462866dbadf5ed77c", "model_version": "scripted-engineering-only"}
{"event": "task_finished", "trajectory_id": "7dbf5c40-0553-45aa-82f5-5f72dc60fff7", "task_id": "task-edb462866dbadf5ed77c", "model_version": "scripted-engineering-only", "outcome": "completed", "task_success": true}
{"event": "task_started", "trajectory_id": "65f741c8-05b3-471a-bc08-3bd8e558834a", "task_id": "task-6dfee218765c8a8ccb03", "model_version": "scripted-engineering-only"}
{"event": "task_finished", "trajectory_id": "65f741c8-05b3-471a-bc08-3bd8e558834a", "task_id": "task-6dfee218765c8a8ccb03", "model_version": "scripted-engineering-only", "outcome": "completed", "task_success": true}
{"event": "task_started", "trajectory_id": "854d74a7-fc55-46ff-a054-dc2227577494", "task_id": "task-7b7e1c638fa73fcdc0cb", "model_version": "scripted-engineering-only"}
{"event": "task_finished", "trajectory_id": "854d74a7-fc55-46ff-a054-dc2227577494", "task_id": "task-7b7e1c638fa73fcdc0cb", "model_version": "scripted-engineering-only", "outcome": "completed", "task_success": true}
{"event": "task_started", "trajectory_id": "5fa843b9-20f5-4e86-b356-40da071f2df5", "task_id": "task-30eeea5e7635d5b1ecb1", "model_version": "scripted-engineering-only"}
{"event": "task_finished", "trajectory_id": "5fa843b9-20f5-4e86-b356-40da071f2df5", "task_id": "task-30eeea5e7635d5b1ecb1", "model_version": "scripted-engineering-only", "outcome": "completed", "task_success": true}
{"event": "task_started", "trajectory_id": "03b03d24-3085-49e4-bb94-535cad80432a", "task_id": "task-d1dddd10b1af24b04d3e", "model_version": "scripted-engineering-only"}
{"event": "task_finished", "trajectory_id": "03b03d24-3085-49e4-bb94-535cad80432a", "task_id": "task-d1dddd10b1af24b04d3e", "model_version": "scripted-engineering-only", "outcome": "escalated", "task_success": true}
{"event": "task_started", "trajectory_id": "729caf02-06e0-4caa-b2e5-bf2011a41d70", "task_id": "task-afbdfb29b194d7db817e", "model_version": "scripted-engineering-only"}
{"event": "task_finished", "trajectory_id": "729caf02-06e0-4caa-b2e5-bf2011a41d70", "task_id": "task-afbdfb29b194d7db817e", "model_version": "scripted-engineering-only", "outcome": "escalated", "task_success": true}
{"event": "task_started", "trajectory_id": "9fdcf074-b637-4b26-837a-f6b62e62d23a", "task_id": "task-1cb1631bb12620637a56", "model_version": "scripted-engineering-only"}
{"event": "task_finished", "trajectory_id": "9fdcf074-b637-4b26-837a-f6b62e62d23a", "task_id": "task-1cb1631bb12620637a56", "model_version": "scripted-engineering-only", "outcome": "escalated", "task_success": true}
{"event": "task_started", "trajectory_id": "da86740a-eb87-4fce-aa73-73d7e4be35e3", "task_id": "task-86bd6cb9106510ea039f", "model_version": "scripted-engineering-only"}
{"event": "task_finished", "trajectory_id": "da86740a-eb87-4fce-aa73-73d7e4be35e3", "task_id": "task-86bd6cb9106510ea039f", "model_version": "scripted-engineering-only", "outcome": "escalated", "task_success": true}
{"event": "task_started", "trajectory_id": "fb0a803c-a15d-4f5d-9fdd-9403825f850f", "task_id": "task-28acc947e09e78444ad1", "model_version": "scripted-engineering-only"}
{"event": "task_finished", "trajectory_id": "fb0a803c-a15d-4f5d-9fdd-9403825f850f", "task_id": "task-28acc947e09e78444ad1", "model_version": "scripted-engineering-only", "outcome": "escalated", "task_success": true}
{"event": "task_started", "trajectory_id": "d0342894-3cdf-439c-bbcb-bfb4b366e90d", "task_id": "task-398eead64c3eeb871099", "model_version": "scripted-engineering-only"}
{"event": "task_finished", "trajectory_id": "d0342894-3cdf-439c-bbcb-bfb4b366e90d", "task_id": "task-398eead64c3eeb871099", "model_version": "scripted-engineering-only", "outcome": "escalated", "task_success": true}
{"event": "task_started", "trajectory_id": "35c07b96-ab62-4739-a044-21fcd9c4c151", "task_id": "task-80544b2a08bd57e8e768", "model_version": "scripted-engineering-only"}
{"event": "task_finished", "trajectory_id": "35c07b96-ab62-4739-a044-21fcd9c4c151", "task_id": "task-80544b2a08bd57e8e768", "model_version": "scripted-engineering-only", "outcome": "completed", "task_success": true}
{"event": "task_started", "trajectory_id": "c6b8857e-3038-4dc3-bf89-58ff82cc796a", "task_id": "task-673dbc9dd8f247601722", "model_version": "scripted-engineering-only"}
{"event": "task_finished", "trajectory_id": "c6b8857e-3038-4dc3-bf89-58ff82cc796a", "task_id": "task-673dbc9dd8f247601722", "model_version": "scripted-engineering-only", "outcome": "completed", "task_success": true}
{"event": "task_started", "trajectory_id": "85eef963-4588-4204-a69e-4bafdb10d650", "task_id": "task-ed359ba55106b09d8847", "model_version": "scripted-engineering-only"}
{"event": "task_finished", "trajectory_id": "85eef963-4588-4204-a69e-4bafdb10d650", "task_id": "task-ed359ba55106b09d8847", "model_version": "scripted-engineering-only", "outcome": "completed", "task_success": true}
{"event": "task_started", "trajectory_id": "72578a47-223d-43c3-a912-dbdade0973a4", "task_id": "task-292ef81ae14a36c27b3f", "model_version": "scripted-engineering-only"}
{"event": "task_finished", "trajectory_id": "72578a47-223d-43c3-a912-dbdade0973a4", "task_id": "task-292ef81ae14a36c27b3f", "model_version": "scripted-engineering-only", "outcome": "refused", "task_success": true}
{"event": "task_started", "trajectory_id": "5fe90fe5-e16f-41e2-a0bf-a7cecd540a98", "task_id": "task-5a00f3a9d86cd9d6c54d", "model_version": "scripted-engineering-only"}
{"event": "task_finished", "trajectory_id": "5fe90fe5-e16f-41e2-a0bf-a7cecd540a98", "task_id": "task-5a00f3a9d86cd9d6c54d", "model_version": "scripted-engineering-only", "outcome": "refused", "task_success": true}
{"event": "task_started", "trajectory_id": "4dc0d707-ef36-4ee3-8063-a8f647e77772", "task_id": "task-3b9ce844f270fdf7774d", "model_version": "scripted-engineering-only"}
{"event": "task_finished", "trajectory_id": "4dc0d707-ef36-4ee3-8063-a8f647e77772", "task_id": "task-3b9ce844f270fdf7774d", "model_version": "scripted-engineering-only", "outcome": "refused", "task_success": true}
{"event": "task_started", "trajectory_id": "d829545e-4f12-45c5-87d1-cab314892b9f", "task_id": "task-f9ea9ef01353b4b68e96", "model_version": "scripted-engineering-only"}
{"event": "task_finished", "trajectory_id": "d829545e-4f12-45c5-87d1-cab314892b9f", "task_id": "task-f9ea9ef01353b4b68e96", "model_version": "scripted-engineering-only", "outcome": "refused", "task_success": true}
{"event": "task_started", "trajectory_id": "7bcb2c63-cca6-45ee-822f-1127a32c8e44", "task_id": "task-98171245bbd786a1517a", "model_version": "scripted-engineering-only"}
{"event": "task_finished", "trajectory_id": "7bcb2c63-cca6-45ee-822f-1127a32c8e44", "task_id": "task-98171245bbd786a1517a", "model_version": "scripted-engineering-only", "outcome": "refused", "task_success": true}
{"event": "task_started", "trajectory_id": "2dfa37b6-a70f-4d15-86c8-92ff6c12e50a", "task_id": "task-097a2cdd49eb7039eeda", "model_version": "scripted-engineering-only"}
{"event": "task_finished", "trajectory_id": "2dfa37b6-a70f-4d15-86c8-92ff6c12e50a", "task_id": "task-097a2cdd49eb7039eeda", "model_version": "scripted-engineering-only", "outcome": "refused", "task_success": true}
{"event": "task_started", "trajectory_id": "023b2007-c715-4f26-8641-b68ec9e31b8f", "task_id": "task-dc45c35c4539665fa28a", "model_version": "scripted-engineering-only"}
{"event": "task_finished", "trajectory_id": "023b2007-c715-4f26-8641-b68ec9e31b8f", "task_id": "task-dc45c35c4539665fa28a", "model_version": "scripted-engineering-only", "outcome": "escalated", "task_success": true}
{"event": "task_started", "trajectory_id": "7a144305-d443-4a06-814d-628d324a86e8", "task_id": "task-012721fdabc6938bfdb4", "model_version": "scripted-engineering-only"}
{"event": "task_finished", "trajectory_id": "7a144305-d443-4a06-814d-628d324a86e8", "task_id": "task-012721fdabc6938bfdb4", "model_version": "scripted-engineering-only", "outcome": "escalated", "task_success": true}
{"event": "task_started", "trajectory_id": "c28bb7eb-d289-45bb-aa56-1b02142133c0", "task_id": "task-7e2db9056f851620b578", "model_version": "scripted-engineering-only"}
{"event": "task_finished", "trajectory_id": "c28bb7eb-d289-45bb-aa56-1b02142133c0", "task_id": "task-7e2db9056f851620b578", "model_version": "scripted-engineering-only", "outcome": "escalated", "task_success": true}
{"event": "task_started", "trajectory_id": "763e5842-1a68-404a-b132-e0e635ce7fd9", "task_id": "task-56d11969bbac661ba221", "model_version": "scripted-engineering-only"}
{"event": "task_finished", "trajectory_id": "763e5842-1a68-404a-b132-e0e635ce7fd9", "task_id": "task-56d11969bbac661ba221", "model_version": "scripted-engineering-only", "outcome": "refused", "task_success": true}
{"event": "task_started", "trajectory_id": "df2f3e78-bd4e-4c0d-bca3-250b81500fd3", "task_id": "task-87d7c7fe1cf3dca74c72", "model_version": "scripted-engineering-only"}
{"event": "task_finished", "trajectory_id": "df2f3e78-bd4e-4c0d-bca3-250b81500fd3", "task_id": "task-87d7c7fe1cf3dca74c72", "model_version": "scripted-engineering-only", "outcome": "refused", "task_success": true}
{"event": "task_started", "trajectory_id": "1fcb2a9d-f14c-423b-b7e5-bbd5cb3d1e68", "task_id": "task-31dce11192d72a14cb25", "model_version": "scripted-engineering-only"}
{"event": "task_finished", "trajectory_id": "1fcb2a9d-f14c-423b-b7e5-bbd5cb3d1e68", "task_id": "task-31dce11192d72a14cb25", "model_version": "scripted-engineering-only", "outcome": "refused", "task_success": true}
{"event": "task_started", "trajectory_id": "721674d9-1000-4186-bcab-f57feae3399b", "task_id": "task-c9c2d9c2d23545eb0e36", "model_version": "scripted-engineering-only"}
{"event": "task_finished", "trajectory_id": "721674d9-1000-4186-bcab-f57feae3399b", "task_id": "task-c9c2d9c2d23545eb0e36", "model_version": "scripted-engineering-only", "outcome": "refused", "task_success": true}
{"event": "task_started", "trajectory_id": "c1988a31-703b-4342-bceb-eacf7823b94e", "task_id": "task-9f2dbc26618598f23b3d", "model_version": "scripted-engineering-only"}
{"event": "task_finished", "trajectory_id": "c1988a31-703b-4342-bceb-eacf7823b94e", "task_id": "task-9f2dbc26618598f23b3d", "model_version": "scripted-engineering-only", "outcome": "refused", "task_success": true}
{"event": "task_started", "trajectory_id": "c84e034a-5acc-4feb-bc66-4607de6e8049", "task_id": "task-ba01b87f8d3c2b2a0a9d", "model_version": "scripted-engineering-only"}
{"event": "task_finished", "trajectory_id": "c84e034a-5acc-4feb-bc66-4607de6e8049", "task_id": "task-ba01b87f8d3c2b2a0a9d", "model_version": "scripted-engineering-only", "outcome": "refused", "task_success": true}
{"event": "task_started", "trajectory_id": "cf44617a-fd34-4b00-b07e-49d2fb826520", "task_id": "task-bdd32dbdec43e2d790e2", "model_version": "scripted-engineering-only"}
{"event": "task_finished", "trajectory_id": "cf44617a-fd34-4b00-b07e-49d2fb826520", "task_id": "task-bdd32dbdec43e2d790e2", "model_version": "scripted-engineering-only", "outcome": "escalated", "task_success": true}
{"event": "task_started", "trajectory_id": "bffc1a82-38d2-4468-a477-dc4d5a6d8cd8", "task_id": "task-abd88aed3619fa1f2adb", "model_version": "scripted-engineering-only"}
{"event": "task_finished", "trajectory_id": "bffc1a82-38d2-4468-a477-dc4d5a6d8cd8", "task_id": "task-abd88aed3619fa1f2adb", "model_version": "scripted-engineering-only", "outcome": "escalated", "task_success": true}
{"event": "task_started", "trajectory_id": "ee9116fa-320e-4c02-be4c-1a48189171d7", "task_id": "task-3679379ac0a63d0c5798", "model_version": "scripted-engineering-only"}
{"event": "task_finished", "trajectory_id": "ee9116fa-320e-4c02-be4c-1a48189171d7", "task_id": "task-3679379ac0a63d0c5798", "model_version": "scripted-engineering-only", "outcome": "escalated", "task_success": true}
{"event": "task_started", "trajectory_id": "17f706b8-3c20-4236-b12e-42a08ffb4806", "task_id": "task-ec729be391c4a34fe297", "model_version": "scripted-engineering-only"}
{"event": "task_finished", "trajectory_id": "17f706b8-3c20-4236-b12e-42a08ffb4806", "task_id": "task-ec729be391c4a34fe297", "model_version": "scripted-engineering-only", "outcome": "completed", "task_success": true}
{"event": "task_started", "trajectory_id": "fdc2b280-fda5-491f-99c2-4ba8abcd35cd", "task_id": "task-b453a658279db88de3c0", "model_version": "scripted-engineering-only"}
{"event": "task_finished", "trajectory_id": "fdc2b280-fda5-491f-99c2-4ba8abcd35cd", "task_id": "task-b453a658279db88de3c0", "model_version": "scripted-engineering-only", "outcome": "completed", "task_success": true}
{"event": "task_started", "trajectory_id": "164dd9d5-26ad-4757-8816-33881e19b214", "task_id": "task-97af2e092bbdb911a25a", "model_version": "scripted-engineering-only"}
{"event": "task_finished", "trajectory_id": "164dd9d5-26ad-4757-8816-33881e19b214", "task_id": "task-97af2e092bbdb911a25a", "model_version": "scripted-engineering-only", "outcome": "completed", "task_success": true}
{"event": "task_started", "trajectory_id": "b40b6b87-b3eb-417d-ab12-5eccfaaf8090", "task_id": "task-0724fc5648935c3d16ba", "model_version": "scripted-engineering-only"}
{"event": "task_finished", "trajectory_id": "b40b6b87-b3eb-417d-ab12-5eccfaaf8090", "task_id": "task-0724fc5648935c3d16ba", "model_version": "scripted-engineering-only", "outcome": "escalated", "task_success": true}
{"event": "task_started", "trajectory_id": "6813d4e8-c188-49d2-9632-c552591a7720", "task_id": "task-674a4080fd2f0382b598", "model_version": "scripted-engineering-only"}
{"event": "task_finished", "trajectory_id": "6813d4e8-c188-49d2-9632-c552591a7720", "task_id": "task-674a4080fd2f0382b598", "model_version": "scripted-engineering-only", "outcome": "escalated", "task_success": true}
{"event": "task_started", "trajectory_id": "072b2cb0-db22-4fa2-b70a-d08901306a8b", "task_id": "task-3feda8a21f9775e1db88", "model_version": "scripted-engineering-only"}
{"event": "task_finished", "trajectory_id": "072b2cb0-db22-4fa2-b70a-d08901306a8b", "task_id": "task-3feda8a21f9775e1db88", "model_version": "scripted-engineering-only", "outcome": "escalated", "task_success": true}
{"event": "task_started", "trajectory_id": "5d4fa0d4-a1e6-4c40-94ed-d2162b1e8bc7", "task_id": "task-0e084016f0ee902062e6", "model_version": "scripted-engineering-only"}
{"event": "task_finished", "trajectory_id": "5d4fa0d4-a1e6-4c40-94ed-d2162b1e8bc7", "task_id": "task-0e084016f0ee902062e6", "model_version": "scripted-engineering-only", "outcome": "completed", "task_success": true}
{"event": "task_started", "trajectory_id": "b1558134-9a82-4f52-b32c-14ba90981dd0", "task_id": "task-4c6c1f9967c096b34002", "model_version": "scripted-engineering-only"}
{"event": "task_finished", "trajectory_id": "b1558134-9a82-4f52-b32c-14ba90981dd0", "task_id": "task-4c6c1f9967c096b34002", "model_version": "scripted-engineering-only", "outcome": "completed", "task_success": true}
{"event": "task_started", "trajectory_id": "a3a79883-6a70-4813-91f4-a53860ae247f", "task_id": "task-5d8affbfbc38c6af2a55", "model_version": "scripted-engineering-only"}
{"event": "task_finished", "trajectory_id": "a3a79883-6a70-4813-91f4-a53860ae247f", "task_id": "task-5d8affbfbc38c6af2a55", "model_version": "scripted-engineering-only", "outcome": "completed", "task_success": true}
{"event": "task_started", "trajectory_id": "74257fcd-a00b-4bab-a465-cf00de6a6ddc", "task_id": "task-705ae2b6a38ee732fcb6", "model_version": "scripted-engineering-only"}
{"event": "task_finished", "trajectory_id": "74257fcd-a00b-4bab-a465-cf00de6a6ddc", "task_id": "task-705ae2b6a38ee732fcb6", "model_version": "scripted-engineering-only", "outcome": "refused", "task_success": true}
{"event": "task_started", "trajectory_id": "da608863-4db1-426f-865f-00e2c3efddee", "task_id": "task-aacc6eab02d55411c926", "model_version": "scripted-engineering-only"}
{"event": "task_finished", "trajectory_id": "da608863-4db1-426f-865f-00e2c3efddee", "task_id": "task-aacc6eab02d55411c926", "model_version": "scripted-engineering-only", "outcome": "refused", "task_success": true}
{"event": "task_started", "trajectory_id": "9b722721-1446-4706-bec9-19167d8c70d2", "task_id": "task-e69eb5bbc48e257eaed9", "model_version": "scripted-engineering-only"}
{"event": "task_finished", "trajectory_id": "9b722721-1446-4706-bec9-19167d8c70d2", "task_id": "task-e69eb5bbc48e257eaed9", "model_version": "scripted-engineering-only", "outcome": "refused", "task_success": true}
{"event": "task_started", "trajectory_id": "b2910378-2eee-4726-977b-3654383ce82a", "task_id": "task-d218b76a549bb71d32a3", "model_version": "scripted-engineering-only"}
{"event": "task_finished", "trajectory_id": "b2910378-2eee-4726-977b-3654383ce82a", "task_id": "task-d218b76a549bb71d32a3", "model_version": "scripted-engineering-only", "outcome": "escalated", "task_success": true}
{"event": "task_started", "trajectory_id": "c75a722e-6c67-44c2-8fee-083af2c3d4d1", "task_id": "task-399f80239f711ea5d908", "model_version": "scripted-engineering-only"}
{"event": "task_finished", "trajectory_id": "c75a722e-6c67-44c2-8fee-083af2c3d4d1", "task_id": "task-399f80239f711ea5d908", "model_version": "scripted-engineering-only", "outcome": "escalated", "task_success": true}
{"event": "task_started", "trajectory_id": "543b5dd9-a632-4414-bcc8-2887ffb5550d", "task_id": "task-59a584317a710f1deb73", "model_version": "scripted-engineering-only"}
{"event": "task_finished", "trajectory_id": "543b5dd9-a632-4414-bcc8-2887ffb5550d", "task_id": "task-59a584317a710f1deb73", "model_version": "scripted-engineering-only", "outcome": "escalated", "task_success": true}
{"event": "task_started", "trajectory_id": "8c773e1d-bfe0-4775-a6ae-157382f2c2d1", "task_id": "task-f72263adb1c1d420111e", "model_version": "scripted-engineering-only"}
{"event": "task_finished", "trajectory_id": "8c773e1d-bfe0-4775-a6ae-157382f2c2d1", "task_id": "task-f72263adb1c1d420111e", "model_version": "scripted-engineering-only", "outcome": "escalated", "task_success": true}
{"event": "task_started", "trajectory_id": "5a11f793-b69f-4186-94ed-e0cfac27ddfc", "task_id": "task-90c1813085f31f5299b3", "model_version": "scripted-engineering-only"}
{"event": "task_finished", "trajectory_id": "5a11f793-b69f-4186-94ed-e0cfac27ddfc", "task_id": "task-90c1813085f31f5299b3", "model_version": "scripted-engineering-only", "outcome": "escalated", "task_success": true}
{"event": "task_started", "trajectory_id": "7f6af52d-cae4-4666-83cf-3e7babe4cad5", "task_id": "task-c31ed15c43fec69b21d0", "model_version": "scripted-engineering-only"}
{"event": "task_finished", "trajectory_id": "7f6af52d-cae4-4666-83cf-3e7babe4cad5", "task_id": "task-c31ed15c43fec69b21d0", "model_version": "scripted-engineering-only", "outcome": "escalated", "task_success": true}
{"event": "task_started", "trajectory_id": "69e3509f-f57c-40c6-b1cb-445167f69d01", "task_id": "task-c4da3551dcd0c1e6d1bc", "model_version": "scripted-engineering-only"}
{"event": "task_finished", "trajectory_id": "69e3509f-f57c-40c6-b1cb-445167f69d01", "task_id": "task-c4da3551dcd0c1e6d1bc", "model_version": "scripted-engineering-only", "outcome": "completed", "task_success": true}
{"event": "task_started", "trajectory_id": "d668fdcd-17fc-4c96-b009-95769001cf98", "task_id": "task-d573e068640729f6fc0c", "model_version": "scripted-engineering-only"}
{"event": "task_finished", "trajectory_id": "d668fdcd-17fc-4c96-b009-95769001cf98", "task_id": "task-d573e068640729f6fc0c", "model_version": "scripted-engineering-only", "outcome": "completed", "task_success": true}
{"event": "task_started", "trajectory_id": "6525179e-bf81-4276-afa5-9b9e1a67d1c5", "task_id": "task-5451f40b657f5bfdccbc", "model_version": "scripted-engineering-only"}
{"event": "task_finished", "trajectory_id": "6525179e-bf81-4276-afa5-9b9e1a67d1c5", "task_id": "task-5451f40b657f5bfdccbc", "model_version": "scripted-engineering-only", "outcome": "completed", "task_success": true}
{"event": "task_started", "trajectory_id": "1f7015fc-d241-4ebd-8e56-1ed38db04508", "task_id": "task-d71f713e079ab5c2b330", "model_version": "scripted-engineering-only"}
{"event": "task_finished", "trajectory_id": "1f7015fc-d241-4ebd-8e56-1ed38db04508", "task_id": "task-d71f713e079ab5c2b330", "model_version": "scripted-engineering-only", "outcome": "completed", "task_success": true}
{"event": "task_started", "trajectory_id": "42024d7a-0556-45b2-b837-6a6546fcb5bd", "task_id": "task-aa38b5523e6289961272", "model_version": "scripted-engineering-only"}
{"event": "task_finished", "trajectory_id": "42024d7a-0556-45b2-b837-6a6546fcb5bd", "task_id": "task-aa38b5523e6289961272", "model_version": "scripted-engineering-only", "outcome": "completed", "task_success": true}
{"event": "task_started", "trajectory_id": "45a45655-93a9-4fcf-b8bd-03d0bc1fb386", "task_id": "task-45334e54e1889ab54a6c", "model_version": "scripted-engineering-only"}
{"event": "task_finished", "trajectory_id": "45a45655-93a9-4fcf-b8bd-03d0bc1fb386", "task_id": "task-45334e54e1889ab54a6c", "model_version": "scripted-engineering-only", "outcome": "completed", "task_success": true}
{"event": "task_started", "trajectory_id": "a237813f-6b84-414e-9efd-d0b7889c2092", "task_id": "task-c50d95cdd2eabf3b7e52", "model_version": "scripted-engineering-only"}
{"event": "task_finished", "trajectory_id": "a237813f-6b84-414e-9efd-d0b7889c2092", "task_id": "task-c50d95cdd2eabf3b7e52", "model_version": "scripted-engineering-only", "outcome": "completed", "task_success": true}
{"event": "task_started", "trajectory_id": "46460300-c865-496d-be66-1714ec14f2b3", "task_id": "task-e730102b9a4395aae8ee", "model_version": "scripted-engineering-only"}
{"event": "task_finished", "trajectory_id": "46460300-c865-496d-be66-1714ec14f2b3", "task_id": "task-e730102b9a4395aae8ee", "model_version": "scripted-engineering-only", "outcome": "completed", "task_success": true}
{"event": "task_started", "trajectory_id": "46728f6c-e83e-44e4-8595-cbb4c497b621", "task_id": "task-c1422229a8352e1cf4fc", "model_version": "scripted-engineering-only"}
{"event": "task_finished", "trajectory_id": "46728f6c-e83e-44e4-8595-cbb4c497b621", "task_id": "task-c1422229a8352e1cf4fc", "model_version": "scripted-engineering-only", "outcome": "completed", "task_success": true}
{"event": "task_started", "trajectory_id": "3f64bec0-93f8-4f6b-8ff6-3f738b81a7bb", "task_id": "task-f67587394339c41f909c", "model_version": "scripted-engineering-only"}
{"event": "task_finished", "trajectory_id": "3f64bec0-93f8-4f6b-8ff6-3f738b81a7bb", "task_id": "task-f67587394339c41f909c", "model_version": "scripted-engineering-only", "outcome": "refused", "task_success": true}
{"event": "task_started", "trajectory_id": "6703857f-3028-4612-b710-2168d93865cc", "task_id": "task-b2e0e6a52eb4cbe28b57", "model_version": "scripted-engineering-only"}
{"event": "task_finished", "trajectory_id": "6703857f-3028-4612-b710-2168d93865cc", "task_id": "task-b2e0e6a52eb4cbe28b57", "model_version": "scripted-engineering-only", "outcome": "refused", "task_success": true}
{"event": "task_started", "trajectory_id": "a0162089-e2dd-458e-a03d-4b8d8c8cd40a", "task_id": "task-271e4f001bfbec4ba37f", "model_version": "scripted-engineering-only"}
{"event": "task_finished", "trajectory_id": "a0162089-e2dd-458e-a03d-4b8d8c8cd40a", "task_id": "task-271e4f001bfbec4ba37f", "model_version": "scripted-engineering-only", "outcome": "refused", "task_success": true}
{"event": "task_started", "trajectory_id": "df51e662-0231-47ac-8748-3ee05bebcd3e", "task_id": "task-f476ba5bc12924d9bc6b", "model_version": "scripted-engineering-only"}
{"event": "task_finished", "trajectory_id": "df51e662-0231-47ac-8748-3ee05bebcd3e", "task_id": "task-f476ba5bc12924d9bc6b", "model_version": "scripted-engineering-only", "outcome": "refused", "task_success": true}
{"event": "task_started", "trajectory_id": "28efa7ac-507e-4253-b2c9-b32046a837f5", "task_id": "task-5eb647be1fe8d553a68b", "model_version": "scripted-engineering-only"}
{"event": "task_finished", "trajectory_id": "28efa7ac-507e-4253-b2c9-b32046a837f5", "task_id": "task-5eb647be1fe8d553a68b", "model_version": "scripted-engineering-only", "outcome": "refused", "task_success": true}
{"event": "task_started", "trajectory_id": "5c643917-d5b1-49a2-9822-9ca36b6473a9", "task_id": "task-07a2025d71ee061f3bd2", "model_version": "scripted-engineering-only"}
{"event": "task_finished", "trajectory_id": "5c643917-d5b1-49a2-9822-9ca36b6473a9", "task_id": "task-07a2025d71ee061f3bd2", "model_version": "scripted-engineering-only", "outcome": "refused", "task_success": true}
{"event": "task_started", "trajectory_id": "5b4d4e24-3264-45c8-901c-8fa0c887b2b9", "task_id": "task-a48da85fc162e85f19e2", "model_version": "scripted-engineering-only"}
{"event": "task_finished", "trajectory_id": "5b4d4e24-3264-45c8-901c-8fa0c887b2b9", "task_id": "task-a48da85fc162e85f19e2", "model_version": "scripted-engineering-only", "outcome": "escalated", "task_success": true}
{"event": "task_started", "trajectory_id": "266d2682-7542-4fd7-bb9d-639cd4e7e2c5", "task_id": "task-06b8d71a2bcb3273229e", "model_version": "scripted-engineering-only"}
{"event": "task_finished", "trajectory_id": "266d2682-7542-4fd7-bb9d-639cd4e7e2c5", "task_id": "task-06b8d71a2bcb3273229e", "model_version": "scripted-engineering-only", "outcome": "escalated", "task_success": true}
{"event": "task_started", "trajectory_id": "781e7c77-bf3f-46d2-8910-5afda3c799a5", "task_id": "task-a54dafe4b4e3bb62483d", "model_version": "scripted-engineering-only"}
{"event": "task_finished", "trajectory_id": "781e7c77-bf3f-46d2-8910-5afda3c799a5", "task_id": "task-a54dafe4b4e3bb62483d", "model_version": "scripted-engineering-only", "outcome": "escalated", "task_success": true}
{"event": "task_started", "trajectory_id": "34800ded-950a-4e6c-a3ed-b21ec286778b", "task_id": "task-965bab023d996aea99f2", "model_version": "scripted-engineering-only"}
{"event": "task_finished", "trajectory_id": "34800ded-950a-4e6c-a3ed-b21ec286778b", "task_id": "task-965bab023d996aea99f2", "model_version": "scripted-engineering-only", "outcome": "completed", "task_success": true}
{"event": "task_started", "trajectory_id": "124a4d19-3f53-4550-8462-80bf83e07bab", "task_id": "task-eba00923d594244d8a50", "model_version": "scripted-engineering-only"}
{"event": "task_finished", "trajectory_id": "124a4d19-3f53-4550-8462-80bf83e07bab", "task_id": "task-eba00923d594244d8a50", "model_version": "scripted-engineering-only", "outcome": "completed", "task_success": true}
{"event": "task_started", "trajectory_id": "136e8a46-37fa-49c4-9749-743e1cd32239", "task_id": "task-2d745d5735989f513472", "model_version": "scripted-engineering-only"}
{"event": "task_finished", "trajectory_id": "136e8a46-37fa-49c4-9749-743e1cd32239", "task_id": "task-2d745d5735989f513472", "model_version": "scripted-engineering-only", "outcome": "completed", "task_success": true}
{"event": "task_started", "trajectory_id": "231149a9-a0ed-4ac7-a27d-5ba9e3d9255d", "task_id": "task-adce80fcd242644af3be", "model_version": "scripted-engineering-only"}
{"event": "task_finished", "trajectory_id": "231149a9-a0ed-4ac7-a27d-5ba9e3d9255d", "task_id": "task-adce80fcd242644af3be", "model_version": "scripted-engineering-only", "outcome": "escalated", "task_success": true}
{"event": "task_started", "trajectory_id": "0a2f0c2f-ca51-4a0e-aa24-54eb4fc1ea5c", "task_id": "task-a3b7dfcd02ab8da95ef8", "model_version": "scripted-engineering-only"}
{"event": "task_finished", "trajectory_id": "0a2f0c2f-ca51-4a0e-aa24-54eb4fc1ea5c", "task_id": "task-a3b7dfcd02ab8da95ef8", "model_version": "scripted-engineering-only", "outcome": "escalated", "task_success": true}
{"event": "task_started", "trajectory_id": "3aeb645d-9eee-406e-94ad-d2d77b02ec96", "task_id": "task-0186019e3d73611b86a1", "model_version": "scripted-engineering-only"}
{"event": "task_finished", "trajectory_id": "3aeb645d-9eee-406e-94ad-d2d77b02ec96", "task_id": "task-0186019e3d73611b86a1", "model_version": "scripted-engineering-only", "outcome": "escalated", "task_success": true}
{"event": "task_started", "trajectory_id": "d204a1d0-aae2-46bc-9272-111d65bcd68d", "task_id": "task-734d5b0d34d0656564ee", "model_version": "scripted-engineering-only"}
{"event": "task_finished", "trajectory_id": "d204a1d0-aae2-46bc-9272-111d65bcd68d", "task_id": "task-734d5b0d34d0656564ee", "model_version": "scripted-engineering-only", "outcome": "escalated", "task_success": true}
{"event": "task_started", "trajectory_id": "346c158e-fd37-440b-82a1-e903da95c5ad", "task_id": "task-5dceefde9e586fb8376a", "model_version": "scripted-engineering-only"}
{"event": "task_finished", "trajectory_id": "346c158e-fd37-440b-82a1-e903da95c5ad", "task_id": "task-5dceefde9e586fb8376a", "model_version": "scripted-engineering-only", "outcome": "escalated", "task_success": true}
{"event": "task_started", "trajectory_id": "a3e1eee5-120b-4693-a438-3db4a1a88629", "task_id": "task-ad1e786facf608c440ac", "model_version": "scripted-engineering-only"}
{"event": "task_finished", "trajectory_id": "a3e1eee5-120b-4693-a438-3db4a1a88629", "task_id": "task-ad1e786facf608c440ac", "model_version": "scripted-engineering-only", "outcome": "escalated", "task_success": true}
{"event": "task_started", "trajectory_id": "b635d022-a70c-4a18-aa64-97311e765864", "task_id": "task-bb68b21999ce552f5ffc", "model_version": "scripted-engineering-only"}
{"event": "task_finished", "trajectory_id": "b635d022-a70c-4a18-aa64-97311e765864", "task_id": "task-bb68b21999ce552f5ffc", "model_version": "scripted-engineering-only", "outcome": "completed", "task_success": true}
{"event": "task_started", "trajectory_id": "64504c2d-1bf4-494a-aec0-2422776e8dd4", "task_id": "task-a1d394ba1d073d7a2eaa", "model_version": "scripted-engineering-only"}
{"event": "task_finished", "trajectory_id": "64504c2d-1bf4-494a-aec0-2422776e8dd4", "task_id": "task-a1d394ba1d073d7a2eaa", "model_version": "scripted-engineering-only", "outcome": "completed", "task_success": true}
{"event": "task_started", "trajectory_id": "e59c2d62-59b5-4b3f-b5c8-699117e538f0", "task_id": "task-edb462866dbadf5ed77c", "model_version": "scripted-engineering-only"}
{"event": "task_finished", "trajectory_id": "e59c2d62-59b5-4b3f-b5c8-699117e538f0", "task_id": "task-edb462866dbadf5ed77c", "model_version": "scripted-engineering-only", "outcome": "completed", "task_success": true}
{"event": "task_started", "trajectory_id": "6326c7ac-ea48-4c64-9928-be74efef029f", "task_id": "task-6dfee218765c8a8ccb03", "model_version": "scripted-engineering-only"}
{"event": "task_finished", "trajectory_id": "6326c7ac-ea48-4c64-9928-be74efef029f", "task_id": "task-6dfee218765c8a8ccb03", "model_version": "scripted-engineering-only", "outcome": "completed", "task_success": true}
{"event": "task_started", "trajectory_id": "57e48ca8-e07a-4257-a7bb-17c9d42fac72", "task_id": "task-7b7e1c638fa73fcdc0cb", "model_version": "scripted-engineering-only"}
{"event": "task_finished", "trajectory_id": "57e48ca8-e07a-4257-a7bb-17c9d42fac72", "task_id": "task-7b7e1c638fa73fcdc0cb", "model_version": "scripted-engineering-only", "outcome": "completed", "task_success": true}
{"event": "task_started", "trajectory_id": "79d880e1-c124-45ff-b9eb-ac1595722204", "task_id": "task-30eeea5e7635d5b1ecb1", "model_version": "scripted-engineering-only"}
{"event": "task_finished", "trajectory_id": "79d880e1-c124-45ff-b9eb-ac1595722204", "task_id": "task-30eeea5e7635d5b1ecb1", "model_version": "scripted-engineering-only", "outcome": "completed", "task_success": true}
{"event": "task_started", "trajectory_id": "6848b691-acc3-47fd-8c61-f964fa363d4c", "task_id": "task-d1dddd10b1af24b04d3e", "model_version": "scripted-engineering-only"}
{"event": "task_finished", "trajectory_id": "6848b691-acc3-47fd-8c61-f964fa363d4c", "task_id": "task-d1dddd10b1af24b04d3e", "model_version": "scripted-engineering-only", "outcome": "escalated", "task_success": true}
{"event": "task_started", "trajectory_id": "4028e7f1-e923-4586-a29b-893ab8f20a45", "task_id": "task-afbdfb29b194d7db817e", "model_version": "scripted-engineering-only"}
{"event": "task_finished", "trajectory_id": "4028e7f1-e923-4586-a29b-893ab8f20a45", "task_id": "task-afbdfb29b194d7db817e", "model_version": "scripted-engineering-only", "outcome": "escalated", "task_success": true}
{"event": "task_started", "trajectory_id": "16b62704-9a9c-41bd-b9f2-15cde6bbb0a5", "task_id": "task-1cb1631bb12620637a56", "model_version": "scripted-engineering-only"}
{"event": "task_finished", "trajectory_id": "16b62704-9a9c-41bd-b9f2-15cde6bbb0a5", "task_id": "task-1cb1631bb12620637a56", "model_version": "scripted-engineering-only", "outcome": "escalated", "task_success": true}
{"event": "task_started", "trajectory_id": "15067e86-e082-47e1-8851-d6b83d39fc26", "task_id": "task-86bd6cb9106510ea039f", "model_version": "scripted-engineering-only"}
{"event": "task_finished", "trajectory_id": "15067e86-e082-47e1-8851-d6b83d39fc26", "task_id": "task-86bd6cb9106510ea039f", "model_version": "scripted-engineering-only", "outcome": "escalated", "task_success": true}
{"event": "task_started", "trajectory_id": "95d975cc-5de0-4ca1-b997-53ac7d4ac19c", "task_id": "task-28acc947e09e78444ad1", "model_version": "scripted-engineering-only"}
{"event": "task_finished", "trajectory_id": "95d975cc-5de0-4ca1-b997-53ac7d4ac19c", "task_id": "task-28acc947e09e78444ad1", "model_version": "scripted-engineering-only", "outcome": "escalated", "task_success": true}
{"event": "task_started", "trajectory_id": "5bf476d8-dcac-4694-a10c-f9f2c06d64a0", "task_id": "task-398eead64c3eeb871099", "model_version": "scripted-engineering-only"}
{"event": "task_finished", "trajectory_id": "5bf476d8-dcac-4694-a10c-f9f2c06d64a0", "task_id": "task-398eead64c3eeb871099", "model_version": "scripted-engineering-only", "outcome": "escalated", "task_success": true}
{"event": "task_started", "trajectory_id": "d987f511-4a0a-4b79-8796-3d27e7d0d35b", "task_id": "task-80544b2a08bd57e8e768", "model_version": "scripted-engineering-only"}
{"event": "task_finished", "trajectory_id": "d987f511-4a0a-4b79-8796-3d27e7d0d35b", "task_id": "task-80544b2a08bd57e8e768", "model_version": "scripted-engineering-only", "outcome": "completed", "task_success": true}
{"event": "task_started", "trajectory_id": "d0aa453b-87ec-40c9-a14c-89515359b179", "task_id": "task-673dbc9dd8f247601722", "model_version": "scripted-engineering-only"}
{"event": "task_finished", "trajectory_id": "d0aa453b-87ec-40c9-a14c-89515359b179", "task_id": "task-673dbc9dd8f247601722", "model_version": "scripted-engineering-only", "outcome": "completed", "task_success": true}
{"event": "task_started", "trajectory_id": "afd2c212-74de-4dab-a69f-3b3a47f5c62d", "task_id": "task-ed359ba55106b09d8847", "model_version": "scripted-engineering-only"}
{"event": "task_finished", "trajectory_id": "afd2c212-74de-4dab-a69f-3b3a47f5c62d", "task_id": "task-ed359ba55106b09d8847", "model_version": "scripted-engineering-only", "outcome": "completed", "task_success": true}
{"event": "task_started", "trajectory_id": "81e76e44-5af1-414f-862d-153bf9333b16", "task_id": "task-292ef81ae14a36c27b3f", "model_version": "scripted-engineering-only"}
{"event": "task_finished", "trajectory_id": "81e76e44-5af1-414f-862d-153bf9333b16", "task_id": "task-292ef81ae14a36c27b3f", "model_version": "scripted-engineering-only", "outcome": "refused", "task_success": true}
{"event": "task_started", "trajectory_id": "4fe310c8-eeaf-4f6e-a74a-4ecc9f02459f", "task_id": "task-5a00f3a9d86cd9d6c54d", "model_version": "scripted-engineering-only"}
{"event": "task_finished", "trajectory_id": "4fe310c8-eeaf-4f6e-a74a-4ecc9f02459f", "task_id": "task-5a00f3a9d86cd9d6c54d", "model_version": "scripted-engineering-only", "outcome": "refused", "task_success": true}
{"event": "task_started", "trajectory_id": "c4aaa90f-779c-4503-814b-5205f80e7276", "task_id": "task-3b9ce844f270fdf7774d", "model_version": "scripted-engineering-only"}
{"event": "task_finished", "trajectory_id": "c4aaa90f-779c-4503-814b-5205f80e7276", "task_id": "task-3b9ce844f270fdf7774d", "model_version": "scripted-engineering-only", "outcome": "refused", "task_success": true}
{"event": "task_started", "trajectory_id": "0214729e-12dc-48ba-a659-5d817f62a217", "task_id": "task-f9ea9ef01353b4b68e96", "model_version": "scripted-engineering-only"}
{"event": "task_finished", "trajectory_id": "0214729e-12dc-48ba-a659-5d817f62a217", "task_id": "task-f9ea9ef01353b4b68e96", "model_version": "scripted-engineering-only", "outcome": "refused", "task_success": true}
{"event": "task_started", "trajectory_id": "28eba1b7-56a8-4653-bc32-0f12086b02cf", "task_id": "task-98171245bbd786a1517a", "model_version": "scripted-engineering-only"}
{"event": "task_finished", "trajectory_id": "28eba1b7-56a8-4653-bc32-0f12086b02cf", "task_id": "task-98171245bbd786a1517a", "model_version": "scripted-engineering-only", "outcome": "refused", "task_success": true}
{"event": "task_started", "trajectory_id": "dde66462-c2fa-4b7b-91fd-ac9275013e9a", "task_id": "task-097a2cdd49eb7039eeda", "model_version": "scripted-engineering-only"}
{"event": "task_finished", "trajectory_id": "dde66462-c2fa-4b7b-91fd-ac9275013e9a", "task_id": "task-097a2cdd49eb7039eeda", "model_version": "scripted-engineering-only", "outcome": "refused", "task_success": true}
{"event": "task_started", "trajectory_id": "40133b44-b06a-4ec4-90cf-8a8dac7723c3", "task_id": "task-dc45c35c4539665fa28a", "model_version": "scripted-engineering-only"}
{"event": "task_finished", "trajectory_id": "40133b44-b06a-4ec4-90cf-8a8dac7723c3", "task_id": "task-dc45c35c4539665fa28a", "model_version": "scripted-engineering-only", "outcome": "escalated", "task_success": true}
{"event": "task_started", "trajectory_id": "7ee19724-904d-4cbb-a491-c1e45bb16f73", "task_id": "task-012721fdabc6938bfdb4", "model_version": "scripted-engineering-only"}
{"event": "task_finished", "trajectory_id": "7ee19724-904d-4cbb-a491-c1e45bb16f73", "task_id": "task-012721fdabc6938bfdb4", "model_version": "scripted-engineering-only", "outcome": "escalated", "task_success": true}
{"event": "task_started", "trajectory_id": "93736061-acf6-4735-8f07-f15efd78039a", "task_id": "task-7e2db9056f851620b578", "model_version": "scripted-engineering-only"}
{"event": "task_finished", "trajectory_id": "93736061-acf6-4735-8f07-f15efd78039a", "task_id": "task-7e2db9056f851620b578", "model_version": "scripted-engineering-only", "outcome": "escalated", "task_success": true}
{"event": "task_started", "trajectory_id": "6487a4c6-4d31-452a-b6cb-4200a426ac93", "task_id": "task-56d11969bbac661ba221", "model_version": "scripted-engineering-only"}
{"event": "task_finished", "trajectory_id": "6487a4c6-4d31-452a-b6cb-4200a426ac93", "task_id": "task-56d11969bbac661ba221", "model_version": "scripted-engineering-only", "outcome": "refused", "task_success": true}
{"event": "task_started", "trajectory_id": "2a36cebf-87eb-485a-a7f0-9f88cb64e969", "task_id": "task-87d7c7fe1cf3dca74c72", "model_version": "scripted-engineering-only"}
{"event": "task_finished", "trajectory_id": "2a36cebf-87eb-485a-a7f0-9f88cb64e969", "task_id": "task-87d7c7fe1cf3dca74c72", "model_version": "scripted-engineering-only", "outcome": "refused", "task_success": true}
{"event": "task_started", "trajectory_id": "65019829-d88f-409e-9ce0-75b5608f2258", "task_id": "task-31dce11192d72a14cb25", "model_version": "scripted-engineering-only"}
{"event": "task_finished", "trajectory_id": "65019829-d88f-409e-9ce0-75b5608f2258", "task_id": "task-31dce11192d72a14cb25", "model_version": "scripted-engineering-only", "outcome": "refused", "task_success": true}
{"event": "task_started", "trajectory_id": "55c2f9fc-5a25-4b35-9ecb-732bde216997", "task_id": "task-c9c2d9c2d23545eb0e36", "model_version": "scripted-engineering-only"}
{"event": "task_finished", "trajectory_id": "55c2f9fc-5a25-4b35-9ecb-732bde216997", "task_id": "task-c9c2d9c2d23545eb0e36", "model_version": "scripted-engineering-only", "outcome": "refused", "task_success": true}
{"event": "task_started", "trajectory_id": "05a704c7-44d3-44be-9474-4f90883573b4", "task_id": "task-9f2dbc26618598f23b3d", "model_version": "scripted-engineering-only"}
{"event": "task_finished", "trajectory_id": "05a704c7-44d3-44be-9474-4f90883573b4", "task_id": "task-9f2dbc26618598f23b3d", "model_version": "scripted-engineering-only", "outcome": "refused", "task_success": true}
{"event": "task_started", "trajectory_id": "c3a29a14-4379-4abf-9a96-70906f5187b5", "task_id": "task-ba01b87f8d3c2b2a0a9d", "model_version": "scripted-engineering-only"}
{"event": "task_finished", "trajectory_id": "c3a29a14-4379-4abf-9a96-70906f5187b5", "task_id": "task-ba01b87f8d3c2b2a0a9d", "model_version": "scripted-engineering-only", "outcome": "refused", "task_success": true}
{"event": "task_started", "trajectory_id": "29cbe2a4-601e-4cb0-a749-a9b9097d20ea", "task_id": "task-bdd32dbdec43e2d790e2", "model_version": "scripted-engineering-only"}
{"event": "task_finished", "trajectory_id": "29cbe2a4-601e-4cb0-a749-a9b9097d20ea", "task_id": "task-bdd32dbdec43e2d790e2", "model_version": "scripted-engineering-only", "outcome": "escalated", "task_success": true}
{"event": "task_started", "trajectory_id": "7661f715-6b27-45bd-b901-3046469d30c9", "task_id": "task-abd88aed3619fa1f2adb", "model_version": "scripted-engineering-only"}
{"event": "task_finished", "trajectory_id": "7661f715-6b27-45bd-b901-3046469d30c9", "task_id": "task-abd88aed3619fa1f2adb", "model_version": "scripted-engineering-only", "outcome": "escalated", "task_success": true}
{"event": "task_started", "trajectory_id": "f3bd4c70-c837-45a5-9157-babd3685cf9d", "task_id": "task-3679379ac0a63d0c5798", "model_version": "scripted-engineering-only"}
{"event": "task_finished", "trajectory_id": "f3bd4c70-c837-45a5-9157-babd3685cf9d", "task_id": "task-3679379ac0a63d0c5798", "model_version": "scripted-engineering-only", "outcome": "escalated", "task_success": true}
{"event": "task_started", "trajectory_id": "8384bb6b-3743-4633-8c62-037961426648", "task_id": "task-ec729be391c4a34fe297", "model_version": "scripted-engineering-only"}
{"event": "task_finished", "trajectory_id": "8384bb6b-3743-4633-8c62-037961426648", "task_id": "task-ec729be391c4a34fe297", "model_version": "scripted-engineering-only", "outcome": "completed", "task_success": true}
{"event": "task_started", "trajectory_id": "921c94a3-0df8-4ad3-9fff-4522bcb62c05", "task_id": "task-b453a658279db88de3c0", "model_version": "scripted-engineering-only"}
{"event": "task_finished", "trajectory_id": "921c94a3-0df8-4ad3-9fff-4522bcb62c05", "task_id": "task-b453a658279db88de3c0", "model_version": "scripted-engineering-only", "outcome": "completed", "task_success": true}
{"event": "task_started", "trajectory_id": "e7deb1cd-c963-4697-8652-1de8740df31a", "task_id": "task-97af2e092bbdb911a25a", "model_version": "scripted-engineering-only"}
{"event": "task_finished", "trajectory_id": "e7deb1cd-c963-4697-8652-1de8740df31a", "task_id": "task-97af2e092bbdb911a25a", "model_version": "scripted-engineering-only", "outcome": "completed", "task_success": true}
{"event": "task_started", "trajectory_id": "0e456cee-8f83-4762-9e5e-463220157414", "task_id": "task-0724fc5648935c3d16ba", "model_version": "scripted-engineering-only"}
{"event": "task_finished", "trajectory_id": "0e456cee-8f83-4762-9e5e-463220157414", "task_id": "task-0724fc5648935c3d16ba", "model_version": "scripted-engineering-only", "outcome": "escalated", "task_success": true}
{"event": "task_started", "trajectory_id": "5374c5ab-2af6-42d1-b606-62472e95e732", "task_id": "task-674a4080fd2f0382b598", "model_version": "scripted-engineering-only"}
{"event": "task_finished", "trajectory_id": "5374c5ab-2af6-42d1-b606-62472e95e732", "task_id": "task-674a4080fd2f0382b598", "model_version": "scripted-engineering-only", "outcome": "escalated", "task_success": true}
{"event": "task_started", "trajectory_id": "5ec97bf9-f4a0-4b47-b86c-08c4d8d422c1", "task_id": "task-3feda8a21f9775e1db88", "model_version": "scripted-engineering-only"}
{"event": "task_finished", "trajectory_id": "5ec97bf9-f4a0-4b47-b86c-08c4d8d422c1", "task_id": "task-3feda8a21f9775e1db88", "model_version": "scripted-engineering-only", "outcome": "escalated", "task_success": true}
{"event": "task_started", "trajectory_id": "2db7fe06-13dd-44ed-89ad-3ad068bdfab9", "task_id": "task-0e084016f0ee902062e6", "model_version": "scripted-engineering-only"}
{"event": "task_finished", "trajectory_id": "2db7fe06-13dd-44ed-89ad-3ad068bdfab9", "task_id": "task-0e084016f0ee902062e6", "model_version": "scripted-engineering-only", "outcome": "completed", "task_success": true}
{"event": "task_started", "trajectory_id": "09b38d7d-4b52-4a65-bbdd-29c6c4f94301", "task_id": "task-4c6c1f9967c096b34002", "model_version": "scripted-engineering-only"}
{"event": "task_finished", "trajectory_id": "09b38d7d-4b52-4a65-bbdd-29c6c4f94301", "task_id": "task-4c6c1f9967c096b34002", "model_version": "scripted-engineering-only", "outcome": "completed", "task_success": true}
{"event": "task_started", "trajectory_id": "2925943e-0e48-4781-995c-cc23d47f8753", "task_id": "task-5d8affbfbc38c6af2a55", "model_version": "scripted-engineering-only"}
{"event": "task_finished", "trajectory_id": "2925943e-0e48-4781-995c-cc23d47f8753", "task_id": "task-5d8affbfbc38c6af2a55", "model_version": "scripted-engineering-only", "outcome": "completed", "task_success": true}
{"event": "task_started", "trajectory_id": "7bfc5bf9-8964-4c7b-843a-8658323803ef", "task_id": "task-705ae2b6a38ee732fcb6", "model_version": "scripted-engineering-only"}
{"event": "task_finished", "trajectory_id": "7bfc5bf9-8964-4c7b-843a-8658323803ef", "task_id": "task-705ae2b6a38ee732fcb6", "model_version": "scripted-engineering-only", "outcome": "refused", "task_success": true}
{"event": "task_started", "trajectory_id": "44d1b701-0b48-4090-a6c0-feaf64d9e992", "task_id": "task-aacc6eab02d55411c926", "model_version": "scripted-engineering-only"}
{"event": "task_finished", "trajectory_id": "44d1b701-0b48-4090-a6c0-feaf64d9e992", "task_id": "task-aacc6eab02d55411c926", "model_version": "scripted-engineering-only", "outcome": "refused", "task_success": true}
{"event": "task_started", "trajectory_id": "f19f731b-3f02-4d25-9e65-b012fb4f279c", "task_id": "task-e69eb5bbc48e257eaed9", "model_version": "scripted-engineering-only"}
{"event": "task_finished", "trajectory_id": "f19f731b-3f02-4d25-9e65-b012fb4f279c", "task_id": "task-e69eb5bbc48e257eaed9", "model_version": "scripted-engineering-only", "outcome": "refused", "task_success": true}
{"event": "task_started", "trajectory_id": "d699fdd7-4e4f-44f7-9e55-eddf09adf62e", "task_id": "task-d218b76a549bb71d32a3", "model_version": "scripted-engineering-only"}
{"event": "task_finished", "trajectory_id": "d699fdd7-4e4f-44f7-9e55-eddf09adf62e", "task_id": "task-d218b76a549bb71d32a3", "model_version": "scripted-engineering-only", "outcome": "escalated", "task_success": true}
{"event": "task_started", "trajectory_id": "cfd6f6e3-eee3-4ae0-a4b5-ab2d70f66af7", "task_id": "task-399f80239f711ea5d908", "model_version": "scripted-engineering-only"}
{"event": "task_finished", "trajectory_id": "cfd6f6e3-eee3-4ae0-a4b5-ab2d70f66af7", "task_id": "task-399f80239f711ea5d908", "model_version": "scripted-engineering-only", "outcome": "escalated", "task_success": true}
{"event": "task_started", "trajectory_id": "00a89126-8966-4cb2-b0e4-f15a92880a07", "task_id": "task-59a584317a710f1deb73", "model_version": "scripted-engineering-only"}
{"event": "task_finished", "trajectory_id": "00a89126-8966-4cb2-b0e4-f15a92880a07", "task_id": "task-59a584317a710f1deb73", "model_version": "scripted-engineering-only", "outcome": "escalated", "task_success": true}
{"event": "task_started", "trajectory_id": "483b4466-1884-406b-9600-b087380dad3c", "task_id": "task-f72263adb1c1d420111e", "model_version": "scripted-engineering-only"}
{"event": "task_finished", "trajectory_id": "483b4466-1884-406b-9600-b087380dad3c", "task_id": "task-f72263adb1c1d420111e", "model_version": "scripted-engineering-only", "outcome": "escalated", "task_success": true}
{"event": "task_started", "trajectory_id": "2df9147d-71c2-4b7b-bbf0-74932da0ab38", "task_id": "task-90c1813085f31f5299b3", "model_version": "scripted-engineering-only"}
{"event": "task_finished", "trajectory_id": "2df9147d-71c2-4b7b-bbf0-74932da0ab38", "task_id": "task-90c1813085f31f5299b3", "model_version": "scripted-engineering-only", "outcome": "escalated", "task_success": true}
{"event": "task_started", "trajectory_id": "d2e4c5d6-841c-4838-8f0a-8072bb54d0b6", "task_id": "task-c31ed15c43fec69b21d0", "model_version": "scripted-engineering-only"}
{"event": "task_finished", "trajectory_id": "d2e4c5d6-841c-4838-8f0a-8072bb54d0b6", "task_id": "task-c31ed15c43fec69b21d0", "model_version": "scripted-engineering-only", "outcome": "escalated", "task_success": true}
{"event": "task_started", "trajectory_id": "6a6f6abe-ef43-4d27-9004-ad8f80c2f3ba", "task_id": "task-c4da3551dcd0c1e6d1bc", "model_version": "scripted-engineering-only"}
{"event": "task_finished", "trajectory_id": "6a6f6abe-ef43-4d27-9004-ad8f80c2f3ba", "task_id": "task-c4da3551dcd0c1e6d1bc", "model_version": "scripted-engineering-only", "outcome": "completed", "task_success": true}
{"event": "task_started", "trajectory_id": "8319970b-c09d-45e6-9dd8-efe42dd9f96d", "task_id": "task-d573e068640729f6fc0c", "model_version": "scripted-engineering-only"}
{"event": "task_finished", "trajectory_id": "8319970b-c09d-45e6-9dd8-efe42dd9f96d", "task_id": "task-d573e068640729f6fc0c", "model_version": "scripted-engineering-only", "outcome": "completed", "task_success": true}
{"event": "task_started", "trajectory_id": "17f73333-879a-4f53-b7ac-d3ff0483bd3c", "task_id": "task-5451f40b657f5bfdccbc", "model_version": "scripted-engineering-only"}
{"event": "task_finished", "trajectory_id": "17f73333-879a-4f53-b7ac-d3ff0483bd3c", "task_id": "task-5451f40b657f5bfdccbc", "model_version": "scripted-engineering-only", "outcome": "completed", "task_success": true}
{"event": "task_started", "trajectory_id": "c2a9a2d1-390b-49bf-8275-5e9c09a4b52d", "task_id": "task-d71f713e079ab5c2b330", "model_version": "scripted-engineering-only"}
{"event": "task_finished", "trajectory_id": "c2a9a2d1-390b-49bf-8275-5e9c09a4b52d", "task_id": "task-d71f713e079ab5c2b330", "model_version": "scripted-engineering-only", "outcome": "completed", "task_success": true}
{"event": "task_started", "trajectory_id": "5e3323bc-4118-44c5-899d-ef9d71d1bc74", "task_id": "task-aa38b5523e6289961272", "model_version": "scripted-engineering-only"}
{"event": "task_finished", "trajectory_id": "5e3323bc-4118-44c5-899d-ef9d71d1bc74", "task_id": "task-aa38b5523e6289961272", "model_version": "scripted-engineering-only", "outcome": "completed", "task_success": true}
{"event": "task_started", "trajectory_id": "968a3791-909c-4f76-b47e-4cc441e362a5", "task_id": "task-45334e54e1889ab54a6c", "model_version": "scripted-engineering-only"}
{"event": "task_finished", "trajectory_id": "968a3791-909c-4f76-b47e-4cc441e362a5", "task_id": "task-45334e54e1889ab54a6c", "model_version": "scripted-engineering-only", "outcome": "completed", "task_success": true}
{"event": "task_started", "trajectory_id": "279edb65-97dc-4b9a-8aee-f59ebe85ba49", "task_id": "task-c50d95cdd2eabf3b7e52", "model_version": "scripted-engineering-only"}
{"event": "task_finished", "trajectory_id": "279edb65-97dc-4b9a-8aee-f59ebe85ba49", "task_id": "task-c50d95cdd2eabf3b7e52", "model_version": "scripted-engineering-only", "outcome": "completed", "task_success": true}
{"event": "task_started", "trajectory_id": "8e8fc445-9e47-4060-8344-c701a3daafdd", "task_id": "task-e730102b9a4395aae8ee", "model_version": "scripted-engineering-only"}
{"event": "task_finished", "trajectory_id": "8e8fc445-9e47-4060-8344-c701a3daafdd", "task_id": "task-e730102b9a4395aae8ee", "model_version": "scripted-engineering-only", "outcome": "completed", "task_success": true}
{"event": "task_started", "trajectory_id": "f8f20aae-153f-4fc0-a409-3a4ef6d8014e", "task_id": "task-c1422229a8352e1cf4fc", "model_version": "scripted-engineering-only"}
{"event": "task_finished", "trajectory_id": "f8f20aae-153f-4fc0-a409-3a4ef6d8014e", "task_id": "task-c1422229a8352e1cf4fc", "model_version": "scripted-engineering-only", "outcome": "completed", "task_success": true}
{"event": "task_started", "trajectory_id": "97aff112-405e-486e-ad10-d6f72244d029", "task_id": "task-f67587394339c41f909c", "model_version": "scripted-engineering-only"}
{"event": "task_finished", "trajectory_id": "97aff112-405e-486e-ad10-d6f72244d029", "task_id": "task-f67587394339c41f909c", "model_version": "scripted-engineering-only", "outcome": "refused", "task_success": true}
{"event": "task_started", "trajectory_id": "6a95d49d-9f1e-483a-9ad7-b471edf1d568", "task_id": "task-b2e0e6a52eb4cbe28b57", "model_version": "scripted-engineering-only"}
{"event": "task_finished", "trajectory_id": "6a95d49d-9f1e-483a-9ad7-b471edf1d568", "task_id": "task-b2e0e6a52eb4cbe28b57", "model_version": "scripted-engineering-only", "outcome": "refused", "task_success": true}
{"event": "task_started", "trajectory_id": "22da44dd-aa6a-40b3-b27d-da667ff07720", "task_id": "task-271e4f001bfbec4ba37f", "model_version": "scripted-engineering-only"}
{"event": "task_finished", "trajectory_id": "22da44dd-aa6a-40b3-b27d-da667ff07720", "task_id": "task-271e4f001bfbec4ba37f", "model_version": "scripted-engineering-only", "outcome": "refused", "task_success": true}
{"event": "task_started", "trajectory_id": "f7be5f11-c03c-4b4e-9fae-692d3b5f36f5", "task_id": "task-f476ba5bc12924d9bc6b", "model_version": "scripted-engineering-only"}
{"event": "task_finished", "trajectory_id": "f7be5f11-c03c-4b4e-9fae-692d3b5f36f5", "task_id": "task-f476ba5bc12924d9bc6b", "model_version": "scripted-engineering-only", "outcome": "refused", "task_success": true}
{"event": "task_started", "trajectory_id": "34eeb66e-fd3a-42dd-9dd4-da781e7ebbc6", "task_id": "task-5eb647be1fe8d553a68b", "model_version": "scripted-engineering-only"}
{"event": "task_finished", "trajectory_id": "34eeb66e-fd3a-42dd-9dd4-da781e7ebbc6", "task_id": "task-5eb647be1fe8d553a68b", "model_version": "scripted-engineering-only", "outcome": "refused", "task_success": true}
{"event": "task_started", "trajectory_id": "f8db2342-efd7-46d5-97fe-922469ad8dbf", "task_id": "task-07a2025d71ee061f3bd2", "model_version": "scripted-engineering-only"}
{"event": "task_finished", "trajectory_id": "f8db2342-efd7-46d5-97fe-922469ad8dbf", "task_id": "task-07a2025d71ee061f3bd2", "model_version": "scripted-engineering-only", "outcome": "refused", "task_success": true}
{"event": "task_started", "trajectory_id": "4a0e1327-e119-4b6e-b011-87702145bed5", "task_id": "task-a48da85fc162e85f19e2", "model_version": "scripted-engineering-only"}
{"event": "task_finished", "trajectory_id": "4a0e1327-e119-4b6e-b011-87702145bed5", "task_id": "task-a48da85fc162e85f19e2", "model_version": "scripted-engineering-only", "outcome": "escalated", "task_success": true}
{"event": "task_started", "trajectory_id": "6813b6ff-33d8-4540-894d-221d201efc24", "task_id": "task-06b8d71a2bcb3273229e", "model_version": "scripted-engineering-only"}
{"event": "task_finished", "trajectory_id": "6813b6ff-33d8-4540-894d-221d201efc24", "task_id": "task-06b8d71a2bcb3273229e", "model_version": "scripted-engineering-only", "outcome": "escalated", "task_success": true}
{"event": "task_started", "trajectory_id": "7cff9473-4403-4234-b2e0-5e52b38150d1", "task_id": "task-a54dafe4b4e3bb62483d", "model_version": "scripted-engineering-only"}
{"event": "task_finished", "trajectory_id": "7cff9473-4403-4234-b2e0-5e52b38150d1", "task_id": "task-a54dafe4b4e3bb62483d", "model_version": "scripted-engineering-only", "outcome": "escalated", "task_success": true}
{"event": "task_started", "trajectory_id": "d59c4050-e67c-415a-be82-6ed0eecf9e65", "task_id": "task-965bab023d996aea99f2", "model_version": "scripted-engineering-only"}
{"event": "task_finished", "trajectory_id": "d59c4050-e67c-415a-be82-6ed0eecf9e65", "task_id": "task-965bab023d996aea99f2", "model_version": "scripted-engineering-only", "outcome": "completed", "task_success": true}
{"event": "task_started", "trajectory_id": "b935cc49-799e-491a-951c-011fd8215525", "task_id": "task-eba00923d594244d8a50", "model_version": "scripted-engineering-only"}
{"event": "task_finished", "trajectory_id": "b935cc49-799e-491a-951c-011fd8215525", "task_id": "task-eba00923d594244d8a50", "model_version": "scripted-engineering-only", "outcome": "completed", "task_success": true}
{"event": "task_started", "trajectory_id": "f5fb554e-51b2-4918-b1fb-719a686f7f8f", "task_id": "task-2d745d5735989f513472", "model_version": "scripted-engineering-only"}
{"event": "task_finished", "trajectory_id": "f5fb554e-51b2-4918-b1fb-719a686f7f8f", "task_id": "task-2d745d5735989f513472", "model_version": "scripted-engineering-only", "outcome": "completed", "task_success": true}
{"event": "task_started", "trajectory_id": "60efa56c-78c2-48f9-a424-8d8c45f5f6fd", "task_id": "task-adce80fcd242644af3be", "model_version": "scripted-engineering-only"}
{"event": "task_finished", "trajectory_id": "60efa56c-78c2-48f9-a424-8d8c45f5f6fd", "task_id": "task-adce80fcd242644af3be", "model_version": "scripted-engineering-only", "outcome": "escalated", "task_success": true}
{"event": "task_started", "trajectory_id": "b442c50b-d4fd-4d46-9616-7f048e4566fd", "task_id": "task-a3b7dfcd02ab8da95ef8", "model_version": "scripted-engineering-only"}
{"event": "task_finished", "trajectory_id": "b442c50b-d4fd-4d46-9616-7f048e4566fd", "task_id": "task-a3b7dfcd02ab8da95ef8", "model_version": "scripted-engineering-only", "outcome": "escalated", "task_success": true}
{"event": "task_started", "trajectory_id": "c909a38f-12af-40e1-8683-d849591d28c0", "task_id": "task-0186019e3d73611b86a1", "model_version": "scripted-engineering-only"}
{"event": "task_finished", "trajectory_id": "c909a38f-12af-40e1-8683-d849591d28c0", "task_id": "task-0186019e3d73611b86a1", "model_version": "scripted-engineering-only", "outcome": "escalated", "task_success": true}
{"event": "task_started", "trajectory_id": "d1d3bbd2-3e1f-4e22-ae9f-a85855822082", "task_id": "task-734d5b0d34d0656564ee", "model_version": "scripted-engineering-only"}
{"event": "task_finished", "trajectory_id": "d1d3bbd2-3e1f-4e22-ae9f-a85855822082", "task_id": "task-734d5b0d34d0656564ee", "model_version": "scripted-engineering-only", "outcome": "escalated", "task_success": true}
{"event": "task_started", "trajectory_id": "8c9da554-e5a9-4f28-be02-f009bf9e6e7b", "task_id": "task-5dceefde9e586fb8376a", "model_version": "scripted-engineering-only"}
{"event": "task_finished", "trajectory_id": "8c9da554-e5a9-4f28-be02-f009bf9e6e7b", "task_id": "task-5dceefde9e586fb8376a", "model_version": "scripted-engineering-only", "outcome": "escalated", "task_success": true}
{"event": "task_started", "trajectory_id": "91f521fc-bb60-4e7f-a1ec-ee29bd9a5fb9", "task_id": "task-ad1e786facf608c440ac", "model_version": "scripted-engineering-only"}
{"event": "task_finished", "trajectory_id": "91f521fc-bb60-4e7f-a1ec-ee29bd9a5fb9", "task_id": "task-ad1e786facf608c440ac", "model_version": "scripted-engineering-only", "outcome": "escalated", "task_success": true}
{"event": "task_started", "trajectory_id": "a512295e-64e2-48b3-baa1-be0289299e92", "task_id": "task-bb68b21999ce552f5ffc", "model_version": "scripted-engineering-only"}
{"event": "task_finished", "trajectory_id": "a512295e-64e2-48b3-baa1-be0289299e92", "task_id": "task-bb68b21999ce552f5ffc", "model_version": "scripted-engineering-only", "outcome": "completed", "task_success": true}
{"event": "task_started", "trajectory_id": "f52934dd-bbd8-40d5-b46b-d38554ed03a4", "task_id": "task-a1d394ba1d073d7a2eaa", "model_version": "scripted-engineering-only"}
{"event": "task_finished", "trajectory_id": "f52934dd-bbd8-40d5-b46b-d38554ed03a4", "task_id": "task-a1d394ba1d073d7a2eaa", "model_version": "scripted-engineering-only", "outcome": "completed", "task_success": true}
{"event": "task_started", "trajectory_id": "7c197097-9da5-4485-a5c4-d782ccb95327", "task_id": "task-edb462866dbadf5ed77c", "model_version": "scripted-engineering-only"}
{"event": "task_finished", "trajectory_id": "7c197097-9da5-4485-a5c4-d782ccb95327", "task_id": "task-edb462866dbadf5ed77c", "model_version": "scripted-engineering-only", "outcome": "completed", "task_success": true}
{"event": "task_started", "trajectory_id": "0a0da976-0319-40b6-9bda-7880ec4454b3", "task_id": "task-6dfee218765c8a8ccb03", "model_version": "scripted-engineering-only"}
{"event": "task_finished", "trajectory_id": "0a0da976-0319-40b6-9bda-7880ec4454b3", "task_id": "task-6dfee218765c8a8ccb03", "model_version": "scripted-engineering-only", "outcome": "completed", "task_success": true}
{"event": "task_started", "trajectory_id": "6aa82700-1302-4c1f-9018-bae69b2d4be5", "task_id": "task-7b7e1c638fa73fcdc0cb", "model_version": "scripted-engineering-only"}
{"event": "task_finished", "trajectory_id": "6aa82700-1302-4c1f-9018-bae69b2d4be5", "task_id": "task-7b7e1c638fa73fcdc0cb", "model_version": "scripted-engineering-only", "outcome": "completed", "task_success": true}
{"event": "task_started", "trajectory_id": "8bd8d76b-2b6b-4236-9693-2657a749246f", "task_id": "task-30eeea5e7635d5b1ecb1", "model_version": "scripted-engineering-only"}
{"event": "task_finished", "trajectory_id": "8bd8d76b-2b6b-4236-9693-2657a749246f", "task_id": "task-30eeea5e7635d5b1ecb1", "model_version": "scripted-engineering-only", "outcome": "completed", "task_success": true}
{"event": "task_started", "trajectory_id": "b8c5d1a4-b6a3-4028-826e-84baf55f0a48", "task_id": "task-d1dddd10b1af24b04d3e", "model_version": "scripted-engineering-only"}
{"event": "task_finished", "trajectory_id": "b8c5d1a4-b6a3-4028-826e-84baf55f0a48", "task_id": "task-d1dddd10b1af24b04d3e", "model_version": "scripted-engineering-only", "outcome": "escalated", "task_success": true}
{"event": "task_started", "trajectory_id": "72dc4097-ba2e-404d-bec1-0bbbe9d55cfc", "task_id": "task-afbdfb29b194d7db817e", "model_version": "scripted-engineering-only"}
{"event": "task_finished", "trajectory_id": "72dc4097-ba2e-404d-bec1-0bbbe9d55cfc", "task_id": "task-afbdfb29b194d7db817e", "model_version": "scripted-engineering-only", "outcome": "escalated", "task_success": true}
{"event": "task_started", "trajectory_id": "34b3a336-5d75-450d-b96a-49584080f4b3", "task_id": "task-1cb1631bb12620637a56", "model_version": "scripted-engineering-only"}
{"event": "task_finished", "trajectory_id": "34b3a336-5d75-450d-b96a-49584080f4b3", "task_id": "task-1cb1631bb12620637a56", "model_version": "scripted-engineering-only", "outcome": "escalated", "task_success": true}
{"event": "task_started", "trajectory_id": "db4db6d6-beaa-40f2-8756-dbd27948a574", "task_id": "task-86bd6cb9106510ea039f", "model_version": "scripted-engineering-only"}
{"event": "task_finished", "trajectory_id": "db4db6d6-beaa-40f2-8756-dbd27948a574", "task_id": "task-86bd6cb9106510ea039f", "model_version": "scripted-engineering-only", "outcome": "escalated", "task_success": true}
{"event": "task_started", "trajectory_id": "b977203b-8c04-4a21-a5ac-5e6f92463422", "task_id": "task-28acc947e09e78444ad1", "model_version": "scripted-engineering-only"}
{"event": "task_finished", "trajectory_id": "b977203b-8c04-4a21-a5ac-5e6f92463422", "task_id": "task-28acc947e09e78444ad1", "model_version": "scripted-engineering-only", "outcome": "escalated", "task_success": true}
{"event": "task_started", "trajectory_id": "2faa484f-ef8b-4ef3-98b9-5e00f2dead02", "task_id": "task-398eead64c3eeb871099", "model_version": "scripted-engineering-only"}
{"event": "task_finished", "trajectory_id": "2faa484f-ef8b-4ef3-98b9-5e00f2dead02", "task_id": "task-398eead64c3eeb871099", "model_version": "scripted-engineering-only", "outcome": "escalated", "task_success": true}
{"event": "task_started", "trajectory_id": "a6d63c94-6bed-4812-9629-32e132ac60da", "task_id": "task-80544b2a08bd57e8e768", "model_version": "scripted-engineering-only"}
{"event": "task_finished", "trajectory_id": "a6d63c94-6bed-4812-9629-32e132ac60da", "task_id": "task-80544b2a08bd57e8e768", "model_version": "scripted-engineering-only", "outcome": "completed", "task_success": true}
{"event": "task_started", "trajectory_id": "147ae473-1e46-4e8c-a793-fffc5927e1fe", "task_id": "task-673dbc9dd8f247601722", "model_version": "scripted-engineering-only"}
{"event": "task_finished", "trajectory_id": "147ae473-1e46-4e8c-a793-fffc5927e1fe", "task_id": "task-673dbc9dd8f247601722", "model_version": "scripted-engineering-only", "outcome": "completed", "task_success": true}
{"event": "task_started", "trajectory_id": "4668e8ff-a2d7-4324-b5fa-4a07d8ff4a2e", "task_id": "task-ed359ba55106b09d8847", "model_version": "scripted-engineering-only"}
{"event": "task_finished", "trajectory_id": "4668e8ff-a2d7-4324-b5fa-4a07d8ff4a2e", "task_id": "task-ed359ba55106b09d8847", "model_version": "scripted-engineering-only", "outcome": "completed", "task_success": true}
{"event": "task_started", "trajectory_id": "53a3d5cf-d029-4369-88d2-a29cebd97476", "task_id": "task-292ef81ae14a36c27b3f", "model_version": "scripted-engineering-only"}
{"event": "task_finished", "trajectory_id": "53a3d5cf-d029-4369-88d2-a29cebd97476", "task_id": "task-292ef81ae14a36c27b3f", "model_version": "scripted-engineering-only", "outcome": "refused", "task_success": true}
{"event": "task_started", "trajectory_id": "f97785de-b436-41eb-9486-7c8f72d895d0", "task_id": "task-5a00f3a9d86cd9d6c54d", "model_version": "scripted-engineering-only"}
{"event": "task_finished", "trajectory_id": "f97785de-b436-41eb-9486-7c8f72d895d0", "task_id": "task-5a00f3a9d86cd9d6c54d", "model_version": "scripted-engineering-only", "outcome": "refused", "task_success": true}
{"event": "task_started", "trajectory_id": "1c0819b9-e3a9-4bae-9c33-127999f916fe", "task_id": "task-3b9ce844f270fdf7774d", "model_version": "scripted-engineering-only"}
{"event": "task_finished", "trajectory_id": "1c0819b9-e3a9-4bae-9c33-127999f916fe", "task_id": "task-3b9ce844f270fdf7774d", "model_version": "scripted-engineering-only", "outcome": "refused", "task_success": true}
{"event": "task_started", "trajectory_id": "71b553c6-8224-47e6-bfc1-f900bab9cb05", "task_id": "task-f9ea9ef01353b4b68e96", "model_version": "scripted-engineering-only"}
{"event": "task_finished", "trajectory_id": "71b553c6-8224-47e6-bfc1-f900bab9cb05", "task_id": "task-f9ea9ef01353b4b68e96", "model_version": "scripted-engineering-only", "outcome": "refused", "task_success": true}
{"event": "task_started", "trajectory_id": "ce142c23-4cb4-4f24-8c6c-130ec4a668b6", "task_id": "task-98171245bbd786a1517a", "model_version": "scripted-engineering-only"}
{"event": "task_finished", "trajectory_id": "ce142c23-4cb4-4f24-8c6c-130ec4a668b6", "task_id": "task-98171245bbd786a1517a", "model_version": "scripted-engineering-only", "outcome": "refused", "task_success": true}
{"event": "task_started", "trajectory_id": "1cc5dc18-9ac1-44e3-aaee-b672f36d1384", "task_id": "task-097a2cdd49eb7039eeda", "model_version": "scripted-engineering-only"}
{"event": "task_finished", "trajectory_id": "1cc5dc18-9ac1-44e3-aaee-b672f36d1384", "task_id": "task-097a2cdd49eb7039eeda", "model_version": "scripted-engineering-only", "outcome": "refused", "task_success": true}
{"event": "task_started", "trajectory_id": "98102739-8a06-442d-8070-c93356fad470", "task_id": "task-dc45c35c4539665fa28a", "model_version": "scripted-engineering-only"}
{"event": "task_finished", "trajectory_id": "98102739-8a06-442d-8070-c93356fad470", "task_id": "task-dc45c35c4539665fa28a", "model_version": "scripted-engineering-only", "outcome": "escalated", "task_success": true}
{"event": "task_started", "trajectory_id": "86e60de2-7d37-4e5f-9992-509a3cdcb744", "task_id": "task-012721fdabc6938bfdb4", "model_version": "scripted-engineering-only"}
{"event": "task_finished", "trajectory_id": "86e60de2-7d37-4e5f-9992-509a3cdcb744", "task_id": "task-012721fdabc6938bfdb4", "model_version": "scripted-engineering-only", "outcome": "escalated", "task_success": true}
{"event": "task_started", "trajectory_id": "feebb6ee-0b16-4b44-be98-d27662304649", "task_id": "task-7e2db9056f851620b578", "model_version": "scripted-engineering-only"}
{"event": "task_finished", "trajectory_id": "feebb6ee-0b16-4b44-be98-d27662304649", "task_id": "task-7e2db9056f851620b578", "model_version": "scripted-engineering-only", "outcome": "escalated", "task_success": true}
{"event": "task_started", "trajectory_id": "49ede882-627f-4da1-8e4b-8a79a1c7c506", "task_id": "task-56d11969bbac661ba221", "model_version": "scripted-engineering-only"}
{"event": "task_finished", "trajectory_id": "49ede882-627f-4da1-8e4b-8a79a1c7c506", "task_id": "task-56d11969bbac661ba221", "model_version": "scripted-engineering-only", "outcome": "refused", "task_success": true}
{"event": "task_started", "trajectory_id": "35401f8f-1802-41cc-9728-2806234118e4", "task_id": "task-87d7c7fe1cf3dca74c72", "model_version": "scripted-engineering-only"}
{"event": "task_finished", "trajectory_id": "35401f8f-1802-41cc-9728-2806234118e4", "task_id": "task-87d7c7fe1cf3dca74c72", "model_version": "scripted-engineering-only", "outcome": "refused", "task_success": true}
{"event": "task_started", "trajectory_id": "efff1574-30bf-44a5-a4b4-a8a7ec9a65eb", "task_id": "task-31dce11192d72a14cb25", "model_version": "scripted-engineering-only"}
{"event": "task_finished", "trajectory_id": "efff1574-30bf-44a5-a4b4-a8a7ec9a65eb", "task_id": "task-31dce11192d72a14cb25", "model_version": "scripted-engineering-only", "outcome": "refused", "task_success": true}
{"event": "task_started", "trajectory_id": "0eb37d6a-ff19-4be8-87e3-984db59c922c", "task_id": "task-c9c2d9c2d23545eb0e36", "model_version": "scripted-engineering-only"}
{"event": "task_finished", "trajectory_id": "0eb37d6a-ff19-4be8-87e3-984db59c922c", "task_id": "task-c9c2d9c2d23545eb0e36", "model_version": "scripted-engineering-only", "outcome": "refused", "task_success": true}
{"event": "task_started", "trajectory_id": "dbc7dd08-9e84-4212-a01c-6e5e0787d22c", "task_id": "task-9f2dbc26618598f23b3d", "model_version": "scripted-engineering-only"}
{"event": "task_finished", "trajectory_id": "dbc7dd08-9e84-4212-a01c-6e5e0787d22c", "task_id": "task-9f2dbc26618598f23b3d", "model_version": "scripted-engineering-only", "outcome": "refused", "task_success": true}
{"event": "task_started", "trajectory_id": "7d07c95b-036e-42ba-b1cf-2b60d687ba35", "task_id": "task-ba01b87f8d3c2b2a0a9d", "model_version": "scripted-engineering-only"}
{"event": "task_finished", "trajectory_id": "7d07c95b-036e-42ba-b1cf-2b60d687ba35", "task_id": "task-ba01b87f8d3c2b2a0a9d", "model_version": "scripted-engineering-only", "outcome": "refused", "task_success": true}
{"event": "task_started", "trajectory_id": "42824f49-7c95-45b5-97cf-f21da6b10b82", "task_id": "task-bdd32dbdec43e2d790e2", "model_version": "scripted-engineering-only"}
{"event": "task_finished", "trajectory_id": "42824f49-7c95-45b5-97cf-f21da6b10b82", "task_id": "task-bdd32dbdec43e2d790e2", "model_version": "scripted-engineering-only", "outcome": "escalated", "task_success": true}
{"event": "task_started", "trajectory_id": "9b169ded-7f18-4613-b8e8-7f08ee7f5093", "task_id": "task-abd88aed3619fa1f2adb", "model_version": "scripted-engineering-only"}
{"event": "task_finished", "trajectory_id": "9b169ded-7f18-4613-b8e8-7f08ee7f5093", "task_id": "task-abd88aed3619fa1f2adb", "model_version": "scripted-engineering-only", "outcome": "escalated", "task_success": true}
{"event": "task_started", "trajectory_id": "48031ca4-2d65-4f99-80ab-923628725a48", "task_id": "task-3679379ac0a63d0c5798", "model_version": "scripted-engineering-only"}
{"event": "task_finished", "trajectory_id": "48031ca4-2d65-4f99-80ab-923628725a48", "task_id": "task-3679379ac0a63d0c5798", "model_version": "scripted-engineering-only", "outcome": "escalated", "task_success": true}
{"event": "task_started", "trajectory_id": "6508bc44-cdd6-4d76-8e10-2a456a9588bd", "task_id": "task-ec729be391c4a34fe297", "model_version": "scripted-engineering-only"}
{"event": "task_finished", "trajectory_id": "6508bc44-cdd6-4d76-8e10-2a456a9588bd", "task_id": "task-ec729be391c4a34fe297", "model_version": "scripted-engineering-only", "outcome": "completed", "task_success": true}
{"event": "task_started", "trajectory_id": "5830c9d0-5381-4dda-9b9a-6b148ae9d5b0", "task_id": "task-b453a658279db88de3c0", "model_version": "scripted-engineering-only"}
{"event": "task_finished", "trajectory_id": "5830c9d0-5381-4dda-9b9a-6b148ae9d5b0", "task_id": "task-b453a658279db88de3c0", "model_version": "scripted-engineering-only", "outcome": "completed", "task_success": true}
{"event": "task_started", "trajectory_id": "3470f7e6-d510-4846-96d6-daf27426b4f7", "task_id": "task-97af2e092bbdb911a25a", "model_version": "scripted-engineering-only"}
{"event": "task_finished", "trajectory_id": "3470f7e6-d510-4846-96d6-daf27426b4f7", "task_id": "task-97af2e092bbdb911a25a", "model_version": "scripted-engineering-only", "outcome": "completed", "task_success": true}
{"event": "task_started", "trajectory_id": "b8c501a7-045f-47bd-b462-b9d9d0eb0680", "task_id": "task-0724fc5648935c3d16ba", "model_version": "scripted-engineering-only"}
{"event": "task_finished", "trajectory_id": "b8c501a7-045f-47bd-b462-b9d9d0eb0680", "task_id": "task-0724fc5648935c3d16ba", "model_version": "scripted-engineering-only", "outcome": "escalated", "task_success": true}
{"event": "task_started", "trajectory_id": "78e809ba-1b50-464b-bf03-e938ba45d6dd", "task_id": "task-674a4080fd2f0382b598", "model_version": "scripted-engineering-only"}
{"event": "task_finished", "trajectory_id": "78e809ba-1b50-464b-bf03-e938ba45d6dd", "task_id": "task-674a4080fd2f0382b598", "model_version": "scripted-engineering-only", "outcome": "escalated", "task_success": true}
{"event": "task_started", "trajectory_id": "47f1f5b4-4177-4118-8a44-76e0dc405a02", "task_id": "task-3feda8a21f9775e1db88", "model_version": "scripted-engineering-only"}
{"event": "task_finished", "trajectory_id": "47f1f5b4-4177-4118-8a44-76e0dc405a02", "task_id": "task-3feda8a21f9775e1db88", "model_version": "scripted-engineering-only", "outcome": "escalated", "task_success": true}
{"event": "task_started", "trajectory_id": "f6345dbd-379b-4b9f-a6db-dbf473572633", "task_id": "task-0e084016f0ee902062e6", "model_version": "scripted-engineering-only"}
{"event": "task_finished", "trajectory_id": "f6345dbd-379b-4b9f-a6db-dbf473572633", "task_id": "task-0e084016f0ee902062e6", "model_version": "scripted-engineering-only", "outcome": "completed", "task_success": true}
{"event": "task_started", "trajectory_id": "a2cdf3bb-93d7-4aff-b2ee-26ce2f9d605a", "task_id": "task-4c6c1f9967c096b34002", "model_version": "scripted-engineering-only"}
{"event": "task_finished", "trajectory_id": "a2cdf3bb-93d7-4aff-b2ee-26ce2f9d605a", "task_id": "task-4c6c1f9967c096b34002", "model_version": "scripted-engineering-only", "outcome": "completed", "task_success": true}
{"event": "task_started", "trajectory_id": "6df632aa-fee4-49d9-8d8d-8ac99cc66cc8", "task_id": "task-5d8affbfbc38c6af2a55", "model_version": "scripted-engineering-only"}
{"event": "task_finished", "trajectory_id": "6df632aa-fee4-49d9-8d8d-8ac99cc66cc8", "task_id": "task-5d8affbfbc38c6af2a55", "model_version": "scripted-engineering-only", "outcome": "completed", "task_success": true}
{"event": "task_started", "trajectory_id": "445575bb-ca30-4562-b603-789e8a1dbd3c", "task_id": "task-705ae2b6a38ee732fcb6", "model_version": "scripted-engineering-only"}
{"event": "task_finished", "trajectory_id": "445575bb-ca30-4562-b603-789e8a1dbd3c", "task_id": "task-705ae2b6a38ee732fcb6", "model_version": "scripted-engineering-only", "outcome": "refused", "task_success": true}
{"event": "task_started", "trajectory_id": "cf999128-567c-41ed-8c2e-cc1d9f3d3224", "task_id": "task-aacc6eab02d55411c926", "model_version": "scripted-engineering-only"}
{"event": "task_finished", "trajectory_id": "cf999128-567c-41ed-8c2e-cc1d9f3d3224", "task_id": "task-aacc6eab02d55411c926", "model_version": "scripted-engineering-only", "outcome": "refused", "task_success": true}
{"event": "task_started", "trajectory_id": "fbb4e26c-dc8a-406a-8f8d-3c142cfea8df", "task_id": "task-e69eb5bbc48e257eaed9", "model_version": "scripted-engineering-only"}
{"event": "task_finished", "trajectory_id": "fbb4e26c-dc8a-406a-8f8d-3c142cfea8df", "task_id": "task-e69eb5bbc48e257eaed9", "model_version": "scripted-engineering-only", "outcome": "refused", "task_success": true}
{"event": "task_started", "trajectory_id": "00d91d22-6c93-4bc9-b141-927dc2d0df30", "task_id": "task-d218b76a549bb71d32a3", "model_version": "scripted-engineering-only"}
{"event": "task_finished", "trajectory_id": "00d91d22-6c93-4bc9-b141-927dc2d0df30", "task_id": "task-d218b76a549bb71d32a3", "model_version": "scripted-engineering-only", "outcome": "escalated", "task_success": true}
{"event": "task_started", "trajectory_id": "23b23694-5f27-4b42-9aa5-9410545fde74", "task_id": "task-399f80239f711ea5d908", "model_version": "scripted-engineering-only"}
{"event": "task_finished", "trajectory_id": "23b23694-5f27-4b42-9aa5-9410545fde74", "task_id": "task-399f80239f711ea5d908", "model_version": "scripted-engineering-only", "outcome": "escalated", "task_success": true}
{"event": "task_started", "trajectory_id": "d86b9963-3aa5-41ef-af0f-634cf080ca10", "task_id": "task-59a584317a710f1deb73", "model_version": "scripted-engineering-only"}
{"event": "task_finished", "trajectory_id": "d86b9963-3aa5-41ef-af0f-634cf080ca10", "task_id": "task-59a584317a710f1deb73", "model_version": "scripted-engineering-only", "outcome": "escalated", "task_success": true}
{"event": "task_started", "trajectory_id": "f2b587f5-4c37-4f30-886c-4a9451dbb473", "task_id": "task-f72263adb1c1d420111e", "model_version": "scripted-engineering-only"}
{"event": "task_finished", "trajectory_id": "f2b587f5-4c37-4f30-886c-4a9451dbb473", "task_id": "task-f72263adb1c1d420111e", "model_version": "scripted-engineering-only", "outcome": "escalated", "task_success": true}
{"event": "task_started", "trajectory_id": "7ce78f84-2ca5-43a6-972d-71ceb2f73346", "task_id": "task-90c1813085f31f5299b3", "model_version": "scripted-engineering-only"}
{"event": "task_finished", "trajectory_id": "7ce78f84-2ca5-43a6-972d-71ceb2f73346", "task_id": "task-90c1813085f31f5299b3", "model_version": "scripted-engineering-only", "outcome": "escalated", "task_success": true}
{"event": "task_started", "trajectory_id": "851d46e9-1576-4d09-9295-c51366aaa4be", "task_id": "task-c31ed15c43fec69b21d0", "model_version": "scripted-engineering-only"}
{"event": "task_finished", "trajectory_id": "851d46e9-1576-4d09-9295-c51366aaa4be", "task_id": "task-c31ed15c43fec69b21d0", "model_version": "scripted-engineering-only", "outcome": "escalated", "task_success": true}
{"event": "task_started", "trajectory_id": "89469f5a-74fb-4535-b580-5fde8fc7b0d0", "task_id": "task-c4da3551dcd0c1e6d1bc", "model_version": "scripted-engineering-only"}
{"event": "task_finished", "trajectory_id": "89469f5a-74fb-4535-b580-5fde8fc7b0d0", "task_id": "task-c4da3551dcd0c1e6d1bc", "model_version": "scripted-engineering-only", "outcome": "completed", "task_success": true}
{"event": "task_started", "trajectory_id": "2afe7a39-5d7a-427e-9a0c-aa722db86519", "task_id": "task-d573e068640729f6fc0c", "model_version": "scripted-engineering-only"}
{"event": "task_finished", "trajectory_id": "2afe7a39-5d7a-427e-9a0c-aa722db86519", "task_id": "task-d573e068640729f6fc0c", "model_version": "scripted-engineering-only", "outcome": "completed", "task_success": true}
{"event": "task_started", "trajectory_id": "79266ce4-1970-440a-9b56-3b0727dd4982", "task_id": "task-5451f40b657f5bfdccbc", "model_version": "scripted-engineering-only"}
{"event": "task_finished", "trajectory_id": "79266ce4-1970-440a-9b56-3b0727dd4982", "task_id": "task-5451f40b657f5bfdccbc", "model_version": "scripted-engineering-only", "outcome": "completed", "task_success": true}
{"event": "task_started", "trajectory_id": "a4b9b719-007e-4772-8e66-53fbf847bab0", "task_id": "task-d71f713e079ab5c2b330", "model_version": "scripted-engineering-only"}
{"event": "task_finished", "trajectory_id": "a4b9b719-007e-4772-8e66-53fbf847bab0", "task_id": "task-d71f713e079ab5c2b330", "model_version": "scripted-engineering-only", "outcome": "completed", "task_success": true}
{"event": "task_started", "trajectory_id": "c51978eb-bfc6-402f-b5b0-416309a6d90e", "task_id": "task-aa38b5523e6289961272", "model_version": "scripted-engineering-only"}
{"event": "task_finished", "trajectory_id": "c51978eb-bfc6-402f-b5b0-416309a6d90e", "task_id": "task-aa38b5523e6289961272", "model_version": "scripted-engineering-only", "outcome": "completed", "task_success": true}
{"event": "task_started", "trajectory_id": "1cab4194-8425-4540-a694-3baca680b679", "task_id": "task-45334e54e1889ab54a6c", "model_version": "scripted-engineering-only"}
{"event": "task_finished", "trajectory_id": "1cab4194-8425-4540-a694-3baca680b679", "task_id": "task-45334e54e1889ab54a6c", "model_version": "scripted-engineering-only", "outcome": "completed", "task_success": true}
{"event": "task_started", "trajectory_id": "11bfccd0-32fa-4edc-8f29-29dae4ec5663", "task_id": "task-c50d95cdd2eabf3b7e52", "model_version": "scripted-engineering-only"}
{"event": "task_finished", "trajectory_id": "11bfccd0-32fa-4edc-8f29-29dae4ec5663", "task_id": "task-c50d95cdd2eabf3b7e52", "model_version": "scripted-engineering-only", "outcome": "completed", "task_success": true}
{"event": "task_started", "trajectory_id": "b0351414-165f-4e05-91ac-a8a97605a9f3", "task_id": "task-e730102b9a4395aae8ee", "model_version": "scripted-engineering-only"}
{"event": "task_finished", "trajectory_id": "b0351414-165f-4e05-91ac-a8a97605a9f3", "task_id": "task-e730102b9a4395aae8ee", "model_version": "scripted-engineering-only", "outcome": "completed", "task_success": true}
{"event": "task_started", "trajectory_id": "eb2bab17-1d1e-431c-b37d-ec1c8450e607", "task_id": "task-c1422229a8352e1cf4fc", "model_version": "scripted-engineering-only"}
{"event": "task_finished", "trajectory_id": "eb2bab17-1d1e-431c-b37d-ec1c8450e607", "task_id": "task-c1422229a8352e1cf4fc", "model_version": "scripted-engineering-only", "outcome": "completed", "task_success": true}
{"event": "task_started", "trajectory_id": "5d57b08d-5872-4639-9a25-6a4332489490", "task_id": "task-f67587394339c41f909c", "model_version": "scripted-engineering-only"}
{"event": "task_finished", "trajectory_id": "5d57b08d-5872-4639-9a25-6a4332489490", "task_id": "task-f67587394339c41f909c", "model_version": "scripted-engineering-only", "outcome": "refused", "task_success": true}
{"event": "task_started", "trajectory_id": "12560537-bbbd-467e-b572-3a249fb47493", "task_id": "task-b2e0e6a52eb4cbe28b57", "model_version": "scripted-engineering-only"}
{"event": "task_finished", "trajectory_id": "12560537-bbbd-467e-b572-3a249fb47493", "task_id": "task-b2e0e6a52eb4cbe28b57", "model_version": "scripted-engineering-only", "outcome": "refused", "task_success": true}
{"event": "task_started", "trajectory_id": "cae78628-fd83-4651-a6a9-7f841259a9b1", "task_id": "task-271e4f001bfbec4ba37f", "model_version": "scripted-engineering-only"}
{"event": "task_finished", "trajectory_id": "cae78628-fd83-4651-a6a9-7f841259a9b1", "task_id": "task-271e4f001bfbec4ba37f", "model_version": "scripted-engineering-only", "outcome": "refused", "task_success": true}
{"event": "task_started", "trajectory_id": "d0ea2524-0669-4820-b016-34555eaf89f3", "task_id": "task-f476ba5bc12924d9bc6b", "model_version": "scripted-engineering-only"}
{"event": "task_finished", "trajectory_id": "d0ea2524-0669-4820-b016-34555eaf89f3", "task_id": "task-f476ba5bc12924d9bc6b", "model_version": "scripted-engineering-only", "outcome": "refused", "task_success": true}
{"event": "task_started", "trajectory_id": "b5199716-0dbc-4c39-9e03-bda6b06170b8", "task_id": "task-5eb647be1fe8d553a68b", "model_version": "scripted-engineering-only"}
{"event": "task_finished", "trajectory_id": "b5199716-0dbc-4c39-9e03-bda6b06170b8", "task_id": "task-5eb647be1fe8d553a68b", "model_version": "scripted-engineering-only", "outcome": "refused", "task_success": true}
{"event": "task_started", "trajectory_id": "eb3d13c9-54db-459d-bd24-dbe56e3d4191", "task_id": "task-07a2025d71ee061f3bd2", "model_version": "scripted-engineering-only"}
{"event": "task_finished", "trajectory_id": "eb3d13c9-54db-459d-bd24-dbe56e3d4191", "task_id": "task-07a2025d71ee061f3bd2", "model_version": "scripted-engineering-only", "outcome": "refused", "task_success": true}
{"event": "task_started", "trajectory_id": "bc979034-488f-45c3-9a54-55de278dadfd", "task_id": "task-a48da85fc162e85f19e2", "model_version": "scripted-engineering-only"}
{"event": "task_finished", "trajectory_id": "bc979034-488f-45c3-9a54-55de278dadfd", "task_id": "task-a48da85fc162e85f19e2", "model_version": "scripted-engineering-only", "outcome": "escalated", "task_success": true}
{"event": "task_started", "trajectory_id": "ce251b80-112a-4aba-956c-bc8df51e905c", "task_id": "task-06b8d71a2bcb3273229e", "model_version": "scripted-engineering-only"}
{"event": "task_finished", "trajectory_id": "ce251b80-112a-4aba-956c-bc8df51e905c", "task_id": "task-06b8d71a2bcb3273229e", "model_version": "scripted-engineering-only", "outcome": "escalated", "task_success": true}
{"event": "task_started", "trajectory_id": "72e4c243-c20b-4c7c-b116-c9e79e22e38c", "task_id": "task-a54dafe4b4e3bb62483d", "model_version": "scripted-engineering-only"}
{"event": "task_finished", "trajectory_id": "72e4c243-c20b-4c7c-b116-c9e79e22e38c", "task_id": "task-a54dafe4b4e3bb62483d", "model_version": "scripted-engineering-only", "outcome": "escalated", "task_success": true}
{"event": "task_started", "trajectory_id": "f077fe69-44bd-41b5-b3f8-b98ba08d448a", "task_id": "task-965bab023d996aea99f2", "model_version": "scripted-engineering-only"}
{"event": "task_finished", "trajectory_id": "f077fe69-44bd-41b5-b3f8-b98ba08d448a", "task_id": "task-965bab023d996aea99f2", "model_version": "scripted-engineering-only", "outcome": "completed", "task_success": true}
{"event": "task_started", "trajectory_id": "c19d1b73-8575-4e82-98b0-665ab10a0fda", "task_id": "task-eba00923d594244d8a50", "model_version": "scripted-engineering-only"}
{"event": "task_finished", "trajectory_id": "c19d1b73-8575-4e82-98b0-665ab10a0fda", "task_id": "task-eba00923d594244d8a50", "model_version": "scripted-engineering-only", "outcome": "completed", "task_success": true}
{"event": "task_started", "trajectory_id": "15c3ad58-c1bf-4d44-bdbd-7807ec1653f8", "task_id": "task-2d745d5735989f513472", "model_version": "scripted-engineering-only"}
{"event": "task_finished", "trajectory_id": "15c3ad58-c1bf-4d44-bdbd-7807ec1653f8", "task_id": "task-2d745d5735989f513472", "model_version": "scripted-engineering-only", "outcome": "completed", "task_success": true}
{"event": "task_started", "trajectory_id": "23a43fac-dfa1-4eb5-b945-1f011ec5c502", "task_id": "task-adce80fcd242644af3be", "model_version": "scripted-engineering-only"}
{"event": "task_finished", "trajectory_id": "23a43fac-dfa1-4eb5-b945-1f011ec5c502", "task_id": "task-adce80fcd242644af3be", "model_version": "scripted-engineering-only", "outcome": "escalated", "task_success": true}
{"event": "task_started", "trajectory_id": "6c9c0188-d643-45a6-a2fb-d5b1be8452c0", "task_id": "task-a3b7dfcd02ab8da95ef8", "model_version": "scripted-engineering-only"}
{"event": "task_finished", "trajectory_id": "6c9c0188-d643-45a6-a2fb-d5b1be8452c0", "task_id": "task-a3b7dfcd02ab8da95ef8", "model_version": "scripted-engineering-only", "outcome": "escalated", "task_success": true}
{"event": "task_started", "trajectory_id": "34f05cb6-4d14-4172-ab76-3d7afe0d0966", "task_id": "task-0186019e3d73611b86a1", "model_version": "scripted-engineering-only"}
{"event": "task_finished", "trajectory_id": "34f05cb6-4d14-4172-ab76-3d7afe0d0966", "task_id": "task-0186019e3d73611b86a1", "model_version": "scripted-engineering-only", "outcome": "escalated", "task_success": true}
{"event": "task_started", "trajectory_id": "47ff6d1c-f6d0-4347-a1eb-ed348e7f0394", "task_id": "task-734d5b0d34d0656564ee", "model_version": "scripted-engineering-only"}
{"event": "task_finished", "trajectory_id": "47ff6d1c-f6d0-4347-a1eb-ed348e7f0394", "task_id": "task-734d5b0d34d0656564ee", "model_version": "scripted-engineering-only", "outcome": "escalated", "task_success": true}
{"event": "task_started", "trajectory_id": "4f8c048f-229d-4b7d-adae-ce4b814f282e", "task_id": "task-5dceefde9e586fb8376a", "model_version": "scripted-engineering-only"}
{"event": "task_finished", "trajectory_id": "4f8c048f-229d-4b7d-adae-ce4b814f282e", "task_id": "task-5dceefde9e586fb8376a", "model_version": "scripted-engineering-only", "outcome": "escalated", "task_success": true}
{"event": "task_started", "trajectory_id": "a44b98d4-1c99-463a-b34d-b684ebb9c8fd", "task_id": "task-ad1e786facf608c440ac", "model_version": "scripted-engineering-only"}
{"event": "task_finished", "trajectory_id": "a44b98d4-1c99-463a-b34d-b684ebb9c8fd", "task_id": "task-ad1e786facf608c440ac", "model_version": "scripted-engineering-only", "outcome": "escalated", "task_success": true}
{"event": "task_started", "trajectory_id": "43e7b0c2-e707-46aa-80e7-9798f7196470", "task_id": "task-bb68b21999ce552f5ffc", "model_version": "scripted-engineering-only"}
{"event": "task_finished", "trajectory_id": "43e7b0c2-e707-46aa-80e7-9798f7196470", "task_id": "task-bb68b21999ce552f5ffc", "model_version": "scripted-engineering-only", "outcome": "completed", "task_success": true}
{"event": "task_started", "trajectory_id": "e67ac2c4-a201-42a0-9b81-85842fa94440", "task_id": "task-a1d394ba1d073d7a2eaa", "model_version": "scripted-engineering-only"}
{"event": "task_finished", "trajectory_id": "e67ac2c4-a201-42a0-9b81-85842fa94440", "task_id": "task-a1d394ba1d073d7a2eaa", "model_version": "scripted-engineering-only", "outcome": "completed", "task_success": true}
{"event": "task_started", "trajectory_id": "0cb4eafe-d858-4f76-8f10-05502f0079a9", "task_id": "task-edb462866dbadf5ed77c", "model_version": "scripted-engineering-only"}
{"event": "task_finished", "trajectory_id": "0cb4eafe-d858-4f76-8f10-05502f0079a9", "task_id": "task-edb462866dbadf5ed77c", "model_version": "scripted-engineering-only", "outcome": "completed", "task_success": true}
{"event": "task_started", "trajectory_id": "26d3e334-a3a5-4ab9-baec-023fc036b6ab", "task_id": "task-6dfee218765c8a8ccb03", "model_version": "scripted-engineering-only"}
{"event": "task_finished", "trajectory_id": "26d3e334-a3a5-4ab9-baec-023fc036b6ab", "task_id": "task-6dfee218765c8a8ccb03", "model_version": "scripted-engineering-only", "outcome": "completed", "task_success": true}
{"event": "task_started", "trajectory_id": "00fceb2b-f75f-4f25-9105-1c0a0bd359cd", "task_id": "task-7b7e1c638fa73fcdc0cb", "model_version": "scripted-engineering-only"}
{"event": "task_finished", "trajectory_id": "00fceb2b-f75f-4f25-9105-1c0a0bd359cd", "task_id": "task-7b7e1c638fa73fcdc0cb", "model_version": "scripted-engineering-only", "outcome": "completed", "task_success": true}
{"event": "task_started", "trajectory_id": "ebad2a7e-86c0-4ce2-8d64-aea6246fedea", "task_id": "task-30eeea5e7635d5b1ecb1", "model_version": "scripted-engineering-only"}
{"event": "task_finished", "trajectory_id": "ebad2a7e-86c0-4ce2-8d64-aea6246fedea", "task_id": "task-30eeea5e7635d5b1ecb1", "model_version": "scripted-engineering-only", "outcome": "completed", "task_success": true}
{"event": "task_started", "trajectory_id": "c2dfb481-574f-4053-a1bf-674069eb6e9c", "task_id": "task-d1dddd10b1af24b04d3e", "model_version": "scripted-engineering-only"}
{"event": "task_finished", "trajectory_id": "c2dfb481-574f-4053-a1bf-674069eb6e9c", "task_id": "task-d1dddd10b1af24b04d3e", "model_version": "scripted-engineering-only", "outcome": "escalated", "task_success": true}
{"event": "task_started", "trajectory_id": "93b9e47c-b2cc-4f4f-b266-d3274e14baf5", "task_id": "task-afbdfb29b194d7db817e", "model_version": "scripted-engineering-only"}
{"event": "task_finished", "trajectory_id": "93b9e47c-b2cc-4f4f-b266-d3274e14baf5", "task_id": "task-afbdfb29b194d7db817e", "model_version": "scripted-engineering-only", "outcome": "escalated", "task_success": true}
{"event": "task_started", "trajectory_id": "7183f9c6-e411-4c60-ab13-87fe563a991d", "task_id": "task-1cb1631bb12620637a56", "model_version": "scripted-engineering-only"}
{"event": "task_finished", "trajectory_id": "7183f9c6-e411-4c60-ab13-87fe563a991d", "task_id": "task-1cb1631bb12620637a56", "model_version": "scripted-engineering-only", "outcome": "escalated", "task_success": true}
{"event": "task_started", "trajectory_id": "81ab4f52-c13d-4759-98e6-d3d2720185ee", "task_id": "task-86bd6cb9106510ea039f", "model_version": "scripted-engineering-only"}
{"event": "task_finished", "trajectory_id": "81ab4f52-c13d-4759-98e6-d3d2720185ee", "task_id": "task-86bd6cb9106510ea039f", "model_version": "scripted-engineering-only", "outcome": "escalated", "task_success": true}
{"event": "task_started", "trajectory_id": "45ee0a83-e779-4198-9524-45a021297fae", "task_id": "task-28acc947e09e78444ad1", "model_version": "scripted-engineering-only"}
{"event": "task_finished", "trajectory_id": "45ee0a83-e779-4198-9524-45a021297fae", "task_id": "task-28acc947e09e78444ad1", "model_version": "scripted-engineering-only", "outcome": "escalated", "task_success": true}
{"event": "task_started", "trajectory_id": "4dd7c8ca-fccd-42f8-bf31-724c139521d9", "task_id": "task-398eead64c3eeb871099", "model_version": "scripted-engineering-only"}
{"event": "task_finished", "trajectory_id": "4dd7c8ca-fccd-42f8-bf31-724c139521d9", "task_id": "task-398eead64c3eeb871099", "model_version": "scripted-engineering-only", "outcome": "escalated", "task_success": true}
{"event": "task_started", "trajectory_id": "d4cf5f4d-e4d5-4e86-88ac-80cfa74191ff", "task_id": "task-80544b2a08bd57e8e768", "model_version": "scripted-engineering-only"}
{"event": "task_finished", "trajectory_id": "d4cf5f4d-e4d5-4e86-88ac-80cfa74191ff", "task_id": "task-80544b2a08bd57e8e768", "model_version": "scripted-engineering-only", "outcome": "completed", "task_success": true}
{"event": "task_started", "trajectory_id": "0f5798ee-7bfd-4440-8e09-8eb3eb2ced7c", "task_id": "task-673dbc9dd8f247601722", "model_version": "scripted-engineering-only"}
{"event": "task_finished", "trajectory_id": "0f5798ee-7bfd-4440-8e09-8eb3eb2ced7c", "task_id": "task-673dbc9dd8f247601722", "model_version": "scripted-engineering-only", "outcome": "completed", "task_success": true}
{"event": "task_started", "trajectory_id": "fe47a531-fbb3-455f-84ec-a1b3652ee509", "task_id": "task-ed359ba55106b09d8847", "model_version": "scripted-engineering-only"}
{"event": "task_finished", "trajectory_id": "fe47a531-fbb3-455f-84ec-a1b3652ee509", "task_id": "task-ed359ba55106b09d8847", "model_version": "scripted-engineering-only", "outcome": "completed", "task_success": true}
{"event": "task_started", "trajectory_id": "89c70a0d-d62a-47a8-92d5-a812836245fc", "task_id": "task-292ef81ae14a36c27b3f", "model_version": "scripted-engineering-only"}
{"event": "task_finished", "trajectory_id": "89c70a0d-d62a-47a8-92d5-a812836245fc", "task_id": "task-292ef81ae14a36c27b3f", "model_version": "scripted-engineering-only", "outcome": "refused", "task_success": true}
{"event": "task_started", "trajectory_id": "9c8add4f-bb2b-481d-9cd1-81d1a5c9aa2e", "task_id": "task-5a00f3a9d86cd9d6c54d", "model_version": "scripted-engineering-only"}
{"event": "task_finished", "trajectory_id": "9c8add4f-bb2b-481d-9cd1-81d1a5c9aa2e", "task_id": "task-5a00f3a9d86cd9d6c54d", "model_version": "scripted-engineering-only", "outcome": "refused", "task_success": true}
{"event": "task_started", "trajectory_id": "1b71d610-7f83-4c5c-bcf7-5ed7ee13f5f6", "task_id": "task-3b9ce844f270fdf7774d", "model_version": "scripted-engineering-only"}
{"event": "task_finished", "trajectory_id": "1b71d610-7f83-4c5c-bcf7-5ed7ee13f5f6", "task_id": "task-3b9ce844f270fdf7774d", "model_version": "scripted-engineering-only", "outcome": "refused", "task_success": true}
{"event": "task_started", "trajectory_id": "3df40ba9-fb45-4901-a045-a6f20a03dd37", "task_id": "task-f9ea9ef01353b4b68e96", "model_version": "scripted-engineering-only"}
{"event": "task_finished", "trajectory_id": "3df40ba9-fb45-4901-a045-a6f20a03dd37", "task_id": "task-f9ea9ef01353b4b68e96", "model_version": "scripted-engineering-only", "outcome": "refused", "task_success": true}
{"event": "task_started", "trajectory_id": "709c3c1d-d07c-4ed4-bc5d-8d095bf9a5b4", "task_id": "task-98171245bbd786a1517a", "model_version": "scripted-engineering-only"}
{"event": "task_finished", "trajectory_id": "709c3c1d-d07c-4ed4-bc5d-8d095bf9a5b4", "task_id": "task-98171245bbd786a1517a", "model_version": "scripted-engineering-only", "outcome": "refused", "task_success": true}
{"event": "task_started", "trajectory_id": "f5e614d1-8afb-4107-b303-e4580355b349", "task_id": "task-097a2cdd49eb7039eeda", "model_version": "scripted-engineering-only"}
{"event": "task_finished", "trajectory_id": "f5e614d1-8afb-4107-b303-e4580355b349", "task_id": "task-097a2cdd49eb7039eeda", "model_version": "scripted-engineering-only", "outcome": "refused", "task_success": true}
{"event": "task_started", "trajectory_id": "a0ce9d25-0d10-492e-a232-e03e691d5314", "task_id": "task-dc45c35c4539665fa28a", "model_version": "scripted-engineering-only"}
{"event": "task_finished", "trajectory_id": "a0ce9d25-0d10-492e-a232-e03e691d5314", "task_id": "task-dc45c35c4539665fa28a", "model_version": "scripted-engineering-only", "outcome": "escalated", "task_success": true}
{"event": "task_started", "trajectory_id": "046b7e42-111a-4ccb-8861-c83051496b1c", "task_id": "task-012721fdabc6938bfdb4", "model_version": "scripted-engineering-only"}
{"event": "task_finished", "trajectory_id": "046b7e42-111a-4ccb-8861-c83051496b1c", "task_id": "task-012721fdabc6938bfdb4", "model_version": "scripted-engineering-only", "outcome": "escalated", "task_success": true}
{"event": "task_started", "trajectory_id": "569c211d-828b-491b-b8a7-a8f018733f72", "task_id": "task-7e2db9056f851620b578", "model_version": "scripted-engineering-only"}
{"event": "task_finished", "trajectory_id": "569c211d-828b-491b-b8a7-a8f018733f72", "task_id": "task-7e2db9056f851620b578", "model_version": "scripted-engineering-only", "outcome": "escalated", "task_success": true}
{"event": "task_started", "trajectory_id": "431994a2-cc35-4557-ae07-176a7d171d41", "task_id": "task-56d11969bbac661ba221", "model_version": "scripted-engineering-only"}
{"event": "task_finished", "trajectory_id": "431994a2-cc35-4557-ae07-176a7d171d41", "task_id": "task-56d11969bbac661ba221", "model_version": "scripted-engineering-only", "outcome": "refused", "task_success": true}
{"event": "task_started", "trajectory_id": "8aa715d8-9735-4b05-9fc5-cce92f3eccba", "task_id": "task-87d7c7fe1cf3dca74c72", "model_version": "scripted-engineering-only"}
{"event": "task_finished", "trajectory_id": "8aa715d8-9735-4b05-9fc5-cce92f3eccba", "task_id": "task-87d7c7fe1cf3dca74c72", "model_version": "scripted-engineering-only", "outcome": "refused", "task_success": true}
{"event": "task_started", "trajectory_id": "054f182c-a148-4829-af38-be36239a801f", "task_id": "task-31dce11192d72a14cb25", "model_version": "scripted-engineering-only"}
{"event": "task_finished", "trajectory_id": "054f182c-a148-4829-af38-be36239a801f", "task_id": "task-31dce11192d72a14cb25", "model_version": "scripted-engineering-only", "outcome": "refused", "task_success": true}
{"event": "task_started", "trajectory_id": "98ef6480-ba5b-4044-b94f-bfd575102163", "task_id": "task-c9c2d9c2d23545eb0e36", "model_version": "scripted-engineering-only"}
{"event": "task_finished", "trajectory_id": "98ef6480-ba5b-4044-b94f-bfd575102163", "task_id": "task-c9c2d9c2d23545eb0e36", "model_version": "scripted-engineering-only", "outcome": "refused", "task_success": true}
{"event": "task_started", "trajectory_id": "cd684480-761b-4bf9-b2ca-46728631e9b4", "task_id": "task-9f2dbc26618598f23b3d", "model_version": "scripted-engineering-only"}
{"event": "task_finished", "trajectory_id": "cd684480-761b-4bf9-b2ca-46728631e9b4", "task_id": "task-9f2dbc26618598f23b3d", "model_version": "scripted-engineering-only", "outcome": "refused", "task_success": true}
{"event": "task_started", "trajectory_id": "65a31292-99a9-4163-95c4-1eca987bc65a", "task_id": "task-ba01b87f8d3c2b2a0a9d", "model_version": "scripted-engineering-only"}
{"event": "task_finished", "trajectory_id": "65a31292-99a9-4163-95c4-1eca987bc65a", "task_id": "task-ba01b87f8d3c2b2a0a9d", "model_version": "scripted-engineering-only", "outcome": "refused", "task_success": true}
{"event": "task_started", "trajectory_id": "19da1104-dbf3-408f-8b5f-3b58d5c35477", "task_id": "task-bdd32dbdec43e2d790e2", "model_version": "scripted-engineering-only"}
{"event": "task_finished", "trajectory_id": "19da1104-dbf3-408f-8b5f-3b58d5c35477", "task_id": "task-bdd32dbdec43e2d790e2", "model_version": "scripted-engineering-only", "outcome": "escalated", "task_success": true}
{"event": "task_started", "trajectory_id": "dd9a40df-c782-4b73-88c3-37241fa6cecc", "task_id": "task-abd88aed3619fa1f2adb", "model_version": "scripted-engineering-only"}
{"event": "task_finished", "trajectory_id": "dd9a40df-c782-4b73-88c3-37241fa6cecc", "task_id": "task-abd88aed3619fa1f2adb", "model_version": "scripted-engineering-only", "outcome": "escalated", "task_success": true}
{"event": "task_started", "trajectory_id": "a2d19ace-4423-423d-b950-2e96212d1607", "task_id": "task-3679379ac0a63d0c5798", "model_version": "scripted-engineering-only"}
{"event": "task_finished", "trajectory_id": "a2d19ace-4423-423d-b950-2e96212d1607", "task_id": "task-3679379ac0a63d0c5798", "model_version": "scripted-engineering-only", "outcome": "escalated", "task_success": true}
{"event": "task_started", "trajectory_id": "37938dd7-de14-44d4-aaa2-31c095e63649", "task_id": "task-ec729be391c4a34fe297", "model_version": "scripted-engineering-only"}
{"event": "task_finished", "trajectory_id": "37938dd7-de14-44d4-aaa2-31c095e63649", "task_id": "task-ec729be391c4a34fe297", "model_version": "scripted-engineering-only", "outcome": "completed", "task_success": true}
{"event": "task_started", "trajectory_id": "cea49d56-e0c6-47d0-9680-04e70e3fd99f", "task_id": "task-b453a658279db88de3c0", "model_version": "scripted-engineering-only"}
{"event": "task_finished", "trajectory_id": "cea49d56-e0c6-47d0-9680-04e70e3fd99f", "task_id": "task-b453a658279db88de3c0", "model_version": "scripted-engineering-only", "outcome": "completed", "task_success": true}
{"event": "task_started", "trajectory_id": "6de5a55e-5616-460d-a5a5-0ba41667c853", "task_id": "task-97af2e092bbdb911a25a", "model_version": "scripted-engineering-only"}
{"event": "task_finished", "trajectory_id": "6de5a55e-5616-460d-a5a5-0ba41667c853", "task_id": "task-97af2e092bbdb911a25a", "model_version": "scripted-engineering-only", "outcome": "completed", "task_success": true}
{"event": "task_started", "trajectory_id": "10347d49-70dc-4119-8715-52a6c40b1ce5", "task_id": "task-0724fc5648935c3d16ba", "model_version": "scripted-engineering-only"}
{"event": "task_finished", "trajectory_id": "10347d49-70dc-4119-8715-52a6c40b1ce5", "task_id": "task-0724fc5648935c3d16ba", "model_version": "scripted-engineering-only", "outcome": "escalated", "task_success": true}
{"event": "task_started", "trajectory_id": "0de3cf56-0e6b-4289-9a36-b6066eb59cfc", "task_id": "task-674a4080fd2f0382b598", "model_version": "scripted-engineering-only"}
{"event": "task_finished", "trajectory_id": "0de3cf56-0e6b-4289-9a36-b6066eb59cfc", "task_id": "task-674a4080fd2f0382b598", "model_version": "scripted-engineering-only", "outcome": "escalated", "task_success": true}
{"event": "task_started", "trajectory_id": "fd013e5a-005d-4e45-80ad-cf686b866c50", "task_id": "task-3feda8a21f9775e1db88", "model_version": "scripted-engineering-only"}
{"event": "task_finished", "trajectory_id": "fd013e5a-005d-4e45-80ad-cf686b866c50", "task_id": "task-3feda8a21f9775e1db88", "model_version": "scripted-engineering-only", "outcome": "escalated", "task_success": true}
{"event": "task_started", "trajectory_id": "981ccc2f-a554-42fb-8183-eb64be2860fc", "task_id": "task-0e084016f0ee902062e6", "model_version": "scripted-engineering-only"}
{"event": "task_finished", "trajectory_id": "981ccc2f-a554-42fb-8183-eb64be2860fc", "task_id": "task-0e084016f0ee902062e6", "model_version": "scripted-engineering-only", "outcome": "completed", "task_success": true}
{"event": "task_started", "trajectory_id": "bc8eb698-6ea5-4bc1-9644-0ebaf8d8c5f1", "task_id": "task-4c6c1f9967c096b34002", "model_version": "scripted-engineering-only"}
{"event": "task_finished", "trajectory_id": "bc8eb698-6ea5-4bc1-9644-0ebaf8d8c5f1", "task_id": "task-4c6c1f9967c096b34002", "model_version": "scripted-engineering-only", "outcome": "completed", "task_success": true}
{"event": "task_started", "trajectory_id": "aff0d3f0-07e6-4719-a69e-1e5abd952cb8", "task_id": "task-5d8affbfbc38c6af2a55", "model_version": "scripted-engineering-only"}
{"event": "task_finished", "trajectory_id": "aff0d3f0-07e6-4719-a69e-1e5abd952cb8", "task_id": "task-5d8affbfbc38c6af2a55", "model_version": "scripted-engineering-only", "outcome": "completed", "task_success": true}
{"event": "task_started", "trajectory_id": "3f3f8c37-528e-4a05-8706-67f66bf5f087", "task_id": "task-705ae2b6a38ee732fcb6", "model_version": "scripted-engineering-only"}
{"event": "task_finished", "trajectory_id": "3f3f8c37-528e-4a05-8706-67f66bf5f087", "task_id": "task-705ae2b6a38ee732fcb6", "model_version": "scripted-engineering-only", "outcome": "refused", "task_success": true}
{"event": "task_started", "trajectory_id": "0f957b92-c9a2-4665-a78b-c3a1fb90786b", "task_id": "task-aacc6eab02d55411c926", "model_version": "scripted-engineering-only"}
{"event": "task_finished", "trajectory_id": "0f957b92-c9a2-4665-a78b-c3a1fb90786b", "task_id": "task-aacc6eab02d55411c926", "model_version": "scripted-engineering-only", "outcome": "refused", "task_success": true}
{"event": "task_started", "trajectory_id": "36987e3e-3ade-46fc-b0a6-b5eefdf43c61", "task_id": "task-e69eb5bbc48e257eaed9", "model_version": "scripted-engineering-only"}
{"event": "task_finished", "trajectory_id": "36987e3e-3ade-46fc-b0a6-b5eefdf43c61", "task_id": "task-e69eb5bbc48e257eaed9", "model_version": "scripted-engineering-only", "outcome": "refused", "task_success": true}
{"event": "task_started", "trajectory_id": "b27a94d2-ce75-4404-822b-12af7d0fd9a9", "task_id": "task-d218b76a549bb71d32a3", "model_version": "scripted-engineering-only"}
{"event": "task_finished", "trajectory_id": "b27a94d2-ce75-4404-822b-12af7d0fd9a9", "task_id": "task-d218b76a549bb71d32a3", "model_version": "scripted-engineering-only", "outcome": "escalated", "task_success": true}
{"event": "task_started", "trajectory_id": "77766aee-60d0-430f-bb02-fcfc7ab2470b", "task_id": "task-399f80239f711ea5d908", "model_version": "scripted-engineering-only"}
{"event": "task_finished", "trajectory_id": "77766aee-60d0-430f-bb02-fcfc7ab2470b", "task_id": "task-399f80239f711ea5d908", "model_version": "scripted-engineering-only", "outcome": "escalated", "task_success": true}
{"event": "task_started", "trajectory_id": "d7b9a3cd-9df7-4ed7-abca-1734bc40f7fa", "task_id": "task-59a584317a710f1deb73", "model_version": "scripted-engineering-only"}
{"event": "task_finished", "trajectory_id": "d7b9a3cd-9df7-4ed7-abca-1734bc40f7fa", "task_id": "task-59a584317a710f1deb73", "model_version": "scripted-engineering-only", "outcome": "escalated", "task_success": true}
{"event": "task_started", "trajectory_id": "ab3cdb1b-fb62-478c-893e-8e9d2b6cb9ce", "task_id": "task-f72263adb1c1d420111e", "model_version": "scripted-engineering-only"}
{"event": "task_finished", "trajectory_id": "ab3cdb1b-fb62-478c-893e-8e9d2b6cb9ce", "task_id": "task-f72263adb1c1d420111e", "model_version": "scripted-engineering-only", "outcome": "escalated", "task_success": true}
{"event": "task_started", "trajectory_id": "c1ea9e0d-fba9-46bd-8fba-d6bc04835e85", "task_id": "task-90c1813085f31f5299b3", "model_version": "scripted-engineering-only"}
{"event": "task_finished", "trajectory_id": "c1ea9e0d-fba9-46bd-8fba-d6bc04835e85", "task_id": "task-90c1813085f31f5299b3", "model_version": "scripted-engineering-only", "outcome": "escalated", "task_success": true}
{"event": "task_started", "trajectory_id": "cdb8ed66-7d26-4c17-905d-970f70f20e08", "task_id": "task-c31ed15c43fec69b21d0", "model_version": "scripted-engineering-only"}
{"event": "task_finished", "trajectory_id": "cdb8ed66-7d26-4c17-905d-970f70f20e08", "task_id": "task-c31ed15c43fec69b21d0", "model_version": "scripted-engineering-only", "outcome": "escalated", "task_success": true}
{"event": "task_started", "trajectory_id": "1112abe0-7400-42b4-bb16-79468883be4a", "task_id": "task-c4da3551dcd0c1e6d1bc", "model_version": "scripted-engineering-only"}
{"event": "task_finished", "trajectory_id": "1112abe0-7400-42b4-bb16-79468883be4a", "task_id": "task-c4da3551dcd0c1e6d1bc", "model_version": "scripted-engineering-only", "outcome": "completed", "task_success": true}
{"event": "task_started", "trajectory_id": "4fae6fcd-1179-43f7-b046-e8349b2f751e", "task_id": "task-d573e068640729f6fc0c", "model_version": "scripted-engineering-only"}
{"event": "task_finished", "trajectory_id": "4fae6fcd-1179-43f7-b046-e8349b2f751e", "task_id": "task-d573e068640729f6fc0c", "model_version": "scripted-engineering-only", "outcome": "completed", "task_success": true}
{"event": "task_started", "trajectory_id": "88b98f1b-ddaf-45b2-b6e8-53b1c48e99f4", "task_id": "task-5451f40b657f5bfdccbc", "model_version": "scripted-engineering-only"}
{"event": "task_finished", "trajectory_id": "88b98f1b-ddaf-45b2-b6e8-53b1c48e99f4", "task_id": "task-5451f40b657f5bfdccbc", "model_version": "scripted-engineering-only", "outcome": "completed", "task_success": true}
{"event": "task_started", "trajectory_id": "4544567f-7e82-4209-b389-210ef133c954", "task_id": "task-d71f713e079ab5c2b330", "model_version": "scripted-engineering-only"}
{"event": "task_finished", "trajectory_id": "4544567f-7e82-4209-b389-210ef133c954", "task_id": "task-d71f713e079ab5c2b330", "model_version": "scripted-engineering-only", "outcome": "completed", "task_success": true}
{"event": "task_started", "trajectory_id": "8af2db2d-fc7f-4ba9-bc69-9e0b385c35c4", "task_id": "task-aa38b5523e6289961272", "model_version": "scripted-engineering-only"}
{"event": "task_finished", "trajectory_id": "8af2db2d-fc7f-4ba9-bc69-9e0b385c35c4", "task_id": "task-aa38b5523e6289961272", "model_version": "scripted-engineering-only", "outcome": "completed", "task_success": true}
{"event": "task_started", "trajectory_id": "790762e0-e0fc-4675-9ef1-fc342d7f8492", "task_id": "task-45334e54e1889ab54a6c", "model_version": "scripted-engineering-only"}
{"event": "task_finished", "trajectory_id": "790762e0-e0fc-4675-9ef1-fc342d7f8492", "task_id": "task-45334e54e1889ab54a6c", "model_version": "scripted-engineering-only", "outcome": "completed", "task_success": true}
{"event": "task_started", "trajectory_id": "30dff673-3543-4e01-8217-eb8b32b3207e", "task_id": "task-c50d95cdd2eabf3b7e52", "model_version": "scripted-engineering-only"}
{"event": "task_finished", "trajectory_id": "30dff673-3543-4e01-8217-eb8b32b3207e", "task_id": "task-c50d95cdd2eabf3b7e52", "model_version": "scripted-engineering-only", "outcome": "completed", "task_success": true}
{"event": "task_started", "trajectory_id": "51c81311-2080-4669-b69e-032b716bafbd", "task_id": "task-e730102b9a4395aae8ee", "model_version": "scripted-engineering-only"}
{"event": "task_finished", "trajectory_id": "51c81311-2080-4669-b69e-032b716bafbd", "task_id": "task-e730102b9a4395aae8ee", "model_version": "scripted-engineering-only", "outcome": "completed", "task_success": true}
{"event": "task_started", "trajectory_id": "a34d2fd7-a608-4a32-afb5-b13d0e952ee6", "task_id": "task-c1422229a8352e1cf4fc", "model_version": "scripted-engineering-only"}
{"event": "task_finished", "trajectory_id": "a34d2fd7-a608-4a32-afb5-b13d0e952ee6", "task_id": "task-c1422229a8352e1cf4fc", "model_version": "scripted-engineering-only", "outcome": "completed", "task_success": true}
{"event": "task_started", "trajectory_id": "8476fcb1-1035-4d2d-bad0-83c7ba61c9de", "task_id": "task-f67587394339c41f909c", "model_version": "scripted-engineering-only"}
{"event": "task_finished", "trajectory_id": "8476fcb1-1035-4d2d-bad0-83c7ba61c9de", "task_id": "task-f67587394339c41f909c", "model_version": "scripted-engineering-only", "outcome": "refused", "task_success": true}
{"event": "task_started", "trajectory_id": "d64c8ccf-9714-42a1-97d4-efb5f3f743c1", "task_id": "task-b2e0e6a52eb4cbe28b57", "model_version": "scripted-engineering-only"}
{"event": "task_finished", "trajectory_id": "d64c8ccf-9714-42a1-97d4-efb5f3f743c1", "task_id": "task-b2e0e6a52eb4cbe28b57", "model_version": "scripted-engineering-only", "outcome": "refused", "task_success": true}
{"event": "task_started", "trajectory_id": "c5e09ce9-72f5-4fd6-98ce-fee6886738b8", "task_id": "task-271e4f001bfbec4ba37f", "model_version": "scripted-engineering-only"}
{"event": "task_finished", "trajectory_id": "c5e09ce9-72f5-4fd6-98ce-fee6886738b8", "task_id": "task-271e4f001bfbec4ba37f", "model_version": "scripted-engineering-only", "outcome": "refused", "task_success": true}
{"event": "task_started", "trajectory_id": "aa42a6d0-4d18-418d-8f31-c6bbd8834620", "task_id": "task-f476ba5bc12924d9bc6b", "model_version": "scripted-engineering-only"}
{"event": "task_finished", "trajectory_id": "aa42a6d0-4d18-418d-8f31-c6bbd8834620", "task_id": "task-f476ba5bc12924d9bc6b", "model_version": "scripted-engineering-only", "outcome": "refused", "task_success": true}
{"event": "task_started", "trajectory_id": "ad22fc69-cc18-40d7-805e-7b5fc121b49c", "task_id": "task-5eb647be1fe8d553a68b", "model_version": "scripted-engineering-only"}
{"event": "task_finished", "trajectory_id": "ad22fc69-cc18-40d7-805e-7b5fc121b49c", "task_id": "task-5eb647be1fe8d553a68b", "model_version": "scripted-engineering-only", "outcome": "refused", "task_success": true}
{"event": "task_started", "trajectory_id": "bfd7af30-5377-4c7f-8e36-1edd681f1702", "task_id": "task-07a2025d71ee061f3bd2", "model_version": "scripted-engineering-only"}
{"event": "task_finished", "trajectory_id": "bfd7af30-5377-4c7f-8e36-1edd681f1702", "task_id": "task-07a2025d71ee061f3bd2", "model_version": "scripted-engineering-only", "outcome": "refused", "task_success": true}
{"event": "task_started", "trajectory_id": "569fa507-2052-41f4-a3ed-a5bfb2fc8299", "task_id": "task-a48da85fc162e85f19e2", "model_version": "scripted-engineering-only"}
{"event": "task_finished", "trajectory_id": "569fa507-2052-41f4-a3ed-a5bfb2fc8299", "task_id": "task-a48da85fc162e85f19e2", "model_version": "scripted-engineering-only", "outcome": "escalated", "task_success": true}
{"event": "task_started", "trajectory_id": "0156975a-bfe7-40bc-852b-1d3539cdfb39", "task_id": "task-06b8d71a2bcb3273229e", "model_version": "scripted-engineering-only"}
{"event": "task_finished", "trajectory_id": "0156975a-bfe7-40bc-852b-1d3539cdfb39", "task_id": "task-06b8d71a2bcb3273229e", "model_version": "scripted-engineering-only", "outcome": "escalated", "task_success": true}
{"event": "task_started", "trajectory_id": "ff156d43-84df-4fda-92bd-714a257c9c29", "task_id": "task-a54dafe4b4e3bb62483d", "model_version": "scripted-engineering-only"}
{"event": "task_finished", "trajectory_id": "ff156d43-84df-4fda-92bd-714a257c9c29", "task_id": "task-a54dafe4b4e3bb62483d", "model_version": "scripted-engineering-only", "outcome": "escalated", "task_success": true}
{"event": "task_started", "trajectory_id": "0b3f1ac7-30cc-4293-bc6c-de55411992b2", "task_id": "task-965bab023d996aea99f2", "model_version": "scripted-engineering-only"}
{"event": "task_finished", "trajectory_id": "0b3f1ac7-30cc-4293-bc6c-de55411992b2", "task_id": "task-965bab023d996aea99f2", "model_version": "scripted-engineering-only", "outcome": "completed", "task_success": true}
{"event": "task_started", "trajectory_id": "b6aea3ef-4f3b-4e3a-b0ed-f273ba44d5cb", "task_id": "task-eba00923d594244d8a50", "model_version": "scripted-engineering-only"}
{"event": "task_finished", "trajectory_id": "b6aea3ef-4f3b-4e3a-b0ed-f273ba44d5cb", "task_id": "task-eba00923d594244d8a50", "model_version": "scripted-engineering-only", "outcome": "completed", "task_success": true}
{"event": "task_started", "trajectory_id": "3be6a4fb-d17a-4cdd-a58b-3eb6f7761db4", "task_id": "task-2d745d5735989f513472", "model_version": "scripted-engineering-only"}
{"event": "task_finished", "trajectory_id": "3be6a4fb-d17a-4cdd-a58b-3eb6f7761db4", "task_id": "task-2d745d5735989f513472", "model_version": "scripted-engineering-only", "outcome": "completed", "task_success": true}
{"event": "task_started", "trajectory_id": "048d3929-2601-4af2-93a7-6269b647557b", "task_id": "task-adce80fcd242644af3be", "model_version": "scripted-engineering-only"}
{"event": "task_finished", "trajectory_id": "048d3929-2601-4af2-93a7-6269b647557b", "task_id": "task-adce80fcd242644af3be", "model_version": "scripted-engineering-only", "outcome": "escalated", "task_success": true}
{"event": "task_started", "trajectory_id": "258d4a04-2db2-448c-bf48-e6bb0299eee0", "task_id": "task-a3b7dfcd02ab8da95ef8", "model_version": "scripted-engineering-only"}
{"event": "task_finished", "trajectory_id": "258d4a04-2db2-448c-bf48-e6bb0299eee0", "task_id": "task-a3b7dfcd02ab8da95ef8", "model_version": "scripted-engineering-only", "outcome": "escalated", "task_success": true}
{"event": "task_started", "trajectory_id": "58527b9e-5bef-4908-8f61-7df48a6e545b", "task_id": "task-0186019e3d73611b86a1", "model_version": "scripted-engineering-only"}
{"event": "task_finished", "trajectory_id": "58527b9e-5bef-4908-8f61-7df48a6e545b", "task_id": "task-0186019e3d73611b86a1", "model_version": "scripted-engineering-only", "outcome": "escalated", "task_success": true}
{"event": "task_started", "trajectory_id": "f2ef12f5-b104-4be8-be0c-22a54f72e787", "task_id": "task-734d5b0d34d0656564ee", "model_version": "scripted-engineering-only"}
{"event": "task_finished", "trajectory_id": "f2ef12f5-b104-4be8-be0c-22a54f72e787", "task_id": "task-734d5b0d34d0656564ee", "model_version": "scripted-engineering-only", "outcome": "escalated", "task_success": true}
{"event": "task_started", "trajectory_id": "0ede0275-ee72-4b10-878e-e773abfa926d", "task_id": "task-5dceefde9e586fb8376a", "model_version": "scripted-engineering-only"}
{"event": "task_finished", "trajectory_id": "0ede0275-ee72-4b10-878e-e773abfa926d", "task_id": "task-5dceefde9e586fb8376a", "model_version": "scripted-engineering-only", "outcome": "escalated", "task_success": true}
{"event": "task_started", "trajectory_id": "74c853c4-8fcd-4675-8e43-690cea559381", "task_id": "task-ad1e786facf608c440ac", "model_version": "scripted-engineering-only"}
{"event": "task_finished", "trajectory_id": "74c853c4-8fcd-4675-8e43-690cea559381", "task_id": "task-ad1e786facf608c440ac", "model_version": "scripted-engineering-only", "outcome": "escalated", "task_success": true}
{"event": "task_started", "trajectory_id": "369c476d-eca4-4595-889f-5516a7c02827", "task_id": "task-bb68b21999ce552f5ffc", "model_version": "scripted-engineering-only"}
{"event": "task_finished", "trajectory_id": "369c476d-eca4-4595-889f-5516a7c02827", "task_id": "task-bb68b21999ce552f5ffc", "model_version": "scripted-engineering-only", "outcome": "completed", "task_success": true}
{"event": "task_started", "trajectory_id": "252fdc3e-22e2-4455-bfb4-887a0b412fdc", "task_id": "task-a1d394ba1d073d7a2eaa", "model_version": "scripted-engineering-only"}
{"event": "task_finished", "trajectory_id": "252fdc3e-22e2-4455-bfb4-887a0b412fdc", "task_id": "task-a1d394ba1d073d7a2eaa", "model_version": "scripted-engineering-only", "outcome": "completed", "task_success": true}
{"event": "task_started", "trajectory_id": "72c090c7-2645-401f-bf7f-5dfa6a47849a", "task_id": "task-edb462866dbadf5ed77c", "model_version": "scripted-engineering-only"}
{"event": "task_finished", "trajectory_id": "72c090c7-2645-401f-bf7f-5dfa6a47849a", "task_id": "task-edb462866dbadf5ed77c", "model_version": "scripted-engineering-only", "outcome": "completed", "task_success": true}
{"event": "task_started", "trajectory_id": "9691089b-dd6b-4ac8-956c-4574b03c806b", "task_id": "task-6dfee218765c8a8ccb03", "model_version": "scripted-engineering-only"}
{"event": "task_finished", "trajectory_id": "9691089b-dd6b-4ac8-956c-4574b03c806b", "task_id": "task-6dfee218765c8a8ccb03", "model_version": "scripted-engineering-only", "outcome": "completed", "task_success": true}
{"event": "task_started", "trajectory_id": "00f474c6-c326-4a49-a421-07865ec9abed", "task_id": "task-7b7e1c638fa73fcdc0cb", "model_version": "scripted-engineering-only"}
{"event": "task_finished", "trajectory_id": "00f474c6-c326-4a49-a421-07865ec9abed", "task_id": "task-7b7e1c638fa73fcdc0cb", "model_version": "scripted-engineering-only", "outcome": "completed", "task_success": true}
{"event": "task_started", "trajectory_id": "a4203947-5543-470c-a923-4e3f94c40a59", "task_id": "task-30eeea5e7635d5b1ecb1", "model_version": "scripted-engineering-only"}
{"event": "task_finished", "trajectory_id": "a4203947-5543-470c-a923-4e3f94c40a59", "task_id": "task-30eeea5e7635d5b1ecb1", "model_version": "scripted-engineering-only", "outcome": "completed", "task_success": true}
{"event": "task_started", "trajectory_id": "109a085d-07e5-428e-baf3-018cddc67703", "task_id": "task-d1dddd10b1af24b04d3e", "model_version": "scripted-engineering-only"}
{"event": "task_finished", "trajectory_id": "109a085d-07e5-428e-baf3-018cddc67703", "task_id": "task-d1dddd10b1af24b04d3e", "model_version": "scripted-engineering-only", "outcome": "escalated", "task_success": true}
{"event": "task_started", "trajectory_id": "b620b0a4-56dd-4b66-a2b8-2c6748c7f019", "task_id": "task-afbdfb29b194d7db817e", "model_version": "scripted-engineering-only"}
{"event": "task_finished", "trajectory_id": "b620b0a4-56dd-4b66-a2b8-2c6748c7f019", "task_id": "task-afbdfb29b194d7db817e", "model_version": "scripted-engineering-only", "outcome": "escalated", "task_success": true}
{"event": "task_started", "trajectory_id": "b89e5d3b-e961-405e-9a49-d40c2460e099", "task_id": "task-1cb1631bb12620637a56", "model_version": "scripted-engineering-only"}
{"event": "task_finished", "trajectory_id": "b89e5d3b-e961-405e-9a49-d40c2460e099", "task_id": "task-1cb1631bb12620637a56", "model_version": "scripted-engineering-only", "outcome": "escalated", "task_success": true}
{"event": "task_started", "trajectory_id": "b6d2b539-eb40-40be-bce3-3c4445c996cf", "task_id": "task-86bd6cb9106510ea039f", "model_version": "scripted-engineering-only"}
{"event": "task_finished", "trajectory_id": "b6d2b539-eb40-40be-bce3-3c4445c996cf", "task_id": "task-86bd6cb9106510ea039f", "model_version": "scripted-engineering-only", "outcome": "escalated", "task_success": true}
{"event": "task_started", "trajectory_id": "4e988e81-0021-4e50-9b27-72b88a4c6461", "task_id": "task-28acc947e09e78444ad1", "model_version": "scripted-engineering-only"}
{"event": "task_finished", "trajectory_id": "4e988e81-0021-4e50-9b27-72b88a4c6461", "task_id": "task-28acc947e09e78444ad1", "model_version": "scripted-engineering-only", "outcome": "escalated", "task_success": true}
{"event": "task_started", "trajectory_id": "ffb6b8d0-f66f-4737-a4dc-0496d722378d", "task_id": "task-398eead64c3eeb871099", "model_version": "scripted-engineering-only"}
{"event": "task_finished", "trajectory_id": "ffb6b8d0-f66f-4737-a4dc-0496d722378d", "task_id": "task-398eead64c3eeb871099", "model_version": "scripted-engineering-only", "outcome": "escalated", "task_success": true}
{"event": "task_started", "trajectory_id": "e859da58-8f9c-48d2-9fc2-5535c108ca0d", "task_id": "task-80544b2a08bd57e8e768", "model_version": "scripted-engineering-only"}
{"event": "task_finished", "trajectory_id": "e859da58-8f9c-48d2-9fc2-5535c108ca0d", "task_id": "task-80544b2a08bd57e8e768", "model_version": "scripted-engineering-only", "outcome": "completed", "task_success": true}
{"event": "task_started", "trajectory_id": "a818f0fe-d199-48b9-8232-e10384e4652f", "task_id": "task-673dbc9dd8f247601722", "model_version": "scripted-engineering-only"}
{"event": "task_finished", "trajectory_id": "a818f0fe-d199-48b9-8232-e10384e4652f", "task_id": "task-673dbc9dd8f247601722", "model_version": "scripted-engineering-only", "outcome": "completed", "task_success": true}
{"event": "task_started", "trajectory_id": "21f4410f-c2f9-495b-ab0b-90bcfcd94785", "task_id": "task-ed359ba55106b09d8847", "model_version": "scripted-engineering-only"}
{"event": "task_finished", "trajectory_id": "21f4410f-c2f9-495b-ab0b-90bcfcd94785", "task_id": "task-ed359ba55106b09d8847", "model_version": "scripted-engineering-only", "outcome": "completed", "task_success": true}
{"event": "task_started", "trajectory_id": "818fa0ef-5ed5-4185-a5e2-bc2abce66bee", "task_id": "task-292ef81ae14a36c27b3f", "model_version": "scripted-engineering-only"}
{"event": "task_finished", "trajectory_id": "818fa0ef-5ed5-4185-a5e2-bc2abce66bee", "task_id": "task-292ef81ae14a36c27b3f", "model_version": "scripted-engineering-only", "outcome": "refused", "task_success": true}
{"event": "task_started", "trajectory_id": "c8147d92-80b5-4788-8803-4d061b157cb3", "task_id": "task-5a00f3a9d86cd9d6c54d", "model_version": "scripted-engineering-only"}
{"event": "task_finished", "trajectory_id": "c8147d92-80b5-4788-8803-4d061b157cb3", "task_id": "task-5a00f3a9d86cd9d6c54d", "model_version": "scripted-engineering-only", "outcome": "refused", "task_success": true}
{"event": "task_started", "trajectory_id": "82576a90-fb51-476e-becb-26e529c85ff8", "task_id": "task-3b9ce844f270fdf7774d", "model_version": "scripted-engineering-only"}
{"event": "task_finished", "trajectory_id": "82576a90-fb51-476e-becb-26e529c85ff8", "task_id": "task-3b9ce844f270fdf7774d", "model_version": "scripted-engineering-only", "outcome": "refused", "task_success": true}
{"event": "task_started", "trajectory_id": "30230460-6a68-47a2-81f6-12b850449154", "task_id": "task-f9ea9ef01353b4b68e96", "model_version": "scripted-engineering-only"}
{"event": "task_finished", "trajectory_id": "30230460-6a68-47a2-81f6-12b850449154", "task_id": "task-f9ea9ef01353b4b68e96", "model_version": "scripted-engineering-only", "outcome": "refused", "task_success": true}
{"event": "task_started", "trajectory_id": "370b3538-6356-4e0e-9be0-c527718a08d5", "task_id": "task-98171245bbd786a1517a", "model_version": "scripted-engineering-only"}
{"event": "task_finished", "trajectory_id": "370b3538-6356-4e0e-9be0-c527718a08d5", "task_id": "task-98171245bbd786a1517a", "model_version": "scripted-engineering-only", "outcome": "refused", "task_success": true}
{"event": "task_started", "trajectory_id": "223042dd-5ba8-4926-945f-f840d0caa5b0", "task_id": "task-097a2cdd49eb7039eeda", "model_version": "scripted-engineering-only"}
{"event": "task_finished", "trajectory_id": "223042dd-5ba8-4926-945f-f840d0caa5b0", "task_id": "task-097a2cdd49eb7039eeda", "model_version": "scripted-engineering-only", "outcome": "refused", "task_success": true}
{"event": "task_started", "trajectory_id": "19f2e0e5-9e36-4220-88eb-0da91e1e0f9d", "task_id": "task-dc45c35c4539665fa28a", "model_version": "scripted-engineering-only"}
{"event": "task_finished", "trajectory_id": "19f2e0e5-9e36-4220-88eb-0da91e1e0f9d", "task_id": "task-dc45c35c4539665fa28a", "model_version": "scripted-engineering-only", "outcome": "escalated", "task_success": true}
{"event": "task_started", "trajectory_id": "0e8c7855-3135-4c0f-9faf-dbb3b198e1ea", "task_id": "task-012721fdabc6938bfdb4", "model_version": "scripted-engineering-only"}
{"event": "task_finished", "trajectory_id": "0e8c7855-3135-4c0f-9faf-dbb3b198e1ea", "task_id": "task-012721fdabc6938bfdb4", "model_version": "scripted-engineering-only", "outcome": "escalated", "task_success": true}
{"event": "task_started", "trajectory_id": "0d1fd6e6-7b02-4085-8144-efbbd3c099dd", "task_id": "task-7e2db9056f851620b578", "model_version": "scripted-engineering-only"}
{"event": "task_finished", "trajectory_id": "0d1fd6e6-7b02-4085-8144-efbbd3c099dd", "task_id": "task-7e2db9056f851620b578", "model_version": "scripted-engineering-only", "outcome": "escalated", "task_success": true}
{"event": "task_started", "trajectory_id": "a3573abe-18e5-4e95-9476-95f81971c0e9", "task_id": "task-56d11969bbac661ba221", "model_version": "scripted-engineering-only"}
{"event": "task_finished", "trajectory_id": "a3573abe-18e5-4e95-9476-95f81971c0e9", "task_id": "task-56d11969bbac661ba221", "model_version": "scripted-engineering-only", "outcome": "refused", "task_success": true}
{"event": "task_started", "trajectory_id": "63bb557c-c3ff-44f2-8dc5-d0c66c3da687", "task_id": "task-87d7c7fe1cf3dca74c72", "model_version": "scripted-engineering-only"}
{"event": "task_finished", "trajectory_id": "63bb557c-c3ff-44f2-8dc5-d0c66c3da687", "task_id": "task-87d7c7fe1cf3dca74c72", "model_version": "scripted-engineering-only", "outcome": "refused", "task_success": true}
{"event": "task_started", "trajectory_id": "f000b20d-ba6a-468e-9bf2-397e8d223cec", "task_id": "task-31dce11192d72a14cb25", "model_version": "scripted-engineering-only"}
{"event": "task_finished", "trajectory_id": "f000b20d-ba6a-468e-9bf2-397e8d223cec", "task_id": "task-31dce11192d72a14cb25", "model_version": "scripted-engineering-only", "outcome": "refused", "task_success": true}
{"event": "task_started", "trajectory_id": "fc734507-f305-4387-bb99-061eb61e309f", "task_id": "task-c9c2d9c2d23545eb0e36", "model_version": "scripted-engineering-only"}
{"event": "task_finished", "trajectory_id": "fc734507-f305-4387-bb99-061eb61e309f", "task_id": "task-c9c2d9c2d23545eb0e36", "model_version": "scripted-engineering-only", "outcome": "refused", "task_success": true}
{"event": "task_started", "trajectory_id": "c4243bbb-0933-4b8a-b408-58259d84f202", "task_id": "task-9f2dbc26618598f23b3d", "model_version": "scripted-engineering-only"}
{"event": "task_finished", "trajectory_id": "c4243bbb-0933-4b8a-b408-58259d84f202", "task_id": "task-9f2dbc26618598f23b3d", "model_version": "scripted-engineering-only", "outcome": "refused", "task_success": true}
{"event": "task_started", "trajectory_id": "f927d86e-bbfc-49c8-8954-6866d8a29148", "task_id": "task-ba01b87f8d3c2b2a0a9d", "model_version": "scripted-engineering-only"}
{"event": "task_finished", "trajectory_id": "f927d86e-bbfc-49c8-8954-6866d8a29148", "task_id": "task-ba01b87f8d3c2b2a0a9d", "model_version": "scripted-engineering-only", "outcome": "refused", "task_success": true}
{"event": "task_started", "trajectory_id": "4aff487d-f21b-4cc1-a5db-aaeba79cdaaf", "task_id": "task-bdd32dbdec43e2d790e2", "model_version": "scripted-engineering-only"}
{"event": "task_finished", "trajectory_id": "4aff487d-f21b-4cc1-a5db-aaeba79cdaaf", "task_id": "task-bdd32dbdec43e2d790e2", "model_version": "scripted-engineering-only", "outcome": "escalated", "task_success": true}
{"event": "task_started", "trajectory_id": "4edb74e6-4195-47ea-af1a-809cd2ec90d0", "task_id": "task-abd88aed3619fa1f2adb", "model_version": "scripted-engineering-only"}
{"event": "task_finished", "trajectory_id": "4edb74e6-4195-47ea-af1a-809cd2ec90d0", "task_id": "task-abd88aed3619fa1f2adb", "model_version": "scripted-engineering-only", "outcome": "escalated", "task_success": true}
{"event": "task_started", "trajectory_id": "2adaf4f8-db8e-4947-bee0-1c6b4975561e", "task_id": "task-3679379ac0a63d0c5798", "model_version": "scripted-engineering-only"}
{"event": "task_finished", "trajectory_id": "2adaf4f8-db8e-4947-bee0-1c6b4975561e", "task_id": "task-3679379ac0a63d0c5798", "model_version": "scripted-engineering-only", "outcome": "escalated", "task_success": true}
{"event": "task_started", "trajectory_id": "2a9d6c4e-afd1-466d-827d-3af8d4343389", "task_id": "task-ec729be391c4a34fe297", "model_version": "scripted-engineering-only"}
{"event": "task_finished", "trajectory_id": "2a9d6c4e-afd1-466d-827d-3af8d4343389", "task_id": "task-ec729be391c4a34fe297", "model_version": "scripted-engineering-only", "outcome": "completed", "task_success": true}
{"event": "task_started", "trajectory_id": "36b9a5cd-0673-4a57-881c-885528b5cb6a", "task_id": "task-b453a658279db88de3c0", "model_version": "scripted-engineering-only"}
{"event": "task_finished", "trajectory_id": "36b9a5cd-0673-4a57-881c-885528b5cb6a", "task_id": "task-b453a658279db88de3c0", "model_version": "scripted-engineering-only", "outcome": "completed", "task_success": true}
{"event": "task_started", "trajectory_id": "3024dd00-8a7c-4edc-8d0d-44a469e0407f", "task_id": "task-97af2e092bbdb911a25a", "model_version": "scripted-engineering-only"}
{"event": "task_finished", "trajectory_id": "3024dd00-8a7c-4edc-8d0d-44a469e0407f", "task_id": "task-97af2e092bbdb911a25a", "model_version": "scripted-engineering-only", "outcome": "completed", "task_success": true}
{"event": "task_started", "trajectory_id": "a89ba88d-5820-436c-b690-81fdeaf7be0d", "task_id": "task-0724fc5648935c3d16ba", "model_version": "scripted-engineering-only"}
{"event": "task_finished", "trajectory_id": "a89ba88d-5820-436c-b690-81fdeaf7be0d", "task_id": "task-0724fc5648935c3d16ba", "model_version": "scripted-engineering-only", "outcome": "escalated", "task_success": true}
{"event": "task_started", "trajectory_id": "82f7b251-e257-4ed6-b4a8-fbe9029c2ae6", "task_id": "task-674a4080fd2f0382b598", "model_version": "scripted-engineering-only"}
{"event": "task_finished", "trajectory_id": "82f7b251-e257-4ed6-b4a8-fbe9029c2ae6", "task_id": "task-674a4080fd2f0382b598", "model_version": "scripted-engineering-only", "outcome": "escalated", "task_success": true}
{"event": "task_started", "trajectory_id": "2c4489c2-276e-4e8e-bfdb-560c0ba6cd85", "task_id": "task-3feda8a21f9775e1db88", "model_version": "scripted-engineering-only"}
{"event": "task_finished", "trajectory_id": "2c4489c2-276e-4e8e-bfdb-560c0ba6cd85", "task_id": "task-3feda8a21f9775e1db88", "model_version": "scripted-engineering-only", "outcome": "escalated", "task_success": true}
{"event": "task_started", "trajectory_id": "8e0b1bc2-7705-4b9d-b0ac-6c4d9957bc03", "task_id": "task-0e084016f0ee902062e6", "model_version": "scripted-engineering-only"}
{"event": "task_finished", "trajectory_id": "8e0b1bc2-7705-4b9d-b0ac-6c4d9957bc03", "task_id": "task-0e084016f0ee902062e6", "model_version": "scripted-engineering-only", "outcome": "completed", "task_success": true}
{"event": "task_started", "trajectory_id": "402db33e-9792-4722-afee-3c463da21194", "task_id": "task-4c6c1f9967c096b34002", "model_version": "scripted-engineering-only"}
{"event": "task_finished", "trajectory_id": "402db33e-9792-4722-afee-3c463da21194", "task_id": "task-4c6c1f9967c096b34002", "model_version": "scripted-engineering-only", "outcome": "completed", "task_success": true}
{"event": "task_started", "trajectory_id": "4612416a-f1ec-427b-98f5-dfd92ec5bb6f", "task_id": "task-5d8affbfbc38c6af2a55", "model_version": "scripted-engineering-only"}
{"event": "task_finished", "trajectory_id": "4612416a-f1ec-427b-98f5-dfd92ec5bb6f", "task_id": "task-5d8affbfbc38c6af2a55", "model_version": "scripted-engineering-only", "outcome": "completed", "task_success": true}
{"event": "task_started", "trajectory_id": "2fd7d0f0-1033-4a12-be93-6eab7e2cb65f", "task_id": "task-705ae2b6a38ee732fcb6", "model_version": "scripted-engineering-only"}
{"event": "task_finished", "trajectory_id": "2fd7d0f0-1033-4a12-be93-6eab7e2cb65f", "task_id": "task-705ae2b6a38ee732fcb6", "model_version": "scripted-engineering-only", "outcome": "refused", "task_success": true}
{"event": "task_started", "trajectory_id": "e697a7c1-2f74-4417-bb54-227d5e4868ef", "task_id": "task-aacc6eab02d55411c926", "model_version": "scripted-engineering-only"}
{"event": "task_finished", "trajectory_id": "e697a7c1-2f74-4417-bb54-227d5e4868ef", "task_id": "task-aacc6eab02d55411c926", "model_version": "scripted-engineering-only", "outcome": "refused", "task_success": true}
{"event": "task_started", "trajectory_id": "94c31778-e449-4d8b-b2e3-218231f17be1", "task_id": "task-e69eb5bbc48e257eaed9", "model_version": "scripted-engineering-only"}
{"event": "task_finished", "trajectory_id": "94c31778-e449-4d8b-b2e3-218231f17be1", "task_id": "task-e69eb5bbc48e257eaed9", "model_version": "scripted-engineering-only", "outcome": "refused", "task_success": true}
{"event": "task_started", "trajectory_id": "28f250c2-fa3a-48eb-92e2-0475fbedd5d7", "task_id": "task-d218b76a549bb71d32a3", "model_version": "scripted-engineering-only"}
{"event": "task_finished", "trajectory_id": "28f250c2-fa3a-48eb-92e2-0475fbedd5d7", "task_id": "task-d218b76a549bb71d32a3", "model_version": "scripted-engineering-only", "outcome": "escalated", "task_success": true}
{"event": "task_started", "trajectory_id": "ee561382-b733-4fd0-9f8f-b9b784bc72c7", "task_id": "task-399f80239f711ea5d908", "model_version": "scripted-engineering-only"}
{"event": "task_finished", "trajectory_id": "ee561382-b733-4fd0-9f8f-b9b784bc72c7", "task_id": "task-399f80239f711ea5d908", "model_version": "scripted-engineering-only", "outcome": "escalated", "task_success": true}
{"event": "task_started", "trajectory_id": "724bab47-ee47-428c-bf71-380ff6dbe3cf", "task_id": "task-59a584317a710f1deb73", "model_version": "scripted-engineering-only"}
{"event": "task_finished", "trajectory_id": "724bab47-ee47-428c-bf71-380ff6dbe3cf", "task_id": "task-59a584317a710f1deb73", "model_version": "scripted-engineering-only", "outcome": "escalated", "task_success": true}
{"event": "task_started", "trajectory_id": "243b6450-c3f4-474b-aa35-9e51ba0f7d01", "task_id": "task-f72263adb1c1d420111e", "model_version": "scripted-engineering-only"}
{"event": "task_finished", "trajectory_id": "243b6450-c3f4-474b-aa35-9e51ba0f7d01", "task_id": "task-f72263adb1c1d420111e", "model_version": "scripted-engineering-only", "outcome": "escalated", "task_success": true}
{"event": "task_started", "trajectory_id": "be204105-c4df-4d82-a177-b4a1f2390008", "task_id": "task-90c1813085f31f5299b3", "model_version": "scripted-engineering-only"}
{"event": "task_finished", "trajectory_id": "be204105-c4df-4d82-a177-b4a1f2390008", "task_id": "task-90c1813085f31f5299b3", "model_version": "scripted-engineering-only", "outcome": "escalated", "task_success": true}
{"event": "task_started", "trajectory_id": "b87c06d1-61cf-4696-b27f-69bd449dce23", "task_id": "task-c31ed15c43fec69b21d0", "model_version": "scripted-engineering-only"}
{"event": "task_finished", "trajectory_id": "b87c06d1-61cf-4696-b27f-69bd449dce23", "task_id": "task-c31ed15c43fec69b21d0", "model_version": "scripted-engineering-only", "outcome": "escalated", "task_success": true}
{"event": "task_started", "trajectory_id": "b1506fe7-c754-4f30-9226-08587f47bb58", "task_id": "task-c4da3551dcd0c1e6d1bc", "model_version": "scripted-engineering-only"}
{"event": "task_finished", "trajectory_id": "b1506fe7-c754-4f30-9226-08587f47bb58", "task_id": "task-c4da3551dcd0c1e6d1bc", "model_version": "scripted-engineering-only", "outcome": "completed", "task_success": true}
{"event": "task_started", "trajectory_id": "3141e95f-21b6-436f-9277-fb4d1d072bd5", "task_id": "task-d573e068640729f6fc0c", "model_version": "scripted-engineering-only"}
{"event": "task_finished", "trajectory_id": "3141e95f-21b6-436f-9277-fb4d1d072bd5", "task_id": "task-d573e068640729f6fc0c", "model_version": "scripted-engineering-only", "outcome": "completed", "task_success": true}
{"event": "task_started", "trajectory_id": "1105e229-ed43-44b5-9660-0a16818c0666", "task_id": "task-5451f40b657f5bfdccbc", "model_version": "scripted-engineering-only"}
{"event": "task_finished", "trajectory_id": "1105e229-ed43-44b5-9660-0a16818c0666", "task_id": "task-5451f40b657f5bfdccbc", "model_version": "scripted-engineering-only", "outcome": "completed", "task_success": true}
{"event": "task_started", "trajectory_id": "92ce1200-96cd-4e81-8610-718685a9999d", "task_id": "task-d71f713e079ab5c2b330", "model_version": "scripted-engineering-only"}
{"event": "task_finished", "trajectory_id": "92ce1200-96cd-4e81-8610-718685a9999d", "task_id": "task-d71f713e079ab5c2b330", "model_version": "scripted-engineering-only", "outcome": "completed", "task_success": true}
{"event": "task_started", "trajectory_id": "2569effc-1d86-4495-8e84-1b5a285ea32e", "task_id": "task-aa38b5523e6289961272", "model_version": "scripted-engineering-only"}
{"event": "task_finished", "trajectory_id": "2569effc-1d86-4495-8e84-1b5a285ea32e", "task_id": "task-aa38b5523e6289961272", "model_version": "scripted-engineering-only", "outcome": "completed", "task_success": true}
{"event": "task_started", "trajectory_id": "65ab9185-9c0d-4f3e-838c-8337b087e8b1", "task_id": "task-45334e54e1889ab54a6c", "model_version": "scripted-engineering-only"}
{"event": "task_finished", "trajectory_id": "65ab9185-9c0d-4f3e-838c-8337b087e8b1", "task_id": "task-45334e54e1889ab54a6c", "model_version": "scripted-engineering-only", "outcome": "completed", "task_success": true}
{"event": "task_started", "trajectory_id": "016996b2-d387-45c9-b7ad-65b76763b908", "task_id": "task-c50d95cdd2eabf3b7e52", "model_version": "scripted-engineering-only"}
{"event": "task_finished", "trajectory_id": "016996b2-d387-45c9-b7ad-65b76763b908", "task_id": "task-c50d95cdd2eabf3b7e52", "model_version": "scripted-engineering-only", "outcome": "completed", "task_success": true}
{"event": "task_started", "trajectory_id": "07f56209-3450-4d3c-87be-27c926fed618", "task_id": "task-e730102b9a4395aae8ee", "model_version": "scripted-engineering-only"}
{"event": "task_finished", "trajectory_id": "07f56209-3450-4d3c-87be-27c926fed618", "task_id": "task-e730102b9a4395aae8ee", "model_version": "scripted-engineering-only", "outcome": "completed", "task_success": true}
{"event": "task_started", "trajectory_id": "54fde5d4-fdc3-43cb-96a2-d109ca14ac41", "task_id": "task-c1422229a8352e1cf4fc", "model_version": "scripted-engineering-only"}
{"event": "task_finished", "trajectory_id": "54fde5d4-fdc3-43cb-96a2-d109ca14ac41", "task_id": "task-c1422229a8352e1cf4fc", "model_version": "scripted-engineering-only", "outcome": "completed", "task_success": true}
{"event": "task_started", "trajectory_id": "db7c3f11-5958-4e87-9d28-54358fefbe0c", "task_id": "task-f67587394339c41f909c", "model_version": "scripted-engineering-only"}
{"event": "task_finished", "trajectory_id": "db7c3f11-5958-4e87-9d28-54358fefbe0c", "task_id": "task-f67587394339c41f909c", "model_version": "scripted-engineering-only", "outcome": "refused", "task_success": true}
{"event": "task_started", "trajectory_id": "117d2f91-d1c5-40c9-92fb-3bf779adaa4f", "task_id": "task-b2e0e6a52eb4cbe28b57", "model_version": "scripted-engineering-only"}
{"event": "task_finished", "trajectory_id": "117d2f91-d1c5-40c9-92fb-3bf779adaa4f", "task_id": "task-b2e0e6a52eb4cbe28b57", "model_version": "scripted-engineering-only", "outcome": "refused", "task_success": true}
{"event": "task_started", "trajectory_id": "6e3aead8-a523-41d3-adc5-bc7967e2110a", "task_id": "task-271e4f001bfbec4ba37f", "model_version": "scripted-engineering-only"}
{"event": "task_finished", "trajectory_id": "6e3aead8-a523-41d3-adc5-bc7967e2110a", "task_id": "task-271e4f001bfbec4ba37f", "model_version": "scripted-engineering-only", "outcome": "refused", "task_success": true}
{"event": "task_started", "trajectory_id": "87c5fd1f-38e2-4fcd-b310-3d5e0aa93c47", "task_id": "task-f476ba5bc12924d9bc6b", "model_version": "scripted-engineering-only"}
{"event": "task_finished", "trajectory_id": "87c5fd1f-38e2-4fcd-b310-3d5e0aa93c47", "task_id": "task-f476ba5bc12924d9bc6b", "model_version": "scripted-engineering-only", "outcome": "refused", "task_success": true}
{"event": "task_started", "trajectory_id": "a3262124-491d-4c90-af4c-ef00d346628f", "task_id": "task-5eb647be1fe8d553a68b", "model_version": "scripted-engineering-only"}
{"event": "task_finished", "trajectory_id": "a3262124-491d-4c90-af4c-ef00d346628f", "task_id": "task-5eb647be1fe8d553a68b", "model_version": "scripted-engineering-only", "outcome": "refused", "task_success": true}
{"event": "task_started", "trajectory_id": "74f15dcf-acdd-4506-bbcd-0b3f10c83b06", "task_id": "task-07a2025d71ee061f3bd2", "model_version": "scripted-engineering-only"}
{"event": "task_finished", "trajectory_id": "74f15dcf-acdd-4506-bbcd-0b3f10c83b06", "task_id": "task-07a2025d71ee061f3bd2", "model_version": "scripted-engineering-only", "outcome": "refused", "task_success": true}
{"event": "task_started", "trajectory_id": "34da0e0e-837b-49d3-b682-366754322d5e", "task_id": "task-a48da85fc162e85f19e2", "model_version": "scripted-engineering-only"}
{"event": "task_finished", "trajectory_id": "34da0e0e-837b-49d3-b682-366754322d5e", "task_id": "task-a48da85fc162e85f19e2", "model_version": "scripted-engineering-only", "outcome": "escalated", "task_success": true}
{"event": "task_started", "trajectory_id": "154967aa-cdd2-4bc3-bc05-04c2f83308b6", "task_id": "task-06b8d71a2bcb3273229e", "model_version": "scripted-engineering-only"}
{"event": "task_finished", "trajectory_id": "154967aa-cdd2-4bc3-bc05-04c2f83308b6", "task_id": "task-06b8d71a2bcb3273229e", "model_version": "scripted-engineering-only", "outcome": "escalated", "task_success": true}
{"event": "task_started", "trajectory_id": "a42c7ea4-3b22-4cef-b5fc-4f7cc94d1f0c", "task_id": "task-a54dafe4b4e3bb62483d", "model_version": "scripted-engineering-only"}
{"event": "task_finished", "trajectory_id": "a42c7ea4-3b22-4cef-b5fc-4f7cc94d1f0c", "task_id": "task-a54dafe4b4e3bb62483d", "model_version": "scripted-engineering-only", "outcome": "escalated", "task_success": true}
{"event": "task_started", "trajectory_id": "d5e57e6d-c101-4165-9867-9cb785b3f519", "task_id": "task-965bab023d996aea99f2", "model_version": "scripted-engineering-only"}
{"event": "task_finished", "trajectory_id": "d5e57e6d-c101-4165-9867-9cb785b3f519", "task_id": "task-965bab023d996aea99f2", "model_version": "scripted-engineering-only", "outcome": "completed", "task_success": true}
{"event": "task_started", "trajectory_id": "4f463881-f7a0-4719-8ced-f32a9ed8a594", "task_id": "task-eba00923d594244d8a50", "model_version": "scripted-engineering-only"}
{"event": "task_finished", "trajectory_id": "4f463881-f7a0-4719-8ced-f32a9ed8a594", "task_id": "task-eba00923d594244d8a50", "model_version": "scripted-engineering-only", "outcome": "completed", "task_success": true}
{"event": "task_started", "trajectory_id": "0c138b16-c0eb-4a97-a3a1-fb0d92e26e3c", "task_id": "task-2d745d5735989f513472", "model_version": "scripted-engineering-only"}
{"event": "task_finished", "trajectory_id": "0c138b16-c0eb-4a97-a3a1-fb0d92e26e3c", "task_id": "task-2d745d5735989f513472", "model_version": "scripted-engineering-only", "outcome": "completed", "task_success": true}
{"event": "task_started", "trajectory_id": "e2f6c422-ec7d-48db-ac11-386b4fff7615", "task_id": "task-adce80fcd242644af3be", "model_version": "scripted-engineering-only"}
{"event": "task_finished", "trajectory_id": "e2f6c422-ec7d-48db-ac11-386b4fff7615", "task_id": "task-adce80fcd242644af3be", "model_version": "scripted-engineering-only", "outcome": "escalated", "task_success": true}
{"event": "task_started", "trajectory_id": "6154878b-28b3-46ab-8445-95f5c0292e71", "task_id": "task-a3b7dfcd02ab8da95ef8", "model_version": "scripted-engineering-only"}
{"event": "task_finished", "trajectory_id": "6154878b-28b3-46ab-8445-95f5c0292e71", "task_id": "task-a3b7dfcd02ab8da95ef8", "model_version": "scripted-engineering-only", "outcome": "escalated", "task_success": true}
{"event": "task_started", "trajectory_id": "5d52b1e5-3e6f-4b55-97d1-a494751d296b", "task_id": "task-0186019e3d73611b86a1", "model_version": "scripted-engineering-only"}
{"event": "task_finished", "trajectory_id": "5d52b1e5-3e6f-4b55-97d1-a494751d296b", "task_id": "task-0186019e3d73611b86a1", "model_version": "scripted-engineering-only", "outcome": "escalated", "task_success": true}
{"event": "task_started", "trajectory_id": "997b1d2d-cbbd-4811-ab51-9d971562c362", "task_id": "task-734d5b0d34d0656564ee", "model_version": "scripted-engineering-only"}
{"event": "task_finished", "trajectory_id": "997b1d2d-cbbd-4811-ab51-9d971562c362", "task_id": "task-734d5b0d34d0656564ee", "model_version": "scripted-engineering-only", "outcome": "escalated", "task_success": true}
{"event": "task_started", "trajectory_id": "bfbb435d-85f5-4a12-a8d3-e1306fcb44f3", "task_id": "task-5dceefde9e586fb8376a", "model_version": "scripted-engineering-only"}
{"event": "task_finished", "trajectory_id": "bfbb435d-85f5-4a12-a8d3-e1306fcb44f3", "task_id": "task-5dceefde9e586fb8376a", "model_version": "scripted-engineering-only", "outcome": "escalated", "task_success": true}
{"event": "task_started", "trajectory_id": "5565efb1-c276-4b20-8ec7-7fa7ae899166", "task_id": "task-ad1e786facf608c440ac", "model_version": "scripted-engineering-only"}
{"event": "task_finished", "trajectory_id": "5565efb1-c276-4b20-8ec7-7fa7ae899166", "task_id": "task-ad1e786facf608c440ac", "model_version": "scripted-engineering-only", "outcome": "escalated", "task_success": true}
{"event": "task_started", "trajectory_id": "53df7f5e-90e5-4e97-8026-18424dcc4e62", "task_id": "task-bb68b21999ce552f5ffc", "model_version": "scripted-engineering-only"}
{"event": "task_finished", "trajectory_id": "53df7f5e-90e5-4e97-8026-18424dcc4e62", "task_id": "task-bb68b21999ce552f5ffc", "model_version": "scripted-engineering-only", "outcome": "completed", "task_success": true}
{"event": "task_started", "trajectory_id": "f7407170-dbb8-4909-916c-3030972e12c6", "task_id": "task-a1d394ba1d073d7a2eaa", "model_version": "scripted-engineering-only"}
{"event": "task_finished", "trajectory_id": "f7407170-dbb8-4909-916c-3030972e12c6", "task_id": "task-a1d394ba1d073d7a2eaa", "model_version": "scripted-engineering-only", "outcome": "completed", "task_success": true}
{"event": "task_started", "trajectory_id": "0d575c11-9e29-4c87-937a-f69a36db1b98", "task_id": "task-edb462866dbadf5ed77c", "model_version": "scripted-engineering-only"}
{"event": "task_finished", "trajectory_id": "0d575c11-9e29-4c87-937a-f69a36db1b98", "task_id": "task-edb462866dbadf5ed77c", "model_version": "scripted-engineering-only", "outcome": "completed", "task_success": true}
{"event": "task_started", "trajectory_id": "68905e64-1f72-45b6-8c3f-dab6e0f303b8", "task_id": "task-6dfee218765c8a8ccb03", "model_version": "scripted-engineering-only"}
{"event": "task_finished", "trajectory_id": "68905e64-1f72-45b6-8c3f-dab6e0f303b8", "task_id": "task-6dfee218765c8a8ccb03", "model_version": "scripted-engineering-only", "outcome": "completed", "task_success": true}
{"event": "task_started", "trajectory_id": "b9526766-d9e4-47ac-a04d-b8362ea05a43", "task_id": "task-7b7e1c638fa73fcdc0cb", "model_version": "scripted-engineering-only"}
{"event": "task_finished", "trajectory_id": "b9526766-d9e4-47ac-a04d-b8362ea05a43", "task_id": "task-7b7e1c638fa73fcdc0cb", "model_version": "scripted-engineering-only", "outcome": "completed", "task_success": true}
{"event": "task_started", "trajectory_id": "da463299-7032-41ee-954a-324f5dd9222a", "task_id": "task-30eeea5e7635d5b1ecb1", "model_version": "scripted-engineering-only"}
{"event": "task_finished", "trajectory_id": "da463299-7032-41ee-954a-324f5dd9222a", "task_id": "task-30eeea5e7635d5b1ecb1", "model_version": "scripted-engineering-only", "outcome": "completed", "task_success": true}
{"event": "task_started", "trajectory_id": "7a55201a-321e-4e80-a543-28bee63552e9", "task_id": "task-d1dddd10b1af24b04d3e", "model_version": "scripted-engineering-only"}
{"event": "task_finished", "trajectory_id": "7a55201a-321e-4e80-a543-28bee63552e9", "task_id": "task-d1dddd10b1af24b04d3e", "model_version": "scripted-engineering-only", "outcome": "escalated", "task_success": true}
{"event": "task_started", "trajectory_id": "be182753-26ca-4159-b062-51c2c7c76602", "task_id": "task-afbdfb29b194d7db817e", "model_version": "scripted-engineering-only"}
{"event": "task_finished", "trajectory_id": "be182753-26ca-4159-b062-51c2c7c76602", "task_id": "task-afbdfb29b194d7db817e", "model_version": "scripted-engineering-only", "outcome": "escalated", "task_success": true}
{"event": "task_started", "trajectory_id": "a700d660-8e4e-40e2-8f63-62e8d38ab922", "task_id": "task-1cb1631bb12620637a56", "model_version": "scripted-engineering-only"}
{"event": "task_finished", "trajectory_id": "a700d660-8e4e-40e2-8f63-62e8d38ab922", "task_id": "task-1cb1631bb12620637a56", "model_version": "scripted-engineering-only", "outcome": "escalated", "task_success": true}
{"event": "task_started", "trajectory_id": "d51a5ff7-223a-4016-b36b-6bec0470ecdc", "task_id": "task-86bd6cb9106510ea039f", "model_version": "scripted-engineering-only"}
{"event": "task_finished", "trajectory_id": "d51a5ff7-223a-4016-b36b-6bec0470ecdc", "task_id": "task-86bd6cb9106510ea039f", "model_version": "scripted-engineering-only", "outcome": "escalated", "task_success": true}
{"event": "task_started", "trajectory_id": "3a607fa7-c46f-4954-856d-bf4360a1132a", "task_id": "task-28acc947e09e78444ad1", "model_version": "scripted-engineering-only"}
{"event": "task_finished", "trajectory_id": "3a607fa7-c46f-4954-856d-bf4360a1132a", "task_id": "task-28acc947e09e78444ad1", "model_version": "scripted-engineering-only", "outcome": "escalated", "task_success": true}
{"event": "task_started", "trajectory_id": "9e5a0665-4e70-4b8b-a87b-e1ff849862c0", "task_id": "task-398eead64c3eeb871099", "model_version": "scripted-engineering-only"}
{"event": "task_finished", "trajectory_id": "9e5a0665-4e70-4b8b-a87b-e1ff849862c0", "task_id": "task-398eead64c3eeb871099", "model_version": "scripted-engineering-only", "outcome": "escalated", "task_success": true}
{"event": "task_started", "trajectory_id": "db3f3987-5370-466e-a0d8-79c942cea059", "task_id": "task-80544b2a08bd57e8e768", "model_version": "scripted-engineering-only"}
{"event": "task_finished", "trajectory_id": "db3f3987-5370-466e-a0d8-79c942cea059", "task_id": "task-80544b2a08bd57e8e768", "model_version": "scripted-engineering-only", "outcome": "completed", "task_success": true}
{"event": "task_started", "trajectory_id": "1aeccf71-63e0-4b6a-b5e3-e8e4c3c755d0", "task_id": "task-673dbc9dd8f247601722", "model_version": "scripted-engineering-only"}
{"event": "task_finished", "trajectory_id": "1aeccf71-63e0-4b6a-b5e3-e8e4c3c755d0", "task_id": "task-673dbc9dd8f247601722", "model_version": "scripted-engineering-only", "outcome": "completed", "task_success": true}
{"event": "task_started", "trajectory_id": "2fe14c0e-8424-444b-9419-3b3ddeb5f826", "task_id": "task-ed359ba55106b09d8847", "model_version": "scripted-engineering-only"}
{"event": "task_finished", "trajectory_id": "2fe14c0e-8424-444b-9419-3b3ddeb5f826", "task_id": "task-ed359ba55106b09d8847", "model_version": "scripted-engineering-only", "outcome": "completed", "task_success": true}
{"event": "task_started", "trajectory_id": "01e3ab6c-d1c7-406a-a14d-c6b6f8a076db", "task_id": "task-292ef81ae14a36c27b3f", "model_version": "scripted-engineering-only"}
{"event": "task_finished", "trajectory_id": "01e3ab6c-d1c7-406a-a14d-c6b6f8a076db", "task_id": "task-292ef81ae14a36c27b3f", "model_version": "scripted-engineering-only", "outcome": "refused", "task_success": true}
{"event": "task_started", "trajectory_id": "9eaabf8e-4556-4f72-a38d-9bd0129afeb0", "task_id": "task-5a00f3a9d86cd9d6c54d", "model_version": "scripted-engineering-only"}
{"event": "task_finished", "trajectory_id": "9eaabf8e-4556-4f72-a38d-9bd0129afeb0", "task_id": "task-5a00f3a9d86cd9d6c54d", "model_version": "scripted-engineering-only", "outcome": "refused", "task_success": true}
{"event": "task_started", "trajectory_id": "35ae6868-3f95-466d-9e5f-66c0653458a7", "task_id": "task-3b9ce844f270fdf7774d", "model_version": "scripted-engineering-only"}
{"event": "task_finished", "trajectory_id": "35ae6868-3f95-466d-9e5f-66c0653458a7", "task_id": "task-3b9ce844f270fdf7774d", "model_version": "scripted-engineering-only", "outcome": "refused", "task_success": true}
{"event": "task_started", "trajectory_id": "46fbc5f3-7fbd-4806-80d1-9d039f702184", "task_id": "task-f9ea9ef01353b4b68e96", "model_version": "scripted-engineering-only"}
{"event": "task_finished", "trajectory_id": "46fbc5f3-7fbd-4806-80d1-9d039f702184", "task_id": "task-f9ea9ef01353b4b68e96", "model_version": "scripted-engineering-only", "outcome": "refused", "task_success": true}
{"event": "task_started", "trajectory_id": "b5c2f44c-2825-4d30-b58f-7be6a4da5146", "task_id": "task-98171245bbd786a1517a", "model_version": "scripted-engineering-only"}
{"event": "task_finished", "trajectory_id": "b5c2f44c-2825-4d30-b58f-7be6a4da5146", "task_id": "task-98171245bbd786a1517a", "model_version": "scripted-engineering-only", "outcome": "refused", "task_success": true}
{"event": "task_started", "trajectory_id": "34e3c154-7817-4ac4-917d-d9c504e41268", "task_id": "task-097a2cdd49eb7039eeda", "model_version": "scripted-engineering-only"}
{"event": "task_finished", "trajectory_id": "34e3c154-7817-4ac4-917d-d9c504e41268", "task_id": "task-097a2cdd49eb7039eeda", "model_version": "scripted-engineering-only", "outcome": "refused", "task_success": true}
{"event": "task_started", "trajectory_id": "33c4d21c-2951-4e56-86ac-6021454ad618", "task_id": "task-dc45c35c4539665fa28a", "model_version": "scripted-engineering-only"}
{"event": "task_finished", "trajectory_id": "33c4d21c-2951-4e56-86ac-6021454ad618", "task_id": "task-dc45c35c4539665fa28a", "model_version": "scripted-engineering-only", "outcome": "escalated", "task_success": true}
{"event": "task_started", "trajectory_id": "5a5018c1-838d-49d4-a13c-882858f5343c", "task_id": "task-012721fdabc6938bfdb4", "model_version": "scripted-engineering-only"}
{"event": "task_finished", "trajectory_id": "5a5018c1-838d-49d4-a13c-882858f5343c", "task_id": "task-012721fdabc6938bfdb4", "model_version": "scripted-engineering-only", "outcome": "escalated", "task_success": true}
{"event": "task_started", "trajectory_id": "a7e13a6f-7317-4c73-8f77-bc51fca5dde4", "task_id": "task-7e2db9056f851620b578", "model_version": "scripted-engineering-only"}
{"event": "task_finished", "trajectory_id": "a7e13a6f-7317-4c73-8f77-bc51fca5dde4", "task_id": "task-7e2db9056f851620b578", "model_version": "scripted-engineering-only", "outcome": "escalated", "task_success": true}
{"event": "task_started", "trajectory_id": "1f297fea-a5f7-45cc-9226-074a019377d3", "task_id": "task-56d11969bbac661ba221", "model_version": "scripted-engineering-only"}
{"event": "task_finished", "trajectory_id": "1f297fea-a5f7-45cc-9226-074a019377d3", "task_id": "task-56d11969bbac661ba221", "model_version": "scripted-engineering-only", "outcome": "refused", "task_success": true}
{"event": "task_started", "trajectory_id": "ddb7c6e1-3740-4516-b08a-79fbfc766a43", "task_id": "task-87d7c7fe1cf3dca74c72", "model_version": "scripted-engineering-only"}
{"event": "task_finished", "trajectory_id": "ddb7c6e1-3740-4516-b08a-79fbfc766a43", "task_id": "task-87d7c7fe1cf3dca74c72", "model_version": "scripted-engineering-only", "outcome": "refused", "task_success": true}
{"event": "task_started", "trajectory_id": "ba77af74-50b4-403d-b1bb-ac4a23deb082", "task_id": "task-31dce11192d72a14cb25", "model_version": "scripted-engineering-only"}
{"event": "task_finished", "trajectory_id": "ba77af74-50b4-403d-b1bb-ac4a23deb082", "task_id": "task-31dce11192d72a14cb25", "model_version": "scripted-engineering-only", "outcome": "refused", "task_success": true}
{"event": "task_started", "trajectory_id": "6be092c9-e918-43e1-a110-6236421d6d7d", "task_id": "task-c9c2d9c2d23545eb0e36", "model_version": "scripted-engineering-only"}
{"event": "task_finished", "trajectory_id": "6be092c9-e918-43e1-a110-6236421d6d7d", "task_id": "task-c9c2d9c2d23545eb0e36", "model_version": "scripted-engineering-only", "outcome": "refused", "task_success": true}
{"event": "task_started", "trajectory_id": "7841573b-f192-46b2-9508-88cf4e3d0152", "task_id": "task-9f2dbc26618598f23b3d", "model_version": "scripted-engineering-only"}
{"event": "task_finished", "trajectory_id": "7841573b-f192-46b2-9508-88cf4e3d0152", "task_id": "task-9f2dbc26618598f23b3d", "model_version": "scripted-engineering-only", "outcome": "refused", "task_success": true}
{"event": "task_started", "trajectory_id": "48de4642-9d8b-4f18-ac17-079a4388f3c6", "task_id": "task-ba01b87f8d3c2b2a0a9d", "model_version": "scripted-engineering-only"}
{"event": "task_finished", "trajectory_id": "48de4642-9d8b-4f18-ac17-079a4388f3c6", "task_id": "task-ba01b87f8d3c2b2a0a9d", "model_version": "scripted-engineering-only", "outcome": "refused", "task_success": true}
{"event": "task_started", "trajectory_id": "d4641dde-f7fd-4928-9166-668e4daec5d3", "task_id": "task-bdd32dbdec43e2d790e2", "model_version": "scripted-engineering-only"}
{"event": "task_finished", "trajectory_id": "d4641dde-f7fd-4928-9166-668e4daec5d3", "task_id": "task-bdd32dbdec43e2d790e2", "model_version": "scripted-engineering-only", "outcome": "escalated", "task_success": true}
{"event": "task_started", "trajectory_id": "425ea4d7-3a27-4711-825b-6ca584a7e2a5", "task_id": "task-abd88aed3619fa1f2adb", "model_version": "scripted-engineering-only"}
{"event": "task_finished", "trajectory_id": "425ea4d7-3a27-4711-825b-6ca584a7e2a5", "task_id": "task-abd88aed3619fa1f2adb", "model_version": "scripted-engineering-only", "outcome": "escalated", "task_success": true}
{"event": "task_started", "trajectory_id": "a2270aa6-a93f-4eee-a0c2-730e7b363fef", "task_id": "task-3679379ac0a63d0c5798", "model_version": "scripted-engineering-only"}
{"event": "task_finished", "trajectory_id": "a2270aa6-a93f-4eee-a0c2-730e7b363fef", "task_id": "task-3679379ac0a63d0c5798", "model_version": "scripted-engineering-only", "outcome": "escalated", "task_success": true}
{"event": "task_started", "trajectory_id": "79db5145-b891-4c39-95c3-fa69d7b79343", "task_id": "task-ec729be391c4a34fe297", "model_version": "scripted-engineering-only"}
{"event": "task_finished", "trajectory_id": "79db5145-b891-4c39-95c3-fa69d7b79343", "task_id": "task-ec729be391c4a34fe297", "model_version": "scripted-engineering-only", "outcome": "completed", "task_success": true}
{"event": "task_started", "trajectory_id": "81d387d3-6ce6-4800-9038-2759912d081c", "task_id": "task-b453a658279db88de3c0", "model_version": "scripted-engineering-only"}
{"event": "task_finished", "trajectory_id": "81d387d3-6ce6-4800-9038-2759912d081c", "task_id": "task-b453a658279db88de3c0", "model_version": "scripted-engineering-only", "outcome": "completed", "task_success": true}
{"event": "task_started", "trajectory_id": "0e753f2e-2936-47c3-a3f7-7fddf7a5c1dc", "task_id": "task-97af2e092bbdb911a25a", "model_version": "scripted-engineering-only"}
{"event": "task_finished", "trajectory_id": "0e753f2e-2936-47c3-a3f7-7fddf7a5c1dc", "task_id": "task-97af2e092bbdb911a25a", "model_version": "scripted-engineering-only", "outcome": "completed", "task_success": true}
{"event": "task_started", "trajectory_id": "dc0f085c-047c-4599-a2ea-352aa3f3eb8e", "task_id": "task-0724fc5648935c3d16ba", "model_version": "scripted-engineering-only"}
{"event": "task_finished", "trajectory_id": "dc0f085c-047c-4599-a2ea-352aa3f3eb8e", "task_id": "task-0724fc5648935c3d16ba", "model_version": "scripted-engineering-only", "outcome": "escalated", "task_success": true}
{"event": "task_started", "trajectory_id": "c091206c-b16e-4286-abb5-41f6371f3b79", "task_id": "task-674a4080fd2f0382b598", "model_version": "scripted-engineering-only"}
{"event": "task_finished", "trajectory_id": "c091206c-b16e-4286-abb5-41f6371f3b79", "task_id": "task-674a4080fd2f0382b598", "model_version": "scripted-engineering-only", "outcome": "escalated", "task_success": true}
{"event": "task_started", "trajectory_id": "07ab9d70-25f1-4227-9781-2ec202c572cb", "task_id": "task-3feda8a21f9775e1db88", "model_version": "scripted-engineering-only"}
{"event": "task_finished", "trajectory_id": "07ab9d70-25f1-4227-9781-2ec202c572cb", "task_id": "task-3feda8a21f9775e1db88", "model_version": "scripted-engineering-only", "outcome": "escalated", "task_success": true}
{"event": "task_started", "trajectory_id": "cf4ca51a-c4ae-4342-94bf-f1552a61af4d", "task_id": "task-0e084016f0ee902062e6", "model_version": "scripted-engineering-only"}
{"event": "task_finished", "trajectory_id": "cf4ca51a-c4ae-4342-94bf-f1552a61af4d", "task_id": "task-0e084016f0ee902062e6", "model_version": "scripted-engineering-only", "outcome": "completed", "task_success": true}
{"event": "task_started", "trajectory_id": "a16ac7b2-1a09-4a9b-865a-c682ccdb1703", "task_id": "task-4c6c1f9967c096b34002", "model_version": "scripted-engineering-only"}
{"event": "task_finished", "trajectory_id": "a16ac7b2-1a09-4a9b-865a-c682ccdb1703", "task_id": "task-4c6c1f9967c096b34002", "model_version": "scripted-engineering-only", "outcome": "completed", "task_success": true}
{"event": "task_started", "trajectory_id": "0cb276d0-fe24-4147-8f1b-d35e1b04c0e0", "task_id": "task-5d8affbfbc38c6af2a55", "model_version": "scripted-engineering-only"}
{"event": "task_finished", "trajectory_id": "0cb276d0-fe24-4147-8f1b-d35e1b04c0e0", "task_id": "task-5d8affbfbc38c6af2a55", "model_version": "scripted-engineering-only", "outcome": "completed", "task_success": true}
{"event": "task_started", "trajectory_id": "8f8fee41-c089-42bc-bca6-24ed17360073", "task_id": "task-705ae2b6a38ee732fcb6", "model_version": "scripted-engineering-only"}
{"event": "task_finished", "trajectory_id": "8f8fee41-c089-42bc-bca6-24ed17360073", "task_id": "task-705ae2b6a38ee732fcb6", "model_version": "scripted-engineering-only", "outcome": "refused", "task_success": true}
{"event": "task_started", "trajectory_id": "53f83926-93cd-4004-b6ee-169ae7e02ec3", "task_id": "task-aacc6eab02d55411c926", "model_version": "scripted-engineering-only"}
{"event": "task_finished", "trajectory_id": "53f83926-93cd-4004-b6ee-169ae7e02ec3", "task_id": "task-aacc6eab02d55411c926", "model_version": "scripted-engineering-only", "outcome": "refused", "task_success": true}
{"event": "task_started", "trajectory_id": "693ec043-e1a3-4e26-a434-776f857ee47d", "task_id": "task-e69eb5bbc48e257eaed9", "model_version": "scripted-engineering-only"}
{"event": "task_finished", "trajectory_id": "693ec043-e1a3-4e26-a434-776f857ee47d", "task_id": "task-e69eb5bbc48e257eaed9", "model_version": "scripted-engineering-only", "outcome": "refused", "task_success": true}
{"event": "task_started", "trajectory_id": "7803c1da-62ce-44cd-97cb-2d51fa19a345", "task_id": "task-d218b76a549bb71d32a3", "model_version": "scripted-engineering-only"}
{"event": "task_finished", "trajectory_id": "7803c1da-62ce-44cd-97cb-2d51fa19a345", "task_id": "task-d218b76a549bb71d32a3", "model_version": "scripted-engineering-only", "outcome": "escalated", "task_success": true}
{"event": "task_started", "trajectory_id": "b6821d3b-462e-4f6d-bb55-6371c7ac0bfc", "task_id": "task-399f80239f711ea5d908", "model_version": "scripted-engineering-only"}
{"event": "task_finished", "trajectory_id": "b6821d3b-462e-4f6d-bb55-6371c7ac0bfc", "task_id": "task-399f80239f711ea5d908", "model_version": "scripted-engineering-only", "outcome": "escalated", "task_success": true}
{"event": "task_started", "trajectory_id": "5e1ccdfd-28aa-487e-a746-d921b2a63141", "task_id": "task-59a584317a710f1deb73", "model_version": "scripted-engineering-only"}
{"event": "task_finished", "trajectory_id": "5e1ccdfd-28aa-487e-a746-d921b2a63141", "task_id": "task-59a584317a710f1deb73", "model_version": "scripted-engineering-only", "outcome": "escalated", "task_success": true}
{"event": "task_started", "trajectory_id": "47d889a2-d634-404b-9043-7cb064a941f4", "task_id": "task-f72263adb1c1d420111e", "model_version": "scripted-engineering-only"}
{"event": "task_finished", "trajectory_id": "47d889a2-d634-404b-9043-7cb064a941f4", "task_id": "task-f72263adb1c1d420111e", "model_version": "scripted-engineering-only", "outcome": "escalated", "task_success": true}
{"event": "task_started", "trajectory_id": "8020786f-2684-4e66-9e08-2fa79f70fadb", "task_id": "task-90c1813085f31f5299b3", "model_version": "scripted-engineering-only"}
{"event": "task_finished", "trajectory_id": "8020786f-2684-4e66-9e08-2fa79f70fadb", "task_id": "task-90c1813085f31f5299b3", "model_version": "scripted-engineering-only", "outcome": "escalated", "task_success": true}
{"event": "task_started", "trajectory_id": "70381490-5aa0-4676-95a7-d8ef6efb7ff8", "task_id": "task-c31ed15c43fec69b21d0", "model_version": "scripted-engineering-only"}
{"event": "task_finished", "trajectory_id": "70381490-5aa0-4676-95a7-d8ef6efb7ff8", "task_id": "task-c31ed15c43fec69b21d0", "model_version": "scripted-engineering-only", "outcome": "escalated", "task_success": true}
{"event": "task_started", "trajectory_id": "57ba75b9-bc46-464b-ae21-252a034fadf8", "task_id": "task-c4da3551dcd0c1e6d1bc", "model_version": "scripted-engineering-only"}
{"event": "task_finished", "trajectory_id": "57ba75b9-bc46-464b-ae21-252a034fadf8", "task_id": "task-c4da3551dcd0c1e6d1bc", "model_version": "scripted-engineering-only", "outcome": "completed", "task_success": true}
{"event": "task_started", "trajectory_id": "968f8403-edf8-4f86-aabc-b01b2b557eb5", "task_id": "task-d573e068640729f6fc0c", "model_version": "scripted-engineering-only"}
{"event": "task_finished", "trajectory_id": "968f8403-edf8-4f86-aabc-b01b2b557eb5", "task_id": "task-d573e068640729f6fc0c", "model_version": "scripted-engineering-only", "outcome": "completed", "task_success": true}
{"event": "task_started", "trajectory_id": "fee249b4-9014-4be5-a61a-c3ddbc7ac772", "task_id": "task-5451f40b657f5bfdccbc", "model_version": "scripted-engineering-only"}
{"event": "task_finished", "trajectory_id": "fee249b4-9014-4be5-a61a-c3ddbc7ac772", "task_id": "task-5451f40b657f5bfdccbc", "model_version": "scripted-engineering-only", "outcome": "completed", "task_success": true}
{"event": "task_started", "trajectory_id": "9826f501-af2e-4ca5-9b4a-2fd980b1db16", "task_id": "task-d71f713e079ab5c2b330", "model_version": "scripted-engineering-only"}
{"event": "task_finished", "trajectory_id": "9826f501-af2e-4ca5-9b4a-2fd980b1db16", "task_id": "task-d71f713e079ab5c2b330", "model_version": "scripted-engineering-only", "outcome": "completed", "task_success": true}
{"event": "task_started", "trajectory_id": "8a7c9ec0-dd85-4961-a03a-d04e9bb9c20c", "task_id": "task-aa38b5523e6289961272", "model_version": "scripted-engineering-only"}
{"event": "task_finished", "trajectory_id": "8a7c9ec0-dd85-4961-a03a-d04e9bb9c20c", "task_id": "task-aa38b5523e6289961272", "model_version": "scripted-engineering-only", "outcome": "completed", "task_success": true}
{"event": "task_started", "trajectory_id": "e3d4d0e5-b05f-400a-8ad1-24255f5437db", "task_id": "task-45334e54e1889ab54a6c", "model_version": "scripted-engineering-only"}
{"event": "task_finished", "trajectory_id": "e3d4d0e5-b05f-400a-8ad1-24255f5437db", "task_id": "task-45334e54e1889ab54a6c", "model_version": "scripted-engineering-only", "outcome": "completed", "task_success": true}
{"event": "task_started", "trajectory_id": "8617a975-5fe4-45fb-934a-10a29738c117", "task_id": "task-c50d95cdd2eabf3b7e52", "model_version": "scripted-engineering-only"}
{"event": "task_finished", "trajectory_id": "8617a975-5fe4-45fb-934a-10a29738c117", "task_id": "task-c50d95cdd2eabf3b7e52", "model_version": "scripted-engineering-only", "outcome": "completed", "task_success": true}
{"event": "task_started", "trajectory_id": "fdcffd74-d27e-4dbb-877d-88f4dace07ee", "task_id": "task-e730102b9a4395aae8ee", "model_version": "scripted-engineering-only"}
{"event": "task_finished", "trajectory_id": "fdcffd74-d27e-4dbb-877d-88f4dace07ee", "task_id": "task-e730102b9a4395aae8ee", "model_version": "scripted-engineering-only", "outcome": "completed", "task_success": true}
{"event": "task_started", "trajectory_id": "745276e0-5b1d-46a2-b10f-d1be776b9843", "task_id": "task-c1422229a8352e1cf4fc", "model_version": "scripted-engineering-only"}
{"event": "task_finished", "trajectory_id": "745276e0-5b1d-46a2-b10f-d1be776b9843", "task_id": "task-c1422229a8352e1cf4fc", "model_version": "scripted-engineering-only", "outcome": "completed", "task_success": true}
{"event": "task_started", "trajectory_id": "236c2757-86f6-47ff-94bf-6a104fd04ffc", "task_id": "task-f67587394339c41f909c", "model_version": "scripted-engineering-only"}
{"event": "task_finished", "trajectory_id": "236c2757-86f6-47ff-94bf-6a104fd04ffc", "task_id": "task-f67587394339c41f909c", "model_version": "scripted-engineering-only", "outcome": "refused", "task_success": true}
{"event": "task_started", "trajectory_id": "07b6b945-7aff-443c-8fd4-628dc151470a", "task_id": "task-b2e0e6a52eb4cbe28b57", "model_version": "scripted-engineering-only"}
{"event": "task_finished", "trajectory_id": "07b6b945-7aff-443c-8fd4-628dc151470a", "task_id": "task-b2e0e6a52eb4cbe28b57", "model_version": "scripted-engineering-only", "outcome": "refused", "task_success": true}
{"event": "task_started", "trajectory_id": "863693a5-a9ea-48e3-b776-a5a9bd3f0265", "task_id": "task-271e4f001bfbec4ba37f", "model_version": "scripted-engineering-only"}
{"event": "task_finished", "trajectory_id": "863693a5-a9ea-48e3-b776-a5a9bd3f0265", "task_id": "task-271e4f001bfbec4ba37f", "model_version": "scripted-engineering-only", "outcome": "refused", "task_success": true}
{"event": "task_started", "trajectory_id": "aff5bdee-f64d-43cd-bc91-cfefd9ab3bc5", "task_id": "task-f476ba5bc12924d9bc6b", "model_version": "scripted-engineering-only"}
{"event": "task_finished", "trajectory_id": "aff5bdee-f64d-43cd-bc91-cfefd9ab3bc5", "task_id": "task-f476ba5bc12924d9bc6b", "model_version": "scripted-engineering-only", "outcome": "refused", "task_success": true}
{"event": "task_started", "trajectory_id": "ef44e1ab-4f3c-452b-8e53-cc87eccc8b48", "task_id": "task-5eb647be1fe8d553a68b", "model_version": "scripted-engineering-only"}
{"event": "task_finished", "trajectory_id": "ef44e1ab-4f3c-452b-8e53-cc87eccc8b48", "task_id": "task-5eb647be1fe8d553a68b", "model_version": "scripted-engineering-only", "outcome": "refused", "task_success": true}
{"event": "task_started", "trajectory_id": "631ba431-7182-409f-a2d2-acaac8ef38f3", "task_id": "task-07a2025d71ee061f3bd2", "model_version": "scripted-engineering-only"}
{"event": "task_finished", "trajectory_id": "631ba431-7182-409f-a2d2-acaac8ef38f3", "task_id": "task-07a2025d71ee061f3bd2", "model_version": "scripted-engineering-only", "outcome": "refused", "task_success": true}
{"event": "task_started", "trajectory_id": "dabceeaa-152d-413c-adfa-5ead62c825ac", "task_id": "task-a48da85fc162e85f19e2", "model_version": "scripted-engineering-only"}
{"event": "task_finished", "trajectory_id": "dabceeaa-152d-413c-adfa-5ead62c825ac", "task_id": "task-a48da85fc162e85f19e2", "model_version": "scripted-engineering-only", "outcome": "escalated", "task_success": true}
{"event": "task_started", "trajectory_id": "2bbf9809-c495-4374-abf6-ed7769eba620", "task_id": "task-06b8d71a2bcb3273229e", "model_version": "scripted-engineering-only"}
{"event": "task_finished", "trajectory_id": "2bbf9809-c495-4374-abf6-ed7769eba620", "task_id": "task-06b8d71a2bcb3273229e", "model_version": "scripted-engineering-only", "outcome": "escalated", "task_success": true}
{"event": "task_started", "trajectory_id": "d408c18d-cc07-4d08-9775-1a2d4bee9e28", "task_id": "task-a54dafe4b4e3bb62483d", "model_version": "scripted-engineering-only"}
{"event": "task_finished", "trajectory_id": "d408c18d-cc07-4d08-9775-1a2d4bee9e28", "task_id": "task-a54dafe4b4e3bb62483d", "model_version": "scripted-engineering-only", "outcome": "escalated", "task_success": true}
{"event": "task_started", "trajectory_id": "00645459-91ff-47f0-9782-03c49245ea52", "task_id": "task-965bab023d996aea99f2", "model_version": "scripted-engineering-only"}
{"event": "task_finished", "trajectory_id": "00645459-91ff-47f0-9782-03c49245ea52", "task_id": "task-965bab023d996aea99f2", "model_version": "scripted-engineering-only", "outcome": "completed", "task_success": true}
{"event": "task_started", "trajectory_id": "79eadc10-3ba0-4bb6-a120-969a6ecbaf54", "task_id": "task-eba00923d594244d8a50", "model_version": "scripted-engineering-only"}
{"event": "task_finished", "trajectory_id": "79eadc10-3ba0-4bb6-a120-969a6ecbaf54", "task_id": "task-eba00923d594244d8a50", "model_version": "scripted-engineering-only", "outcome": "completed", "task_success": true}
{"event": "task_started", "trajectory_id": "9cc9bc7b-02b2-4554-9a29-3f1839ba8f47", "task_id": "task-2d745d5735989f513472", "model_version": "scripted-engineering-only"}
{"event": "task_finished", "trajectory_id": "9cc9bc7b-02b2-4554-9a29-3f1839ba8f47", "task_id": "task-2d745d5735989f513472", "model_version": "scripted-engineering-only", "outcome": "completed", "task_success": true}
{"event": "task_started", "trajectory_id": "24e8b570-975f-4619-af90-6fd7fc791fbf", "task_id": "task-adce80fcd242644af3be", "model_version": "scripted-engineering-only"}
{"event": "task_finished", "trajectory_id": "24e8b570-975f-4619-af90-6fd7fc791fbf", "task_id": "task-adce80fcd242644af3be", "model_version": "scripted-engineering-only", "outcome": "escalated", "task_success": true}
{"event": "task_started", "trajectory_id": "f3b4089a-d9c1-4cf7-a06d-45e936d08425", "task_id": "task-a3b7dfcd02ab8da95ef8", "model_version": "scripted-engineering-only"}
{"event": "task_finished", "trajectory_id": "f3b4089a-d9c1-4cf7-a06d-45e936d08425", "task_id": "task-a3b7dfcd02ab8da95ef8", "model_version": "scripted-engineering-only", "outcome": "escalated", "task_success": true}
{"event": "task_started", "trajectory_id": "58c9e15c-c558-4e93-aa38-815adc0b4b65", "task_id": "task-0186019e3d73611b86a1", "model_version": "scripted-engineering-only"}
{"event": "task_finished", "trajectory_id": "58c9e15c-c558-4e93-aa38-815adc0b4b65", "task_id": "task-0186019e3d73611b86a1", "model_version": "scripted-engineering-only", "outcome": "escalated", "task_success": true}
{"event": "task_started", "trajectory_id": "06887681-8624-4965-9259-36d75d5f5c55", "task_id": "task-734d5b0d34d0656564ee", "model_version": "scripted-engineering-only"}
{"event": "task_finished", "trajectory_id": "06887681-8624-4965-9259-36d75d5f5c55", "task_id": "task-734d5b0d34d0656564ee", "model_version": "scripted-engineering-only", "outcome": "escalated", "task_success": true}
{"event": "task_started", "trajectory_id": "7805b94c-dd5a-4c2e-8862-60aebeb15fda", "task_id": "task-5dceefde9e586fb8376a", "model_version": "scripted-engineering-only"}
{"event": "task_finished", "trajectory_id": "7805b94c-dd5a-4c2e-8862-60aebeb15fda", "task_id": "task-5dceefde9e586fb8376a", "model_version": "scripted-engineering-only", "outcome": "escalated", "task_success": true}
{"event": "task_started", "trajectory_id": "a74341d9-61d2-43bb-bac2-9567b2446e90", "task_id": "task-ad1e786facf608c440ac", "model_version": "scripted-engineering-only"}
{"event": "task_finished", "trajectory_id": "a74341d9-61d2-43bb-bac2-9567b2446e90", "task_id": "task-ad1e786facf608c440ac", "model_version": "scripted-engineering-only", "outcome": "escalated", "task_success": true}
{"event": "task_started", "trajectory_id": "61656658-11eb-487f-b9b6-22393098baa8", "task_id": "task-bb68b21999ce552f5ffc", "model_version": "scripted-engineering-only"}
{"event": "task_finished", "trajectory_id": "61656658-11eb-487f-b9b6-22393098baa8", "task_id": "task-bb68b21999ce552f5ffc", "model_version": "scripted-engineering-only", "outcome": "completed", "task_success": true}
{"event": "task_started", "trajectory_id": "632d1751-a4cf-416b-ae37-c31d9fd38f02", "task_id": "task-a1d394ba1d073d7a2eaa", "model_version": "scripted-engineering-only"}
{"event": "task_finished", "trajectory_id": "632d1751-a4cf-416b-ae37-c31d9fd38f02", "task_id": "task-a1d394ba1d073d7a2eaa", "model_version": "scripted-engineering-only", "outcome": "completed", "task_success": true}
{"event": "task_started", "trajectory_id": "fc30919f-579b-4f22-a7d8-21da905cdb5b", "task_id": "task-edb462866dbadf5ed77c", "model_version": "scripted-engineering-only"}
{"event": "task_finished", "trajectory_id": "fc30919f-579b-4f22-a7d8-21da905cdb5b", "task_id": "task-edb462866dbadf5ed77c", "model_version": "scripted-engineering-only", "outcome": "completed", "task_success": true}
{"event": "task_started", "trajectory_id": "59f313b7-3716-40df-992c-988d42261ea2", "task_id": "task-6dfee218765c8a8ccb03", "model_version": "scripted-engineering-only"}
{"event": "task_finished", "trajectory_id": "59f313b7-3716-40df-992c-988d42261ea2", "task_id": "task-6dfee218765c8a8ccb03", "model_version": "scripted-engineering-only", "outcome": "completed", "task_success": true}
{"event": "task_started", "trajectory_id": "7de33bd1-6a41-4f72-9179-1e26b8578f7d", "task_id": "task-7b7e1c638fa73fcdc0cb", "model_version": "scripted-engineering-only"}
{"event": "task_finished", "trajectory_id": "7de33bd1-6a41-4f72-9179-1e26b8578f7d", "task_id": "task-7b7e1c638fa73fcdc0cb", "model_version": "scripted-engineering-only", "outcome": "completed", "task_success": true}
{"event": "task_started", "trajectory_id": "7f4d24fd-6759-4512-815d-bbd42695ff2a", "task_id": "task-30eeea5e7635d5b1ecb1", "model_version": "scripted-engineering-only"}
{"event": "task_finished", "trajectory_id": "7f4d24fd-6759-4512-815d-bbd42695ff2a", "task_id": "task-30eeea5e7635d5b1ecb1", "model_version": "scripted-engineering-only", "outcome": "completed", "task_success": true}
{"event": "task_started", "trajectory_id": "5b089695-29ec-4383-811a-b0826d22d0ba", "task_id": "task-d1dddd10b1af24b04d3e", "model_version": "scripted-engineering-only"}
{"event": "task_finished", "trajectory_id": "5b089695-29ec-4383-811a-b0826d22d0ba", "task_id": "task-d1dddd10b1af24b04d3e", "model_version": "scripted-engineering-only", "outcome": "escalated", "task_success": true}
{"event": "task_started", "trajectory_id": "90fcab00-1792-4516-af73-6be0613248df", "task_id": "task-afbdfb29b194d7db817e", "model_version": "scripted-engineering-only"}
{"event": "task_finished", "trajectory_id": "90fcab00-1792-4516-af73-6be0613248df", "task_id": "task-afbdfb29b194d7db817e", "model_version": "scripted-engineering-only", "outcome": "escalated", "task_success": true}
{"event": "task_started", "trajectory_id": "13941b10-c795-41a8-8e83-6c0173023e01", "task_id": "task-1cb1631bb12620637a56", "model_version": "scripted-engineering-only"}
{"event": "task_finished", "trajectory_id": "13941b10-c795-41a8-8e83-6c0173023e01", "task_id": "task-1cb1631bb12620637a56", "model_version": "scripted-engineering-only", "outcome": "escalated", "task_success": true}
{"event": "task_started", "trajectory_id": "6a2a8364-ef8c-4c46-9810-b3d60c2f0cb9", "task_id": "task-86bd6cb9106510ea039f", "model_version": "scripted-engineering-only"}
{"event": "task_finished", "trajectory_id": "6a2a8364-ef8c-4c46-9810-b3d60c2f0cb9", "task_id": "task-86bd6cb9106510ea039f", "model_version": "scripted-engineering-only", "outcome": "escalated", "task_success": true}
{"event": "task_started", "trajectory_id": "4deecec0-0365-40e2-a5ba-7dd595c49cbb", "task_id": "task-28acc947e09e78444ad1", "model_version": "scripted-engineering-only"}
{"event": "task_finished", "trajectory_id": "4deecec0-0365-40e2-a5ba-7dd595c49cbb", "task_id": "task-28acc947e09e78444ad1", "model_version": "scripted-engineering-only", "outcome": "escalated", "task_success": true}
{"event": "task_started", "trajectory_id": "6809d45c-692a-4be4-80a4-1e213be47b24", "task_id": "task-398eead64c3eeb871099", "model_version": "scripted-engineering-only"}
{"event": "task_finished", "trajectory_id": "6809d45c-692a-4be4-80a4-1e213be47b24", "task_id": "task-398eead64c3eeb871099", "model_version": "scripted-engineering-only", "outcome": "escalated", "task_success": true}
